player_id,player_name,position_group,race,race_source,confidence,notes
00-0030228,A.J. Bouye,DB,,,,
00-0029167,A.J. Davis,DB,,,,
00-0038866,A.J. Finley,DB,,,,
00-0036114,A.J. Green,DB,,,,
00-0032620,A.J. Hendy,DB,,,,
00-0034476,A.J. Howard,DB,,,,
00-0027350,A.J. Jefferson,DB,,,,
00-0034594,A.J. Moore,DB,,,,
00-0036752,A.J. Parker,DB,,,,
00-0036285,A.J. Terrell,DB,,,,
00-0037222,A.J. Thomas,DB,,,,
00-0039685,A.J. Woods,DB,,,,
00-0033492,Aarion Penton,DB,,,,
00-0000939,Aaron Beasley,DB,,,,
00-0027338,Aaron Berry,DB,,,,
00-0031259,Aaron Colvin,DB,,,,
00-0034498,Aaron Davis,DB,,,,
00-0023213,Aaron Francisco,DB,,,,
00-0006034,Aaron Glenn,DB,,,,
00-0032332,Aaron Grymes,DB,,,,
00-0036899,Aaron Robinson,DB,,,,
00-0025407,Aaron Ross,DB,,,,
00-0025476,Aaron Rouse,DB,,,,
00-0033510,Aaron Taylor,DB,,,,
00-0027972,Aaron Williams,DB,,,,
00-0036794,Aashari Crosswell,DB,,,,
00-0035561,Abraham Wallace,DB,,,,
00-0023405,Abram Elam,DB,,,,
00-0037502,Abu Daramy-Swaray,DB,,,,
00-0032552,Adairius Barnes,DB,,,,
00-0020521,Adam Archuleta,DB,,,,
00-0023441,Adam Jones,DB,,,,
00-0035060,Adarius Pickett,DB,,,,
00-0021583,Ade Jimoh,DB,,,,
00-0034840,Adonis Alexander,DB,,,,
00-0033878,Adoree' Jackson,DB,,,,
00-0031584,Adrian Amos,DB,,,,
00-0033302,Adrian Colbert,DB,,,,
00-0038964,Adrian Frye,DB,,,,
00-0022386,Adrian Mayes,DB,,,,
00-0032907,Adrian McDonald,DB,,,,
00-0031404,Adrian Phillips,DB,,,,
00-0020505,Adrian Wilson,DB,,,,
00-0017710,Aeneas Williams,DB,,,,
00-0034734,Afolabi Laguda,DB,,,,
00-0033783,Ahkello Witherspoon,DB,,,,
00-0028089,Ahmad Black,DB,,,,
00-0021027,Ahmad Brooks,DB,,,,
00-0022913,Ahmad Carroll,DB,,,,
00-0031096,Ahmad Dixon,DB,,,,
00-0037190,Ahmad Gardner,DB,,,,
00-0023043,Ahmad Treaudo,DB,,,,
00-0019603,Ahmed Plummer,DB,,,,
00-0019129,Ainsley Battles,DB,,,,
00-0035734,Ajene Harris,DB,,,,
00-0038101,Akayleb Evans,DB,,,,
00-0030644,Akeem Davis,DB,,,,
00-0039658,Akeem Dent,DB,,,,
00-0031630,Akeem King,DB,,,,
00-0027726,Akwasi Owusu-Ansah,DB,,,,
00-0026936,Al Afalava,DB,,,,
00-0019785,Al Blades,DB,,,,
00-0039276,Al Blades Jr.,DB,,,,
00-0006915,Al Harris,DB,,,,
00-0031352,Al Louis-Jean,DB,,,,
00-0031521,Al-Hajj Shabazz,DB,,,,
00-0025624,Alan Ball,DB,,,,
00-0024337,Alan Zemaitis,DB,,,,
00-0030916,Alden Darby,DB,,,,
00-0038646,Alex Austin,DB,,,,
00-0035634,Alex Brown,DB,,,,
00-0031563,Alex Carter,DB,,,,
00-0038475,Alex Cook,DB,,,,
00-0039506,Alex Johnson,DB,,,,
00-0011470,Alex Molden,DB,,,,
00-0035188,Alexander Myres,DB,,,,
00-0022745,Alfonso Marshall,DB,,,,
00-0029596,Alfonzo Dennard,DB,,,,
00-0034948,Alijah Holder,DB,,,,
00-0037415,Allan George,DB,,,,
00-0014071,Allen Rossum,DB,,,,
00-0037104,Allie Green,DB,,,,
00-0036380,Alohi Gilman,DB,,,,
00-0038121,Alontae Taylor,DB,,,,
00-0023580,Alphonso Hodge,DB,,,,
00-0021396,Alphonso Roundtree,DB,,,,
00-0027013,Alphonso Smith,DB,,,,
00-0027705,Alterraun Verner,DB,,,,
00-0033646,Alvin Hill,DB,,,,
00-0020152,Alvin Porter,DB,,,,
00-0035632,Amani Hooker,DB,,,,
00-0035270,Amani Oruwariye,DB,,,,
00-0034636,Amari Coleman,DB,,,,
00-0035871,Amari Henderson,DB,,,,
00-0027671,Amari Spievey,DB,,,,
00-0037008,Ambry Thomas,DB,,,,
00-0038872,Amechi Uzodinma,DB,,,,
00-0038624,Ameer Speed,DB,,,,
00-0036375,Amik Robertson,DB,,,,
00-0027213,Anderson Russell,DB,,,,
00-0034623,Andre Chachere,DB,,,,
00-0036941,Andre Cisco,DB,,,,
00-0020503,Andre Dyson,DB,,,,
00-0031087,Andre Hal,DB,,,,
00-0021272,Andre Lott,DB,,,,
00-0017342,Andre Weathers,DB,,,,
00-0022076,Andre Woolfolk,DB,,,,
00-0021194,Andre' Goodman,DB,,,,
00-0039267,Andre' Sam,DB,,,,
00-0032637,Andrew Adams,DB,,,,
00-0038130,Andrew Booth,DB,,,,
00-0020885,Andrew Davison,DB,,,,
00-0039765,Andrew Hayes,DB,,,,
00-0027914,Andrew Sendejo,DB,,,,
00-0035211,Andrew Soroh,DB,,,,
00-0039166,Andrew Whitaker,DB,,,,
00-0032343,Andrew Williamson,DB,,,,
00-0035378,Andrew Wingard,DB,,,,
00-0039821,Andru Phillips,DB,,,,
00-0034265,Anthony Averett,DB,,,,
00-0033047,Anthony Brown,DB,,,,
00-0035393,Anthony Chesley,DB,,,,
00-0033440,Anthony Cioffi,DB,,,,
00-0038510,Anthony Cook,DB,,,,
00-0004440,Anthony Dorsett,DB,,,,
00-0021487,Anthony Floyd,DB,,,,
00-0028160,Anthony Gaitor,DB,,,,
00-0031799,Anthony Harris,DB,,,,
00-0020329,Anthony Henry,DB,,,,
00-0038907,Anthony Johnson,DB,,,,
00-0038411,Anthony Johnson Jr.,DB,,,,
00-0038848,Anthony Kendall,DB,,,,
00-0027539,Anthony Levine,DB,,,,
00-0024095,Anthony Madison,DB,,,,
00-0019478,Anthony Malbrough,DB,,,,
00-0011390,Anthony Mitchell,DB,,,,
00-0012547,Anthony Parker,DB,,,,
00-0013052,Anthony Poindexter,DB,,,,
00-0039727,Anthony Sao,DB,,,,
00-0024298,Anthony Smith,DB,,,,
00-0028357,Anthony Walters,DB,,,,
00-0024421,Antoine Bethea,DB,,,,
00-0036346,Antoine Brooks,DB,,,,
00-0026167,Antoine Cason,DB,,,,
00-0023136,Antoine Harris,DB,,,,
00-0018093,Antoine Winfield,DB,,,,
00-0036411,Antoine Winfield,DB,,,,
00-0031267,Antone Exum,DB,,,,
00-0029553,Antonio Allen,DB,,,,
00-0000696,Antonio Banks,DB,,,,
00-0034049,Antonio Crawford,DB,,,,
00-0024234,Antonio Cromartie,DB,,,,
00-0032933,Antonio Hamilton,DB,,,,
00-0038596,Antonio Johnson,DB,,,,
00-0009620,Antonio Langham,DB,,,,
00-0023538,Antonio Perkins,DB,,,,
00-0036732,Antonio Phillips,DB,,,,
00-0023443,Antrel Rolle,DB,,,,
00-0004747,Antuan Edwards,DB,,,,
00-0023376,Antwain Spann,DB,,,,
00-0019592,Antwan Harris,DB,,,,
00-0026219,Antwaun Molden,DB,,,,
00-0029050,Antwon Blake,DB,,,,
00-0034637,Antwuan Davis,DB,,,,
00-0024079,Anwar Phillips,DB,,,,
00-0026160,Aqib Talib,DB,,,,
00-0036587,Ar'Darius Washington,DB,,,,
00-0019567,Aric Morris,DB,,,,
00-0032704,Arjen Colquhoun,DB,,,,
00-0034050,Armagedon Draughn,DB,,,,
00-0038963,Armani Marsh,DB,,,,
00-0034680,Armani Watts,DB,,,,
00-0007097,Armon Hatcher,DB,,,,
00-0037670,Arnold Tarpley,DB,,,,
00-0038755,Arquon Bush,DB,,,,
00-0034299,Arrion Springs,DB,,,,
00-0038788,Art Green,DB,,,,
00-0033503,Arthur Maulet,DB,,,,
00-0033103,Artie Burns,DB,,,,
00-0007115,Artrell Hawkins,DB,,,,
00-0019551,Arturo Freeman,DB,,,,
00-0029294,Asa Jackson,DB,,,,
00-0021956,Asante Samuel,DB,,,,
00-0036617,Asante Samuel,DB,,,,
00-0027058,Asher Allen,DB,,,,
00-0000261,Ashley Ambrose,DB,,,,
00-0019118,Ashley Cooper,DB,,,,
00-0033482,Ashton Lampkin,DB,,,,
00-0024285,Ashton Youboty,DB,,,,
00-0036329,Ashtyn Davis,DB,,,,
00-0023404,Atari Bigby,DB,,,,
00-0035453,Austin Exford,DB,,,,
00-0036950,Avery Williams,DB,,,,
00-0038885,Avery Young,DB,,,,
00-0034377,Avonte Maddox,DB,,,,
00-0038141,Ayo Oyelola,DB,,,,
00-0038916,Azizi Hearn,DB,,,,
00-0034541,B.J. Clay,DB,,,,
00-0022104,B.J. Tucker,DB,,,,
00-0023722,B.J. Ward,DB,,,,
00-0033621,B.T. Sanders,DB,,,,
00-0030403,B.W. Webb,DB,,,,
00-0030289,Bacarri Rambo,DB,,,,
00-0027416,Barry Church,DB,,,,
00-0031052,Bashaud Breeland,DB,,,,
00-0009833,Bashir Levingston,DB,,,,
00-0039454,Beanie Bishop Jr.,DB,,,,
00-0039241,Beau Brade,DB,,,,
00-0036777,Ben Deluca,DB,,,,
00-0023604,Ben Emanuel,DB,,,,
00-0019711,Ben Kelly,DB,,,,
00-0039679,Ben Nikkel,DB,,,,
00-0031262,Bene' Benwikere,DB,,,,
00-0036625,Benjamin St-Juste,DB,,,,
00-0037062,Benjie Franklin,DB,,,,
00-0031188,Bennett Jackson,DB,,,,
00-0033014,Bennett Okotcha,DB,,,,
00-0022352,Benny Sapp,DB,,,,
00-0038470,Benny Sapp III,DB,,,,
00-0024269,Bernard Pollard,DB,,,,
00-0020367,Bhawoh Jue,DB,,,,
00-0000518,Billy Austin,DB,,,,
00-0008335,Billy Jenkins,DB,,,,
00-0023692,Billy Parker,DB,,,,
00-0001266,Blaine Bishop,DB,,,,
00-0032793,Blake Countess,DB,,,,
00-0035294,Blessuan Austin,DB,,,,
00-0030541,Blidi Wreh-Wilson,DB,,,,
00-0022031,Blue Adams,DB,,,,
00-0022944,Bob Sanders,DB,,,,
00-0021256,Bobby Gray,DB,,,,
00-0031587,Bobby McCain,DB,,,,
00-0019565,Bobby Myers,DB,,,,
00-0036011,Bobby Price,DB,,,,
00-0016082,Bobby Taylor,DB,,,,
00-0017012,Bracy Walker,DB,,,,
00-0021108,Brad Franklin,DB,,,,
00-0037584,Brad Hawkins,DB,,,,
00-0017179,Brad Ware,DB,,,,
00-0033708,Brad Watson,DB,,,,
00-0035430,Bradford Lemmons,DB,,,,
00-0027041,Bradley Fletcher,DB,,,,
00-0030161,Bradley McDougald,DB,,,,
00-0031372,Bradley Roby,DB,,,,
00-0033213,Bradley Sylve,DB,,,,
00-0036656,Brady Breeze,DB,,,,
00-0038526,Bralen Trahan,DB,,,,
00-0028601,Brandian Ross,DB,,,,
00-0037033,Brandin Dandridge,DB,,,,
00-0036504,Brandin Echols,DB,,,,
00-0026697,Brandon Anderson,DB,,,,
00-0029416,Brandon Boykin,DB,,,,
00-0023013,Brandon Browner,DB,,,,
00-0034841,Brandon Bryant,DB,,,,
00-0028077,Brandon Burton,DB,,,,
00-0026280,Brandon Carr,DB,,,,
00-0039333,Brandon Codrington,DB,,,,
00-0031328,Brandon Dixon,DB,,,,
00-0034545,Brandon Facyson,DB,,,,
00-0026175,Brandon Flowers,DB,,,,
00-0025990,Brandon Foster,DB,,,,
00-0027697,Brandon Ghee,DB,,,,
00-0027998,Brandon Harris,DB,,,,
00-0025531,Brandon Harrison,DB,,,,
00-0038644,Brandon Hill,DB,,,,
00-0028036,Brandon Hogan,DB,,,,
00-0026914,Brandon Hughes,DB,,,,
00-0019392,Brandon Jennings,DB,,,,
00-0036221,Brandon Jones,DB,,,,
00-0038657,Brandon Joseph,DB,,,,
00-0027468,Brandon King,DB,,,,
00-0025527,Brandon McDonald,DB,,,,
00-0030535,Brandon McGee,DB,,,,
00-0023354,Brandon McGowan,DB,,,,
00-0019329,Brandon McLemore,DB,,,,
00-0025411,Brandon Meriweather,DB,,,,
00-0037473,Brandon Sebastian,DB,,,,
00-0028750,Brandon Smith,DB,,,,
00-0036987,Brandon Stephens,DB,,,,
00-0033707,Brandon Stewart,DB,,,,
00-0029525,Brandon Taylor,DB,,,,
00-0026934,Brandon Underwood,DB,,,,
00-0035375,Brandon Watson,DB,,,,
00-0021878,Brandon Williams,DB,,,,
00-0032769,Brandon Williams,DB,,,,
00-0033791,Brandon Wilson,DB,,,,
00-0028151,Brandyn Thompson,DB,,,,
00-0025518,Brannon Condren,DB,,,,
00-0033552,Brendan Langley,DB,,,,
00-0037423,Brendan Radley-Hiles,DB,,,,
00-0037205,Brenden Schooler,DB,,,,
00-0000136,Brent Alexander,DB,,,,
00-0024183,Brent Grimes,DB,,,,
00-0033435,Breon Borders,DB,,,,
00-0026831,Bret Lockett,DB,,,,
00-0033467,Brian Allen,DB,,,,
00-0039141,Brian Branch,DB,,,,
00-0036353,Brian Cole,DB,,,,
00-0004073,Brian Dawkins,DB,,,,
00-0030802,Brian Dixon,DB,,,,
00-0027313,Brian Jackson,DB,,,,
00-0009106,Brian Kelly,DB,,,,
00-0020365,Brian Leigeb,DB,,,,
00-0032596,Brian Poole,DB,,,,
00-0032683,Brian Randolph,DB,,,,
00-0020199,Brian Russell,DB,,,,
00-0017013,Brian Walker,DB,,,,
00-0021229,Brian Williams,DB,,,,
00-0026444,Brian Witherspoon,DB,,,,
00-0026935,Brice McCain,DB,,,,
00-0032517,Briean Boddy-Calhoun,DB,,,,
00-0010381,Brock Marion,DB,,,,
00-0031063,Brock Vereen,DB,,,,
00-0020537,Brock Williams,DB,,,,
00-0023469,Brodney Pool,DB,,,,
00-0036601,Brontae Harris,DB,,,,
00-0020612,Bruce Branch,DB,,,,
00-0026824,Bruce Johnson,DB,,,,
00-0022868,Bruce Thornton,DB,,,,
00-0037193,Bryan Cook,DB,,,,
00-0027421,Bryan McCann,DB,,,,
00-0036801,Bryan Mills,DB,,,,
00-0021951,Bryan Scott,DB,,,,
00-0023497,Bryant McFadden,DB,,,,
00-0017467,Bryant Westbrook,DB,,,,
00-0031904,Bryce Callahan,DB,,,,
00-0034884,Bryce Canady,DB,,,,
00-0033116,Bryce Cheek,DB,,,,
00-0037505,Bryce Cosby,DB,,,,
00-0036241,Bryce Hall,DB,,,,
00-0033853,Bryce Jones,DB,,,,
00-0036792,Bryce Thompson,DB,,,,
00-0030020,Brynden Trawick,DB,,,,
00-0032836,Bryson Keeton,DB,,,,
00-0037142,Bubba Bolden,DB,,,,
00-0033890,Budda Baker,DB,,,,
00-0028075,Buster Skrine,DB,,,,
00-0032239,Byron Jones,DB,,,,
00-0028111,Byron Maxwell,DB,,,,
00-0035236,Byron Murphy,DB,,,,
00-0025739,Byron Westbrook,DB,,,,
00-0023621,C.C. Brown,DB,,,,
00-0038803,C.J. Coldon,DB,,,,
00-0031357,C.J. Goodwin,DB,,,,
00-0036281,C.J. Henderson,DB,,,,
00-0035327,C.J. Moore,DB,,,,
00-0034526,C.J. Reavis,DB,,,,
00-0032856,C.J. Smith,DB,,,,
00-0026758,C.J. Spillman,DB,,,,
00-0024598,C.J. Wallace,DB,,,,
00-0025613,C.J. Wilson,DB,,,,
00-0030141,C.J. Wilson,DB,,,,
00-0036633,Caden Sterns,DB,,,,
00-0039387,Caelen Carson,DB,,,,
00-0037058,Caesar Williams,DB,,,,
00-0038712,Caleb Biggers,DB,,,,
00-0036615,Caleb Farley,DB,,,,
00-0039838,Calen Bullock,DB,,,,
00-0001676,Calvin Branch,DB,,,,
00-0021485,Calvin Carlyle,DB,,,,
00-0024317,Calvin Lowry,DB,,,,
00-0031343,Calvin Pryor,DB,,,,
00-0039369,Cam Hart,DB,,,,
00-0039780,Cam Lampkin,DB,,,,
00-0035357,Cam Lewis,DB,,,,
00-0023382,Cam Newton,DB,,,,
00-0039133,Cam Smith,DB,,,,
00-0037753,Cam Taylor-Britt,DB,,,,
00-0038859,Cameron Brown,DB,,,,
00-0036330,Cameron Dantzler,DB,,,,
00-0031472,Cameron Fuller,DB,,,,
00-0038946,Cameron McCutcheon,DB,,,,
00-0038585,Cameron Mitchell,DB,,,,
00-0033930,Cameron Sutton,DB,,,,
00-0021808,Cameron Worrell,DB,,,,
00-0036629,Camryn Bynum,DB,,,,
00-0026944,Captain Munnerlyn,DB,,,,
00-0020518,Carey Scott,DB,,,,
00-0031700,Cariel Brooks,DB,,,,
00-0037644,Carlins Platel,DB,,,,
00-0033370,Carlos Davis,DB,,,,
00-0023444,Carlos Rogers,DB,,,,
00-0034778,Carlton Davis,DB,,,,
00-0006265,Carlton Gray,DB,,,,
00-0039300,Carlton Johnson,DB,,,,
00-0009561,Carnell Lake,DB,,,,
00-0031119,Carrington Byndom,DB,,,,
00-0038408,Carrington Valentine,DB,,,,
00-0027126,Cary Harris,DB,,,,
00-0026369,Cary Williams,DB,,,,
00-0029261,Casey Hayward,DB,,,,
00-0027290,Cassius Vaughn,DB,,,,
00-0037438,Cedric Boswell,DB,,,,
00-0004411,Cedric Donaldson,DB,,,,
00-0024263,Cedric Griffin,DB,,,,
00-0031591,Cedric Thompson,DB,,,,
00-0010693,Central McClellion,DB,,,,
00-0003516,Chad Cota,DB,,,,
00-0025638,Chad Nkang,DB,,,,
00-0014539,Chad Scott,DB,,,,
00-0021316,Chad Williams,DB,,,,
00-0038982,Chamarri Conner,DB,,,,
00-0000585,Champ Bailey,DB,,,,
00-0030368,Chance Casey,DB,,,,
00-0033495,Chanceller James,DB,,,,
00-0029357,Chandler Fenner,DB,,,,
00-0034468,Chandon Sullivan,DB,,,,
00-0033652,Channing Stribling,DB,,,,
00-0005244,Charles Fisher,DB,,,,
00-0031955,Charles Gaines,DB,,,,
00-0026207,Charles Godfrey,DB,,,,
00-0023825,Charles Gordon,DB,,,,
00-0030263,Charles James,DB,,,,
00-0029423,Charles Mitchell,DB,,,,
00-0022123,Charles Tillman,DB,,,,
00-0032560,Charles Washington,DB,,,,
00-0039770,Charles Woods,DB,,,,
00-0018227,Charles Woodson,DB,,,,
00-0033692,Charlie Miller,DB,,,,
00-0024372,Charlie Peprah,DB,,,,
00-0017750,Charlie Williams,DB,,,,
00-0034573,Charvarius Ward,DB,,,,
00-0037321,Chase Lucas,DB,,,,
00-0028970,Chase Minnifield,DB,,,,
00-0039948,Chase Williams,DB,,,,
00-0039380,Chau Smith-Wade,DB,,,,
00-0035253,Chauncey Gardner-Johnson,DB,,,,
00-0039443,Chelen Garnes,DB,,,,
00-0026208,Chevis Jackson,DB,,,,
00-0030326,Chibuikem Okoro,DB,,,,
00-0020082,Chidi Iwuoma,DB,,,,
00-0033548,Chidobe Awuzie,DB,,,,
00-0039676,Chigozie Anusiem,DB,,,,
00-0028051,Chimdi Chekwa,DB,,,,
00-0025640,Chinedum Ndukwe,DB,,,,
00-0027085,Chip Vaughn,DB,,,,
00-0000112,Chris Akins,DB,,,,
00-0029747,Chris Banjo,DB,,,,
00-0021457,Chris Brown,DB,,,,
00-0034685,Chris Campbell,DB,,,,
00-0002613,Chris Canty,DB,,,,
00-0023008,Chris Carr,DB,,,,
00-0002720,Chris Carter,DB,,,,
00-0021288,Chris Cash,DB,,,,
00-0036316,Chris Claybrooks,DB,,,,
00-0027115,Chris Clemons,DB,,,,
00-0028031,Chris Conte,DB,,,,
00-0027649,Chris Cook,DB,,,,
00-0034085,Chris Cooper,DB,,,,
00-0022167,Chris Crocker,DB,,,,
00-0028018,Chris Culliver,DB,,,,
00-0030917,Chris Davis,DB,,,,
00-0039513,Chris Edmonds,DB,,,,
00-0033022,Chris Edwards,DB,,,,
00-0022914,Chris Gamble,DB,,,,
00-0029213,Chris Greenwood,DB,,,,
00-0031845,Chris Hackett,DB,,,,
00-0023614,Chris Harris,DB,,,,
00-0028224,Chris Harris,DB,,,,
00-0027507,Chris Hawkins,DB,,,,
00-0007143,Chris Hayes,DB,,,,
00-0021219,Chris Hope,DB,,,,
00-0026389,Chris Horton,DB,,,,
00-0025428,Chris Houston,DB,,,,
00-0007849,Chris Hudson,DB,,,,
00-0033442,Chris Humes,DB,,,,
00-0036240,Chris Jackson,DB,,,,
00-0021949,Chris Johnson,DB,,,,
00-0035456,Chris Johnson,DB,,,,
00-0034641,Chris Jones,DB,,,,
00-0021539,Chris Kern,DB,,,,
00-0034145,Chris Lammons,DB,,,,
00-0029696,Chris Lewis-Harris,DB,,,,
00-0027378,Chris Maragos,DB,,,,
00-0010634,Chris McAlister,DB,,,,
00-0039593,Chris McDonald,DB,,,,
00-0023037,Chris McKenzie,DB,,,,
00-0036060,Chris Miller,DB,,,,
00-0032353,Chris Milton,DB,,,,
00-0012340,Chris Oldham,DB,,,,
00-0028059,Chris Prosinski,DB,,,,
00-0023757,Chris Reis,DB,,,,
00-0023669,Chris Roberson,DB,,,,
00-0028126,Chris Rucker,DB,,,,
00-0028373,Chris Smith,DB,,,,
00-0037049,Chris Steele,DB,,,,
00-0022877,Chris Thompson,DB,,,,
00-0017299,Chris Watson,DB,,,,
00-0035422,Chris Westry,DB,,,,
00-0036667,Chris Wilcox,DB,,,,
00-0036405,Chris Williamson,DB,,,,
00-0021104,Chris Young,DB,,,,
00-0035810,Christian Angulo,DB,,,,
00-0037288,Christian Benford,DB,,,,
00-0034871,Christian Boutte,DB,,,,
00-0038616,Christian Braswell,DB,,,,
00-0031397,Christian Bryant,DB,,,,
00-0039147,Christian Gonzalez,DB,,,,
00-0037095,Christian Holmes,DB,,,,
00-0038820,Christian Izien,DB,,,,
00-0037747,Christian Matthew,DB,,,,
00-0022747,Christian Morton,DB,,,,
00-0039324,Christian Roland-Wallace,DB,,,,
00-0029282,Christian Thompson,DB,,,,
00-0036790,Christian Uphoff,DB,,,,
00-0038773,Christian Young,DB,,,,
00-0027062,Christopher Owens,DB,,,,
00-0038602,Christopher Smith,DB,,,,
00-0033294,Chuck Clark,DB,,,,
00-0028102,Chykie Brown,DB,,,,
00-0022661,Clarence Curry,DB,,,,
00-0019761,Clarence LeBlanc,DB,,,,
00-0010094,Clarence Love,DB,,,,
00-0038568,Clark Phillips,DB,,,,
00-0039892,Clay Fields III,DB,,,,
00-0032807,Clayton Fejedelem,DB,,,,
00-0031571,Clayton Geathers,DB,,,,
00-0039496,Clayton Isbell,DB,,,,
00-0024075,Cletis Gordon,DB,,,,
00-0038967,Clifford Chattman,DB,,,,
00-0003676,Clifton Crosby,DB,,,,
00-0035069,Clifton Duck,DB,,,,
00-0020595,Clint Finley,DB,,,,
00-0020571,Clinton Hart,DB,,,,
00-0037839,Cobie Durant,DB,,,,
00-0038136,Coby Bryant,DB,,,,
00-0013623,Coby Rhinehart,DB,,,,
00-0034919,Cody Brown,DB,,,,
00-0029764,Cody Davis,DB,,,,
00-0027805,Cody Grimm,DB,,,,
00-0032041,Cody Riggs,DB,,,,
00-0038779,Colby Richardson,DB,,,,
00-0039872,Cole Bishop,DB,,,,
00-0033410,Cole Luke,DB,,,,
00-0022142,Colin Branch,DB,,,,
00-0028128,Colin Jones,DB,,,,
00-0038944,Collin Duncan,DB,,,,
00-0026578,Colt Anderson,DB,,,,
00-0006711,Conrad Hamilton,DB,,,,
00-0039841,Cooper DeJean,DB,,,,
00-0030087,Cooper Taylor,DB,,,,
00-0026599,Cord Parks,DB,,,,
00-0037758,Cordale Flott,DB,,,,
00-0033462,Cordrea Tankersley,DB,,,,
00-0035633,Corey Ballentine,DB,,,,
00-0002919,Corey Chavous,DB,,,,
00-0005627,Corey Fuller,DB,,,,
00-0025555,Corey Graham,DB,,,,
00-0034094,Corey Griffin,DB,,,,
00-0020338,Corey Hall,DB,,,,
00-0006927,Corey Harris,DB,,,,
00-0018614,Corey Harris,DB,,,,
00-0018605,Corey Ivy,DB,,,,
00-0026317,Corey Lynch,DB,,,,
00-0038453,Corey Mayfield,DB,,,,
00-0032050,Corey Moore,DB,,,,
00-0036499,Corey Straughter,DB,,,,
00-0032823,Corey Tindal,DB,,,,
00-0023478,Corey Webster,DB,,,,
00-0029658,Corey White,DB,,,,
00-0033289,Corn Elder,DB,,,,
00-0027362,Cornelius Brown,DB,,,,
00-0034792,Cornell Armstrong,DB,,,,
00-0035441,Corrion Ballard,DB,,,,
00-0028066,Cortez Allen,DB,,,,
00-0024429,Cortland Finnegan,DB,,,,
00-0001897,Corwin Brown,DB,,,,
00-0020477,Cory Bird,DB,,,,
00-0006647,Cory Hall,DB,,,,
00-0028480,Cory Nelms,DB,,,,
00-0038639,Cory Trice,DB,,,,
00-0029529,Coty Sensabaugh,DB,,,,
00-0025599,Courtney Brown,DB,,,,
00-0024631,Courtney Bryan,DB,,,,
00-0026960,Courtney Greene,DB,,,,
00-0019428,Courtney Jackson,DB,,,,
00-0021222,Coy Wire,DB,,,,
00-0027128,Coye Francies,DB,,,,
00-0024796,Craig Dahl,DB,,,,
00-0034310,Craig James,DB,,,,
00-0030824,Craig Loston,DB,,,,
00-0032106,Craig Mager,DB,,,,
00-0011250,Craig Miller,DB,,,,
00-0026260,Craig Steltz,DB,,,,
00-0032581,Cre'von LeBlanc,DB,,,,
00-0027763,Crezdon Butler,DB,,,,
00-0004337,Cris Dishman,DB,,,,
00-0022477,Curome Cox,DB,,,,
00-0021906,Curry Burns,DB,,,,
00-0028033,Curtis Brown,DB,,,,
00-0002180,Curtis Buckley,DB,,,,
00-0022592,Curtis Deloatch,DB,,,,
00-0020314,Curtis Fuller,DB,,,,
00-0028028,Curtis Marsh,DB,,,,
00-0034120,Curtis Mikell,DB,,,,
00-0032042,Curtis Riley,DB,,,,
00-0026501,Curtis Taylor,DB,,,,
00-0032390,Cyrus Jones,DB,,,,
00-0035575,D'Andre Payne,DB,,,,
00-0038739,D'Angelo Mandell,DB,,,,
00-0034966,D'Angelo Ross,DB,,,,
00-0037332,D'Anthony Bell,DB,,,,
00-0035586,D'Cota Dixon,DB,,,,
00-0032271,D'Joun Smith,DB,,,,
00-0034300,D'Montre Wade,DB,,,,
00-0038877,D'Shawn Jamison,DB,,,,
00-0029305,D.J. Campbell,DB,,,,
00-0036579,D.J. Daniel,DB,,,,
00-0030572,D.J. Hayden,DB,,,,
00-0038642,D.J. Ivey,DB,,,,
00-0022959,D.J. Johnson,DB,,,,
00-0033390,D.J. Killings,DB,,,,
00-0039322,D.J. Miller,DB,,,,
00-0026907,D.J. Moore,DB,,,,
00-0034384,D.J. Reed,DB,,,,
00-0038838,D.J. Stirgus,DB,,,,
00-0030566,D.J. Swearinger,DB,,,,
00-0038549,D.J. Turner,DB,,,,
00-0032788,D.J. White,DB,,,,
00-0039800,DJ James,DB,,,,
00-0027239,Da'Mon Cromartie-Smith,DB,,,,
00-0028038,Da'Norris Searcy,DB,,,,
00-0026222,DaJuan Morgan,DB,,,,
00-0037535,DaMarcus Fields,DB,,,,
00-0033710,DaShaun Amos,DB,,,,
00-0039864,Dadrion Taylor-Demerson,DB,,,,
00-0039883,Daequan Hardy,DB,,,,
00-0039414,Daijahn Anthony,DB,,,,
00-0030491,Daimion Stafford,DB,,,,
00-0014859,Dainon Sidney,DB,,,,
00-0035162,Dakari Monroe,DB,,,,
00-0002722,Dale Carter,DB,,,,
00-0034726,Dallin Leavitt,DB,,,,
00-0037395,Dallis Flowers,DB,,,,
00-0036888,Damar Hamlin,DB,,,,
00-0037984,Damarion Williams,DB,,,,
00-0032251,Damarious Randall,DB,,,,
00-0033397,Damarius Travis,DB,,,,
00-0038105,Damarri Mathis,DB,,,,
00-0019678,Damen Wheeler,DB,,,,
00-0031678,Damian Parms,DB,,,,
00-0031949,Damian Swann,DB,,,,
00-0013675,Damien Richardson,DB,,,,
00-0013850,Damien Robinson,DB,,,,
00-0036359,Damon Arnette,DB,,,,
00-0011545,Damon Moore,DB,,,,
00-0034671,Damon Webb,DB,,,,
00-0033512,Damontae Kazee,DB,,,,
00-0038123,Dane Belton,DB,,,,
00-0034389,Dane Cruikshank,DB,,,,
00-0036166,Dane Jackson,DB,,,,
00-0024257,Danieal Manning,DB,,,,
00-0024255,Daniel Bullocks,DB,,,,
00-0032346,Daniel Davie,DB,,,,
00-0033987,Daniel Gray,DB,,,,
00-0037054,Daniel Isom,DB,,,,
00-0038392,Daniel Scott,DB,,,,
00-0030665,Daniel Sorensen,DB,,,,
00-0036306,Daniel Thomas,DB,,,,
00-0026837,Danny Gorrer,DB,,,,
00-0034071,Danny Johnson,DB,,,,
00-0027422,Danny McCray,DB,,,,
00-0033677,Dante Barnett,DB,,,,
00-0033828,Dante Blackmon,DB,,,,
00-0025482,Dante Hughes,DB,,,,
00-0019989,Dante Marsh,DB,,,,
00-0021224,Dante Wesley,DB,,,,
00-0033988,Daquan Holmes,DB,,,,
00-0027024,Darcel McBath,DB,,,,
00-0025590,Daren Stone,DB,,,,
00-0027256,Darian Stewart,DB,,,,
00-0033083,Darian Thompson,DB,,,,
00-0034203,Darious Williams,DB,,,,
00-0027017,Darius Butler,DB,,,,
00-0019156,Darius Clark,DB,,,,
00-0032546,Darius Hillary,DB,,,,
00-0038725,Darius Joiner,DB,,,,
00-0034683,Darius Phillips,DB,,,,
00-0038388,Darius Rush,DB,,,,
00-0030062,Darius Slay,DB,,,,
00-0024786,Darius Vinnett,DB,,,,
00-0032360,Darius White,DB,,,,
00-0036394,Darnay Holmes,DB,,,,
00-0020550,Darnell Dinkins,DB,,,,
00-0034968,Darnell Savage,DB,,,,
00-0017023,Darnell Walker,DB,,,,
00-0037275,Daron Bland,DB,,,,
00-0031380,Darqueze Dennard,DB,,,,
00-0019925,Darrel Crutchfield,DB,,,,
00-0037549,Darrell Baker,DB,,,,
00-0006316,Darrell Green,DB,,,,
00-0023955,Darrell Hunter,DB,,,,
00-0038594,Darrell Luter Jr.,DB,,,,
00-0027710,Darrell Stuckey,DB,,,,
00-0025401,Darrelle Revis,DB,,,,
00-0037372,Darren Evans,DB,,,,
00-0036956,Darren Hall,DB,,,,
00-0012808,Darren Perry,DB,,,,
00-0014724,Darren Sharper,DB,,,,
00-0018228,Darren Woodson,DB,,,,
00-0023491,Darrent Williams,DB,,,,
00-0025870,Darrick Brown,DB,,,,
00-0036638,Darrick Forrest,DB,,,,
00-0018964,Darrick Vaughn,DB,,,,
00-0006148,Darrien Gordon,DB,,,,
00-0028334,Darrin Walls,DB,,,,
00-0008471,Darrius Johnson,DB,,,,
00-0034042,Darrius Sims,DB,,,,
00-0029888,Darryl Morris,DB,,,,
00-0013154,Darryl Pounds,DB,,,,
00-0031628,Darryl Roberts,DB,,,,
00-0017766,Darryl Williams,DB,,,,
00-0009849,Darryll Lewis,DB,,,,
00-0001903,Darwin Brown,DB,,,,
00-0013122,Daryl Porter,DB,,,,
00-0032891,Daryl Worley,DB,,,,
00-0020916,Daryon Brutley,DB,,,,
00-0030963,Dashaun Phillips,DB,,,,
00-0025513,Dashon Goldson,DB,,,,
00-0035088,Davante Davis,DB,,,,
00-0016242,Dave Thomas,DB,,,,
00-0023647,Daven Holly,DB,,,,
00-0030420,David Amerson,DB,,,,
00-0019469,David Barrett,DB,,,,
00-0027083,David Bruton,DB,,,,
00-0027464,David Caldwell,DB,,,,
00-0019572,David Gibson,DB,,,,
00-0025581,David Irons,DB,,,,
00-0025532,David Jones,DB,,,,
00-0033389,David Jones,DB,,,,
00-0035665,David Long,DB,,,,
00-0019563,David Macklin,DB,,,,
00-0032594,David Mims II,DB,,,,
00-0019840,David Mitchell,DB,,,,
00-0027302,David Pender,DB,,,,
00-0024302,David Pittman,DB,,,,
00-0022234,David Richardson,DB,,,,
00-0033363,David Rivers,DB,,,,
00-0026126,David Roach,DB,,,,
00-0028493,David Sims,DB,,,,
00-0016179,David Terrell,DB,,,,
00-0037188,David Vereen,DB,,,,
00-0022063,David Young,DB,,,,
00-0019755,Davis Sanchez,DB,,,,
00-0028069,Davon House,DB,,,,
00-0034388,Davontae Harris,DB,,,,
00-0024360,Dawan Landry,DB,,,,
00-0037743,Dax Hill,DB,,,,
00-0029829,Dax Swanson,DB,,,,
00-0035945,Dayan Lake,DB,,,,
00-0010777,Daylon McCutcheon,DB,,,,
00-0031917,De'Ante Saunders,DB,,,,
00-0033603,De'Chavon Hayes,DB,,,,
00-0037160,De'Vante Cross,DB,,,,
00-0032946,De'Vante Harris,DB,,,,
00-0026583,De'von Hall,DB,,,,
00-0032465,DeAndre Elliott,DB,,,,
00-0032790,DeAndre Houston-Carson,DB,,,,
00-0029463,DeAndre Presley,DB,,,,
00-0022923,DeAngelo Hall,DB,,,,
00-0027104,DeAngelo Smith,DB,,,,
00-0028084,DeJon Gomes,DB,,,,
00-0035737,DeJuan Neal,DB,,,,
00-0026332,DeJuan Tribble,DB,,,,
00-0038628,DeMarcco Hellams,DB,,,,
00-0028019,DeMarcus Van Dyke,DB,,,,
00-0035801,DeMarkus Acy,DB,,,,
00-0008339,DeRon Jenkins,DB,,,,
00-0029191,DeShawn Shead,DB,,,,
00-0034277,DeShon Elliott,DB,,,,
00-0031991,DeVante Bausby,DB,,,,
00-0020186,DeWayne Patmon,DB,,,,
00-0031870,Dean Marlowe,DB,,,,
00-0035684,Deandre Baker,DB,,,,
00-0022743,Deandre Eiland,DB,,,,
00-0037320,Deane Leonard,DB,,,,
00-0039378,Deantre Prince,DB,,,,
00-0034481,Deatrick Nichols,DB,,,,
00-0035990,Debione Renfro,DB,,,,
00-0039357,Decamerion Richardson,DB,,,,
00-0037034,Dee Alford,DB,,,,
00-0034515,Dee Delaney,DB,,,,
00-0024393,Dee McCann,DB,,,,
00-0030592,Dee Milliner,DB,,,,
00-0033779,Dee Virgin,DB,,,,
00-0024450,Dee Webb,DB,,,,
00-0035564,Deion Harris,DB,,,,
00-0014324,Deion Sanders,DB,,,,
00-0032776,Deiondre' Hall,DB,,,,
00-0035532,Deionte Thompson,DB,,,,
00-0034001,Dejaun Butler,DB,,,,
00-0030699,Deji Olatoye,DB,,,,
00-0022007,Dejuan Groce,DB,,,,
00-0019293,Deke Cooper,DB,,,,
00-0033931,Delano Hill,DB,,,,
00-0028895,Delano Howell,DB,,,,
00-0037264,Delarrin Turner-Yell,DB,,,,
00-0039692,Dell Pettus,DB,,,,
00-0037418,Delonte Hood,DB,,,,
00-0035774,Delrick Abrams,DB,,,,
00-0019645,Deltha O'Neal,DB,,,,
00-0031474,Delvin Breaux,DB,,,,
00-0019883,Delvin Brown,DB,,,,
00-0020146,Delvin Hughley,DB,,,,
00-0039601,Demani Richardson,DB,,,,
00-0021286,Demarcus Faggins,DB,,,,
00-0039540,Demarcus Governor,DB,,,,
00-0031080,Demetri Goodson,DB,,,,
00-0033339,Demetrious Cox,DB,,,,
00-0035020,Demetrius Flannigan-Fowles,DB,,,,
00-0030451,Demetrius McCray,DB,,,,
00-0030275,Demontre Hurst,DB,,,,
00-0017026,Denard Walker,DB,,,,
00-0022136,Dennis Weathersby,DB,,,,
00-0033808,Denzel Johnson,DB,,,,
00-0031688,Denzel Rice,DB,,,,
00-0034856,Denzel Ward,DB,,,,
00-0037189,Denzel Williams,DB,,,,
00-0036563,Deommodore Lenoir,DB,,,,
00-0032774,Deon Bush,DB,,,,
00-0019560,Deon Grant,DB,,,,
00-0031366,Deone Bucannon,DB,,,,
00-0039000,Deonte Banks,DB,,,,
00-0020424,Derek Combs,DB,,,,
00-0027047,Derek Cox,DB,,,,
00-0021954,Derek Pagel,DB,,,,
00-0021200,Derek Ross,DB,,,,
00-0037237,Derek Stingley,DB,,,,
00-0037842,Derion Kendrick,DB,,,,
00-0033239,Deron Washington,DB,,,,
00-0038827,Derrek Pitts,DB,,,,
00-0035095,Derrek Thomas,DB,,,,
00-0035446,Derrick Baity,DB,,,,
00-0020418,Derrick Gibson,DB,,,,
00-0023637,Derrick Johnson,DB,,,,
00-0033299,Derrick Jones,DB,,,,
00-0033076,Derrick Kindred,DB,,,,
00-0038501,Derrick Langford,DB,,,,
00-0024422,Derrick Martin,DB,,,,
00-0024834,Derrick Roberson,DB,,,,
00-0022852,Derrick Strait,DB,,,,
00-0032069,Derron Smith,DB,,,,
00-0034790,Derwin James,DB,,,,
00-0033751,Des Lawrence,DB,,,,
00-0031844,Deshazor Everett,DB,,,,
00-0016577,Deshea Townsend,DB,,,,
00-0033566,Desmond King,DB,,,,
00-0030562,Desmond Trufant,DB,,,,
00-0036791,Deuce Wallace,DB,,,,
00-0029898,Deveron Carr,DB,,,,
00-0019097,Deveron Harper,DB,,,,
00-0002373,Devin Bush,DB,,,,
00-0033473,Devin Chappell,DB,,,,
00-0028571,Devin Holland,DB,,,,
00-0027647,Devin McCourty,DB,,,,
00-0037169,Devin Taylor,DB,,,,
00-0036683,Devon Key,DB,,,,
00-0039169,Devon Witherspoon,DB,,,,
00-0032598,Devonte Johnson,DB,,,,
00-0017241,Dewayne Washington,DB,,,,
00-0030650,Dewey McDonald,DB,,,,
00-0008115,Dexter Jackson,DB,,,,
00-0010699,Dexter McCleon,DB,,,,
00-0032322,Dexter McCoil,DB,,,,
00-0032212,Dexter McDonald,DB,,,,
00-0031414,Dexter McDougle,DB,,,,
00-0022688,Dexter Reid,DB,,,,
00-0022763,Dexter Wynn,DB,,,,
00-0031383,Dezmen Southward,DB,,,,
00-0036678,Dicaprio Bootle,DB,,,,
00-0023727,Dimitri Patterson,DB,,,,
00-0030769,Dion Bailey,DB,,,,
00-0023877,Dion Byrum,DB,,,,
00-0036709,Dionte Ruffin,DB,,,,
00-0038674,Divaad Wilson,DB,,,,
00-0034467,Dominick Sanders,DB,,,,
00-0026313,Dominique Barber,DB,,,,
00-0027735,Dominique Franks,DB,,,,
00-0039381,Dominique Hampton,DB,,,,
00-0027210,Dominique Harris,DB,,,,
00-0033845,Dominique Hatfield,DB,,,,
00-0026156,Dominique Rodgers-Cromartie,DB,,,,
00-0023532,Domonique Foxworth,DB,,,,
00-0026519,Domonique Johnson,DB,,,,
00-0027124,Don Carey,DB,,,,
00-0037482,Don Gardner,DB,,,,
00-0030395,Don Jones,DB,,,,
00-0018587,Don Morgan,DB,,,,
00-0011407,Donald Mitchell,DB,,,,
00-0035855,Donald Rutledge,DB,,,,
00-0022158,Donald Strickland,DB,,,,
00-0027072,Donald Washington,DB,,,,
00-0033350,Donatello Brown,DB,,,,
00-0000017,Donnie Abraham,DB,,,,
00-0029039,Donnie Fletcher,DB,,,,
00-0034998,Donnie Lewis,DB,,,,
00-0022100,Donnie Nickey,DB,,,,
00-0006395,Donovan Greer,DB,,,,
00-0034562,Donovan Olumba,DB,,,,
00-0036542,Donovan Stiner,DB,,,,
00-0035301,Donovan Wilson,DB,,,,
00-0003897,Donovin Darius,DB,,,,
00-0031061,Dontae Johnson,DB,,,,
00-0034356,Donte Jackson,DB,,,,
00-0023575,Donte Nicholson,DB,,,,
00-0035911,Donte Vaughn,DB,,,,
00-0024223,Donte Whitner,DB,,,,
00-0032641,Donte' Deayon,DB,,,,
00-0033670,Dontrell Nelson,DB,,,,
00-0031944,Doran Grant,DB,,,,
00-0004978,Doug Evans,DB,,,,
00-0032697,Doug Middleton,DB,,,,
00-0035863,Douglas Coleman III,DB,,,,
00-0023114,Dovonte Edwards,DB,,,,
00-0035072,Doyin Jibowu,DB,,,,
00-0035224,Dravon Askew-Henry,DB,,,,
00-0021994,Drayton Florence,DB,,,,
00-0029560,Dre Kirkpatrick,DB,,,,
00-0001388,Dre' Bly,DB,,,,
00-0024403,Drew Coleman,DB,,,,
00-0018575,Duane Hawthorne,DB,,,,
00-0015577,Duane Starks,DB,,,,
00-0034744,Duke Dawson,DB,,,,
00-0028942,Duke Ihenacho,DB,,,,
00-0035696,Duke Shelley,DB,,,,
00-0032735,Duke Thomas,DB,,,,
00-0030073,Duke Williams,DB,,,,
00-0022735,Dunta Robinson,DB,,,,
00-0031860,Durell Eskridge,DB,,,,
00-0030383,Duron Harmon,DB,,,,
00-0037634,Duron Lowe,DB,,,,
00-0023515,Dustin Fox,DB,,,,
00-0021888,Dwaine Carpenter,DB,,,,
00-0019607,Dwayne Goodrich,DB,,,,
00-0030539,Dwayne Gratz,DB,,,,
00-0036830,Dwayne Johnson,DB,,,,
00-0033395,Dwayne Thomas,DB,,,,
00-0022302,Dwight Anderson,DB,,,,
00-0029265,Dwight Bentley,DB,,,,
00-0026253,Dwight Lowery,DB,,,,
00-0039714,Dwight McGlothern,DB,,,,
00-0020385,Dwight Smith,DB,,,,
00-0035130,Dylan Mabin,DB,,,,
00-0033675,Dymonte Thomas,DB,,,,
00-0039514,Dyshawn Gales,DB,,,,
00-0019945,Dyshod Carter,DB,,,,
00-0026945,E.J. Biggers,DB,,,,
00-0031394,E.J. Gaines,DB,,,,
00-0009971,Earl Little,DB,,,,
00-0018998,Earl Riley,DB,,,,
00-0027866,Earl Thomas,DB,,,,
00-0030080,Earl Wolff,DB,,,,
00-0019124,Earthwind Moreland,DB,,,,
00-0021377,Ed Reed,DB,,,,
00-0031312,Ed Reynolds,DB,,,,
00-0022366,Eddie Jackson,DB,,,,
00-0033784,Eddie Jackson,DB,,,,
00-0029520,Eddie Pleasant,DB,,,,
00-0038956,Ekow Boye-Doe,DB,,,,
00-0025902,Elbert Mack,DB,,,,
00-0032379,Eli Apple,DB,,,,
00-0038487,Eli Ricks,DB,,,,
00-0032485,Elie Bouka,DB,,,,
00-0034471,Elijah Battle,DB,,,,
00-0036109,Elijah Benton,DB,,,,
00-0034248,Elijah Campbell,DB,,,,
00-0037350,Elijah Hamilton,DB,,,,
00-0037096,Elijah Hicks,DB,,,,
00-0037657,Elijah Jones,DB,,,,
00-0039823,Elijah Jones,DB,,,,
00-0034048,Elijah Mitchell,DB,,,,
00-0036992,Elijah Molden,DB,,,,
00-0036002,Elijah Riley,DB,,,,
00-0032754,Elijah Shumate,DB,,,,
00-0017787,Elijah Williams,DB,,,,
00-0023519,Ellis Hobbs,DB,,,,
00-0027144,Ellis Lankster,DB,,,,
00-0026648,Emanuel Cook,DB,,,,
00-0039526,Emany Johnson,DB,,,,
00-0039151,Emmanuel Forbes,DB,,,,
00-0010785,Emmanuel McDaniel,DB,,,,
00-0034096,Emmanuel Moseley,DB,,,,
00-0036687,Emmanuel Rugamba,DB,,,,
00-0039862,Ennis Rakestraw Jr.,DB,,,,
00-0000204,Eric Allen,DB,,,,
00-0023979,Eric Bassey,DB,,,,
00-0027858,Eric Berry,DB,,,,
00-0026447,Eric Brock,DB,,,,
00-0001931,Eric Brown,DB,,,,
00-0036547,Eric Burrell,DB,,,,
00-0003977,Eric Davis,DB,,,,
00-0025552,Eric Frampton,DB,,,,
00-0038961,Eric Garror,DB,,,,
00-0023510,Eric Green,DB,,,,
00-0028186,Eric Hagg,DB,,,,
00-0018982,Eric Johnson,DB,,,,
00-0021056,Eric Joyce,DB,,,,
00-0020473,Eric Kelly,DB,,,,
00-0023589,Eric King,DB,,,,
00-0033038,Eric Murray,DB,,,,
00-0031857,Eric Patterson,DB,,,,
00-0030548,Eric Reid,DB,,,,
00-0031555,Eric Rowe,DB,,,,
00-0038604,Eric Scott Jr.,DB,,,,
00-0024312,Eric Smith,DB,,,,
00-0036901,Eric Stokes,DB,,,,
00-0016824,Eric Vance,DB,,,,
00-0017193,Eric Warfield,DB,,,,
00-0025424,Eric Weddle,DB,,,,
00-0025440,Eric Wright,DB,,,,
00-0038620,Erick Hallett,DB,,,,
00-0022218,Erik Coleman,DB,,,,
00-0032320,Erik Harris,DB,,,,
00-0018969,Erik Olson,DB,,,,
00-0020718,Erik Totten,DB,,,,
00-0023227,Ernest Shazor,DB,,,,
00-0020959,Erwin Swiney,DB,,,,
00-0035862,Essang Bassey,DB,,,,
00-0038684,Ethan Bonner,DB,,,,
00-0024423,Ethan Kilmer,DB,,,,
00-0022708,Etric Pruitt,DB,,,,
00-0013860,Eugene Robinson,DB,,,,
00-0021992,Eugene Wilson,DB,,,,
00-0023288,Evan Oglesby,DB,,,,
00-0039813,Evan Williams,DB,,,,
00-0033694,Ezra Robinson,DB,,,,
00-0033918,Fabian Moreau,DB,,,,
00-0023458,Fabian Washington,DB,,,,
00-0037319,Faion Hicks,DB,,,,
00-0001934,Fakhir Brown,DB,,,,
00-0002138,Fernando Bryant,DB,,,,
00-0033274,Fish Smithson,DB,,,,
00-0031790,Floyd Raven,DB,,,,
00-0018414,Floyd Young,DB,,,,
00-0021943,Frank Walker,DB,,,,
00-0015173,Frankie Smith,DB,,,,
00-0032829,Frankie Williams,DB,,,,
00-0025510,Fred Bennett,DB,,,,
00-0019922,Fred Booker,DB,,,,
00-0020522,Fred Smoot,DB,,,,
00-0016263,Fred Thomas,DB,,,,
00-0016929,Fred Vinson,DB,,,,
00-0017341,Fred Weary,DB,,,,
00-0039646,Gabe Jeudy-Lally,DB,,,,
00-0008939,Gana Joseph,DB,,,,
00-0033882,Gareon Conley,DB,,,,
00-0022260,Garnell Wilds,DB,,,,
00-0039007,Garrett Williams,DB,,,,
00-0020472,Gary Baxter,DB,,,,
00-0019672,Gary Berry,DB,,,,
00-0036056,Gavin Heslop,DB,,,,
00-0038478,Gemon Green,DB,,,,
00-0036199,Geno Stone,DB,,,,
00-0024638,Geoffrey Pope,DB,,,,
00-0003187,George Coghill,DB,,,,
00-0029215,George Iloka,DB,,,,
00-0010765,George McCullough,DB,,,,
00-0034091,George Odum,DB,,,,
00-0016157,George Teague,DB,,,,
00-0025448,Gerald Alexander,DB,,,,
00-0010646,Gerald McBurrows,DB,,,,
00-0023590,Gerald Sensabaugh,DB,,,,
00-0026079,Gerard Lawson,DB,,,,
00-0024186,Gerard Ross,DB,,,,
00-0022150,Gerome Sapp,DB,,,,
00-0038413,Gervarrius Owens,DB,,,,
00-0022815,Gibril Wilson,DB,,,,
00-0022869,Glenn Earl,DB,,,,
00-0026420,Glenn Sharpe,DB,,,,
00-0027081,Glover Quin,DB,,,,
00-0034614,Godwin Igwebuike,DB,,,,
00-0036282,Grant Delpit,DB,,,,
00-0034502,Grant Haley,DB,,,,
00-0024108,Grant Mason,DB,,,,
00-0035995,Grayland Arnold,DB,,,,
00-0035638,Greedy Williams,DB,,,,
00-0024363,Greg Blue,DB,,,,
00-0022719,Greg Brooks,DB,,,,
00-0031116,Greg Ducre,DB,,,,
00-0024730,Greg Fassitt,DB,,,,
00-0029454,Greg Gatson,DB,,,,
00-0008126,Greg Jackson,DB,,,,
00-0008323,Greg Jeffries,DB,,,,
00-0033430,Greg Mabin,DB,,,,
00-0011885,Greg Myers,DB,,,,
00-0036996,Greg Newsome,DB,,,,
00-0034337,Greg Stroman,DB,,,,
00-0019463,Greg Wesley,DB,,,,
00-0037296,Gregory Junior,DB,,,,
00-0026910,Gregory Toler,DB,,,,
00-0022859,Guss Scott,DB,,,,
00-0031333,Ha Ha Clinton-Dix,DB,,,,
00-0020330,Hakim Akbar,DB,,,,
00-0035514,Hamp Cheevers,DB,,,,
00-0023663,Hamza Abdullah,DB,,,,
00-0022025,Hanik Milligan,DB,,,,
00-0019710,Hank Poteat,DB,,,,
00-0032798,Harlan Miller,DB,,,,
00-0020371,Harold Blackmon,DB,,,,
00-0031989,Harold Jones-Quartey,DB,,,,
00-0036344,Harrison Hand,DB,,,,
00-0029606,Harrison Smith,DB,,,,
00-0026346,Haruki Nakamura,DB,,,,
00-0034093,Henre' Toliver,DB,,,,
00-0035962,Henry Black,DB,,,,
00-0008761,Henry Jones,DB,,,,
00-0023102,Herana-Daze Jones,DB,,,,
00-0035210,Herb Miller,DB,,,,
00-0024201,Hiram Eugene,DB,,,,
00-0034213,Holton Hill,DB,,,,
00-0033333,Horace Richardson,DB,,,,
00-0033558,Howard Wilson,DB,,,,
00-0025940,Husain Abdullah,DB,,,,
00-0032561,Ian Wells,DB,,,,
00-0032198,Ibraheim Campbell,DB,,,,
00-0020468,Idrees Bashir,DB,,,,
00-0020005,Ifeanyi Ohalete,DB,,,,
00-0036993,Ifeatu Melifonwu,DB,,,,
00-0032140,Ifo Ekpre-Olomu,DB,,,,
00-0019654,Ike Charlton,DB,,,,
00-0034979,Iman Marshall,DB,,,,
00-0036462,Innis Gaines,DB,,,,
00-0033602,Ironhead Gallon,DB,,,,
00-0028564,Isa Abdul-Quddus,DB,,,,
00-0037577,Isaac Taylor-Stuart,DB,,,,
00-0034780,Isaac Yiadom,DB,,,,
00-0038641,Isaiah Bolden,DB,,,,
00-0036506,Isaiah Dunn,DB,,,,
00-0029299,Isaiah Frey,DB,,,,
00-0026437,Isaiah Gardner,DB,,,,
00-0029605,Isaiah Green,DB,,,,
00-0031657,Isaiah Johnson,DB,,,,
00-0032749,Isaiah Johnson,DB,,,,
00-0034980,Isaiah Johnson,DB,,,,
00-0039483,Isaiah Johnson,DB,,,,
00-0035675,Isaiah Langley,DB,,,,
00-0038517,Isaiah Norman,DB,,,,
00-0034357,Isaiah Oliver,DB,,,,
00-0037512,Isaiah Pola-Mao,DB,,,,
00-0037541,Isaiah Pryor,DB,,,,
00-0036222,Isaiah Rodgers,DB,,,,
00-0027915,Isaiah Trufant,DB,,,,
00-0035214,Isaiah Wharton,DB,,,,
00-0036186,Isiah Brown,DB,,,,
00-0036661,Israel Mukuamu,DB,,,,
00-0021891,Ivan Taylor,DB,,,,
00-0013536,Izell Reese,DB,,,,
00-0001953,J.B. Brown,DB,,,,
00-0034591,J.C. Jackson,DB,,,,
00-0033645,J.D. Harmon,DB,,,,
00-0010700,J.J. McCleskey,DB,,,,
00-0030543,J.J. Wilcox,DB,,,,
00-0038605,J.L. Skinner,DB,,,,
00-0033485,J.R. Nelson,DB,,,,
00-0036835,J.R. Pace,DB,,,,
00-0022791,J.R. Reed,DB,,,,
00-0035830,J.R. Reed,DB,,,,
00-0034116,J.T. Gray,DB,,,,
00-0035044,J.T. Hassell,DB,,,,
00-0038091,J.T. Woods,DB,,,,
00-0037661,Ja'Marcus Ingram,DB,,,,
00-0037384,Ja'Quan McMillian,DB,,,,
00-0039547,Ja'Quan Sheppard,DB,,,,
00-0037307,Ja'Sir Taylor,DB,,,,
00-0032137,JaCorey Shepherd,DB,,,,
00-0022527,Jabari Greer,DB,,,,
00-0031090,Jabari Price,DB,,,,
00-0033883,Jabrill Peppers,DB,,,,
00-0036043,Jace Whittaker,DB,,,,
00-0020648,Jack Brewer,DB,,,,
00-0023435,Jack Hunt,DB,,,,
00-0026271,Jack Ikegwuonu,DB,,,,
00-0038039,Jack Jones,DB,,,,
00-0033977,Jack Tocho,DB,,,,
00-0026259,Jack Williams,DB,,,,
00-0026868,Jackie Bates,DB,,,,
00-0034814,Jackson Porter,DB,,,,
00-0031811,Jacob Hagen,DB,,,,
00-0026674,Jacob Lacey,DB,,,,
00-0035017,Jacob Thieneman,DB,,,,
00-0037464,Jacobi Francis,DB,,,,
00-0031907,Jacoby Glenn,DB,,,,
00-0019657,Jacoby Shepherd,DB,,,,
00-0022767,Jacques Reeves,DB,,,,
00-0039416,Jaden Davis,DB,,,,
00-0039825,Jaden Hicks,DB,,,,
00-0026771,Jahi Word-Daniels,DB,,,,
00-0030312,Jahleel Addae,DB,,,,
00-0027992,Jaiquawn Jarrett,DB,,,,
00-0034728,Jaire Alexander,DB,,,,
00-0037635,Jairon McVea,DB,,,,
00-0027018,Jairus Byrd,DB,,,,
00-0030194,Jakar Hamilton,DB,,,,
00-0035008,Jake Carlock,DB,,,,
00-0035609,Jake Gervase,DB,,,,
00-0039072,Jakorian Bennett,DB,,,,
00-0031552,Jalen Collins,DB,,,,
00-0034446,Jalen Davis,DB,,,,
00-0036010,Jalen Elliott,DB,,,,
00-0035091,Jalen Harvey,DB,,,,
00-0035886,Jalen Julius,DB,,,,
00-0032803,Jalen Mills,DB,,,,
00-0033587,Jalen Myrick,DB,,,,
00-0037246,Jalen Pitre,DB,,,,
00-0033055,Jalen Ramsey,DB,,,,
00-0035705,Jalen Thompson,DB,,,,
00-0028056,Jalil Brown,DB,,,,
00-0038119,Jalyn Armour-Davis,DB,,,,
00-0039672,Jalyn Phillips,DB,,,,
00-0024097,Jamaal Fudge,DB,,,,
00-0022662,Jamaine Winborne,DB,,,,
00-0033872,Jamal Adams,DB,,,,
00-0033572,Jamal Agnew,DB,,,,
00-0033819,Jamal Carter,DB,,,,
00-0033157,Jamal Golden,DB,,,,
00-0025889,Jamar Adams,DB,,,,
00-0020460,Jamar Fletcher,DB,,,,
00-0036639,Jamar Johnson,DB,,,,
00-0026626,Jamar Love,DB,,,,
00-0034324,Jamar Summers,DB,,,,
00-0030484,Jamar Taylor,DB,,,,
00-0027794,Jamar Wall,DB,,,,
00-0026952,Jamarca Sanford,DB,,,,
00-0035699,Jamel Dean,DB,,,,
00-0029639,Jamell Fleming,DB,,,,
00-0020328,James Boyd,DB,,,,
00-0032890,James Bradberry,DB,,,,
00-0023053,James Butler,DB,,,,
00-0028694,James Dockery,DB,,,,
00-0007095,James Hasty,DB,,,,
00-0025753,James Ihedigbo,DB,,,,
00-0029355,James Nixon,DB,,,,
00-0035795,James Pierre,DB,,,,
00-0020123,James Rooths,DB,,,,
00-0032108,James Sample,DB,,,,
00-0023567,James Sanders,DB,,,,
00-0016591,James Trapp,DB,,,,
00-0020600,James Whitley,DB,,,,
00-0036889,James Wiggins,DB,,,,
00-0036116,Jameson Houston,DB,,,,
00-0020352,Jamie Henderson,DB,,,,
00-0025996,Jamie Silva,DB,,,,
00-0024130,Jamie Thompson,DB,,,,
00-0022690,Jammal Lord,DB,,,,
00-0038587,Jammie Robinson,DB,,,,
00-0029681,Janoris Jenkins,DB,,,,
00-0038135,Jaquan Brisker,DB,,,,
00-0035290,Jaquan Johnson,DB,,,,
00-0035867,Jaquarius Landrews,DB,,,,
00-0032057,Jaquiski Tartt,DB,,,,
00-0035808,Jared Mayden,DB,,,,
00-0034005,Jarell Carter,DB,,,,
00-0039285,Jarius Monroe,DB,,,,
00-0033227,Jarnor Jones,DB,,,,
00-0024442,Jarrad Page,DB,,,,
00-0035925,Jarren Williams,DB,,,,
00-0023918,Jarrett Bush,DB,,,,
00-0039353,Jarrian Jones,DB,,,,
00-0038401,Jarrick Bernard-Converse,DB,,,,
00-0020409,Jarrod Cooper,DB,,,,
00-0033813,Jarrod Harper,DB,,,,
00-0032525,Jarrod Wilson,DB,,,,
00-0039372,Jarvis Brownlee Jr.,DB,,,,
00-0024231,Jason Allen,DB,,,,
00-0020110,Jason Bell,DB,,,,
00-0001068,Jason Belser,DB,,,,
00-0001526,Jason Bostic,DB,,,,
00-0003597,Jason Craft,DB,,,,
00-0022790,Jason David,DB,,,,
00-0020310,Jason Doering,DB,,,,
00-0021741,Jason Goss,DB,,,,
00-0034236,Jason Hall,DB,,,,
00-0022199,Jason Horton,DB,,,,
00-0039805,Jason Maitre,DB,,,,
00-0027136,Jason McCourty,DB,,,,
00-0011570,Jason Moore,DB,,,,
00-0012813,Jason Perry,DB,,,,
00-0036502,Jason Pinnock,DB,,,,
00-0014637,Jason Sehorn,DB,,,,
00-0022673,Jason Shivers,DB,,,,
00-0014902,Jason Simmons,DB,,,,
00-0015920,Jason Suttle,DB,,,,
00-0039060,Jason Taylor II,DB,,,,
00-0031334,Jason Verrett,DB,,,,
00-0019653,Jason Webster,DB,,,,
00-0035880,Javaris Davis,DB,,,,
00-0036149,Javelin Guidry,DB,,,,
00-0033070,Javien Elliott,DB,,,,
00-0035081,Javien Hamilton,DB,,,,
00-0027660,Javier Arenas,DB,,,,
00-0036085,Javin White,DB,,,,
00-0039867,Javon Bullard,DB,,,,
00-0036046,Javon Hagan,DB,,,,
00-0030245,Jawanza Starling,DB,,,,
00-0001058,Jay Bellamy,DB,,,,
00-0035388,Jay Liggins,DB,,,,
00-0038578,Jay Ward,DB,,,,
00-0036944,Jaycee Horn,DB,,,,
00-0039725,Jayden Price,DB,,,,
00-0038915,Jaydon Grant,DB,,,,
00-0033826,Jaylen Hill,DB,,,,
00-0039802,Jaylen Key,DB,,,,
00-0039697,Jaylen Mahoney,DB,,,,
00-0039776,Jaylen McCollough,DB,,,,
00-0031173,Jaylen Watkins,DB,,,,
00-0037195,Jaylen Watson,DB,,,,
00-0039383,Jaylin Simpson,DB,,,,
00-0038812,Jaylin Williams,DB,,,,
00-0036302,Jaylinn Hawkins,DB,,,,
00-0036292,Jaylon Johnson,DB,,,,
00-0037106,Jaylon Jones,DB,,,,
00-0038407,Jaylon Jones,DB,,,,
00-0029267,Jayron Hosley,DB,,,,
00-0032454,Jayron Kearse,DB,,,,
00-0035207,Jayson Stanley,DB,,,,
00-0036594,Jaytlin Askew,DB,,,,
00-0002928,Je'Rod Cherry,DB,,,,
00-0002328,Jeff Burris,DB,,,,
00-0036324,Jeff Gladney,DB,,,,
00-0019685,Jeff Harris,DB,,,,
00-0030196,Jeff Heath,DB,,,,
00-0036274,Jeff Okudah,DB,,,,
00-0033187,Jeff Richards,DB,,,,
00-0022153,Jeff Sanchez,DB,,,,
00-0022757,Jeff Shoate,DB,,,,
00-0031192,Jemea Thomas,DB,,,,
00-0021532,Jemeel Powell,DB,,,,
00-0020354,Jerametrius Butler,DB,,,,
00-0019321,Jerard White,DB,,,,
00-0024054,Jereme Perry,DB,,,,
00-0036009,Jeremiah Dinson,DB,,,,
00-0032710,Jeremiah McKinnon,DB,,,,
00-0033809,Jeremy Boykins,DB,,,,
00-0036293,Jeremy Chinn,DB,,,,
00-0033520,Jeremy Clark,DB,,,,
00-0030435,Jeremy Harris,DB,,,,
00-0029338,Jeremy Jones,DB,,,,
00-0029295,Jeremy Lane,DB,,,,
00-0022752,Jeremy LeSueur,DB,,,,
00-0009933,Jeremy Lincoln,DB,,,,
00-0038451,Jeremy Lucien,DB,,,,
00-0034465,Jeremy Reaves,DB,,,,
00-0023066,Jeremy Thornburg,DB,,,,
00-0027810,Jeremy Ware,DB,,,,
00-0029207,Jerico Nelson,DB,,,,
00-0019877,Jermaine Hampton,DB,,,,
00-0023221,Jermaine Hardy,DB,,,,
00-0008775,Jermaine Jones,DB,,,,
00-0034425,Jermaine Kelly,DB,,,,
00-0021270,Jermaine Phillips,DB,,,,
00-0035047,Jermaine Ponder,DB,,,,
00-0019407,Jermaine Smith,DB,,,,
00-0037446,Jermaine Waller,DB,,,,
00-0031512,Jermaine Whitehead,DB,,,,
00-0028096,Jermale Hines,DB,,,,
00-0026532,Jerome Boyd,DB,,,,
00-0022969,Jerome Carter,DB,,,,
00-0030722,Jerome Couplin,DB,,,,
00-0027670,Jerome Murphy,DB,,,,
00-0018212,Jerome Woods,DB,,,,
00-0027244,Jeromy Miles,DB,,,,
00-0028441,Jeron Johnson,DB,,,,
00-0027064,Jerraud Powers,DB,,,,
00-0022623,Jerrell Pippens,DB,,,,
00-0038613,Jerrick Reed,DB,,,,
00-0029211,Jerron McMillian,DB,,,,
00-0023035,Jerron Wishom,DB,,,,
00-0000559,Jerry Azumah,DB,,,,
00-0036748,Jerry Jacobs,DB,,,,
00-0018036,Jerry Wilson,DB,,,,
00-0034675,Jessie Bates,DB,,,,
00-0036998,Jevon Holland,DB,,,,
00-0035175,Jhavonte Dean,DB,,,,
00-0038554,Ji'Ayir Brown,DB,,,,
00-0002610,Jim Cantelupe,DB,,,,
00-0023287,Jim Leonhard,DB,,,,
00-0031298,Jimmie Ward,DB,,,,
00-0031882,Jimmy Hall,DB,,,,
00-0007512,Jimmy Hitchcock,DB,,,,
00-0035307,Jimmy Moreland,DB,,,,
00-0033044,Jimmy Pruitt,DB,,,,
00-0027965,Jimmy Smith,DB,,,,
00-0015460,Jimmy Spencer,DB,,,,
00-0020327,Jimmy Williams,DB,,,,
00-0024252,Jimmy Williams,DB,,,,
00-0028173,Jimmy Wilson,DB,,,,
00-0019228,Jimmy Wyrick,DB,,,,
00-0034926,JoJo McIntosh,DB,,,,
00-0035522,JoJo Tillery,DB,,,,
00-0035554,Jocquez Kalili,DB,,,,
00-0026925,Joe Burnett,DB,,,,
00-0027860,Joe Haden,DB,,,,
00-0028650,Joe Lefeged,DB,,,,
00-0024793,Joe Porter,DB,,,,
00-0033181,Joe Powell,DB,,,,
00-0019991,Joe Walker,DB,,,,
00-0035241,Joejuan Williams,DB,,,,
00-0031753,Joel Ross,DB,,,,
00-0037141,Joey Blount,DB,,,,
00-0039167,Joey Porter,DB,,,,
00-0022849,Joey Thomas,DB,,,,
00-0035498,John Battle,DB,,,,
00-0025497,John Bowie,DB,,,,
00-0035899,John Brannon,DB,,,,
00-0023807,John Busing,DB,,,,
00-0024083,John Eubanks,DB,,,,
00-0034705,John Franklin,DB,,,,
00-0033810,John Green,DB,,,,
00-0020482,John Howell,DB,,,,
00-0033927,John Johnson,DB,,,,
00-0019612,John Keith,DB,,,,
00-0010188,John Lynch,DB,,,,
00-0036304,John Reid,DB,,,,
00-0023845,John Walker,DB,,,,
00-0025571,John Wendling,DB,,,,
00-0035693,Johnathan Abram,DB,,,,
00-0034443,Johnathan Alston,DB,,,,
00-0030538,Johnathan Cyprien,DB,,,,
00-0024239,Johnathan Joseph,DB,,,,
00-0002775,Johndale Carty,DB,,,,
00-0006960,Johnnie Harris,DB,,,,
00-0030226,Johnny Adams,DB,,,,
00-0028026,Johnny Patrick,DB,,,,
00-0029065,Johnson Bademosi,DB,,,,
00-0030469,Johnthan Banks,DB,,,,
00-0033734,Jomal Wiltz,DB,,,,
00-0037218,Jon Alexander,DB,,,,
00-0021187,Jon McGraw,DB,,,,
00-0031272,Jonathan Dowling,DB,,,,
00-0032580,Jonathan Jones,DB,,,,
00-0030084,Jonathan Meeks,DB,,,,
00-0033432,Jonathan Moxey,DB,,,,
00-0028167,Jonathan Nelson,DB,,,,
00-0034485,Jonathan Owens,DB,,,,
00-0038770,Jonathan Sutherland,DB,,,,
00-0025471,Jonathan Wade,DB,,,,
00-0026269,Jonathan Wilhite,DB,,,,
00-0027355,Jonathon Amaya,DB,,,,
00-0031978,Jonathon Mincy,DB,,,,
00-0029216,Jonte Green,DB,,,,
00-0022409,Jordan Babineaux,DB,,,,
00-0038560,Jordan Battle,DB,,,,
00-0028997,Jordan Bernstine,DB,,,,
00-0035305,Jordan Brown,DB,,,,
00-0039480,Jordan Colbert,DB,,,,
00-0030023,Jordan Dangerfield,DB,,,,
00-0036431,Jordan Fuller,DB,,,,
00-0035748,Jordan Holland,DB,,,,
00-0038588,Jordan Howden,DB,,,,
00-0038369,Jordan Jones,DB,,,,
00-0029975,Jordan Kovacs,DB,,,,
00-0032797,Jordan Lucas,DB,,,,
00-0035285,Jordan Miller,DB,,,,
00-0033233,Jordan Moore,DB,,,,
00-0038918,Jordan Perryman,DB,,,,
00-0030114,Jordan Poyer,DB,,,,
00-0027799,Jordan Pugh,DB,,,,
00-0031559,Jordan Richards,DB,,,,
00-0032601,Jordan Sefon,DB,,,,
00-0033982,Jordan Simone,DB,,,,
00-0033486,Jordan Sterns,DB,,,,
00-0039258,Jordan Toles,DB,,,,
00-0034374,Jordan Whitehead,DB,,,,
00-0019299,Jordan Younger,DB,,,,
00-0036516,Jordyn Peters,DB,,,,
00-0027798,Jorrick Calvin,DB,,,,
00-0029170,Jose Gumbs,DB,,,,
00-0021654,Joselio Hanson,DB,,,,
00-0034717,Joseph Este,DB,,,,
00-0021199,Joseph Jefferson,DB,,,,
00-0029853,Josh Aubrey,DB,,,,
00-0026360,Josh Barrett,DB,,,,
00-0026057,Josh Bell,DB,,,,
00-0037129,Josh Blackwell,DB,,,,
00-0023475,Josh Bullocks,DB,,,,
00-0029143,Josh Bush,DB,,,,
00-0038348,Josh Butler,DB,,,,
00-0039523,Josh DeBerry,DB,,,,
00-0037161,Josh Drayden,DB,,,,
00-0030557,Josh Evans,DB,,,,
00-0025537,Josh Gattis,DB,,,,
00-0027503,Josh Gordy,DB,,,,
00-0032635,Josh Hawkins,DB,,,,
00-0039051,Josh Hayes,DB,,,,
00-0034751,Josh Jackson,DB,,,,
00-0037137,Josh Jobe,DB,,,,
00-0030322,Josh Johnson,DB,,,,
00-0033903,Josh Jones,DB,,,,
00-0034615,Josh Liddell,DB,,,,
00-0036348,Josh Metellus,DB,,,,
00-0028508,Josh Nesbitt,DB,,,,
00-0039375,Josh Newton,DB,,,,
00-0029285,Josh Norman,DB,,,,
00-0036126,Josh Nurse,DB,,,,
00-0034714,Josh Okonye,DB,,,,
00-0027482,Josh Pinkard,DB,,,,
00-0039559,Josh Proctor,DB,,,,
00-0029691,Josh Robinson,DB,,,,
00-0032168,Josh Shaw,DB,,,,
00-0035056,Josh Simmons,DB,,,,
00-0019018,Josh Symonette,DB,,,,
00-0028081,Josh Thomas,DB,,,,
00-0036189,Josh Thomas,DB,,,,
00-0037070,Josh Thompson,DB,,,,
00-0033756,Josh Thornton,DB,,,,
00-0037151,Josh Valentine-Turner,DB,,,,
00-0028286,Josh Victorian,DB,,,,
00-0039772,Josh Wallace,DB,,,,
00-0025442,Josh Wilson,DB,,,,
00-0033533,Joshua Holsey,DB,,,,
00-0034662,Joshua Kalu,DB,,,,
00-0035555,Joshua Moon,DB,,,,
00-0027604,Joshua Moore,DB,,,,
00-0038043,Joshua Williams,DB,,,,
00-0036872,Joshuah Bledsoe,DB,,,,
00-0036303,Josiah Scott,DB,,,,
00-0033928,Jourdan Lewis,DB,,,,
00-0036118,Jovante Moffatt,DB,,,,
00-0024499,Jovon Johnson,DB,,,,
00-0035625,Juan Thornhill,DB,,,,
00-0034821,Juante Baldwin,DB,,,,
00-0037578,Juanyeh Thomas,DB,,,,
00-0032273,Jude Adjei-Barimah,DB,,,,
00-0036077,Juju Hughes,DB,,,,
00-0021866,Julian Battle,DB,,,,
00-0036253,Julian Blackmon,DB,,,,
00-0019926,Julian Jones,DB,,,,
00-0034974,Julian Love,DB,,,,
00-0028381,Julian Posey,DB,,,,
00-0032516,Julian Whigham,DB,,,,
00-0039156,Julius Brents,DB,,,,
00-0021649,Julius Curry,DB,,,,
00-0039532,Julius Wood,DB,,,,
00-0029876,Jumal Rolle,DB,,,,
00-0001427,Juran Bolden,DB,,,,
00-0029530,Justin Bethel,DB,,,,
00-0031796,Justin Coleman,DB,,,,
00-0031738,Justin Currie,DB,,,,
00-0033898,Justin Evans,DB,,,,
00-0031438,Justin Gilbert,DB,,,,
00-0030560,Justin Green,DB,,,,
00-0024436,Justin Hamilton,DB,,,,
00-0033770,Justin Hardee,DB,,,,
00-0026241,Justin King,DB,,,,
00-0035650,Justin Layne,DB,,,,
00-0018563,Justin Lucas,DB,,,,
00-0023492,Justin Miller,DB,,,,
00-0034361,Justin Reid,DB,,,,
00-0028144,Justin Rogers,DB,,,,
00-0022257,Justin Sandy,DB,,,,
00-0032971,Justin Simmons,DB,,,,
00-0026264,Justin Tryon,DB,,,,
00-0032403,Juston Burris,DB,,,,
00-0036395,K'Von Wallace,DB,,,,
00-0031253,K'Waun Williams,DB,,,,
00-0032421,K.J. Dillon,DB,,,,
00-0026866,K.J. Gerard,DB,,,,
00-0037023,K.J. Sails,DB,,,,
00-0034990,Ka'Dar Hollman,DB,,,,
00-0034063,Kacy Rodgers,DB,,,,
00-0037353,Kader Kohou,DB,,,,
00-0038823,Kaevon Merriweather,DB,,,,
00-0038523,Kahlef Hailassie,DB,,,,
00-0033649,Kai Nacua,DB,,,,
00-0037242,Kaiir Elam,DB,,,,
00-0032810,Kalan Reed,DB,,,,
00-0039688,Kaleb Ford-Dement,DB,,,,
00-0038668,Kaleb Hayes,DB,,,,
00-0039239,Kalen King,DB,,,,
00-0037325,Kalon Barnes,DB,,,,
00-0020653,Kalvin Pearson,DB,,,,
00-0027733,Kam Chancellor,DB,,,,
00-0034556,Kam Kelly,DB,,,,
00-0034408,Kam Moore,DB,,,,
00-0039831,Kamal Hadden,DB,,,,
00-0039343,Kamari Lassiter,DB,,,,
00-0036349,Kamren Curl,DB,,,,
00-0039834,Kamren Kinchens,DB,,,,
00-0029987,Kanorris Davis,DB,,,,
00-0027872,Kareem Jackson,DB,,,,
00-0019631,Kareem Larrimore,DB,,,,
00-0026320,Kareem Moore,DB,,,,
00-0035573,Kareem Orr,DB,,,,
00-0032888,Karl Joseph,DB,,,,
00-0023511,Karl Paymah,DB,,,,
00-0036662,Kary Vincent,DB,,,,
00-0014674,Kato Serwanga,DB,,,,
00-0033048,Kavon Frazier,DB,,,,
00-0030523,Kayvon Webster,DB,,,,
00-0032382,Keanu Neal,DB,,,,
00-0039641,Keaton Ellis,DB,,,,
00-0038959,Kedrick Whitehead,DB,,,,
00-0029974,Keelan Johnson,DB,,,,
00-0038819,Keenan Isaac,DB,,,,
00-0031894,Keenan Lambert,DB,,,,
00-0026903,Keenan Lewis,DB,,,,
00-0038984,Kei'Trel Clark,DB,,,,
00-0033091,KeiVarae Russell,DB,,,,
00-0038696,Keidron Smith,DB,,,,
00-0002666,Keion Carpenter,DB,,,,
00-0034435,Keion Crossen,DB,,,,
00-0035133,Keisean Nixon,DB,,,,
00-0032687,Keith Baxter,DB,,,,
00-0020974,Keith Davis,DB,,,,
00-0026651,Keith Fitzhugh,DB,,,,
00-0022702,Keith Lewis,DB,,,,
00-0030836,Keith Lewis,DB,,,,
00-0010174,Keith Lyle,DB,,,,
00-0031347,Keith McGill,DB,,,,
00-0031020,Keith Reaser,DB,,,,
00-0022851,Keith Smith,DB,,,,
00-0029422,Keith Tandy,DB,,,,
00-0036561,Keith Taylor,DB,,,,
00-0016207,Keith Thibodeaux,DB,,,,
00-0035896,Keith Washington,DB,,,,
00-0022928,Keiwan Ratliff,DB,,,,
00-0029107,Kelcie McCray,DB,,,,
00-0039140,Kelee Ringo,DB,,,,
00-0007325,Kelly Herndon,DB,,,,
00-0024246,Kelly Jennings,DB,,,,
00-0023495,Kelvin Hayden,DB,,,,
00-0036935,Kelvin Joseph,DB,,,,
00-0036062,Kemah Siverand,DB,,,,
00-0030427,Kemal Ishmael,DB,,,,
00-0035542,Kemon Hall,DB,,,,
00-0032875,Ken Crawley,DB,,,,
00-0022049,Ken Hamlin,DB,,,,
00-0008041,Ken Irvin,DB,,,,
00-0020499,Ken Lucas,DB,,,,
00-0035318,Ken Webster,DB,,,,
00-0033084,Kendall Fuller,DB,,,,
00-0035255,Kendall Sheffield,DB,,,,
00-0038837,Kendall Smith,DB,,,,
00-0038414,Kendall Williamson,DB,,,,
00-0038703,Kendell Brooks,DB,,,,
00-0027736,Kendrick Lewis,DB,,,,
00-0039475,Keni-H Lovely,DB,,,,
00-0026391,Kennard Cox,DB,,,,
00-0031186,Kenneth Acker,DB,,,,
00-0032931,Kenneth Durden,DB,,,,
00-0037647,Kenneth George,DB,,,,
00-0030908,Kenny Ladler,DB,,,,
00-0039777,Kenny Logan,DB,,,,
00-0033393,Kenny Moore,DB,,,,
00-0026171,Kenny Phillips,DB,,,,
00-0036283,Kenny Robinson,DB,,,,
00-0030060,Kenny Vaccaro,DB,,,,
00-0018308,Kenny Wright,DB,,,,
00-0019458,Kenoy Kennedy,DB,,,,
00-0032628,Kentrell Brice,DB,,,,
00-0037667,Kerby Joseph,DB,,,,
00-0008941,Kerry Joseph,DB,,,,
00-0023557,Kerry Rhodes,DB,,,,
00-0000025,Kevin Abrams,DB,,,,
00-0027054,Kevin Barnes,DB,,,,
00-0033132,Kevin Byard,DB,,,,
00-0024178,Kevin Dockery,DB,,,,
00-0027127,Kevin Ellison,DB,,,,
00-0022023,Kevin Garrett,DB,,,,
00-0023902,Kevin Hobbs,DB,,,,
00-0020732,Kevin House,DB,,,,
00-0031548,Kevin Johnson,DB,,,,
00-0019993,Kevin Kaesviharn,DB,,,,
00-0033524,Kevin King,DB,,,,
00-0010535,Kevin Mathis,DB,,,,
00-0021095,Kevin McCadam,DB,,,,
00-0035907,Kevin McGill,DB,,,,
00-0025554,Kevin Payne,DB,,,,
00-0032848,Kevin Peterson,DB,,,,
00-0028420,Kevin Rutland,DB,,,,
00-0032267,Kevin Short,DB,,,,
00-0021289,Kevin Thomas,DB,,,,
00-0027895,Kevin Thomas,DB,,,,
00-0034603,Kevin Toliver,DB,,,,
00-0031683,Kevin White,DB,,,,
00-0017861,Kevin Williams,DB,,,,
00-0032942,Kevon Seymour,DB,,,,
00-0021299,Keyon Nash,DB,,,,
00-0021243,Keyuo Craver,DB,,,,
00-0030489,Khalid Wooten,DB,,,,
00-0036124,Khalil Dorsey,DB,,,,
00-0035530,Khari Willis,DB,,,,
00-0039856,Khyree Jackson,DB,,,,
00-0007334,Kim Herring,DB,,,,
00-0030740,Kimario McFadden,DB,,,,
00-0036307,Kindle Vildor,DB,,,,
00-0036688,Kiondre Thomas,DB,,,,
00-0039818,Kitan Oladapo,DB,,,,
00-0019485,Kiwaukee Thomas,DB,,,,
00-0024320,Ko Simpson,DB,,,,
00-0039860,Kool-Aid McKinstry,DB,,,,
00-0028145,Korey Lindsey,DB,,,,
00-0039371,Kris Abrams-Draine,DB,,,,
00-0035150,Kris Boyd,DB,,,,
00-0021210,Kris Richard,DB,,,,
00-0036416,Kristian Fulton,DB,,,,
00-0027835,Kurt Coleman,DB,,,,
00-0014512,Kurt Schulz,DB,,,,
00-0031919,Kurtis Drummond,DB,,,,
00-0009659,Kwamie Lassiter,DB,,,,
00-0026071,Kyle Arrington,DB,,,,
00-0036231,Kyle Dugger,DB,,,,
00-0031041,Kyle Fuller,DB,,,,
00-0038038,Kyle Hamilton,DB,,,,
00-0027286,Kyle McCarthy,DB,,,,
00-0027879,Kyle Wilson,DB,,,,
00-0038111,Kyler Gordon,DB,,,,
00-0037484,Kyler McMichael,DB,,,,
00-0020678,Kyries Hebert,DB,,,,
00-0035499,Kyron Brown,DB,,,,
00-0031952,Kyshoen Jarrett,DB,,,,
00-0038381,Kyu Blu Kelly,DB,,,,
00-0015914,Kywin Supernaw,DB,,,,
00-0036374,L'Jarius Sneed,DB,,,,
00-0038960,L.J. Davis,DB,,,,
00-0030767,L.J. McCray,DB,,,,
00-0035576,LaDarius Wiley,DB,,,,
00-0023823,LaMarcus Hicks,DB,,,,
00-0025393,LaRon Landry,DB,,,,
00-0031829,Ladarius Gunter,DB,,,,
00-0032617,Lafayette Pitts,DB,,,,
00-0002583,Lamar Campbell,DB,,,,
00-0019482,Lamar Chapman,DB,,,,
00-0036152,Lamar Jackson,DB,,,,
00-0032861,Lamarcus Brutus,DB,,,,
00-0031389,Lamarcus Joyner,DB,,,,
00-0021303,Lamont Brightful,DB,,,,
00-0023224,Lamont Reid,DB,,,,
00-0021170,Lamont Thompson,DB,,,,
00-0036532,Lamont Wade,DB,,,,
00-0038753,Lance Boykin,DB,,,,
00-0001981,Lance Brown,DB,,,,
00-0022441,Lance Frazier,DB,,,,
00-0039638,Lance Robinson,DB,,,,
00-0014504,Lance Schulters,DB,,,,
00-0032262,Landon Collins,DB,,,,
00-0027060,Lardarius Webb,DB,,,,
00-0023415,Laroni Gallishaw,DB,,,,
00-0027759,Larry Asante,DB,,,,
00-0000488,Larry Atkins,DB,,,,
00-0038889,Larry Brooks,DB,,,,
00-0033401,Larry Hope,DB,,,,
00-0032913,Larry Scott,DB,,,,
00-0017501,Larry Whigham,DB,,,,
00-0034086,Lashard Durr,DB,,,,
00-0038955,Latavious Brini,DB,,,,
00-0021318,Lavar Glover,DB,,,,
00-0035885,Lavert Hill,DB,,,,
00-0039616,Lawrence Johnson,DB,,,,
00-0011326,Lawyer Milloy,DB,,,,
00-0028678,LeQuan Lewis,DB,,,,
00-0002424,LeRoy Butler,DB,,,,
00-0032783,LeShaun Sims,DB,,,,
00-0005346,Lee Flowers,DB,,,,
00-0033155,Lee Hightower,DB,,,,
00-0021612,Leigh Bodden,DB,,,,
00-0023186,Leigh Torrence,DB,,,,
00-0026539,Lendy Holmes,DB,,,,
00-0021041,Lenny Walls,DB,,,,
00-0022734,Lenny Williams,DB,,,,
00-0033362,Lenzy Pipkins,DB,,,,
00-0026151,Leodis McKelvin,DB,,,,
00-0025405,Leon Hall,DB,,,,
00-0039788,Leon Jones,DB,,,,
00-0030556,Leon McFadden,DB,,,,
00-0033470,Leon McQuay III,DB,,,,
00-0037528,Leon O'Neal,DB,,,,
00-0029087,Leonard Johnson,DB,,,,
00-0020359,Leonard Myers,DB,,,,
00-0034514,Levi Wallace,DB,,,,
00-0037245,Lewis Cine,DB,,,,
00-0019465,Lewis Sanders,DB,,,,
00-0020084,Ligarius Jennings,DB,,,,
00-0034130,Linden Stephens,DB,,,,
00-0021157,Lito Sheppard,DB,,,,
00-0019561,Lloyd Harrison,DB,,,,
00-0030411,Logan Ryan,DB,,,,
00-0031098,Lonnie Ballentine,DB,,,,
00-0035244,Lonnie Johnson,DB,,,,
00-0039448,Loren Strickland,DB,,,,
00-0036807,Lorenzo Burns,DB,,,,
00-0032136,Lorenzo Doss,DB,,,,
00-0033316,Lorenzo Jerome,DB,,,,
00-0030675,Lou Young,DB,,,,
00-0030853,Loucheiz Purifoy,DB,,,,
00-0027009,Louis Delmas,DB,,,,
00-0029891,Lowell Rose,DB,,,,
00-0035470,Lukas Denis,DB,,,,
00-0036101,Luq Barcoo,DB,,,,
00-0036138,Luther Kirk,DB,,,,
00-0017460,Lyle West,DB,,,,
00-0020111,Lynn Scott,DB,,,,
00-0028598,M.D. Jennings,DB,,,,
00-0034355,M.J. Stewart,DB,,,,
00-0039418,MJ Devonshire,DB,,,,
00-0036724,Mac McCain,DB,,,,
00-0032389,Mackensie Alexander,DB,,,,
00-0038421,Macon Clark,DB,,,,
00-0022842,Madieu Williams,DB,,,,
00-0036084,Madre Harper,DB,,,,
00-0027680,Major Wright,DB,,,,
00-0032631,Makinton Dorleant,DB,,,,
00-0031218,Malcolm Butler,DB,,,,
00-0033165,Malcolm Jackson,DB,,,,
00-0026990,Malcolm Jenkins,DB,,,,
00-0028157,Malcolm Williams,DB,,,,
00-0034031,Malik Foreman,DB,,,,
00-0034964,Malik Gant,DB,,,,
00-0033313,Malik Golden,DB,,,,
00-0033877,Malik Hooker,DB,,,,
00-0039360,Malik Mustapha,DB,,,,
00-0034329,Malik Reaves,DB,,,,
00-0033778,Malik Smith,DB,,,,
00-0037510,Malkelm Morrison,DB,,,,
00-0028488,Mana Silva,DB,,,,
00-0033993,Manny Abad,DB,,,,
00-0038143,Marcel Dabo,DB,,,,
00-0033220,Marcelis Branch,DB,,,,
00-0034730,Marcell Harris,DB,,,,
00-0039390,Marcellas Dial Jr.,DB,,,,
00-0036884,Marco Wilson,DB,,,,
00-0034335,Marcus Allen,DB,,,,
00-0030640,Marcus Ball,DB,,,,
00-0039582,Marcus Banks,DB,,,,
00-0027479,Marcus Brown,DB,,,,
00-0029942,Marcus Burley,DB,,,,
00-0003231,Marcus Coleman,DB,,,,
00-0030127,Marcus Cooper,DB,,,,
00-0030317,Marcus Cromartie,DB,,,,
00-0034544,Marcus Edmond,DB,,,,
00-0034993,Marcus Epps,DB,,,,
00-0020982,Marcus Floyd,DB,,,,
00-0027988,Marcus Gilchrist,DB,,,,
00-0025632,Marcus Hamilton,DB,,,,
00-0024406,Marcus Hudson,DB,,,,
00-0037253,Marcus Jones,DB,,,,
00-0024368,Marcus Maxey,DB,,,,
00-0033892,Marcus Maye,DB,,,,
00-0025459,Marcus McCauley,DB,,,,
00-0033832,Marcus McWilson,DB,,,,
00-0025721,Marcus Paschal,DB,,,,
00-0032165,Marcus Peters,DB,,,,
00-0033671,Marcus Rios,DB,,,,
00-0030982,Marcus Roberson,DB,,,,
00-0013835,Marcus Robertson,DB,,,,
00-0033628,Marcus Sayles,DB,,,,
00-0027547,Marcus Sherels,DB,,,,
00-0022046,Marcus Trufant,DB,,,,
00-0031151,Marcus Williams,DB,,,,
00-0033894,Marcus Williams,DB,,,,
00-0033041,Mariel Cooper,DB,,,,
00-0028662,Mario Butler,DB,,,,
00-0019620,Mario Edwards,DB,,,,
00-0037136,Mario Goodrich,DB,,,,
00-0029670,Mark Barron,DB,,,,
00-0002688,Mark Carrier,DB,,,,
00-0035155,Mark Fields,DB,,,,
00-0036530,Mark Gilbert,DB,,,,
00-0038538,Mark Milton,DB,,,,
00-0026976,Mark Parson,DB,,,,
00-0039488,Mark Perry,DB,,,,
00-0019724,Mark Roman,DB,,,,
00-0036665,Mark Webb,DB,,,,
00-0034692,Marko Myers,DB,,,,
00-0037561,Markquese Bell,DB,,,,
00-0023370,Markus Curry,DB,,,,
00-0023464,Marlin Jackson,DB,,,,
00-0036680,Marlon Character,DB,,,,
00-0033281,Marlon Humphrey,DB,,,,
00-0020280,Marlon McCree,DB,,,,
00-0021096,Marquand Manuel,DB,,,,
00-0021217,Marques Anderson,DB,,,,
00-0031059,Marqueston Huff,DB,,,,
00-0013111,Marquez Pope,DB,,,,
00-0033586,Marquez White,DB,,,,
00-0032786,Marqui Christian,DB,,,,
00-0024588,Marquice Cole,DB,,,,
00-0026474,Marquis Floyd,DB,,,,
00-0027806,Marquis Johnson,DB,,,,
00-0015257,Marquis Smith,DB,,,,
00-0017052,Marquis Walker,DB,,,,
00-0038503,Marquis Waters,DB,,,,
00-0035139,Marquise Blair,DB,,,,
00-0027353,Marshay Green,DB,,,,
00-0033874,Marshon Lattimore,DB,,,,
00-0019734,Martavius Houston,DB,,,,
00-0037250,Martin Emerson,DB,,,,
00-0002748,Marty Carter,DB,,,,
00-0035534,Marvell Tell,DB,,,,
00-0023550,Marviel Underwood,DB,,,,
00-0025501,Marvin White,DB,,,,
00-0032922,Marwin Evans,DB,,,,
00-0019574,Matt Bowen,DB,,,,
00-0028871,Matt Daniels,DB,,,,
00-0030559,Matt Elam,DB,,,,
00-0023569,Matt Giordano,DB,,,,
00-0037583,Matt Hankins,DB,,,,
00-0029648,Matt Johnson,DB,,,,
00-0032925,Matt Smalley,DB,,,,
00-0015674,Matt Stevens,DB,,,,
00-0022786,Matt Ware,DB,,,,
00-0025907,Matterral Richardson,DB,,,,
00-0038845,Matthew Jackson,DB,,,,
00-0032496,Matthias Farley,DB,,,,
00-0031393,Maurice Alexander,DB,,,,
00-0032438,Maurice Canady,DB,,,,
00-0009115,Maurice Kelly,DB,,,,
00-0026089,Maurice Leggett,DB,,,,
00-0033415,Maurice Smith,DB,,,,
00-0039807,Max Melton,DB,,,,
00-0035714,Mazzi Wilkins,DB,,,,
00-0038565,Mekhi Blackmon,DB,,,,
00-0038482,Mekhi Garner,DB,,,,
00-0021263,Mel Mitchell,DB,,,,
00-0024697,Melvin Bullitt,DB,,,,
00-0030259,Melvin White,DB,,,,
00-0031639,Merrill Noel,DB,,,,
00-0035098,Micah Abernathy,DB,,,,
00-0039403,Micah Abraham,DB,,,,
00-0034252,Micah Hannemann,DB,,,,
00-0030090,Micah Hyde,DB,,,,
00-0029030,Micah Pellerin,DB,,,,
00-0025668,Michael Adams,DB,,,,
00-0001478,Michael Booker,DB,,,,
00-0022784,Michael Boulware,DB,,,,
00-0023369,Michael Bragg,DB,,,,
00-0036501,Michael Carter,DB,,,,
00-0025560,Michael Coe,DB,,,,
00-0033697,Michael Davis,DB,,,,
00-0039630,Michael Dowell,DB,,,,
00-0019509,Michael Green,DB,,,,
00-0025406,Michael Griffin,DB,,,,
00-0037597,Michael Griffin,DB,,,,
00-0027116,Michael Hamlin,DB,,,,
00-0022418,Michael Harden,DB,,,,
00-0023600,Michael Hawkins,DB,,,,
00-0019498,Michael Hawthorne,DB,,,,
00-0024222,Michael Huff,DB,,,,
00-0032643,Michael Hunter,DB,,,,
00-0035998,Michael Jacquet,DB,,,,
00-0020275,Michael Jameson,DB,,,,
00-0025611,Michael Johnson,DB,,,,
00-0034607,Michael Joseph,DB,,,,
00-0022168,Michael Lehan,DB,,,,
00-0021185,Michael Lewis,DB,,,,
00-0027023,Michael Mitchell,DB,,,,
00-0036390,Michael Ojemudia,DB,,,,
00-0020383,Michael Stone,DB,,,,
00-0015971,Michael Swift,DB,,,,
00-0028908,Michael Thomas,DB,,,,
00-0039069,Michael Tutsie,DB,,,,
00-0022871,Michael Waddell,DB,,,,
00-0022247,Mike Adams,DB,,,,
00-0034882,Mike Basile,DB,,,,
00-0019699,Mike Brown,DB,,,,
00-0037493,Mike Brown,DB,,,,
00-0022162,Mike Doss,DB,,,,
00-0004609,Mike Dumas,DB,,,,
00-0021233,Mike Echols,DB,,,,
00-0035681,Mike Edwards,DB,,,,
00-0034639,Mike Ford,DB,,,,
00-0029610,Mike Harris,DB,,,,
00-0032521,Mike Hilton,DB,,,,
00-0028617,Mike Holmes,DB,,,,
00-0034843,Mike Hughes,DB,,,,
00-0035277,Mike Jackson,DB,,,,
00-0026165,Mike Jenkins,DB,,,,
00-0034701,Mike Jones,DB,,,,
00-0032676,Mike Jordan,DB,,,,
00-0031673,Mike Lee,DB,,,,
00-0010031,Mike Logan,DB,,,,
00-0010944,Mike McKenzie,DB,,,,
00-0027147,Mike Mickens,DB,,,,
00-0011372,Mike Minter,DB,,,,
00-0027471,Mike Newton,DB,,,,
00-0025589,Mike Richardson,DB,,,,
00-0021158,Mike Rumph,DB,,,,
00-0039898,Mike Sainristil,DB,,,,
00-0018926,Mike Schneck,DB,,,,
00-0033861,Mike Tyson,DB,,,,
00-0032985,Mikell Everette,DB,,,,
00-0039694,Mikey Victor,DB,,,,
00-0019257,Mikki Allen,DB,,,,
00-0039312,Miles Battle,DB,,,,
00-0032399,Miles Killebrew,DB,,,,
00-0039610,Millard Bradford,DB,,,,
00-0034789,Minkah Fitzpatrick,DB,,,,
00-0028108,Mistral Raymond,DB,,,,
00-0030373,Mitchell White,DB,,,,
00-0030730,Mohammed Seisay,DB,,,,
00-0033527,Montae Nicholson,DB,,,,
00-0037313,Montaric Brown,DB,,,,
00-0031810,Montell Garner,DB,,,,
00-0035339,Montre Hartage,DB,,,,
00-0034255,Montrel Meander,DB,,,,
00-0011502,Monty Montgomery,DB,,,,
00-0027676,Morgan Burnett,DB,,,,
00-0026928,Morgan Trent,DB,,,,
00-0039453,Morice Norris Jr.,DB,,,,
00-0029676,Morris Claiborne,DB,,,,
00-0011796,Mustafah Muhammad,DB,,,,
00-0031586,Mykkele Thompson,DB,,,,
00-0038733,Myles Brooks,DB,,,,
00-0036087,Myles Bryant,DB,,,,
00-0035979,Myles Dorn,DB,,,,
00-0039417,Myles Harden,DB,,,,
00-0035950,Myles Hartsfield,DB,,,,
00-0039282,Myles Jones,DB,,,,
00-0001041,Myron Bell,DB,,,,
00-0027672,Myron Lewis,DB,,,,
00-0038811,NaJee Thompson,DB,,,,
00-0036986,Nahshon Wright,DB,,,,
00-0033812,Najee Murray,DB,,,,
00-0034097,Najee Toran,DB,,,,
00-0003173,Nakia Codie,DB,,,,
00-0035677,Nasir Adderley,DB,,,,
00-0037212,Nasir Greer,DB,,,,
00-0031070,Nat Berhe,DB,,,,
00-0027652,Nate Allen,DB,,,,
00-0035485,Nate Brooks,DB,,,,
00-0020495,Nate Clements,DB,,,,
00-0029570,Nate Ebner,DB,,,,
00-0033568,Nate Hairston,DB,,,,
00-0036871,Nate Hobbs,DB,,,,
00-0034802,Nate Holley,DB,,,,
00-0026738,Nate Ness,DB,,,,
00-0024336,Nate Salley,DB,,,,
00-0039232,Nate Wiggins,DB,,,,
00-0022828,Nathan Jones,DB,,,,
00-0035108,Nathan Meadors,DB,,,,
00-0022216,Nathan Vasher,DB,,,,
00-0034398,Natrell Jamerson,DB,,,,
00-0038966,Natrone Brooks,DB,,,,
00-0037198,Nazeeh Johnson,DB,,,,
00-0039795,Nehemiah Pritchett,DB,,,,
00-0039028,Nehemiah Shelton,DB,,,,
00-0029329,Neiko Thorpe,DB,,,,
00-0035977,Nevelle Clarke,DB,,,,
00-0031176,Nevin Lawson,DB,,,,
00-0038986,Nic Jones,DB,,,,
00-0023486,Nick Collins,DB,,,,
00-0037616,Nick Cross,DB,,,,
00-0005155,Nick Ferguson,DB,,,,
00-0025717,Nick Graham,DB,,,,
00-0019733,Nick Harper,DB,,,,
00-0031733,Nick Marshall,DB,,,,
00-0036589,Nick McCloud,DB,,,,
00-0034767,Nick Nelson,DB,,,,
00-0034600,Nick Orr,DB,,,,
00-0031770,Nick Perry,DB,,,,
00-0026958,Nick Schommer,DB,,,,
00-0035669,Nick Scott,DB,,,,
00-0020107,Nick Sorensen,DB,,,,
00-0023760,Nick Turnbull,DB,,,,
00-0038841,Nick Whiteside,DB,,,,
00-0030041,Nickell Robey,DB,,,,
00-0033721,Nigel Tribune,DB,,,,
00-0036127,Nigel Warrior,DB,,,,
00-0020017,Nijrell Eason,DB,,,,
00-0037623,Nijuel Hill,DB,,,,
00-0035346,Nik Needham,DB,,,,
00-0022077,Nnamdi Asomugha,DB,,,,
00-0036287,Noah Igbinoghene,DB,,,,
00-0027744,Nolan Carroll,DB,,,,
00-0037488,Nolan Turner,DB,,,,
00-0021903,Norman LeJeune,DB,,,,
00-0035080,Nydair Rouse,DB,,,,
00-0033900,Obi Melifonwu,DB,,,,
00-0036588,Olaijah Griffin,DB,,,,
00-0021613,Oliver Celestin,DB,,,,
00-0029563,Omar Bolden,DB,,,,
00-0029372,Omar Brown,DB,,,,
00-0039566,Omar Brown,DB,,,,
00-0015781,Omar Stoutmire,DB,,,,
00-0021274,Omare Lowe,DB,,,,
00-0029864,Onterio McCalebb,DB,,,,
00-0033674,Orion Stewart,DB,,,,
00-0026283,Orlando Scandrick,DB,,,,
00-0016307,Orlando Thomas,DB,,,,
00-0023501,Oshiomogho Atogwe,DB,,,,
00-0030153,Otha Foster,DB,,,,
00-0015270,Otis Smith,DB,,,,
00-0035227,P.J. Locke,DB,,,,
00-0032059,P.J. Williams,DB,,,,
00-0039632,PJ Jules,DB,,,,
00-0035193,Parker Baldwin,DB,,,,
00-0036106,Parnell Motley,DB,,,,
00-0034274,Parry Nickerson,DB,,,,
00-0019675,Pat Dennis,DB,,,,
00-0016479,Pat Tillman,DB,,,,
00-0024352,Pat Watkins,DB,,,,
00-0023100,Patrick Body,DB,,,,
00-0027010,Patrick Chung,DB,,,,
00-0023068,Patrick Dendy,DB,,,,
00-0026200,Patrick Lee,DB,,,,
00-0039881,Patrick McMorris,DB,,,,
00-0027943,Patrick Peterson,DB,,,,
00-0027882,Patrick Robinson,DB,,,,
00-0015915,Patrick Surtain,DB,,,,
00-0036874,Patrick Surtain,DB,,,,
00-0033431,Paul Magloire,DB,,,,
00-0011377,Paul Miranda,DB,,,,
00-0039762,Paul Moala,DB,,,,
00-0025788,Paul Oliver,DB,,,,
00-0027183,Paul Pratt,DB,,,,
00-0036937,Paulson Adebo,DB,,,,
00-0019190,Payton Williams,DB,,,,
00-0038100,Percy Butler,DB,,,,
00-0004875,Percy Ellsworth,DB,,,,
00-0027737,Perrish Cox,DB,,,,
00-0012908,Perry Phenix,DB,,,,
00-0021281,Pete Hunter,DB,,,,
00-0026610,Pete Ittersagen,DB,,,,
00-0028846,Peyton Thompson,DB,,,,
00-0039545,Phalen Sanford,DB,,,,
00-0027610,Phillip Adams,DB,,,,
00-0021151,Phillip Buchanon,DB,,,,
00-0031015,Phillip Gaines,DB,,,,
00-0030423,Phillip Thomas,DB,,,,
00-0015437,Phillippi Sparks,DB,,,,
00-0035368,Picasso Nelson,DB,,,,
00-0031331,Pierre Desir,DB,,,,
00-0030814,Pierre Warren,DB,,,,
00-0013255,Pierson Prioleau,DB,,,,
00-0027957,Prince Amukamara,DB,,,,
00-0032456,Prince Charles Iworah,DB,,,,
00-0027562,Prince Miller,DB,,,,
00-0036003,Prince Smith,DB,,,,
00-0039149,Quan Martin,DB,,,,
00-0031608,Quandre Diggs,DB,,,,
00-0037573,Quandre Mosely,DB,,,,
00-0038931,Quavian White,DB,,,,
00-0021055,Quentin Harris,DB,,,,
00-0021381,Quentin Jammer,DB,,,,
00-0037841,Quentin Lake,DB,,,,
00-0034523,Quenton Meeks,DB,,,,
00-0034098,Quin Blanding,DB,,,,
00-0024008,Quincy Butler,DB,,,,
00-0033232,Quincy Mauger,DB,,,,
00-0033544,Quincy Wilson,DB,,,,
00-0038368,Quindell Johnson,DB,,,,
00-0031937,Quinten Rollins,DB,,,,
00-0026257,Quintin Demps,DB,,,,
00-0021512,Quintin Mikell,DB,,,,
00-0022474,Quintin Williams,DB,,,,
00-0028046,Quinton Carter,DB,,,,
00-0032007,Quinton Dunbar,DB,,,,
00-0039767,Quinton Newsome,DB,,,,
00-0028870,Quinton Pointer,DB,,,,
00-0024663,Quinton Teal,DB,,,,
00-0039888,Quinyon Mitchell,DB,,,,
00-0039789,Qwan'tez Stiggers,DB,,,,
00-0037522,Qwuantrezz Knight,DB,,,,
00-0037504,Qwynnterrio Cole,DB,,,,
00-0023824,R.J. Cobbs,DB,,,,
00-0027817,R.J. Stanford,DB,,,,
00-0011053,R.W. McQuarters,DB,,,,
00-0036573,Rachad Wildgoose,DB,,,,
00-0027195,Rafael Bush,DB,,,,
00-0037468,Raheem Layne,DB,,,,
00-0027983,Rahim Moore,DB,,,,
00-0007450,Raion Hill,DB,,,,
00-0037128,Raleigh Texada,DB,,,,
00-0019613,Ralph Brown,DB,,,,
00-0034224,Ramon Richards,DB,,,,
00-0021266,Ramon Walker,DB,,,,
00-0010805,Ramos McDonald,DB,,,,
00-0025642,Ramzee Robinson,DB,,,,
00-0031606,Randall Evans,DB,,,,
00-0022344,Randall Gay,DB,,,,
00-0033728,Randall Goforth,DB,,,,
00-0032640,Randall Jette,DB,,,,
00-0027896,Randy Phillips,DB,,,,
00-0034105,Ranthony Texada,DB,,,,
00-0027971,Ras-I Dowling,DB,,,,
00-0030826,Rashaad Reynolds,DB,,,,
00-0034362,Rashaan Gaulden,DB,,,,
00-0029901,Rashaan Melvin,DB,,,,
00-0022521,Rashad Baker,DB,,,,
00-0025588,Rashad Barksdale,DB,,,,
00-0021204,Rashad Bauman,DB,,,,
00-0028065,Rashad Carmichael,DB,,,,
00-0035147,Rashad Fenton,DB,,,,
00-0020454,Rashad Holman,DB,,,,
00-0027067,Rashad Johnson,DB,,,,
00-0038950,Rashad Torrence,DB,,,,
00-0022669,Rashad Washington,DB,,,,
00-0039596,Rashad Wisdom,DB,,,,
00-0019602,Rashard Anderson,DB,,,,
00-0035197,Rashard Causey,DB,,,,
00-0003422,Rashard Cook,DB,,,,
00-0034589,Rashard Fant,DB,,,,
00-0032410,Rashard Robinson,DB,,,,
00-0022080,Rashean Mathis,DB,,,,
00-0019557,Rashidi Barnes,DB,,,,
00-0023429,Rashied Davis,DB,,,,
00-0033551,Rasul Douglas,DB,,,,
00-0034179,Raven Greene,DB,,,,
00-0002166,Ray Buchanan,DB,,,,
00-0003661,Ray Crockett,DB,,,,
00-0019096,Ray Green,DB,,,,
00-0007452,Ray Hill,DB,,,,
00-0010828,Ray McElroy,DB,,,,
00-0011186,Ray Mickens,DB,,,,
00-0031756,Ray Vinopal,DB,,,,
00-0008178,Raymond Jackson,DB,,,,
00-0020421,Raymond Perryman,DB,,,,
00-0023316,Raymond Ventrone,DB,,,,
00-0020324,Raymond Walls,DB,,,,
00-0015705,Rayna Stewart,DB,,,,
00-0033507,Raysean Pringle,DB,,,,
00-0039549,Rayshad Williams,DB,,,,
00-0033941,Rayshawn Jenkins,DB,,,,
00-0022285,Rayshun Reed,DB,,,,
00-0039465,Reddy Steward,DB,,,,
00-0037130,Reed Blankenship,DB,,,,
00-0024387,Reed Doughty,DB,,,,
00-0033425,Reese Fleming,DB,,,,
00-0038521,Reese Taylor,DB,,,,
00-0019476,Reggie Austin,DB,,,,
00-0026254,Reggie Corner,DB,,,,
00-0019101,Reggie Howard,DB,,,,
00-0026835,Reggie Jones,DB,,,,
00-0020657,Reggie Myles,DB,,,,
00-0025408,Reggie Nelson,DB,,,,
00-0033267,Reggie Porter,DB,,,,
00-0036372,Reggie Robinson,DB,,,,
00-0014179,Reggie Rusk,DB,,,,
00-0026215,Reggie Smith,DB,,,,
00-0015648,Reggie Stephens,DB,,,,
00-0016549,Reggie Tongue,DB,,,,
00-0020210,Reggie Waddell,DB,,,,
00-0038781,Rejzohn Wright,DB,,,,
00-0020301,Renaldo Hill,DB,,,,
00-0019294,Renard Cox,DB,,,,
00-0039345,Renardo Green,DB,,,,
00-0027762,Reshad Jones,DB,,,,
00-0026571,Reshard Langford,DB,,,,
00-0023650,Reynaldo Hill,DB,,,,
00-0021558,Rhett Nelson,DB,,,,
00-0031181,Ricardo Allen,DB,,,,
00-0022713,Ricardo Colclough,DB,,,,
00-0028631,Ricardo Silva,DB,,,,
00-0003139,Rich Coady,DB,,,,
00-0022809,Rich Gardner,DB,,,,
00-0028996,Richard Crawford,DB,,,,
00-0036641,Richard LeCounte,DB,,,,
00-0024273,Richard Marshall,DB,,,,
00-0020164,Richard Newsome,DB,,,,
00-0028092,Richard Sherman,DB,,,,
00-0036961,Richie Grant,DB,,,,
00-0033443,Rickey Jefferson,DB,,,,
00-0021900,Ricky Manning,DB,,,,
00-0026875,Ricky Price,DB,,,,
00-0026720,Rico Murray,DB,,,,
00-0039620,Rico Payton,DB,,,,
00-0020687,Ricot Joseph,DB,,,,
00-0038552,Riley Moss,DB,,,,
00-0039304,Ro Torrence,DB,,,,
00-0009120,Rob Kelly,DB,,,,
00-0022599,Robb Butler,DB,,,,
00-0031680,Robenson Therezie,DB,,,,
00-0021591,Rober' Freeman,DB,,,,
00-0030528,Robert Alford,DB,,,,
00-0000601,Robert Bailey,DB,,,,
00-0019479,Robert Bean,DB,,,,
00-0029575,Robert Blanton,DB,,,,
00-0020341,Robert Carswell,DB,,,,
00-0028954,Robert Golden,DB,,,,
00-0006459,Robert Griffith,DB,,,,
00-0034088,Robert Jackson,DB,,,,
00-0039645,Robert Javier,DB,,,,
00-0027747,Robert Johnson,DB,,,,
00-0039666,Robert Kennedy,DB,,,,
00-0030254,Robert Lester,DB,,,,
00-0027840,Robert McClain,DB,,,,
00-0031232,Robert Nelson,DB,,,,
00-0036904,Robert Rochell,DB,,,,
00-0028072,Robert Sands,DB,,,,
00-0029767,Robert Steeples,DB,,,,
00-0016061,Robert Tate,DB,,,,
00-0031878,Robertson Daniel,DB,,,,
00-0022569,Roc Alexander,DB,,,,
00-0035637,Rock Ya-Sin,DB,,,,
00-0028085,Rod Issac,DB,,,,
00-0030224,Rod Sweeting,DB,,,,
00-0018229,Rod Woodson,DB,,,,
00-0036570,Rodarius Williams,DB,,,,
00-0035437,Roderic Teamer,DB,,,,
00-0022056,Roderick Babers,DB,,,,
00-0022479,Roderick Bryant,DB,,,,
00-0021503,Roderick Hood,DB,,,,
00-0024548,Roderick Rogers,DB,,,,
00-0035878,Rodney Clemons,DB,,,,
00-0007030,Rodney Harrison,DB,,,,
00-0007186,Rodney Heath,DB,,,,
00-0028899,Rodney McLeod,DB,,,,
00-0035435,Rodney Randle,DB,,,,
00-0037323,Rodney Thomas,DB,,,,
00-0019531,Rodregis Brooks,DB,,,,
00-0038125,Roger McCreary,DB,,,,
00-0019701,Rogers Beckett,DB,,,,
00-0035780,Rojesterman Farris,DB,,,,
00-0032830,Rolan Milligan,DB,,,,
00-0024258,Roman Harper,DB,,,,
00-0023485,Ron Bartell,DB,,,,
00-0029280,Ron Brooks,DB,,,,
00-0020632,Ron Israel,DB,,,,
00-0028445,Ron Parker,DB,,,,
00-0013643,Ron Rice,DB,,,,
00-0032195,Ronald Darby,DB,,,,
00-0031895,Ronald Martin,DB,,,,
00-0032511,Ronald Zamort,DB,,,,
00-0000741,Ronde Barber,DB,,,,
00-0001630,Ronnie Bradford,DB,,,,
00-0034779,Ronnie Harrison,DB,,,,
00-0019070,Ronnie Heard,DB,,,,
00-0038715,Ronnie Hickman Jr.,DB,,,,
00-0024166,Ronnie Prude,DB,,,,
00-0030170,Rontez Miles,DB,,,,
00-0021762,Ronyell Whitaker,DB,,,,
00-0021198,Roosevelt Williams,DB,,,,
00-0031016,Ross Cockrell,DB,,,,
00-0027235,Ross Ventrone,DB,,,,
00-0025848,Roy Lewis,DB,,,,
00-0021143,Roy Williams,DB,,,,
00-0033792,Rudy Ford,DB,,,,
00-0022327,Rufus Brown,DB,,,,
00-0021685,Rushen Jones,DB,,,,
00-0037844,Russ Yeast,DB,,,,
00-0021737,Russell Stuvaints,DB,,,,
00-0034506,Ryan Carter,DB,,,,
00-0020840,Ryan Clark,DB,,,,
00-0039245,Ryan Cooper Jr.,DB,,,,
00-0033608,Ryan Lewis,DB,,,,
00-0011038,Ryan McNeil,DB,,,,
00-0027066,Ryan Mouton,DB,,,,
00-0026334,Ryan Mundy,DB,,,,
00-0031629,Ryan Murphy,DB,,,,
00-0034527,Ryan Neal,DB,,,,
00-0035490,Ryan Pulley,DB,,,,
00-0033989,Ryan Reid,DB,,,,
00-0032772,Ryan Smith,DB,,,,
00-0015711,Ryan Stewart,DB,,,,
00-0039748,Ryan Watts,DB,,,,
00-0030762,Ryan White,DB,,,,
00-0032016,SaQwan Edwards,DB,,,,
00-0025451,Sabby Piscitelli,DB,,,,
00-0035370,Saivion Smith,DB,,,,
00-0034839,Sam Beal,DB,,,,
00-0021248,Sam Brandon,DB,,,,
00-0033019,Sam Brown,DB,,,,
00-0036037,Sam Franklin,DB,,,,
00-0005785,Sam Garnes,DB,,,,
00-0010264,Sam Madison,DB,,,,
00-0014692,Sam Shade,DB,,,,
00-0027440,Sam Shields,DB,,,,
00-0037516,Sam Webb,DB,,,,
00-0013995,Samari Rolle,DB,,,,
00-0021991,Sammy Davis,DB,,,,
00-0009357,Sammy Knight,DB,,,,
00-0030703,Sammy Seamster,DB,,,,
00-0037830,Samuel Womack,DB,,,,
00-0030462,Sanders Commings,DB,,,,
00-0039235,Sanoussi Kane,DB,,,,
00-0035508,Santos Ramirez,DB,,,,
00-0035288,Saquan Hampton,DB,,,,
00-0022390,Scott Connot,DB,,,,
00-0005609,Scott Frost,DB,,,,
00-0010844,Scott McGarrahan,DB,,,,
00-0037148,Scott Nelson,DB,,,,
00-0014810,Scott Shields,DB,,,,
00-0023522,Scott Starks,DB,,,,
00-0016739,Scott Turner,DB,,,,
00-0029177,Sean Baker,DB,,,,
00-0029451,Sean Cattouse,DB,,,,
00-0034496,Sean Chandler,DB,,,,
00-0023537,Sean Considine,DB,,,,
00-0033053,Sean Davis,DB,,,,
00-0022844,Sean Jones,DB,,,,
00-0019337,Sean Key,DB,,,,
00-0035239,Sean Murphy-Bunting,DB,,,,
00-0029201,Sean Richardson,DB,,,,
00-0027037,Sean Smith,DB,,,,
00-0022777,Sean Taylor,DB,,,,
00-0034136,Secdrick Cooper,DB,,,,
00-0032105,Senquez Golson,DB,,,,
00-0027232,Sergio Brown,DB,,,,
00-0026696,Sha'reff Rashad,DB,,,,
00-0037072,Shabari Davis,DB,,,,
00-0018934,Shadwick Criss,DB,,,,
00-0035172,Shakial Taylor,DB,,,,
00-0032819,Shakiel Randolph,DB,,,,
00-0036529,Shakur Brown,DB,,,,
00-0033970,Shalom Luani,DB,,,,
00-0030412,Shamarko Thomas,DB,,,,
00-0030682,Shamiel Gary,DB,,,,
00-0022022,Shane Walton,DB,,,,
00-0027770,Shann Schillinger,DB,,,,
00-0032919,Shannon Edwards,DB,,,,
00-0033926,Shaquill Griffin,DB,,,,
00-0031340,Shaquille Richardson,DB,,,,
00-0028027,Shareece Wright,DB,,,,
00-0032592,Sharrod Neasman,DB,,,,
00-0037337,Shaun Jolly,DB,,,,
00-0029214,Shaun Prater,DB,,,,
00-0036559,Shaun Wade,DB,,,,
00-0017930,Shaun Williams,DB,,,,
00-0020358,Shaunard Harts,DB,,,,
00-0020858,Shawn Byrdsong,DB,,,,
00-0036481,Shawn Davis,DB,,,,
00-0021695,Shawn Mayer,DB,,,,
00-0015495,Shawn Springs,DB,,,,
00-0030471,Shawn Williams,DB,,,,
00-0018194,Shawn Wooden,DB,,,,
00-0022843,Shawntae Spencer,DB,,,,
00-0021186,Sheldon Brown,DB,,,,
00-0029825,Sheldon Price,DB,,,,
00-0034977,Sheldrick Redwine,DB,,,,
00-0029754,Shelton Johnson,DB,,,,
00-0039292,Shemar Bartholomew,DB,,,,
00-0036645,Shemar Jean-Charles,DB,,,,
00-0027743,Sherrick McManis,DB,,,,
00-0027035,Sherrod Martin,DB,,,,
00-0015302,Shevin Smith,DB,,,,
00-0028082,Shiloh Keo,DB,,,,
00-0023171,Shirdonya Mitchell,DB,,,,
00-0039787,Shon Stephens,DB,,,,
00-0036147,Shyheim Carter,DB,,,,
00-0022114,Siddeeq Shabazz,DB,,,,
00-0033543,Sidney Jones,DB,,,,
00-0025910,Simeon Castille,DB,,,,
00-0034276,Simeon Thomas,DB,,,,
00-0034391,Siran Neal,DB,,,,
00-0037476,Skyler Thomas,DB,,,,
00-0037540,Smoke Monday,DB,,,,
00-0033612,Sojourn Shelton,DB,,,,
00-0023473,Stanford Routt,DB,,,,
00-0035970,Stanford Samuels,DB,,,,
00-0031239,Stanley Jean-Baptiste,DB,,,,
00-0023507,Stanley Wilson,DB,,,,
00-0036315,Stantley Thomas-Oliver,DB,,,,
00-0038663,Starling Thomas,DB,,,,
00-0032350,Stefan McClure,DB,,,,
00-0034327,Step Durham,DB,,,,
00-0035598,Stephen Denmark,DB,,,,
00-0034466,Stephen Roberts,DB,,,,
00-0029542,Stephon Gilmore,DB,,,,
00-0028767,Sterling Moore,DB,,,,
00-0022387,Steve Cargile,DB,,,,
00-0023998,Steve Gregory,DB,,,,
00-0008063,Steve Israel,DB,,,,
00-0021346,Steve Smith,DB,,,,
00-0030283,Steve Williams,DB,,,,
00-0038655,Steven Gilmore,DB,,,,
00-0038846,Steven Jones,DB,,,,
00-0032150,Steven Nelson,DB,,,,
00-0034736,Steven Parker,DB,,,,
00-0029958,Steven Terrell,DB,,,,
00-0027842,Stevie Brown,DB,,,,
00-0039481,Storm Duck,DB,,,,
00-0022846,Stuart Schweigert,DB,,,,
00-0027611,Syd'Quan Thompson,DB,,,,
00-0039002,Sydney Brown,DB,,,,
00-0031269,T.J. Carrie,DB,,,,
00-0037052,T.J. Carter,DB,,,,
00-0033059,T.J. Green,DB,,,,
00-0028410,T.J. Heath,DB,,,,
00-0030530,T.J. McDonald,DB,,,,
00-0024452,T.J. Rushing,DB,,,,
00-0039234,T.J. Tampa,DB,,,,
00-0027653,T.J. Ward,DB,,,,
00-0037649,Tae Daley,DB,,,,
00-0035365,Tae Hayes,DB,,,,
00-0000231,Taje Allen,DB,,,,
00-0036564,Talanoa Hufanga,DB,,,,
00-0023988,Tanard Davis,DB,,,,
00-0025493,Tanard Jackson,DB,,,,
00-0021173,Tank Williams,DB,,,,
00-0038366,Tanner Ingle,DB,,,,
00-0038717,Tanner McCalister,DB,,,,
00-0025534,Tarell Brown,DB,,,,
00-0039366,Tarheeb Still,DB,,,,
00-0037090,Tariq Carpenter,DB,,,,
00-0037833,Tariq Castro-Fields,DB,,,,
00-0037079,Tariq Woolen,DB,,,,
00-0034376,Taron Johnson,DB,,,,
00-0034263,Tarvarius Moore,DB,,,,
00-0034095,Tarvarus McFadden,DB,,,,
00-0028924,Tashaun Gipson,DB,,,,
00-0032157,Taurean Nixon,DB,,,,
00-0032663,Taveze Calhoun,DB,,,,
00-0034488,Tavierre Thomas,DB,,,,
00-0029410,Tavon Wilson,DB,,,,
00-0032770,Tavon Young,DB,,,,
00-0020447,Tay Cody,DB,,,,
00-0030734,Tay Glover-Wright,DB,,,,
00-0036897,Tay Gowan,DB,,,,
00-0037154,Tay Williams,DB,,,,
00-0037521,Tayler Hawkins,DB,,,,
00-0027887,Taylor Mays,DB,,,,
00-0035663,Taylor Rapp,DB,,,,
00-0039469,Te'Cory Couch,DB,,,,
00-0008874,Tebucky Jones,DB,,,,
00-0033554,Tedric Thompson,DB,,,,
00-0033545,Teez Tabor,DB,,,,
00-0035174,Tenny Adewusi,DB,,,,
00-0038395,Terell Smith,DB,,,,
00-0022045,Terence Newman,DB,,,,
00-0031097,Terrance Mitchell,DB,,,,
00-0029328,Terrance Parks,DB,,,,
00-0014743,Terrance Shaw,DB,,,,
00-0021239,Terreal Bierria,DB,,,,
00-0035137,Terrell Bonds,DB,,,,
00-0002185,Terrell Buckley,DB,,,,
00-0036421,Terrell Burgess,DB,,,,
00-0032923,Terrell Chestnut,DB,,,,
00-0034858,Terrell Edmunds,DB,,,,
00-0021630,Terrell Roberts,DB,,,,
00-0026203,Terrell Thomas,DB,,,,
00-0034078,Terrell Williams,DB,,,,
00-0031338,Terrence Brooks,DB,,,,
00-0019924,Terrence Carroll,DB,,,,
00-0029220,Terrence Frederick,DB,,,,
00-0021953,Terrence Holt,DB,,,,
00-0027233,Terrence Johnson,DB,,,,
00-0022088,Terrence Kiel,DB,,,,
00-0022008,Terrence McGee,DB,,,,
00-0026202,Terrence Wheatley,DB,,,,
00-0039903,Terrion Arnold,DB,,,,
00-0033241,Terrish Webb,DB,,,,
00-0003547,Terry Cousin,DB,,,,
00-0005044,Terry Fair,DB,,,,
00-0034903,Tevaughn Campbell,DB,,,,
00-0033821,Tevin Homer,DB,,,,
00-0031886,Tevin McDonald,DB,,,,
00-0032066,Tevin Mitchel,DB,,,,
00-0033774,Tevon Mutcherson,DB,,,,
00-0036385,Thakarius Keyes,DB,,,,
00-0020394,Than Merrill,DB,,,,
00-0030487,Tharold Simon,DB,,,,
00-0037301,Theo Jackson,DB,,,,
00-0023280,Therrian Fontenot,DB,,,,
00-0023448,Thomas Davis,DB,,,,
00-0026238,Thomas DeCoud,DB,,,,
00-0036908,Thomas Graham,DB,,,,
00-0039660,Thomas Harper,DB,,,,
00-0015314,Thomas Smith,DB,,,,
00-0038871,Tiawan Mullen,DB,,,,
00-0034875,Tigie Sankoh,DB,,,,
00-0028459,Tim Atchison,DB,,,,
00-0020157,Tim Carter,DB,,,,
00-0004208,Tim Denton,DB,,,,
00-0034996,Tim Harris,DB,,,,
00-0007108,Tim Hauck,DB,,,,
00-0024277,Tim Jennings,DB,,,,
00-0011064,Tim McTyer,DB,,,,
00-0031754,Tim Scott,DB,,,,
00-0021335,Tim Wansley,DB,,,,
00-0038968,Timarcus Davis,DB,,,,
00-0019138,Timothy Strickland,DB,,,,
00-0035858,Tino Ellis,DB,,,,
00-0010645,Tod McBride,DB,,,,
00-0019615,Todd Franz,DB,,,,
00-0021952,Todd Johnson,DB,,,,
00-0010173,Todd Lyght,DB,,,,
00-0018941,Todd McMillon,DB,,,,
00-0002765,Tom Carter,DB,,,,
00-0009360,Tom Knight,DB,,,,
00-0026721,Tom Nelson,DB,,,,
00-0026226,Tom Zbikowski,DB,,,,
00-0028189,Tommie Campbell,DB,,,,
00-0001114,Tommy Bennett,DB,,,,
00-0037155,Tony Adams,DB,,,,
00-0021237,Tony Beckham,DB,,,,
00-0001368,Tony Blevins,DB,,,,
00-0001495,Tony Booth,DB,,,,
00-0034540,Tony Brown,DB,,,,
00-0026515,Tony Carter,DB,,,,
00-0003895,Tony Darden,DB,,,,
00-0020419,Tony Dixon,DB,,,,
00-0020336,Tony Driver,DB,,,,
00-0029431,Tony Dye,DB,,,,
00-0005893,Tony George,DB,,,,
00-0030294,Tony Jefferson,DB,,,,
00-0031594,Tony Lippett,DB,,,,
00-0032934,Tony McRae,DB,,,,
00-0020829,Tony Okanlawon,DB,,,,
00-0012614,Tony Parrish,DB,,,,
00-0018963,Tony Scott,DB,,,,
00-0027575,Torri Williams,DB,,,,
00-0022029,Torrie Cox,DB,,,,
00-0033405,Torry McTyer,DB,,,,
00-0008265,Tory James,DB,,,,
00-0024736,Tra Battle,DB,,,,
00-0032987,Tracy Howard,DB,,,,
00-0026180,Tracy Porter,DB,,,,
00-0034745,Tracy Walker,DB,,,,
00-0028824,Tracy Wilson,DB,,,,
00-0033001,Trae Elston,DB,,,,
00-0031546,Trae Waynes,DB,,,,
00-0026299,Trae Williams,DB,,,,
00-0035799,Trajan Bandy,DB,,,,
00-0030695,Tramain Jacobs,DB,,,,
00-0027375,Tramaine Brock,DB,,,,
00-0024061,Tramon Williams,DB,,,,
00-0019656,Travares Tillman,DB,,,,
00-0021474,Travaris Robinson,DB,,,,
00-0032014,Travell Dixon,DB,,,,
00-0020992,Travis Coleman,DB,,,,
00-0023539,Travis Daniels,DB,,,,
00-0021083,Travis Fisher,DB,,,,
00-0035854,Travis Reed,DB,,,,
00-0037430,Travon Fuller,DB,,,,
00-0034217,Tray Matthews,DB,,,,
00-0031582,Tray Walker,DB,,,,
00-0034533,Trayvon Henderson,DB,,,,
00-0035695,Trayvon Mullen,DB,,,,
00-0037593,Tre Avery,DB,,,,
00-0031261,Tre Boston,DB,,,,
00-0036885,Tre Brown,DB,,,,
00-0034756,Tre Flowers,DB,,,,
00-0038403,Tre Hawkins,DB,,,,
00-0034516,Tre Herndon,DB,,,,
00-0032816,Tre Jones,DB,,,,
00-0036846,Tre Norwood,DB,,,,
00-0032849,Tre Roberson,DB,,,,
00-0037127,Tre Sterling,DB,,,,
00-0033731,Tre Sullivan,DB,,,,
00-0037608,Tre Swilling,DB,,,,
00-0039134,Tre Tomlinson,DB,,,,
00-0037655,Tre Webb,DB,,,,
00-0033884,Tre'Davious White,DB,,,,
00-0010243,Tremain Mack,DB,,,,
00-0034278,Tremon Smith,DB,,,,
00-0019250,Trent Gamble,DB,,,,
00-0037191,Trent McDuffie,DB,,,,
00-0029297,Trenton Robinson,DB,,,,
00-0037377,Trenton Thompson,DB,,,,
00-0033575,Treston Decoud,DB,,,,
00-0027706,Trevard Lindley,DB,,,,
00-0029314,Trevin Wade,DB,,,,
00-0036361,Trevon Diggs,DB,,,,
00-0032498,Trevon Hartfield,DB,,,,
00-0034216,Trevon Mathis,DB,,,,
00-0036962,Trevon Moehrig,DB,,,,
00-0037392,Trevor Denbow,DB,,,,
00-0026815,Trevor Ford,DB,,,,
00-0032916,Trevor Williams,DB,,,,
00-0032978,Trey Caldwell,DB,,,,
00-0038494,Trey Dean III,DB,,,,
00-0034123,Trey Johnson,DB,,,,
00-0034111,Trey Marshall,DB,,,,
00-0033818,Trey Robinson,DB,,,,
00-0039413,Trey Taylor,DB,,,,
00-0039729,Trey Vaval,DB,,,,
00-0036546,Trill Williams,DB,,,,
00-0037461,Tristin McCollum,DB,,,,
00-0032290,Trovon Reed,DB,,,,
00-0034334,Troy Apke,DB,,,,
00-0031785,Troy Hill,DB,,,,
00-0026948,Troy Nolan,DB,,,,
00-0022119,Troy Polamalu,DB,,,,
00-0036299,Troy Pride,DB,,,,
00-0016924,Troy Vincent,DB,,,,
00-0036608,Troy Warner,DB,,,,
00-0029690,Trumaine Johnson,DB,,,,
00-0025608,Trumaine McBride,DB,,,,
00-0024643,Tuff Harris,DB,,,,
00-0007815,Ty Howard,DB,,,,
00-0009687,Ty Law,DB,,,,
00-0038765,Ty Okada,DB,,,,
00-0037752,Tycen Anderson,DB,,,,
00-0024230,Tye Hill,DB,,,,
00-0031597,Tye Smith,DB,,,,
00-0039846,Tykee Smith,DB,,,,
00-0038857,Tyler Baker-Williams,DB,,,,
00-0036764,Tyler Coyle,DB,,,,
00-0023779,Tyler Everett,DB,,,,
00-0035783,Tyler Hall,DB,,,,
00-0039861,Tyler Nubin,DB,,,,
00-0039681,Tyler Owens,DB,,,,
00-0031276,Tyler Patmon,DB,,,,
00-0028136,Tyler Sash,DB,,,,
00-0035568,Tyler Sigler,DB,,,,
00-0038361,Tyon Davis,DB,,,,
00-0034046,Tyquwan Glass,DB,,,,
00-0030459,Tyrann Mathieu,DB,,,,
00-0036853,Tyree Gillespie,DB,,,,
00-0035398,Tyree Kinnel,DB,,,,
00-0034569,Tyree Robinson,DB,,,,
00-0039586,Tyrek Funderburk,DB,,,,
00-0038151,Tyrell Ford,DB,,,,
00-0026183,Tyrell Johnson,DB,,,,
00-0038847,Tyreque Jones,DB,,,,
00-0032279,Tyrequek Zimmerman,DB,,,,
00-0034695,Tyrice Beverette,DB,,,,
00-0035938,Tyrique McGhee,DB,,,,
00-0039071,Tyrique Stevenson,DB,,,,
00-0024815,Tyron Brackenridge,DB,,,,
00-0019537,Tyrone Carter,DB,,,,
00-0024399,Tyrone Culver,DB,,,,
00-0013102,Tyrone Poole,DB,,,,
00-0017948,Tyrone Williams,DB,,,,
00-0004519,Tyronne Drakeford,DB,,,,
00-0036974,Tyson Campbell,DB,,,,
00-0033829,Tyson Graham,DB,,,,
00-0029324,Tysyn Hartman,DB,,,,
00-0032479,Tyvis Powell,DB,,,,
00-0026240,Tyvon Branch,DB,,,,
00-0035142,Ugo Amadi,DB,,,,
00-0022991,Ukee Dozier,DB,,,,
00-0025453,Usama Young,DB,,,,
00-0032576,V'Angelo Bentley,DB,,,,
00-0020824,Vernon Fox,DB,,,,
00-0032758,Vernon Hargreaves,DB,,,,
00-0032814,Vernon Harris,DB,,,,
00-0036243,Vernon Scott,DB,,,,
00-0037354,Verone McKinley,DB,,,,
00-0006356,Victor Green,DB,,,,
00-0026920,Victor Harris,DB,,,,
00-0028450,Vince Agnew,DB,,,,
00-0026845,Vince Anderson,DB,,,,
00-0023543,Vincent Fuller,DB,,,,
00-0037536,Vincent Gray,DB,,,,
00-0031072,Vinnie Sunseri,DB,,,,
00-0022742,Von Hutchins,DB,,,,
00-0032939,Vonn Bell,DB,,,,
00-0027001,Vontae Davis,DB,,,,
00-0021933,Waine Bacon,DB,,,,
00-0031307,Walt Aikens,DB,,,,
00-0007007,Walt Harris,DB,,,,
00-0020254,Walter Bernard,DB,,,,
00-0027738,Walter McFadden,DB,,,,
00-0027711,Walter Thurmond,DB,,,,
00-0033133,Warren Gatewood,DB,,,,
00-0014675,Wasswa Serwanga,DB,,,,
00-0037518,Will Adams,DB,,,,
00-0020467,Will Allen,DB,,,,
00-0022900,Will Allen,DB,,,,
00-0024330,Will Blackmon,DB,,,,
00-0030519,Will Davis,DB,,,,
00-0020861,Will Demps,DB,,,,
00-0035655,Will Harris,DB,,,,
00-0029407,Will Hill,DB,,,,
00-0021726,Will Hunter,DB,,,,
00-0032958,Will Parks,DB,,,,
00-0022899,Will Poole,DB,,,,
00-0033124,Will Redmond,DB,,,,
00-0035972,Will Sunderland,DB,,,,
00-0019655,William Bartee,DB,,,,
00-0025557,William Gay,DB,,,,
00-0006760,William Hampton,DB,,,,
00-0038529,William Hooper,DB,,,,
00-0033107,William Jackson,DB,,,,
00-0020384,William James,DB,,,,
00-0033985,William Likely,DB,,,,
00-0026912,William Middleton,DB,,,,
00-0027031,William Moore,DB,,,,
00-0024443,Willie Andrews,DB,,,,
00-0039493,Willie Drew,DB,,,,
00-0020237,Willie Gary,DB,,,,
00-0024712,Willie Gaston,DB,,,,
00-0020496,Willie Middlebrooks,DB,,,,
00-0021196,Willie Offord,DB,,,,
00-0021867,Willie Pile,DB,,,,
00-0039947,Willie Roberts,DB,,,,
00-0017961,Willie Williams,DB,,,,
00-0029142,Winston Guy,DB,,,,
00-0032757,Winston Rose,DB,,,,
00-0028354,Winston Venable,DB,,,,
00-0026558,Woodny Turenne,DB,,,,
00-0033050,Xavien Howard,DB,,,,
00-0033453,Xavier Coleman,DB,,,,
00-0035293,Xavier Crawford,DB,,,,
00-0036388,Xavier McKinney,DB,,,,
00-0030575,Xavier Rhodes,DB,,,,
00-0033579,Xavier Woods,DB,,,,
00-0022067,Yeremiah Bell,DB,,,,
00-0037370,Yusuf Corker,DB,,,,
00-0033311,Zach Franklin,DB,,,,
00-0022446,Zach Norton,DB,,,,
00-0001816,Zack Bronson,DB,,,,
00-0032973,Zack Sanchez,DB,,,,
00-0026282,Zackary Bowman,DB,,,,
00-0039674,Zamari Walton,DB,,,,
00-0036021,Zane Lewis,DB,,,,
00-0036677,Zayne Anderson,DB,,,,
00-0009822,Zebbie Lethridge,DB,,,,
00-0036917,Zech McPhearson,DB,,,,
00-0030428,Zeke Motta,DB,,,,
00-0037373,Zyon Gilbert,DB,,,,
00-0037268,Zyon McCollum,DB,,,,
00-0027719,A.J. Edds,LB,,,,
00-0024220,A.J. Hawk,LB,,,,
00-0034887,A.J. Johnson,LB,,,,
00-0030463,A.J. Klein,LB,,,,
00-0024371,A.J. Nicholson,LB,,,,
00-0031642,A.J. Tarpley,LB,,,,
00-0035136,Aaron Adeoye,LB,,,,
00-0039954,Aaron Beasley,LB,,,,
00-0039628,Aaron Casey,LB,,,,
00-0026981,Aaron Curry,LB,,,,
00-0037019,Aaron Donkor,LB,,,,
00-0037568,Aaron Hansford,LB,,,,
00-0021269,Aaron Kampman,LB,,,,
00-0030993,Aaron Lynch,LB,,,,
00-0026987,Aaron Maybin,LB,,,,
00-0036465,Aaron Patrick,LB,,,,
00-0032799,Aaron Wallace,LB,,,,
00-0024282,Abdul Hodge,LB,,,,
00-0033835,Abner Logan,LB,,,,
00-0038800,Abraham Beauplan,LB,,,,
00-0025625,Abraham Wright,LB,,,,
00-0019593,Adalius Thomas,LB,,,,
00-0033185,Adam Bighill,LB,,,,
00-0025569,Adam Hayward,LB,,,,
00-0023582,Adam Seward,LB,,,,
00-0031120,Adarius Glanton,LB,,,,
00-0036949,Adetokunbo Ogundeji,LB,,,,
00-0039791,Adisa Isaac,LB,,,,
00-0029007,Adrian Hamilton,LB,,,,
00-0028653,Adrian Moten,LB,,,,
00-0028978,Adrian Robinson,LB,,,,
00-0014051,Adrian Ross,LB,,,,
00-0024495,Ahmad Brooks,LB,,,,
00-0034933,Ahmad Gooden,LB,,,,
00-0033447,Ahmad Thomas,LB,,,,
00-0034711,Airius Moore,LB,,,,
00-0021574,Akbar Gbaja-Biamila,LB,,,,
00-0027977,Akeem Ayers,LB,,,,
00-0036298,Akeem Davis-Gaither,LB,,,,
00-0028029,Akeem Dent,LB,,,,
00-0025719,Akeem Jordan,LB,,,,
00-0032623,Akil Blount,LB,,,,
00-0021214,Akin Ayodele,LB,,,,
00-0017998,Al Wilson,LB,,,,
00-0034635,Al-Rasheed Benton,LB,,,,
00-0031702,Alani Fua,LB,,,,
00-0027560,Albert McClellan,LB,,,,
00-0027945,Aldon Smith,LB,,,,
00-0039571,Alec Mock,LB,,,,
00-0030527,Alec Ogletree,LB,,,,
00-0028614,Alex Albright,LB,,,,
00-0033914,Alex Anzalone,LB,,,,
00-0033188,Alex Bazzie,LB,,,,
00-0027677,Alex Carrington,LB,,,,
00-0026371,Alex Hall,LB,,,,
00-0036333,Alex Highsmith,LB,,,,
00-0027433,Alex Joseph,LB,,,,
00-0022816,Alex Lewis,LB,,,,
00-0020539,Alex Lincoln,LB,,,,
00-0030503,Alex Okafor,LB,,,,
00-0033638,Alex Scearce,LB,,,,
00-0031898,Alex Singleton,LB,,,,
00-0023517,Alfred Fincher,LB,,,,
00-0025932,Ali Highsmith,LB,,,,
00-0000129,Allen Aldridge,LB,,,,
00-0022086,Alonzo Jackson,LB,,,,
00-0014991,Alshermond Singleton,LB,,,,
00-0026287,Alvin Bowen,LB,,,,
00-0034190,Alvin Jones,LB,,,,
00-0037043,Amare Barno,LB,,,,
00-0038617,Amari Burney,LB,,,,
00-0039539,Amari Gainer,LB,,,,
00-0031613,Amarlo Herrera,LB,,,,
00-0036716,Amen Ogbongbemiga,LB,,,,
00-0021257,Andra Davis,LB,,,,
00-0037328,Andre Anthony,LB,,,,
00-0020489,Andre Carter,LB,,,,
00-0038801,Andre Carter,LB,,,,
00-0022997,Andre Frazier,LB,,,,
00-0036725,Andre Mintze,LB,,,,
00-0019323,Andre O'Neal,LB,,,,
00-0034430,Andre Smith,LB,,,,
00-0034916,Andrew Ankrah,LB,,,,
00-0035412,Andrew Dowell,LB,,,,
00-0038865,Andrew Farmer,LB,,,,
00-0028172,Andrew Gachkar,LB,,,,
00-0031083,Andrew Jackson,LB,,,,
00-0034525,Andrew Motuapuaka,LB,,,,
00-0039558,Andrew Parker,LB,,,,
00-0034604,Andrew Trumbetti,LB,,,,
00-0035272,Andrew Van Ginkel,LB,,,,
00-0009034,Andy Katzenmoyer,LB,,,,
00-0030131,Andy Mulumba,LB,,,,
00-0026343,Andy Studebaker,LB,,,,
00-0036193,Anfernee Jennings,LB,,,,
00-0038908,Anfernee Orji,LB,,,,
00-0022004,Angelo Crowell,LB,,,,
00-0031256,Anthony Barr,LB,,,,
00-0024461,Anthony Cannon,LB,,,,
00-0031956,Anthony Chickillo,LB,,,,
00-0003942,Anthony Davis,LB,,,,
00-0020350,Anthony Denman,LB,,,,
00-0036769,Anthony Hines,LB,,,,
00-0031348,Anthony Hitchens,LB,,,,
00-0035254,Anthony Nelson,LB,,,,
00-0035330,Anthony Pittman,LB,,,,
00-0032356,Anthony Sarao,LB,,,,
00-0024291,Anthony Schlegel,LB,,,,
00-0020007,Anthony Sessions,LB,,,,
00-0014889,Anthony Simmons,LB,,,,
00-0025413,Anthony Spencer,LB,,,,
00-0035049,Anthony Stubbs,LB,,,,
00-0033570,Anthony Walker,LB,,,,
00-0025483,Anthony Waters,LB,,,,
00-0034157,Anthony Winbush,LB,,,,
00-0034303,Anthony Wint,LB,,,,
00-0003837,Antico Dalton,LB,,,,
00-0023229,Antoine Cash,LB,,,,
00-0027209,Antonio Coleman,LB,,,,
00-0039587,Antonio Grier Jr.,LB,,,,
00-0032406,Antonio Morrison,LB,,,,
00-0020006,Antonio Pierce,LB,,,,
00-0019713,Antonio Wilson,LB,,,,
00-0008934,Antony Jordan,LB,,,,
00-0024734,Antwan Applewhite,LB,,,,
00-0025521,Antwan Barnes,LB,,,,
00-0022052,Antwan Peek,LB,,,,
00-0032425,Antwione Williams,LB,,,,
00-0034825,Arden Key,LB,,,,
00-0019115,Armegis Spearman,LB,,,,
00-0030553,Armonty Bryant,LB,,,,
00-0038116,Arnold Ebiketie,LB,,,,
00-0022998,Arnold Harrison,LB,,,,
00-0037364,Arron Mosby,LB,,,,
00-0030458,Arthur Brown,LB,,,,
00-0027777,Arthur Moats,LB,,,,
00-0016782,Artie Ulmer,LB,,,,
00-0034458,Asantay Brown,LB,,,,
00-0026635,Ashlee Palmer,LB,,,,
00-0035897,Asmar Bilal,LB,,,,
00-0038691,Aubrey Miller,LB,,,,
00-0029578,Audie Cole,LB,,,,
00-0039178,Austin Ajiake,LB,,,,
00-0035531,Austin Bryant,LB,,,,
00-0033452,Austin Calitro,LB,,,,
00-0034036,Austin Gearing,LB,,,,
00-0027843,Austin Spitler,LB,,,,
00-0027460,Auston English,LB,,,,
00-0033574,Avery Moss,LB,,,,
00-0033780,Avery Williams,LB,,,,
00-0031263,Avery Williamson,LB,,,,
00-0038990,Ayinde Eley,LB,,,,
00-0034282,Azeem Victor,LB,,,,
00-0035166,Azeez Al-Shaair,LB,,,,
00-0036552,Azeez Ojulari,LB,,,,
00-0036137,Azur Kamara,LB,,,,
00-0033642,B.J. Bello,LB,,,,
00-0034923,B.J. Blunt,LB,,,,
00-0033121,B.J. Goodson,LB,,,,
00-0039155,B.J. Ojulari,LB,,,,
00-0033368,Bam Bradley,LB,,,,
00-0030558,Barkevious Mingo,LB,,,,
00-0036995,Baron Browning,LB,,,,
00-0019608,Barrett Green,LB,,,,
00-0023471,Barrett Ruud,LB,,,,
00-0036586,Barrington Wade,LB,,,,
00-0018259,Barron Wortham,LB,,,,
00-0005763,Barry Gardner,LB,,,,
00-0011369,Barry Minter,LB,,,,
00-0020873,Bart Scott,LB,,,,
00-0037318,Baylon Spector,LB,,,,
00-0026244,Beau Bell,LB,,,,
00-0033406,Ben Boulware,LB,,,,
00-0035143,Ben Burr-Kirven,LB,,,,
00-0031027,Ben Gardner,LB,,,,
00-0033944,Ben Gedeon,LB,,,,
00-0032201,Ben Heeney,LB,,,,
00-0028698,Ben Jacobs,LB,,,,
00-0021197,Ben Leber,LB,,,,
00-0034296,Ben Niemann,LB,,,,
00-0021234,Ben Taylor,LB,,,,
00-0038489,Ben VanSumeren,LB,,,,
00-0031553,Benardrick McKinney,LB,,,,
00-0032629,Beniquez Brown,LB,,,,
00-0030380,Benson Mayowa,LB,,,,
00-0037638,Benton Whitley,LB,,,,
00-0006920,Bernardo Harris,LB,,,,
00-0001176,Bert Berry,LB,,,,
00-0014004,Bill Romanowski,LB,,,,
00-0006250,Billy Granville,LB,,,,
00-0022261,Billy Strother,LB,,,,
00-0030563,Bjoern Werner,LB,,,,
00-0033841,Blair Brown,LB,,,,
00-0035276,Blake Cashman,LB,,,,
00-0024129,Blake Costanzo,LB,,,,
00-0035984,Blake Lynch,LB,,,,
00-0032408,Blake Martinez,LB,,,,
00-0039099,Bo Bauer,LB,,,,
00-0034826,Bo Bower,LB,,,,
00-0039718,Bo Richter,LB,,,,
00-0007788,Bobbie Howard,LB,,,,
00-0001828,Bobby Brooks,LB,,,,
00-0024233,Bobby Carpenter,LB,,,,
00-0035687,Bobby Okereke,LB,,,,
00-0029255,Bobby Wagner,LB,,,,
00-0031227,Bojay Filimoeatu,LB,,,,
00-0023572,Boomer Grigsby,LB,,,,
00-0033186,Boseko Lokombo,LB,,,,
00-0022048,Boss Bailey,LB,,,,
00-0038133,Boye Mafe,LB,,,,
00-0008097,Brad Jackson,LB,,,,
00-0026946,Brad Jones,LB,,,,
00-0020836,Brad Kassell,LB,,,,
00-0022137,Bradie James,LB,,,,
00-0034832,Bradley Chubb,LB,,,,
00-0023559,Brady Poppinga,LB,,,,
00-0033997,Brady Sheldon,LB,,,,
00-0039837,Bralen Trice,LB,,,,
00-0024764,Brandon Archer,LB,,,,
00-0022453,Brandon Barnes,LB,,,,
00-0033337,Brandon Bell,LB,,,,
00-0038815,Brandon Bouyer-Randle,LB,,,,
00-0022711,Brandon Chillar,LB,,,,
00-0032670,Brandon Chubb,LB,,,,
00-0030010,Brandon Copeland,LB,,,,
00-0027865,Brandon Graham,LB,,,,
00-0030124,Brandon Hepburn,LB,,,,
00-0024185,Brandon Jamison,LB,,,,
00-0030284,Brandon Jenkins,LB,,,,
00-0024356,Brandon Johnson,LB,,,,
00-0031856,Brandon King,LB,,,,
00-0027598,Brandon Lang,LB,,,,
00-0030200,Brandon Magee,LB,,,,
00-0029620,Brandon Marshall,LB,,,,
00-0020664,Brandon Moore,LB,,,,
00-0019669,Brandon Short,LB,,,,
00-0025627,Brandon Siler,LB,,,,
00-0038113,Brandon Smith,LB,,,,
00-0027668,Brandon Spikes,LB,,,,
00-0020323,Brandon Spoon,LB,,,,
00-0016520,Brandon Tolbert,LB,,,,
00-0031244,Brandon Watts,LB,,,,
00-0027087,Brandon Williams,LB,,,,
00-0001611,Brant Boyer,LB,,,,
00-0034774,Breeland Speaks,LB,,,,
00-0000551,Brendon Ayanbadejo,LB,,,,
00-0039836,Brennan Jackson,LB,,,,
00-0032734,Brennan Scarlett,LB,,,,
00-0031762,Brennen Beyer,LB,,,,
00-0038463,Brenton Cox Jr.,LB,,,,
00-0034312,Brett Taylor,LB,,,,
00-0020295,Brian Allen,LB,,,,
00-0037822,Brian Asamoah,LB,,,,
00-0035713,Brian Burns,LB,,,,
00-0026991,Brian Cushing,LB,,,,
00-0024100,Brian Iwuh,LB,,,,
00-0026989,Brian Orakpo,LB,,,,
00-0031491,Brian Peters,LB,,,,
00-0028131,Brian Rolle,LB,,,,
00-0014891,Brian Simmons,LB,,,,
00-0015109,Brian Smith,LB,,,,
00-0028695,Brian Smith,LB,,,,
00-0019456,Brian Urlacher,LB,,,,
00-0017737,Brian Williams,LB,,,,
00-0030770,Brock Coyle,LB,,,,
00-0032085,Brock Hekking,LB,,,,
00-0039528,Brock Mogensen,LB,,,,
00-0028575,Bront Bird,LB,,,,
00-0033385,Brooks Ellis,LB,,,,
00-0027980,Brooks Reed,LB,,,,
00-0027978,Bruce Carter,LB,,,,
00-0026228,Bruce Davis,LB,,,,
00-0029193,Bruce Irvin,LB,,,,
00-0028536,Bryan Braman,LB,,,,
00-0003572,Bryan Cox,LB,,,,
00-0026263,Bryan Kehl,LB,,,,
00-0021278,Bryan Knight,LB,,,,
00-0035936,Bryan London,LB,,,,
00-0021081,Bryan Thomas,LB,,,,
00-0032248,Bryce Hager,LB,,,,
00-0037624,Bryce Notree,LB,,,,
00-0012679,Bryce Paup,LB,,,,
00-0032491,Bryson Albright,LB,,,,
00-0035747,Bryson Allen-Williams,LB,,,,
00-0035792,Bryson Young,LB,,,,
00-0032146,Bud Dupree,LB,,,,
00-0036870,Buddy Johnson,LB,,,,
00-0038539,Bumper Pool,LB,,,,
00-0025456,Buster Davis,LB,,,,
00-0019968,Byron Thweatt,LB,,,,
00-0039531,Byron Vaughns,LB,,,,
00-0039137,Byron Young,LB,,,,
00-0037101,C.J. Avery,LB,,,,
00-0034183,C.J. Johnson,LB,,,,
00-0031296,C.J. Mosley,LB,,,,
00-0036172,Cale Garrett,LB,,,,
00-0026358,Caleb Campbell,LB,,,,
00-0036704,Caleb Johnson,LB,,,,
00-0038499,Caleb Johnson,LB,,,,
00-0022854,Caleb Miller,LB,,,,
00-0038851,Caleb Murphy,LB,,,,
00-0037116,Caliph Brice,LB,,,,
00-0033716,Calvin Munson,LB,,,,
00-0022120,Calvin Pace,LB,,,,
00-0038754,Cam Bright,LB,,,,
00-0036400,Cam Brown,LB,,,,
00-0036045,Cam Gill,LB,,,,
00-0029310,Cam Johnson,LB,,,,
00-0038513,Cam Jones,LB,,,,
00-0029101,Cameron Collins,LB,,,,
00-0037315,Cameron Goode,LB,,,,
00-0030198,Cameron Lawrence,LB,,,,
00-0031815,Cameron Lynch,LB,,,,
00-0036644,Cameron McGrone,LB,,,,
00-0027741,Cameron Sheffield,LB,,,,
00-0034986,Cameron Smith,LB,,,,
00-0037815,Cameron Thomas,LB,,,,
00-0003794,Canute Curtis,LB,,,,
00-0031058,Carl Bradford,LB,,,,
00-0027929,Carl Ihenacho,LB,,,,
00-0039460,Carl Jones,LB,,,,
00-0033129,Carl Nassib,LB,,,,
00-0036553,Carlos Basham,LB,,,,
00-0027662,Carlos Dunlap,LB,,,,
00-0004901,Carlos Emmons,LB,,,,
00-0031161,Carlos Fields,LB,,,,
00-0020339,Carlos Polk,LB,,,,
00-0031929,Carlos Thompson,LB,,,,
00-0037427,Carson Wells,LB,,,,
00-0036402,Carter Coughlin,LB,,,,
00-0028054,Casey Matthews,LB,,,,
00-0032751,Cassanova McKinzy,LB,,,,
00-0036164,Cassh Maluia,LB,,,,
00-0031175,Cassius Marsh,LB,,,,
00-0022065,Cato June,LB,,,,
00-0032568,Cavellis Luckett,LB,,,,
00-0034444,Cayson Collins,LB,,,,
00-0039858,Cedric Gray,LB,,,,
00-0001887,Chad Brown,LB,,,,
00-0024232,Chad Greenway,LB,,,,
00-0009125,Chad Kelsay,LB,,,,
00-0034643,Chad Meredith,LB,,,,
00-0037811,Chad Muma,LB,,,,
00-0037312,Chance Campbell,LB,,,,
00-0029585,Chandler Jones,LB,,,,
00-0037560,Chandler Wooten,LB,,,,
00-0023505,Channing Crowder,LB,,,,
00-0037813,Channing Tindall,LB,,,,
00-0036434,Chapelle Russell,LB,,,,
00-0033880,Charles Harris,LB,,,,
00-0036711,Charles Snowden,LB,,,,
00-0037186,Charles Wiley,LB,,,,
00-0022764,Charlie Anderson,LB,,,,
00-0003111,Charlie Clemons,LB,,,,
00-0038719,Charlie Thomas,LB,,,,
00-0033703,Charmeachealle Moore,LB,,,,
00-0033399,Chase Allen,LB,,,,
00-0023693,Chase Blackburn,LB,,,,
00-0034944,Chase Hansen,LB,,,,
00-0035461,Chase Middleton,LB,,,,
00-0030225,Chase Thomas,LB,,,,
00-0022166,Chaun Thompson,LB,,,,
00-0037123,Chauncey Manac,LB,,,,
00-0036076,Chauncey Rivers,LB,,,,
00-0028287,Chavis Williams,LB,,,,
00-0037003,Chazz Surratt,LB,,,,
00-0002286,Chester Burnett,LB,,,,
00-0032074,Chi Chi Ariguzo,LB,,,,
00-0012333,Chike Okeafor,LB,,,,
00-0039911,Chop Robinson,LB,,,,
00-0034787,Chris Board,LB,,,,
00-0001502,Chris Bordano,LB,,,,
00-0031303,Chris Borland,LB,,,,
00-0039902,Chris Braswell,LB,,,,
00-0028100,Chris Carter,LB,,,,
00-0033475,Chris Casher,LB,,,,
00-0026368,Chris Chamberlain,LB,,,,
00-0003005,Chris Claiborne,LB,,,,
00-0021577,Chris Clemons,LB,,,,
00-0039806,Chris Collins,LB,,,,
00-0034410,Chris Covington,LB,,,,
00-0004505,Chris Draft,LB,,,,
00-0019783,Chris Edmonds,LB,,,,
00-0026212,Chris Ellis,LB,,,,
00-0034580,Chris Frey,LB,,,,
00-0036863,Chris Garrett,LB,,,,
00-0006016,Chris Gizzi,LB,,,,
00-0024286,Chris Gocong,LB,,,,
00-0026325,Chris Harrington,LB,,,,
00-0008708,Chris Jones,LB,,,,
00-0021995,Chris Kelsay,LB,,,,
00-0032905,Chris Landrum,LB,,,,
00-0031208,Chris McCain,LB,,,,
00-0033234,Chris Odom,LB,,,,
00-0035954,Chris Orr,LB,,,,
00-0035434,Chris Peace,LB,,,,
00-0036867,Chris Rumph,LB,,,,
00-0039950,Chris Russell,LB,,,,
00-0015030,Chris Slade,LB,,,,
00-0031264,Chris Smith,LB,,,,
00-0028107,Chris White,LB,,,,
00-0024517,Chris Wilson,LB,,,,
00-0034537,Chris Worley,LB,,,,
00-0037217,Christian Albright,LB,,,,
00-0036813,Christian Elliss,LB,,,,
00-0032467,Christian French,LB,,,,
00-0037823,Christian Harris,LB,,,,
00-0031130,Christian Jones,LB,,,,
00-0031361,Christian Kirksey,LB,,,,
00-0034051,Christian Kuntz,LB,,,,
00-0035257,Christian Miller,LB,,,,
00-0035942,Christian Rozeboom,LB,,,,
00-0034403,Christian Sam,LB,,,,
00-0033237,Christian Tago,LB,,,,
00-0037379,Christopher Allen,LB,,,,
00-0035071,Chuck Harris,LB,,,,
00-0022133,Cie Grant,LB,,,,
00-0037417,Clarence Hicks,LB,,,,
00-0019538,Clark Haggans,LB,,,,
00-0038493,Claudin Cherelus,LB,,,,
00-0036432,Clay Johnston,LB,,,,
00-0027002,Clay Matthews,LB,,,,
00-0020189,Clayton White,LB,,,,
00-0021585,Clifton Smith,LB,,,,
00-0024295,Clint Ingram,LB,,,,
00-0009477,Clint Kriewaldt,LB,,,,
00-0025523,Clint Session,LB,,,,
00-0027021,Clint Sintim,LB,,,,
00-0035672,Cody Barton,LB,,,,
00-0026921,Cody Glenn,LB,,,,
00-0033356,Cody Heiman,LB,,,,
00-0022881,Cody Spencer,LB,,,,
00-0022887,Colby Bockwoldt,LB,,,,
00-0035900,Cole Christiansen,LB,,,,
00-0035286,Cole Holcomb,LB,,,,
00-0023812,Colin Allred,LB,,,,
00-0028047,Colin McCarthy,LB,,,,
00-0034117,Colton Jumper,LB,,,,
00-0027022,Connor Barwin,LB,,,,
00-0033457,Connor Harris,LB,,,,
00-0035373,Connor Strachan,LB,,,,
00-0029390,Cordarro Law,LB,,,,
00-0019332,Corey Atkins,LB,,,,
00-0021913,Corey Jenkins,LB,,,,
00-0030518,Corey Lemonier,LB,,,,
00-0024018,Corey Mays,LB,,,,
00-0019611,Corey Moore,LB,,,,
00-0031350,Corey Nelson,LB,,,,
00-0020749,Corey Smith,LB,,,,
00-0034539,Corey Thompson,LB,,,,
00-0019897,Cornelius Anthony,LB,,,,
00-0001100,Cornelius Bennett,LB,,,,
00-0023667,Cornelius Wortham,LB,,,,
00-0001896,Cornell Brown,LB,,,,
00-0027639,Cory Greenwood,LB,,,,
00-0033056,Cory James,LB,,,,
00-0032677,Cory Littleton,LB,,,,
00-0021280,Courtland Bullard,LB,,,,
00-0009736,Courtney Ledyard,LB,,,,
00-0029252,Courtney Upshaw,LB,,,,
00-0022845,Courtney Watson,LB,,,,
00-0028834,Craig Robertson,LB,,,,
00-0014376,Craig Sauer,LB,,,,
00-0039580,Craig Young,LB,,,,
00-0032361,Curt Maggitt,LB,,,,
00-0035392,Curtis Akins,LB,,,,
00-0035076,Curtis Bolton,LB,,,,
00-0025906,Curtis Gatewood,LB,,,,
00-0032084,Curtis Grant,LB,,,,
00-0020465,Curtis Holden,LB,,,,
00-0039318,Curtis Jacobs,LB,,,,
00-0025993,Curtis Johnson,LB,,,,
00-0026177,Curtis Lofton,LB,,,,
00-0021463,Curtis Randall,LB,,,,
00-0036728,Curtis Robinson,LB,,,,
00-0026788,Cyril Obiozor,LB,,,,
00-0035284,D'Andre Walker,LB,,,,
00-0034548,D'Juan Hines,LB,,,,
00-0037271,D'Marco Jackson,LB,,,,
00-0024249,D'Qwell Jackson,LB,,,,
00-0022520,D.D. Acholonu,LB,,,,
00-0020995,D.D. Lewis,LB,,,,
00-0031950,D.J. Alexander,LB,,,,
00-0038535,D.J. Johnson,LB,,,,
00-0028124,D.J. Smith,LB,,,,
00-0022780,D.J. Williams,LB,,,,
00-0036335,D.J. Wonnum,LB,,,,
00-0037158,D.Q. Thomas,LB,,,,
00-0039444,DaRon Gilbert,LB,,,,
00-0039038,DaShaun White,LB,,,,
00-0019508,DaShon Polk,LB,,,,
00-0032796,Dadi Nicolas,LB,,,,
00-0036562,Daelin Hayes,LB,,,,
00-0038553,Daiyan Henley,LB,,,,
00-0035670,Dakota Allen,LB,,,,
00-0039707,Dallas Gant,LB,,,,
00-0039924,Dallas Turner,LB,,,,
00-0032215,Damien Wilson,LB,,,,
00-0036965,Damon Lloyd,LB,,,,
00-0037281,Damone Clark,LB,,,,
00-0023488,Dan Cody,LB,,,,
00-0026214,Dan Connor,LB,,,,
00-0030912,Dan Fox,LB,,,,
00-0021955,Dan Klecko,LB,,,,
00-0020443,Dan Morgan,LB,,,,
00-0026725,Dan Skuta,LB,,,,
00-0027237,Dane Fletcher,LB,,,,
00-0030583,Daniel Adongo,LB,,,,
00-0035929,Daniel Bituli,LB,,,,
00-0037843,Daniel Hardy,LB,,,,
00-0031565,Danielle Hunter,LB,,,,
00-0026857,Dannell Ellerbe,LB,,,,
00-0027790,Danny Batten,LB,,,,
00-0019506,Danny Clark,LB,,,,
00-0026028,Danny Lansanah,LB,,,,
00-0031482,Danny Mason,LB,,,,
00-0029577,Danny Trevathan,LB,,,,
00-0035482,Dante Booker,LB,,,,
00-0032052,Dante Fowler,LB,,,,
00-0036001,Dante Olson,LB,,,,
00-0029794,Daren Bates,LB,,,,
00-0037503,Darien Butler,LB,,,,
00-0032545,Darien Harris,LB,,,,
00-0029927,Darius Eubanks,LB,,,,
00-0029292,Darius Fleming,LB,,,,
00-0035157,Darius Harris,LB,,,,
00-0034846,Darius Leonard,LB,,,,
00-0039829,Darius Muasau,LB,,,,
00-0024316,Darnell Bing,LB,,,,
00-0033140,Darnell Sankey,LB,,,,
00-0022730,Darrell McClover,LB,,,,
00-0023199,Darrell Reid,LB,,,,
00-0036413,Darrell Taylor,LB,,,,
00-0035410,Darrell Williams,LB,,,,
00-0006702,Darren Hambrick,LB,,,,
00-0037285,Darrian Beavers,LB,,,,
00-0015132,Darrin Smith,LB,,,,
00-0033147,Darron Lee,LB,,,,
00-0026744,Darry Beckwith,LB,,,,
00-0023530,Darryl Blackstock,LB,,,,
00-0028582,Darryl Gamble,LB,,,,
00-0035306,Darryl Johnson,LB,,,,
00-0027703,Darryl Sharpton,LB,,,,
00-0024278,Darryl Tapp,LB,,,,
00-0022839,Daryl Smith,LB,,,,
00-0027886,Daryl Washington,LB,,,,
00-0012085,Dat Nguyen,LB,,,,
00-0030576,Datone Jones,LB,,,,
00-0037592,David Anenih,LB,,,,
00-0030517,David Bass,LB,,,,
00-0001563,David Bowens,LB,,,,
00-0025434,David Harris,LB,,,,
00-0025999,David Hawthorne,LB,,,,
00-0024673,David Herron,LB,,,,
00-0025675,David Holloway,LB,,,,
00-0035581,David Kenney,LB,,,,
00-0035292,David Long,LB,,,,
00-0031596,David Mayo,LB,,,,
00-0023573,David McMillan,LB,,,,
00-0026830,David Nixon,LB,,,,
00-0038142,David Ojabo,LB,,,,
00-0023451,David Pollack,LB,,,,
00-0035955,David Reese II,LB,,,,
00-0033509,David Talley,LB,,,,
00-0021230,David Thornton,LB,,,,
00-0027028,David Veikune,LB,,,,
00-0026392,David Vobora,LB,,,,
00-0034622,Davin Bellamy,LB,,,,
00-0036393,Davion Taylor,LB,,,,
00-0031946,Davis Tull,LB,,,,
00-0034885,Davond Dade,LB,,,,
00-0033775,Dayon Pratt,LB,,,,
00-0036090,De'Jon Harris,LB,,,,
00-0037061,De'Shaan Dixon,LB,,,,
00-0032401,De'Vondre Campbell,LB,,,,
00-0027050,DeAndre Levy,LB,,,,
00-0038949,DeAndre Square,LB,,,,
00-0037808,DeAngelo Malone,LB,,,,
00-0031134,DeDe Lattimore,LB,,,,
00-0020432,DeLawrence Grant,LB,,,,
00-0023445,DeMarcus Ware,LB,,,,
00-0034769,DeMarquis Gates,LB,,,,
00-0038556,DeMarvion Overshown,LB,,,,
00-0024248,DeMeco Ryans,LB,,,,
00-0011894,DeShone Myles,LB,,,,
00-0030102,DeVonte Holloman,LB,,,,
00-0017421,Dean Wells,LB,,,,
00-0037352,Deandre Johnson,LB,,,,
00-0022587,Dedrick Roper,LB,,,,
00-0035052,Dedrick Young II,LB,,,,
00-0031297,Dee Ford,LB,,,,
00-0038625,Dee Winters,LB,,,,
00-0039250,Deion Jennings,LB,,,,
00-0032388,Deion Jones,LB,,,,
00-0032114,Deiontrez Mount,LB,,,,
00-0027812,Dekoda Watson,LB,,,,
00-0035202,Del'Shawn Phillips,LB,,,,
00-0029607,Demario Davis,LB,,,,
00-0022707,Demorrio Williams,LB,,,,
00-0034473,Dennis Gardeck,LB,,,,
00-0023241,Dennis Haley,LB,,,,
00-0032103,Denzel Perryman,LB,,,,
00-0033666,Deon Hollins,LB,,,,
00-0007911,Deon Humphrey,LB,,,,
00-0032708,Deon King,LB,,,,
00-0030197,Deon Lacey,LB,,,,
00-0030687,Deontae Skinner,LB,,,,
00-0038669,Dequan Jackson,LB,,,,
00-0031666,Derek Akunne,LB,,,,
00-0015151,Derek M. Smith,LB,,,,
00-0023368,Derek Wake,LB,,,,
00-0039047,Derick Hall,LB,,,,
00-0035521,Derick Roberson,LB,,,,
00-0036440,Derrek Tuszka,LB,,,,
00-0036964,Derrick Barnes,LB,,,,
00-0001833,Derrick Brooks,LB,,,,
00-0020504,Derrick Burgess,LB,,,,
00-0023449,Derrick Johnson,LB,,,,
00-0032323,Derrick Mathews,LB,,,,
00-0035751,Derrick Moncrief,LB,,,,
00-0027868,Derrick Morgan,LB,,,,
00-0022885,Derrick Pope,LB,,,,
00-0013935,Derrick Rodgers,LB,,,,
00-0035626,Deshaun Davis,LB,,,,
00-0025579,Desmond Bishop,LB,,,,
00-0032789,Devante Bond,LB,,,,
00-0034167,Devante Downs,LB,,,,
00-0035525,Devin Bush,LB,,,,
00-0037293,Devin Harper,LB,,,,
00-0019842,Devin Lemons,LB,,,,
00-0037244,Devin Lloyd,LB,,,,
00-0039769,Devin Richardson,LB,,,,
00-0035707,Devin White,LB,,,,
00-0031241,Devon Kennard,LB,,,,
00-0003140,Dexter Coakley,LB,,,,
00-0029130,Dezman Moses,LB,,,,
00-0019635,Dhani Jones,LB,,,,
00-0037806,Diego Fagot,LB,,,,
00-0032880,Dillon Lee,LB,,,,
00-0036990,Divine Deablo,LB,,,,
00-0026763,Diyral Briggs,LB,,,,
00-0028344,Dom DeCicco,LB,,,,
00-0026596,Dominic Douglas,LB,,,,
00-0032983,Dominique Alexander,LB,,,,
00-0031425,Dominique Easley,LB,,,,
00-0021359,Dominique Stevenson,LB,,,,
00-0032882,Dominique Tovell,LB,,,,
00-0032664,Don Cherry,LB,,,,
00-0003970,Don Davis,LB,,,,
00-0027682,Donald Butler,LB,,,,
00-0033420,Donald Payne,LB,,,,
00-0038437,Donavan Mutin,LB,,,,
00-0033320,Donavin Newsom,LB,,,,
00-0037799,Dondrea Tillman,LB,,,,
00-0019139,Donnel Thompson,LB,,,,
00-0004757,Donnie Edwards,LB,,,,
00-0015487,Donnie Spragan,LB,,,,
00-0019815,Donny Green,LB,,,,
00-0025834,Donovan Woods,LB,,,,
00-0029669,Dont'a Hightower,LB,,,,
00-0008738,Donta Jones,LB,,,,
00-0022917,Dontarrious Thomas,LB,,,,
00-0028004,Dontay Moch,LB,,,,
00-0019852,Donte Curry,LB,,,,
00-0036824,Dorian Etheridge,LB,,,,
00-0034781,Dorian O'Daniel,LB,,,,
00-0038557,Dorian Williams,LB,,,,
00-0003320,Doug Colman,LB,,,,
00-0028095,Doug Hogue,LB,,,,
00-0038922,Drake Thomas,LB,,,,
00-0034982,Dre Greenlaw,LB,,,,
00-0035458,Drew Lewis,LB,,,,
00-0039003,Drew Sanders,LB,,,,
00-0021517,Drew Wahlroos,LB,,,,
00-0037171,Drew White,LB,,,,
00-0035262,Drue Tranquill,LB,,,,
00-0034402,Duke Ejiofor,LB,,,,
00-0033549,Duke Riley,LB,,,,
00-0035204,Durrant Miles,LB,,,,
00-0019351,Dustin Cohen,LB,,,,
00-0019418,Dwan Epps,LB,,,,
00-0006149,Dwayne Gordon,LB,,,,
00-0020724,Dwayne Levels,LB,,,,
00-0014135,Dwayne Rudd,LB,,,,
00-0021146,Dwight Freeney,LB,,,,
00-0007614,Dwight Hollier,LB,,,,
00-0033765,Dylan Cole,LB,,,,
00-0033961,Dylan Donahue,LB,,,,
00-0036508,Dylan Moses,LB,,,,
00-0038479,Dyontae Johnson,LB,,,,
00-0035107,E.J. Ejiya,LB,,,,
00-0022081,E.J. Henderson,LB,,,,
00-0034987,E.J. Speed,LB,,,,
00-0007652,Earl Holmes,LB,,,,
00-0039296,Easton Gibbs,LB,,,,
00-0010784,Ed McDaniel,LB,,,,
00-0028812,Eddie Jones,LB,,,,
00-0010501,Eddie Mason,LB,,,,
00-0022179,Eddie Moore,LB,,,,
00-0013858,Eddie Robinson,LB,,,,
00-0039878,Edefuan Ulofoshio,LB,,,,
00-0024714,Edgar Jones,LB,,,,
00-0039850,Edgerrin Cooper,LB,,,,
00-0020304,Edgerton Hartwell,LB,,,,
00-0024636,Edmond Miles,LB,,,,
00-0031624,Edmond Robinson,LB,,,,
00-0019522,Edward Thomas,LB,,,,
00-0031704,Edwin Jackson,LB,,,,
00-0033974,Ejuan Price,LB,,,,
00-0038782,Eku Leota,LB,,,,
00-0032442,Elandon Roberts,LB,,,,
00-0036895,Elerson Smith,LB,,,,
00-0032060,Eli Harold,LB,,,,
00-0039775,Elias Neal,LB,,,,
00-0000147,Elijah Alexander,LB,,,,
00-0033973,Elijah Lee,LB,,,,
00-0034599,Elijah Norris,LB,,,,
00-0036761,Elijah Ponder,LB,,,,
00-0036675,Elijah Sullivan,LB,,,,
00-0035440,Elijah Zeise,LB,,,,
00-0037117,Ellis Brooks,LB,,,,
00-0024341,Elvis Dumervil,LB,,,,
00-0035538,Emeke Egbule,LB,,,,
00-0029428,Emmanuel Acho,LB,,,,
00-0034232,Emmanuel Beal,LB,,,,
00-0034139,Emmanuel Ellerbee,LB,,,,
00-0029479,Emmanuel Lamur,LB,,,,
00-0034153,Emmanuel Smith,LB,,,,
00-0022342,Eric Alexander,LB,,,,
00-0026054,Eric Bakhtiari,LB,,,,
00-0000846,Eric Barton,LB,,,,
00-0007433,Eric Hill,LB,,,,
00-0031554,Eric Kendricks,LB,,,,
00-0032730,Eric Lee,LB,,,,
00-0030219,Eric Martin,LB,,,,
00-0027724,Eric Norwood,LB,,,,
00-0034008,Eric Nzeocha,LB,,,,
00-0012320,Eric Ogbogu,LB,,,,
00-0031084,Eric Pinkins,LB,,,,
00-0032513,Eric Striker,LB,,,,
00-0020357,Eric Westmoreland,LB,,,,
00-0033336,Eric Wilson,LB,,,,
00-0019697,Erik Flowers,LB,,,,
00-0015776,Erik Storz,LB,,,,
00-0026307,Erik Walden,LB,,,,
00-0025945,Erin Henderson,LB,,,,
00-0036994,Ernest Jones,LB,,,,
00-0024224,Ernie Sims,LB,,,,
00-0036840,Erroll Thompson,LB,,,,
00-0019549,Eugene McCaslin,LB,,,,
00-0036381,Evan Weaver,LB,,,,
00-0027019,Everette Brown,LB,,,,
00-0033867,Ezekiel Bigger,LB,,,,
00-0032622,Farrington Huguenin,LB,,,,
00-0020284,Fearon Wright,LB,,,,
00-0037163,Ferrod Gardner,LB,,,,
00-0033247,Folarin Orimolade,LB,,,,
00-0037401,Forrest Rhyne,LB,,,,
00-0034413,Foye Oluokun,LB,,,,
00-0036028,Francis Bernard,LB,,,,
00-0030314,Frank Beltre,LB,,,,
00-0019570,Frank Chamberlin,LB,,,,
00-0032210,Frank Clark,LB,,,,
00-0034474,Frank Ginda,LB,,,,
00-0020642,Frank Strong,LB,,,,
00-0027442,Frank Zombo,LB,,,,
00-0034302,Frankie Luvu,LB,,,,
00-0019356,Fred Jones,LB,,,,
00-0034815,Fred Warner,LB,,,,
00-0030396,Freddie Bishop,LB,,,,
00-0024309,Freddy Keiaho,LB,,,,
00-0031707,Gabe Martin,LB,,,,
00-0028078,Gabe Miller,LB,,,,
00-0039715,Gabriel Murphy,LB,,,,
00-0034210,Garret Dooley,LB,,,,
00-0036844,Garret Wallow,LB,,,,
00-0023904,Garrett McIntyre,LB,,,,
00-0033270,Garrett Sickels,LB,,,,
00-0021484,Gary Brackett,LB,,,,
00-0025821,Gary Guyton,LB,,,,
00-0035158,Gary Johnson,LB,,,,
00-0015725,Gary Stills,LB,,,,
00-0034682,Genard Avery,LB,,,,
00-0031940,Geneo Grissom,LB,,,,
00-0026315,Geno Hayes,LB,,,,
00-0009418,George Koonce,LB,,,,
00-0036119,George Obinna,LB,,,,
00-0004353,Gerald Dixon,LB,,,,
00-0021941,Gerald Hayes,LB,,,,
00-0030385,Gerald Hodges,LB,,,,
00-0027095,Gerald McRath,LB,,,,
00-0030052,Gerald Rivers,LB,,,,
00-0035697,Germaine Pratt,LB,,,,
00-0024311,Gerris Wilkinson,LB,,,,
00-0022848,Gilbert Gardner,LB,,,,
00-0033776,Gimel President,LB,,,,
00-0002493,Glenn Cadrez,LB,,,,
00-0030889,Glenn Carson,LB,,,,
00-0021033,Grant Irons,LB,,,,
00-0037066,Grant Morgan,LB,,,,
00-0036672,Grant Stuard,LB,,,,
00-0034305,Greer Martini,LB,,,,
00-0001232,Greg Biekert,LB,,,,
00-0004851,Greg Ellis,LB,,,,
00-0005105,Greg Favors,LB,,,,
00-0008755,Greg Jones,LB,,,,
00-0028123,Greg Jones,LB,,,,
00-0028175,Greg Lloyd,LB,,,,
00-0035082,Greg Roberts,LB,,,,
00-0025566,H.B. Blades,LB,,,,
00-0033875,Haason Reddick,LB,,,,
00-0036503,Hamsah Nasirildeen,LB,,,,
00-0011945,Hannibal Navies,LB,,,,
00-0012102,Hardy Nickerson,LB,,,,
00-0033344,Hardy Nickerson,LB,,,,
00-0034828,Harold Landry,LB,,,,
00-0033392,Harvey Langi,LB,,,,
00-0032056,Hau'oli Kikaha,LB,,,,
00-0032171,Hayes Pullard,LB,,,,
00-0023215,Heath Farwell,LB,,,,
00-0030634,Henoc Muamba,LB,,,,
00-0003660,Henri Crockett,LB,,,,
00-0038599,Henry To'oTo'o,LB,,,,
00-0031324,Horace Miller,LB,,,,
00-0032181,Houston Bates,LB,,,,
00-0030881,Howard Jones,LB,,,,
00-0021983,Hunter Hillenmeyer,LB,,,,
00-0031024,IK Enemkpali,LB,,,,
00-0019652,Ian Gold,LB,,,,
00-0025445,Ikaika Alama-Francis,LB,,,,
00-0013535,Ike Reese,LB,,,,
00-0038925,Ikenna Enechukwu,LB,,,,
00-0038652,Isaac Darkangelo,LB,,,,
00-0020281,Isaac Keys,LB,,,,
00-0023313,Isaiah Ekejiuba,LB,,,,
00-0037361,Isaiah Graham-Mobley,LB,,,,
00-0027566,Isaiah Greenhouse,LB,,,,
00-0033635,Isaiah Irving,LB,,,,
00-0019474,Isaiah Kacyvenski,LB,,,,
00-0036494,Isaiah Kaufusi,LB,,,,
00-0036658,Isaiah McDuffie,LB,,,,
00-0038516,Isaiah Moore,LB,,,,
00-0036356,Isaiah Simmons,LB,,,,
00-0039622,Isaiah Stalbird,LB,,,,
00-0037314,Isaiah Thomas,LB,,,,
00-0032586,Ivan McLennan,LB,,,,
00-0038807,Ivan Pace,LB,,,,
00-0027142,J.D. Folsom,LB,,,,
00-0020057,J.J. Jones,LB,,,,
00-0037491,J.J. Russell,LB,,,,
00-0029060,J.K. Schaffer,LB,,,,
00-0020866,J.R. Johnson,LB,,,,
00-0032044,J.R. Tavai,LB,,,,
00-0028133,J.T. Thomas,LB,,,,
00-0039370,JD Bertrand,LB,,,,
00-0030231,Ja'Gared Davis,LB,,,,
00-0034385,Ja'Whaun Bentley,LB,,,,
00-0036925,JaCoby Stevens,LB,,,,
00-0027975,Jabaal Sheard,LB,,,,
00-0028166,Jabara Williams,LB,,,,
00-0034898,Jaboree Williams,LB,,,,
00-0036882,Jabril Cox,LB,,,,
00-0035528,Jachai Polite,LB,,,,
00-0039018,Jack Campbell,LB,,,,
00-0034415,Jack Cichy,LB,,,,
00-0037208,Jack Cochrane,LB,,,,
00-0037596,Jack Gibbens,LB,,,,
00-0019045,Jack Golden,LB,,,,
00-0033986,Jack Lynn,LB,,,,
00-0037109,Jack Sanborn,LB,,,,
00-0030771,Jackson Jeffcoat,LB,,,,
00-0039499,Jackson Mitchell,LB,,,,
00-0039288,Jackson Sirmon,LB,,,,
00-0027501,Jacob Cutrera,LB,,,,
00-0033214,Jacob Lindsey,LB,,,,
00-0036276,Jacob Phillips,LB,,,,
00-0034154,Jacob Tuioti-Mariner,LB,,,,
00-0039457,Jacoby Windmon,LB,,,,
00-0028140,Jacquian Williams,LB,,,,
00-0031364,Jadeveon Clowney,LB,,,,
00-0036934,Jaelan Phillips,LB,,,,
00-0035240,Jahlani Tavai,LB,,,,
00-0038371,Jaiden Woodbey,LB,,,,
00-0032608,Jake Ganus,LB,,,,
00-0037457,Jake Hansen,LB,,,,
00-0037633,Jake Hummel,LB,,,,
00-0030143,Jake Knott,LB,,,,
00-0034163,Jake Martin,LB,,,,
00-0034242,Jake Pugh,LB,,,,
00-0031578,Jake Ryan,LB,,,,
00-0038648,Jalen Graham,LB,,,,
00-0033557,Jalen Reeves-Maybin,LB,,,,
00-0039740,Jalyx Hunt,LB,,,,
00-0026662,Jamaal Westerman,LB,,,,
00-0018994,Jamal Brooks,LB,,,,
00-0035449,Jamal Davis,LB,,,,
00-0039395,Jamal Hill,LB,,,,
00-0027814,Jamar Chaney,LB,,,,
00-0022980,Jamar Enzor,LB,,,,
00-0036533,Jamar Watson,LB,,,,
00-0024335,Jamar Williams,LB,,,,
00-0028600,Jamari Lattimore,LB,,,,
00-0026407,Jameel McClain,LB,,,,
00-0034905,Jameer Thurman,LB,,,,
00-0021207,James Allen,LB,,,,
00-0024303,James Anderson,LB,,,,
00-0032627,James Burgess,LB,,,,
00-0034881,James Crawford,LB,,,,
00-0003902,James Darling,LB,,,,
00-0030777,James Davidson,LB,,,,
00-0021958,James Davis,LB,,,,
00-0005082,James Farrior,LB,,,,
00-0005392,James Folston,LB,,,,
00-0035488,James Folston Jr.,LB,,,,
00-0020712,James Harrison,LB,,,,
00-0026751,James Holt,LB,,,,
00-0037310,James Houston,LB,,,,
00-0027011,James Laurinaitis,LB,,,,
00-0010029,James Logan,LB,,,,
00-0031155,James Morris,LB,,,,
00-0033704,James Onwualu,LB,,,,
00-0033067,James Ross,LB,,,,
00-0037403,James Skalski,LB,,,,
00-0031838,James Vaughters,LB,,,,
00-0039430,James Williams,LB,,,,
00-0029279,James-Michael Johnson,LB,,,,
00-0035506,Jamey Mosley,LB,,,,
00-0030421,Jamie Collins,LB,,,,
00-0004624,Jamie Duncan,LB,,,,
00-0014725,Jamie Sharper,LB,,,,
00-0039944,Jamie Sheriff,LB,,,,
00-0020470,Jamie Winborn,LB,,,,
00-0036500,Jamien Sherwood,LB,,,,
00-0036614,Jamin Davis,LB,,,,
00-0036068,Jamir Jones,LB,,,,
00-0011268,Jamir Miller,LB,,,,
00-0027824,Jammie Kirlew,LB,,,,
00-0036067,Jan Johnson,LB,,,,
00-0022740,Jared Allen,LB,,,,
00-0032998,Jared Norris,LB,,,,
00-0039852,Jared Verse,LB,,,,
00-0033539,Jarrad Davis,LB,,,,
00-0022139,Jarret Johnson,LB,,,,
00-0033068,Jarrett Grace,LB,,,,
00-0030499,Jarvis Jones,LB,,,,
00-0025404,Jarvis Moss,LB,,,,
00-0021011,Jashon Sykes,LB,,,,
00-0031135,Jason Ankrah,LB,,,,
00-0022695,Jason Babin,LB,,,,
00-0034171,Jason Cabinda,LB,,,,
00-0005967,Jason Gildon,LB,,,,
00-0020401,Jason Glenn,LB,,,,
00-0023890,Jason Hunter,LB,,,,
00-0039527,Jason Johnson,LB,,,,
00-0009530,Jason Kyle,LB,,,,
00-0019519,Jason Lamar,LB,,,,
00-0032711,Jason Neill,LB,,,,
00-0012038,Jason Nevadomsky,LB,,,,
00-0026911,Jason Phillips,LB,,,,
00-0027867,Jason Pierre-Paul,LB,,,,
00-0022185,Jason Short,LB,,,,
00-0016112,Jason Taylor,LB,,,,
00-0033396,Jason Thompson,LB,,,,
00-0025697,Jason Trusnik,LB,,,,
00-0027043,Jason Williams,LB,,,,
00-0027889,Jason Worilds,LB,,,,
00-0027108,Jasper Brinkley,LB,,,,
00-0032895,Jatavis Brown,LB,,,,
00-0020008,Jauron Dailey,LB,,,,
00-0035721,Jawuan Johnson,LB,,,,
00-0030752,Jay Elliott,LB,,,,
00-0005434,Jay Foreman,LB,,,,
00-0039759,Jay Person,LB,,,,
00-0025525,Jay Richardson,LB,,,,
00-0039388,Jaylan Ford,LB,,,,
00-0039436,Jaylen Harrell,LB,,,,
00-0038894,Jaylen Moody,LB,,,,
00-0039377,Jaylon Carlies,LB,,,,
00-0035651,Jaylon Ferguson,LB,,,,
00-0033052,Jaylon Smith,LB,,,,
00-0033954,Jayon Brown,LB,,,,
00-0029815,Jayson DiManche,LB,,,,
00-0006103,Jeff Gooch,LB,,,,
00-0034107,Jeff Holland,LB,,,,
00-0009110,Jeff Kelly,LB,,,,
00-0033191,Jeff Knox,LB,,,,
00-0013141,Jeff Posey,LB,,,,
00-0032884,Jeff Schoettmer,LB,,,,
00-0028251,Jeff Tarpinian,LB,,,,
00-0019586,Jeff Ulbrich,LB,,,,
00-0030384,Jelani Jenkins,LB,,,,
00-0031258,Jeremiah Attaochu,LB,,,,
00-0037520,Jeremiah Gemmel,LB,,,,
00-0031018,Jeremiah George,LB,,,,
00-0039663,Jeremiah Jean-Baptiste,LB,,,,
00-0037179,Jeremiah Moon,LB,,,,
00-0036915,Jeremiah Owusu-Koramoah,LB,,,,
00-0016624,Jeremiah Trotter,LB,,,,
00-0039826,Jeremiah Trotter Jr.,LB,,,,
00-0022502,Jeremy Cain,LB,,,,
00-0032994,Jeremy Cash,LB,,,,
00-0025948,Jeremy Leman,LB,,,,
00-0021608,Jeremy Loyd,LB,,,,
00-0024405,Jeremy Mincey,LB,,,,
00-0026242,Jeremy Thompson,LB,,,,
00-0034396,Jermaine Carter,LB,,,,
00-0027661,Jermaine Cunningham,LB,,,,
00-0033242,Jermaine Grace,LB,,,,
00-0037663,Jermaine Johnson,LB,,,,
00-0031835,Jermauria Rasco,LB,,,,
00-0034069,Jerod Fernandez,LB,,,,
00-0026150,Jerod Mayo,LB,,,,
00-0034797,Jerome Baker,LB,,,,
00-0025920,Jerrell Freeman,LB,,,,
00-0033678,Jerrol Garcia-Williams,LB,,,,
00-0029584,Jerry Brown,LB,,,,
00-0028941,Jerry Franklin,LB,,,,
00-0027881,Jerry Hughes,LB,,,,
00-0035445,Jesse Aniebonam,LB,,,,
00-0037330,Jesse Luketa,LB,,,,
00-0026417,Jesse Nading,LB,,,,
00-0000426,Jessie Armstead,LB,,,,
00-0016667,Jessie Tuggle,LB,,,,
00-0033046,Jihad Ward,LB,,,,
00-0022591,Jim Maxwell,LB,,,,
00-0012005,Jim Nelson,LB,,,,
00-0033312,Jimmie Gilbert,LB,,,,
00-0039277,Jimmy Ciarlo,LB,,,,
00-0034029,Jimmy Herman,LB,,,,
00-0020908,Jimmy McClain,LB,,,,
00-0038469,Jimmy Phillips,LB,,,,
00-0020458,Jimmy Robinson,LB,,,,
00-0025838,Jo-Lonn Dunbar,LB,,,,
00-0037393,JoJo Domann,LB,,,,
00-0000421,JoJuan Armour,LB,,,,
00-0009983,Jody Littleton,LB,,,,
00-0039763,Joe Andreessen,LB,,,,
00-0035895,Joe Bachie,LB,,,,
00-0001557,Joe Bowden,LB,,,,
00-0034931,Joe Dineen,LB,,,,
00-0039247,Joe Evans,LB,,,,
00-0035363,Joe Giles-Harris,LB,,,,
00-0033659,Joe Jones,LB,,,,
00-0026340,Joe Mays,LB,,,,
00-0021914,Joe Odom,LB,,,,
00-0027481,Joe Pawelek,LB,,,,
00-0033125,Joe Schobert,LB,,,,
00-0030761,Joe Thomas,LB,,,,
00-0020204,Joe Todd,LB,,,,
00-0036967,Joe Tryon,LB,,,,
00-0018599,Joe Tuipala,LB,,,,
00-0032809,Joe Walker,LB,,,,
00-0017448,Joe Wesley,LB,,,,
00-0037534,Joel Dublanko,LB,,,,
00-0034372,Joel Iyiegbuniwe,LB,,,,
00-0034558,Joel Lanning,LB,,,,
00-0035381,Joey Alfieri,LB,,,,
00-0033156,Joey Bosa,LB,,,,
00-0026383,Joey LaRocque,LB,,,,
00-0013126,Joey Porter,LB,,,,
00-0019546,John Abraham,LB,,,,
00-0036155,John Daka,LB,,,,
00-0023938,John DiGiorgio,LB,,,,
00-0019283,John Eskridge,LB,,,,
00-0005176,John Fiala,LB,,,,
00-0007587,John Holecek,LB,,,,
00-0022271,John Leake,LB,,,,
00-0030210,John Lotulelei,LB,,,,
00-0011449,John Mobley,LB,,,,
00-0013548,John Reeves,LB,,,,
00-0030442,John Simon,LB,,,,
00-0016210,John Thierry,LB,,,,
00-0031915,John Timu,LB,,,,
00-0033351,Johnathan Calvin,LB,,,,
00-0023638,Johnathan Goddard,LB,,,,
00-0025545,Johnny Baldwin,LB,,,,
00-0014209,Johnny Rutledge,LB,,,,
00-0024292,Jon Alston,LB,,,,
00-0025412,Jon Beason,LB,,,,
00-0030064,Jon Bostic,LB,,,,
00-0025764,Jon Corto,LB,,,,
00-0036802,Jon Rhattigan,LB,,,,
00-0039809,Jonah Elliss,LB,,,,
00-0035804,Jonas Griffith,LB,,,,
00-0027999,Jonas Mouton,LB,,,,
00-0031902,Jonathan Anderson,LB,,,,
00-0026832,Jonathan Casillas,LB,,,,
00-0034872,Jonathan Celestin,LB,,,,
00-0028454,Jonathan Freeny,LB,,,,
00-0036239,Jonathan Garvin,LB,,,,
00-0026305,Jonathan Goff,LB,,,,
00-0036224,Jonathan Greenard,LB,,,,
00-0019158,Jonathan Jackson,LB,,,,
00-0029617,Jonathan Massaquoi,LB,,,,
00-0030995,Jonathan Newsome,LB,,,,
00-0029880,Jonathan Stewart,LB,,,,
00-0022778,Jonathan Vilma,LB,,,,
00-0034006,Jonathan Walton,LB,,,,
00-0036952,Jonathon Cooper,LB,,,,
00-0039690,Jontrey Hunter,LB,,,,
00-0029770,Joplo Bartu,LB,,,,
00-0023525,Jordan Beck,LB,,,,
00-0035319,Jordan Brailford,LB,,,,
00-0033790,Jordan Evans,LB,,,,
00-0035980,Jordan Fehr,LB,,,,
00-0036229,Jordan Glasgow,LB,,,,
00-0032129,Jordan Hicks,LB,,,,
00-0032970,Jordan Jenkins,LB,,,,
00-0021557,Jordan Kramer,LB,,,,
00-0035444,Jordan Kunaszyk,LB,,,,
00-0035772,Jordan Mack,LB,,,,
00-0039368,Jordan Magee,LB,,,,
00-0025995,Jordan Senn,LB,,,,
00-0036868,Jordan Smith,LB,,,,
00-0034420,Jordan Thomas,LB,,,,
00-0031313,Jordan Tripp,LB,,,,
00-0031866,Jordan Williams,LB,,,,
00-0037489,Jordan Young,LB,,,,
00-0031316,Jordan Zumwalt,LB,,,,
00-0026185,Jordon Dizon,LB,,,,
00-0036409,Jordyn Brooks,LB,,,,
00-0022856,Jorge Cordova,LB,,,,
00-0039053,Jose Ramirez,LB,,,,
00-0034368,Josey Jewell,LB,,,,
00-0035642,Josh Allen,LB,,,,
00-0028278,Josh Bynes,LB,,,,
00-0033794,Josh Carraway,LB,,,,
00-0033113,Josh Forrest,LB,,,,
00-0033532,Josh Harvey-Clemons,LB,,,,
00-0027845,Josh Hull,LB,,,,
00-0029595,Josh Kaddu,LB,,,,
00-0031847,Josh Keyes,LB,,,,
00-0033506,Josh Letuligasenoa,LB,,,,
00-0030160,Josh Martin,LB,,,,
00-0029744,Josh McNary,LB,,,,
00-0037184,Josh Ross,LB,,,,
00-0031890,Josh Shirley,LB,,,,
00-0035741,Josh Smith,LB,,,,
00-0020139,Josh Stamer,LB,,,,
00-0034381,Josh Sweat,LB,,,,
00-0020704,Josh Thornhill,LB,,,,
00-0036159,Josh Uche,LB,,,,
00-0034956,Josh Watson,LB,,,,
00-0034801,Josh Woods,LB,,,,
00-0027170,Joshua Mauga,LB,,,,
00-0032894,Joshua Perry,LB,,,,
00-0035016,Josiah Tauaefa,LB,,,,
00-0026869,Jovan Belcher,LB,,,,
00-0036249,Julian Okwara,LB,,,,
00-0019695,Julian Peterson,LB,,,,
00-0029061,Julian Stanford,LB,,,,
00-0021140,Julius Peppers,LB,,,,
00-0039931,Julius Welschof,LB,,,,
00-0039346,Junior Colson,LB,,,,
00-0027551,Junior Galette,LB,,,,
00-0034534,Junior Joseph,LB,,,,
00-0014619,Junior Seau,LB,,,,
00-0031525,Junior Sylvestre,LB,,,,
00-0030772,Justin Anderson,LB,,,,
00-0027270,Justin Cole,LB,,,,
00-0025435,Justin Durant,LB,,,,
00-0020800,Justin Ena,LB,,,,
00-0024582,Justin Hickman,LB,,,,
00-0036673,Justin Hilliard,LB,,,,
00-0035591,Justin Hollins,LB,,,,
00-0033689,Justin Horton,LB,,,,
00-0028008,Justin Houston,LB,,,,
00-0019949,Justin Kurpeikis,LB,,,,
00-0034813,Justin Lawler,LB,,,,
00-0031999,Justin March-Lillard,LB,,,,
00-0035419,Justin Phillips,LB,,,,
00-0025567,Justin Rogers,LB,,,,
00-0020817,Justin Seaverns,LB,,,,
00-0020750,Justin Smith,LB,,,,
00-0029844,Justin Staples,LB,,,,
00-0036428,Justin Strnad,LB,,,,
00-0030246,Justin Tuggle,LB,,,,
00-0035580,Juwon Young,LB,,,,
00-0024755,Jyles Tucker,LB,,,,
00-0036286,K'Lavon Chaisson,LB,,,,
00-0026593,K.C. Asiodu,LB,,,,
00-0017846,K.D. Williams,LB,,,,
00-0036643,K.J. Britt,LB,,,,
00-0039705,K.J. Cloyd,LB,,,,
00-0028037,K.J. Wright,LB,,,,
00-0030032,Ka'Lial Glaud,LB,,,,
00-0019617,Kabeer Gbaja-Biamila,LB,,,,
00-0032682,Kache Palacio,LB,,,,
00-0035316,Kaden Elliss,LB,,,,
00-0037388,Kadofi Wright,LB,,,,
00-0029118,Kaelin Burnett,LB,,,,
00-0035469,Kahzin Daniels,LB,,,,
00-0018168,Kailee Wong,LB,,,,
00-0039585,Kalen DeLoach,LB,,,,
00-0022407,Kalen Thornton,LB,,,,
00-0027074,Kaluka Maiava,LB,,,,
00-0036270,Kamal Martin,LB,,,,
00-0032386,Kamalei Correa,LB,,,,
00-0024228,Kamerion Wimbley,LB,,,,
00-0032437,Kamu Grugier-Hill,LB,,,,
00-0037383,Kana'i Mauga,LB,,,,
00-0031050,Kareem Martin,LB,,,,
00-0022927,Karlos Dansby,LB,,,,
00-0020334,Karon Riley,LB,,,,
00-0031255,Kasim Edebali,LB,,,,
00-0027831,Kavell Conner,LB,,,,
00-0021970,Kawika Mitchell,LB,,,,
00-0037611,Kayvon Thibodeaux,LB,,,,
00-0034724,KeShun Freeman,LB,,,,
00-0036203,Keandre Jones,LB,,,,
00-0027377,Keaton Kristick,LB,,,,
00-0027721,Keenan Clayton,LB,,,,
00-0029545,Keenan Robinson,LB,,,,
00-0037213,Kehinde Oginni Hassan,LB,,,,
00-0033521,Keion Adams,LB,,,,
00-0037057,Keir Thomas,LB,,,,
00-0034422,Keishawn Bierria,LB,,,,
00-0020488,Keith Adams,LB,,,,
00-0001820,Keith Brooking,LB,,,,
00-0019648,Keith Bulluck,LB,,,,
00-0002312,Keith Burns,LB,,,,
00-0024392,Keith Ellison,LB,,,,
00-0033494,Keith Kelsey,LB,,,,
00-0019032,Keith Miller,LB,,,,
00-0011413,Keith Mitchell,LB,,,,
00-0012059,Keith Newman,LB,,,,
00-0021677,Keith O'Neil,LB,,,,
00-0029830,Keith Pough,LB,,,,
00-0026149,Keith Rivers,LB,,,,
00-0030968,Keith Smith,LB,,,,
00-0038943,Kelechi Anyalebechi,LB,,,,
00-0038461,Kelle Sanders,LB,,,,
00-0019059,Kelvin Moses,LB,,,,
00-0028006,Kelvin Sheppard,LB,,,,
00-0025606,Kelvin Smith,LB,,,,
00-0033820,Ken Ekanem,LB,,,,
00-0012196,Ken Norton,LB,,,,
00-0034287,Kendall Donnerson,LB,,,,
00-0012323,Kendall Ogle,LB,,,,
00-0033938,Kendell Beckwith,LB,,,,
00-0020317,Kendrell Bell,LB,,,,
00-0022789,Kendyll Pope,LB,,,,
00-0033657,Kennan Gilchrist,LB,,,,
00-0036441,Kenneth Murray,LB,,,,
00-0033650,Kenneth Olugbode,LB,,,,
00-0023659,Kenneth Pettway,LB,,,,
00-0030309,Kenny Demens,LB,,,,
00-0039494,Kenny Dyson,LB,,,,
00-0026486,Kenny Onatolu,LB,,,,
00-0034266,Kenny Young,LB,,,,
00-0032422,Kentrell Brothers,LB,,,,
00-0026013,Kenwin Cummings,LB,,,,
00-0019362,Kenyatta Wright,LB,,,,
00-0035627,Ketner Kupp,LB,,,,
00-0027276,Kevin Alexander,LB,,,,
00-0032713,Kevin Anderson,LB,,,,
00-0021225,Kevin Bentley,LB,,,,
00-0023477,Kevin Burnett,LB,,,,
00-0033244,Kevin Davis,LB,,,,
00-0033074,Kevin Dodd,LB,,,,
00-0006843,Kevin Hardy,LB,,,,
00-0023342,Kevin Harrison,LB,,,,
00-0019154,Kevin Lewis,LB,,,,
00-0026554,Kevin Malast,LB,,,,
00-0030382,Kevin Minter,LB,,,,
00-0011415,Kevin Mitchell,LB,,,,
00-0012282,Kevin O'Neill,LB,,,,
00-0031308,Kevin Pierre-Louis,LB,,,,
00-0030222,Kevin Reddick,LB,,,,
00-0031661,Kevin Snyder,LB,,,,
00-0024027,Kevis Coley,LB,,,,
00-0022697,Keyaron Fox,LB,,,,
00-0022061,Keyon Whiteside,LB,,,,
00-0031240,Khairi Fortt,LB,,,,
00-0037367,Khalan Tolson,LB,,,,
00-0036343,Khaleke Hudson,LB,,,,
00-0021957,Khalid Abdullah,LB,,,,
00-0031040,Khalil Mack,LB,,,,
00-0014298,Khari Samuel,LB,,,,
00-0020971,Khary Campbell,LB,,,,
00-0030027,Khaseem Greene,LB,,,,
00-0036174,Khaylan Kearse-Thomas,LB,,,,
00-0030401,Kiko Alonso,LB,,,,
00-0037083,Kingsley Enagbare,LB,,,,
00-0027597,Kion Wilson,LB,,,,
00-0023513,Kirk Morrison,LB,,,,
00-0035123,Koa Farmer,LB,,,,
00-0027883,Koa Misi,LB,,,,
00-0036831,Kobe Jones,LB,,,,
00-0020240,Kole Ayi,LB,,,,
00-0029289,Korey Toomer,LB,,,,
00-0011366,Kory Minor,LB,,,,
00-0028979,Kourtnei Brown,LB,,,,
00-0023075,Kris Griffin,LB,,,,
00-0036157,Kristian Welch,LB,,,,
00-0026294,Kroy Biermann,LB,,,,
00-0035961,Krys Barnes,LB,,,,
00-0037582,Kuony Deng,LB,,,,
00-0032109,Kwon Alexander,LB,,,,
00-0036097,Kyahva Tezino,LB,,,,
00-0035840,Kylan Johnson,LB,,,,
00-0027499,Kyle Bosworth,LB,,,,
00-0033086,Kyle Coleman,LB,,,,
00-0032110,Kyle Emanuel,LB,,,,
00-0029649,Kyle Knox,LB,,,,
00-0034566,Kyle Queiro,LB,,,,
00-0038709,Kyle Soelle,LB,,,,
00-0031360,Kyle Van Noy,LB,,,,
00-0029647,Kyle Wilber,LB,,,,
00-0034776,Kyle Wilson,LB,,,,
00-0032955,Kyler Fackrell,LB,,,,
00-0034404,Kylie Fitts,LB,,,,
00-0032928,Kyrie Wilson,LB,,,,
00-0037084,Kyron Johnson,LB,,,,
00-0034375,Kyzir White,LB,,,,
00-0028932,L.J. Fort,LB,,,,
00-0025433,LaMarr Woodley,LB,,,,
00-0029955,LaRoy Reynolds,LB,,,,
00-0033477,LaTroy Lewis,LB,,,,
00-0019692,LaVar Arrington,LB,,,,
00-0036030,Ladarius Hamilton,LB,,,,
00-0033644,Ladell Fleming,LB,,,,
00-0037025,Lakiem Williams,LB,,,,
00-0032502,Lamar Louis,LB,,,,
00-0027657,Lamarr Houston,LB,,,,
00-0031354,Lamin Barrow,LB,,,,
00-0006335,Lamont Green,LB,,,,
00-0022128,Lance Briggs,LB,,,,
00-0023903,Lance Laury,LB,,,,
00-0023601,Lance Mitchell,LB,,,,
00-0035608,Landis Durham,LB,,,,
00-0039943,Landon Honeycutt,LB,,,,
00-0022860,Landon Johnson,LB,,,,
00-0028260,Larry Dean,LB,,,,
00-0026992,Larry English,LB,,,,
00-0021246,Larry Foote,LB,,,,
00-0026354,Larry Grant,LB,,,,
00-0008075,Larry Izzo,LB,,,,
00-0022242,Larry Stevens,LB,,,,
00-0030488,Lavar Edwards,LB,,,,
00-0029562,Lavonte David,LB,,,,
00-0027090,Lawrence Sidbury,LB,,,,
00-0025402,Lawrence Timmons,LB,,,,
00-0023533,LeRoy Hill,LB,,,,
00-0020025,LeVar Woods,LB,,,,
00-0026522,Lee Robinson,LB,,,,
00-0018186,Lee Woodall,LB,,,,
00-0034674,Leighton Vander Esch,LB,,,,
00-0006668,Lemanski Hall,LB,,,,
00-0010421,Lemar Marshall,LB,,,,
00-0008811,Lenoy Jones,LB,,,,
00-0037819,Leo Chenal,LB,,,,
00-0034428,Leon Jacobs,LB,,,,
00-0022667,Leon Joe,LB,,,,
00-0024325,Leon Williams,LB,,,,
00-0033072,Leonard Floyd,LB,,,,
00-0009978,Leonard Little,LB,,,,
00-0029799,Lerentee McCray,LB,,,,
00-0019624,Lester Towns,LB,,,,
00-0021177,Levar Fisher,LB,,,,
00-0039565,Levelle Bailey,LB,,,,
00-0038444,Levi Bell,LB,,,,
00-0009298,Levon Kirkland,LB,,,,
00-0002377,Lewis Bush,LB,,,,
00-0038429,Liam Anderson,LB,,,,
00-0023279,Liam Ezekiel,LB,,,,
00-0023480,Lofa Tatupu,LB,,,,
00-0036294,Logan Wilson,LB,,,,
00-0019237,London Dunlap,LB,,,,
00-0005322,London Fletcher,LB,,,,
00-0019213,Lonie Paxton,LB,,,,
00-0010486,Lonnie Marts,LB,,,,
00-0023259,Lorenzo Alexander,LB,,,,
00-0034360,Lorenzo Carter,LB,,,,
00-0031564,Lorenzo Mauldin,LB,,,,
00-0015870,Lorenzo Styles,LB,,,,
00-0021131,Louis Green,LB,,,,
00-0020541,Louis Mackey,LB,,,,
00-0033665,Lucas Wacha,LB,,,,
00-0037499,Luiji Vilain,LB,,,,
00-0039112,Lukas Van Ness,LB,,,,
00-0035413,Luke Gifford,LB,,,,
00-0029248,Luke Kuechly,LB,,,,
00-0037517,Luke Masterson,LB,,,,
00-0032753,Luke Rhodes,LB,,,,
00-0039327,Luquay Washington,LB,,,,
00-0031930,Lynden Trail,LB,,,,
00-0038497,Maalik Hall,LB,,,,
00-0035144,Mack Wilson,LB,,,,
00-0039637,Maema Njongmeta,LB,,,,
00-0037289,Malcolm Rodriguez,LB,,,,
00-0028180,Malcolm Smith,LB,,,,
00-0035324,Malik Carney,LB,,,,
00-0038448,Malik Hamm,LB,,,,
00-0036280,Malik Harrison,LB,,,,
00-0034835,Malik Jefferson,LB,,,,
00-0034954,Malik Reed,LB,,,,
00-0034689,Manase Hungalu,LB,,,,
00-0024237,Manny Lawson,LB,,,,
00-0030278,Manti Te'o,LB,,,,
00-0011097,Marc Megna,LB,,,,
00-0035767,Marcel Spears Jr.,LB,,,,
00-0037526,Marcelino McCrary-Ball,LB,,,,
00-0019472,Marcus Bell,LB,,,,
00-0026742,Marcus Benard,LB,,,,
00-0002184,Marcus Buckley,LB,,,,
00-0025877,Marcus Buggs,LB,,,,
00-0034344,Marcus Davenport,LB,,,,
00-0029038,Marcus Dowtin,LB,,,,
00-0023263,Marcus Lawrence,LB,,,,
00-0034191,Marcus Porter,LB,,,,
00-0021662,Marcus Reese,LB,,,,
00-0031509,Marcus Rush,LB,,,,
00-0031371,Marcus Smith,LB,,,,
00-0019585,Marcus Washington,LB,,,,
00-0036063,Marcus Webb,LB,,,,
00-0020961,Marcus Wilkins,LB,,,,
00-0028339,Mario Addison,LB,,,,
00-0022034,Mario Haggan,LB,,,,
00-0028211,Mario Harvey,LB,,,,
00-0032572,Mario Ojemudia,LB,,,,
00-0023750,Mario Williams,LB,,,,
00-0039352,Marist Liufau,LB,,,,
00-0021723,Mark Brown,LB,,,,
00-0005202,Mark Fields,LB,,,,
00-0028620,Mark Herzlich,LB,,,,
00-0010259,Mark Maddox,LB,,,,
00-0035014,Mark McLaurin,LB,,,,
00-0031961,Mark Nzeocha,LB,,,,
00-0037316,Mark Robinson,LB,,,,
00-0018957,Mark Simoneau,LB,,,,
00-0025790,Mark Washington,LB,,,,
00-0038958,Markees Watts,LB,,,,
00-0036314,Markus Bailey,LB,,,,
00-0032127,Markus Golden,LB,,,,
00-0035111,Markus Jones,LB,,,,
00-0020408,Markus Steele,LB,,,,
00-0028162,Markus White,LB,,,,
00-0019959,Marq Cerqua,LB,,,,
00-0033956,Marquel Lee,LB,,,,
00-0023084,Marques Harris,LB,,,,
00-0025720,Marques Murrell,LB,,,,
00-0022898,Marquis Cooper,LB,,,,
00-0031290,Marquis Flowers,LB,,,,
00-0034382,Marquis Haynes,LB,,,,
00-0028835,Marshall McFadden,LB,,,,
00-0039054,Marte Mapu,LB,,,,
00-0028010,Martez Wilson,LB,,,,
00-0023071,Martin Patterson,LB,,,,
00-0031945,Martrell Spaight,LB,,,,
00-0011592,Marty Moore,LB,,,,
00-0012666,Marvcus Patton,LB,,,,
00-0008819,Marvin Jones,LB,,,,
00-0025607,Marvin Mitchell,LB,,,,
00-0039224,Marvin Moody,LB,,,,
00-0038707,Marvin Pierre,LB,,,,
00-0028022,Mason Foster,LB,,,,
00-0021607,Mason Unck,LB,,,,
00-0024247,Mathias Kiwanuka,LB,,,,
00-0019731,Matt Beck,LB,,,,
00-0035063,Matt Betts,LB,,,,
00-0002909,Matt Chatham,LB,,,,
00-0033849,Matt Galambos,LB,,,,
00-0023272,Matt Grootegoed,LB,,,,
00-0032415,Matt Judon,LB,,,,
00-0031814,Matt Longacre,LB,,,,
00-0023498,Matt McCoy,LB,,,,
00-0033571,Matt Milano,LB,,,,
00-0023481,Matt Roth,LB,,,,
00-0027045,Matt Shaughnessy,LB,,,,
00-0022973,Matt Sinclair,LB,,,,
00-0020278,Matt Stewart,LB,,,,
00-0031602,Matt Wells,LB,,,,
00-0022009,Matt Wilhelm,LB,,,,
00-0034424,Matthew Adams,LB,,,,
00-0034484,Matthew Oplinger,LB,,,,
00-0034341,Matthew Thomas,LB,,,,
00-0027901,Maurice Simpkins,LB,,,,
00-0031138,Max Bullough,LB,,,,
00-0036524,Max Richardson,LB,,,,
00-0032153,Max Valles,LB,,,,
00-0020647,Max Yates,LB,,,,
00-0039607,Maxwell Tooley,LB,,,,
00-0001647,Melvin Bradley,LB,,,,
00-0029249,Melvin Ingram,LB,,,,
00-0032853,Micah Awe,LB,,,,
00-0038417,Micah Baskerville,LB,,,,
00-0027576,Micah Johnson,LB,,,,
00-0034806,Micah Kiser,LB,,,,
00-0037259,Micah McFadden,LB,,,,
00-0036932,Micah Parsons,LB,,,,
00-0039429,Michael Barrett,LB,,,,
00-0023593,Michael Boley,LB,,,,
00-0021760,Michael Brown,LB,,,,
00-0036044,Michael Divinity,LB,,,,
00-0006724,Michael Hamilton,LB,,,,
00-0019098,Michael Hawkes,LB,,,,
00-0035933,Michael Hoecht,LB,,,,
00-0027044,Michael Johnson,LB,,,,
00-0028413,Michael Lockley,LB,,,,
00-0030392,Michael Mauti,LB,,,,
00-0028443,Michael Morgan,LB,,,,
00-0035116,Michael Onuoha,LB,,,,
00-0028836,Michael Wilhoite,LB,,,,
00-0020026,Michael Young,LB,,,,
00-0000829,Micheal Barrow,LB,,,,
00-0024661,Mickey Pimentel,LB,,,,
00-0008823,Mike A. Jones,LB,,,,
00-0027374,Mike Balogun,LB,,,,
00-0002518,Mike Caldwell,LB,,,,
00-0030109,Mike Catapano,LB,,,,
00-0023182,Mike Goolsby,LB,,,,
00-0031719,Mike Hull,LB,,,,
00-0038927,Mike Jones,LB,,,,
00-0022297,Mike Labinjo,LB,,,,
00-0010496,Mike Maslowski,LB,,,,
00-0028823,Mike McAdoo,LB,,,,
00-0028127,Mike Mohamed,LB,,,,
00-0011729,Mike Morton,LB,,,,
00-0021961,Mike Nattiel,LB,,,,
00-0027664,Mike Neal,LB,,,,
00-0034480,Mike Needham,LB,,,,
00-0012871,Mike Peterson,LB,,,,
00-0032213,Mike Reilly,LB,,,,
00-0026556,Mike Rivera,LB,,,,
00-0037215,Mike Rose,LB,,,,
00-0023666,Mike Smith,LB,,,,
00-0039951,Mike Smith Jr.,LB,,,,
00-0016960,Mike Vrabel,LB,,,,
00-0038868,Mikel Jones,LB,,,,
00-0029631,Miles Burris,LB,,,,
00-0036511,Milo Eifler,LB,,,,
00-0028533,Mister Alexander,LB,,,,
00-0012519,Mitch Palmer,LB,,,,
00-0038682,Mitchell Agude,LB,,,,
00-0009886,Mo Lewis,LB,,,,
00-0039877,Mohamed Kamara,LB,,,,
00-0038711,Mohamoud Diabate,LB,,,,
00-0026951,Moise Fokou,LB,,,,
00-0038747,Monte Pottebaum,LB,,,,
00-0035647,Montez Sweat,LB,,,,
00-0020478,Monty Beisel,LB,,,,
00-0037000,Monty Rice,LB,,,,
00-0020449,Morlon Greenwood,LB,,,,
00-0026709,Mortty Ivy,LB,,,,
00-0009047,Muadianvita Kazadi,LB,,,,
00-0029409,Mychal Kendricks,LB,,,,
00-0037751,Myjai Sanders,LB,,,,
00-0036300,Mykal Walker,LB,,,,
00-0032840,Myke Tavarres,LB,,,,
00-0034308,Myles Humphrey,LB,,,,
00-0032968,Myles Jack,LB,,,,
00-0019467,Na'il Diggs,LB,,,,
00-0034181,Naashon Hughes,LB,,,,
00-0029418,Najee Goode,LB,,,,
00-0033476,Najee Harris,LB,,,,
00-0037615,Nakobe Dean,LB,,,,
00-0021155,Napoleon Harris,LB,,,,
00-0028181,Nate Bussey,LB,,,,
00-0035824,Nate Evans,LB,,,,
00-0033577,Nate Gerry,LB,,,,
00-0035415,Nate Hall,LB,,,,
00-0025751,Nate Harris,LB,,,,
00-0007236,Nate Hemsley,LB,,,,
00-0028005,Nate Irving,LB,,,,
00-0037587,Nate Landman,LB,,,,
00-0031556,Nate Orchard,LB,,,,
00-0030104,Nate Palmer,LB,,,,
00-0027766,Nate Triplett,LB,,,,
00-0017340,Nate Wayne,LB,,,,
00-0019562,Nate Webster,LB,,,,
00-0038146,Nate Wieland,LB,,,,
00-0038863,Nathan East,LB,,,,
00-0029629,Nathan Stupar,LB,,,,
00-0039406,Nathaniel Watson,LB,,,,
00-0035615,Natrez Patrick,LB,,,,
00-0027894,Navorro Bowman,LB,,,,
00-0032205,Neiron Ball,LB,,,,
00-0037544,Nephi Sewell,LB,,,,
00-0031740,Neville Hewitt,LB,,,,
00-0027107,Nic Harris,LB,,,,
00-0032674,Nicholas Grigsby,LB,,,,
00-0033445,Nicholas Morrow,LB,,,,
00-0038899,Nick Anderson,LB,,,,
00-0021990,Nick Barnett,LB,,,,
00-0028292,Nick Bellore,LB,,,,
00-0036621,Nick Bolton,LB,,,,
00-0034655,Nick DeLuca,LB,,,,
00-0032081,Nick Dzubnar,LB,,,,
00-0021265,Nick Greisen,LB,,,,
00-0039076,Nick Hampton,LB,,,,
00-0038577,Nick Herbig,LB,,,,
00-0032773,Nick Kwiatkoski,LB,,,,
00-0022362,Nick McNeil,LB,,,,
00-0030100,Nick Moody,LB,,,,
00-0036648,Nick Niemann,LB,,,,
00-0029408,Nick Perry,LB,,,,
00-0024750,Nick Roach,LB,,,,
00-0021290,Nick Rogers,LB,,,,
00-0023609,Nick Speegle,LB,,,,
00-0033741,Nick Usher,LB,,,,
00-0032892,Nick Vigil,LB,,,,
00-0030508,Nico Johnson,LB,,,,
00-0033851,Nico Marley,LB,,,,
00-0029272,Nigel Bradham,LB,,,,
00-0033700,Nigel Harris,LB,,,,
00-0037249,Nik Bonitto,LB,,,,
00-0022710,Niko Koutouvides,LB,,,,
00-0035549,Noah Dawkins,LB,,,,
00-0038390,Noah Sewell,LB,,,,
00-0039013,Nolan Smith,LB,,,,
00-0034003,Noor Davis,LB,,,,
00-0034595,Nyles Morgan,LB,,,,
00-0027730,O'Brien Schofield,LB,,,,
00-0001760,O.J. Brigance,LB,,,,
00-0002946,O.J. Childress,LB,,,,
00-0034807,Obo Okoronkwo,LB,,,,
00-0031614,Obum Gwacham,LB,,,,
00-0039135,Ochaun Mathis,LB,,,,
00-0036940,Odafe Oweh,LB,,,,
00-0023483,Odell Thurman,LB,,,,
00-0034204,Ola Adeniyi,LB,,,,
00-0037481,Olakunle Fatukasi,LB,,,,
00-0029693,Olivier Vernon,LB,,,,
00-0008594,Olrick Johnson,LB,,,,
00-0024382,Omar Gaither,LB,,,,
00-0039774,Omar Speights,LB,,,,
00-0035879,Omari Cobb,LB,,,,
00-0019637,Orantes Grant,LB,,,,
00-0034754,Oren Burks,LB,,,,
00-0028666,Orie Lemon,LB,,,,
00-0020360,Orlando Huff,LB,,,,
00-0014153,Orlando Ruff,LB,,,,
00-0035708,Oshane Ximines,LB,,,,
00-0035103,Otaro Alaka,LB,,,,
00-0033738,Otha Peters,LB,,,,
00-0038853,Otis Reese,LB,,,,
00-0037346,Owen Carney,LB,,,,
00-0038600,Owen Pappoe,LB,,,,
00-0033685,P.J. Davis,LB,,,,
00-0036544,Paddy Fisher,LB,,,,
00-0025667,Pago Togafau,LB,,,,
00-0019104,Paris Lenon,LB,,,,
00-0024354,Parys Haralson,LB,,,,
00-0027892,Pat Angerer,LB,,,,
00-0025833,Patrick Bailey,LB,,,,
00-0020451,Patrick Chukwurah,LB,,,,
00-0036922,Patrick Johnson,LB,,,,
00-0037007,Patrick Jones,LB,,,,
00-0038764,Patrick O'Connell,LB,,,,
00-0032573,Patrick Onwuasor,LB,,,,
00-0036323,Patrick Queen,LB,,,,
00-0023631,Patrick Thomas,LB,,,,
00-0027337,Patrick Trahan,LB,,,,
00-0025398,Patrick Willis,LB,,,,
00-0032167,Paul Dawson,LB,,,,
00-0029945,Paul Hazel,LB,,,,
00-0027033,Paul Kruger,LB,,,,
00-0025421,Paul Posluszny,LB,,,,
00-0029792,Paul Worrilow,LB,,,,
00-0039741,Payton Wilson,LB,,,,
00-0028103,Pernell McPhee,LB,,,,
00-0027704,Perry Riley,LB,,,,
00-0001151,Pete Bercich,LB,,,,
00-0011516,Pete Monty,LB,,,,
00-0032851,Pete Robertson,LB,,,,
00-0036927,Pete Werner,LB,,,,
00-0001544,Peter Boulware,LB,,,,
00-0034421,Peter Kalambayi,LB,,,,
00-0019588,Peter Sirmon,LB,,,,
00-0018612,Phil Clarke,LB,,,,
00-0006052,Phil Glover,LB,,,,
00-0026233,Philip Wheeler,LB,,,,
00-0027715,Phillip Dillard,LB,,,,
00-0017169,Phillip Ward,LB,,,,
00-0026877,Pierre Walters,LB,,,,
00-0024017,Pierre Woods,LB,,,,
00-0022050,Pisa Tinoisamoa,LB,,,,
00-0033298,Pita Taumoepenu,LB,,,,
00-0025594,Prescott Burgess,LB,,,,
00-0031171,Preston Brown,LB,,,,
00-0031935,Preston Smith,LB,,,,
00-0031178,Prince Shembo,LB,,,,
00-0035744,Quart'e Sapp,LB,,,,
00-0037074,Quay Walker,LB,,,,
00-0031896,Quayshawn Nealy,LB,,,,
00-0032858,Quentin Gause,LB,,,,
00-0026192,Quentin Groves,LB,,,,
00-0025452,Quentin Moses,LB,,,,
00-0034793,Quentin Poling,LB,,,,
00-0025455,Quincy Black,LB,,,,
00-0021107,Quincy Monk,LB,,,,
00-0036845,Quincy Roche,LB,,,,
00-0019789,Quincy Stewart,LB,,,,
00-0035680,Quincy Williams,LB,,,,
00-0022343,Quinn Dorsey,LB,,,,
00-0035000,Quinton Bell,LB,,,,
00-0020501,Quinton Caver,LB,,,,
00-0029559,Quinton Coples,LB,,,,
00-0024565,Quinton Culberson,LB,,,,
00-0028458,Quinton Spears,LB,,,,
00-0033461,Raekwon McMillan,LB,,,,
00-0022663,Raheem Orr,LB,,,,
00-0000008,Rahim Abdullah,LB,,,,
00-0039270,Ralen Goforth,LB,,,,
00-0031943,Ramik Wilson,LB,,,,
00-0024701,Ramon Guzman,LB,,,,
00-0026672,Ramon Humber,LB,,,,
00-0006063,Randall Godfrey,LB,,,,
00-0031026,Randell Johnson,LB,,,,
00-0033824,Randy Allen,LB,,,,
00-0032197,Randy Gregory,LB,,,,
00-0035085,Randy Ramsey,LB,,,,
00-0021167,Raonall Smith,LB,,,,
00-0034743,Rashaan Evans,LB,,,,
00-0023729,Rashad Jeanty,LB,,,,
00-0036209,Rashad Smith,LB,,,,
00-0036938,Rashad Weaver,LB,,,,
00-0034967,Rashan Gary,LB,,,,
00-0036086,Rashod Berry,LB,,,,
00-0016311,Ratcliff Thomas,LB,,,,
00-0009889,Ray Lewis,LB,,,,
00-0021664,Ray Wells,LB,,,,
00-0035790,Ray Wilborn,LB,,,,
00-0030050,Ray-Ray Armstrong,LB,,,,
00-0034288,Raymond Davison,LB,,,,
00-0019535,Raynoch Thompson,LB,,,,
00-0032633,Reggie Gilbert,LB,,,,
00-0006014,Reggie Givens,LB,,,,
00-0034518,Reggie Hunter,LB,,,,
00-0033058,Reggie Ragland,LB,,,,
00-0022810,Reggie Torbor,LB,,,,
00-0026727,Reggie Walker,LB,,,,
00-0035923,Reggie Walker,LB,,,,
00-0022287,Renauld Williams,LB,,,,
00-0027698,Rennie Curran,LB,,,,
00-0031616,Reshard Cliett,LB,,,,
00-0033887,Reuben Foster,LB,,,,
00-0027014,Rey Maualuga,LB,,,,
00-0020375,Riall Johnson,LB,,,,
00-0023599,Rian Wallace,LB,,,,
00-0022353,Rich Scanlon,LB,,,,
00-0007075,Richard Harvey,LB,,,,
00-0034143,Richard Jarvis,LB,,,,
00-0008922,Richard Jordan,LB,,,,
00-0022812,Richard Seigler,LB,,,,
00-0033423,Richie Brown,LB,,,,
00-0023945,Ricky Brown,LB,,,,
00-0027734,Ricky Sapp,LB,,,,
00-0033424,Riley Bullough,LB,,,,
00-0034850,Ro'Derrick Hoskins,LB,,,,
00-0026581,Rob Francois,LB,,,,
00-0005560,Rob Fredrickson,LB,,,,
00-0007640,Rob Holmberg,LB,,,,
00-0026382,Rob Jackson,LB,,,,
00-0019698,Rob Morris,LB,,,,
00-0024349,Rob Ninkovich,LB,,,,
00-0026994,Robert Ayers,LB,,,,
00-0028376,Robert Eddins,LB,,,,
00-0026933,Robert Henson,LB,,,,
00-0026278,Robert James,LB,,,,
00-0008853,Robert Jones,LB,,,,
00-0022059,Robert Mathis,LB,,,,
00-0034326,Robert McCray,LB,,,,
00-0023587,Robert McCune,LB,,,,
00-0027952,Robert Quinn,LB,,,,
00-0022758,Robert Reynolds,LB,,,,
00-0034720,Robert Spillane,LB,,,,
00-0021162,Robert Thomas,LB,,,,
00-0021250,Rocky Boiman,LB,,,,
00-0021202,Rocky Calmus,LB,,,,
00-0024250,Rocky McIntosh,LB,,,,
00-0022822,Rod Davis,LB,,,,
00-0023652,Rod Wilson,LB,,,,
00-0027731,Roddrick Muckelroy,LB,,,,
00-0022820,Roderick Green,LB,,,,
00-0034041,Rodney Butler,LB,,,,
00-0020306,Roger Knight,LB,,,,
00-0027904,Rolando McClain,LB,,,,
00-0012909,Roman Phifer,LB,,,,
00-0036038,Romeo Finley,LB,,,,
00-0032655,Romeo Okwara,LB,,,,
00-0005890,Ron George,LB,,,,
00-0032359,Ron Thompson,LB,,,,
00-0017202,Ron Warner,LB,,,,
00-0036029,Ron'Dell Carter,LB,,,,
00-0010970,Ronald McKinnon,LB,,,,
00-0031073,Ronald Powell,LB,,,,
00-0023000,Ronald Stanley,LB,,,,
00-0036978,Ronnie Perkins,LB,,,,
00-0034874,Roquan Smith,LB,,,,
00-0003338,Rosevelt Colvin,LB,,,,
00-0023119,Roy Manning,LB,,,,
00-0032667,Roy Robertson-Harris,LB,,,,
00-0025563,Rufus Alexander,LB,,,,
00-0030101,Rufus Johnson,LB,,,,
00-0026605,Russell Allen,LB,,,,
00-0033525,Ryan Anderson,LB,,,,
00-0035533,Ryan Connelly,LB,,,,
00-0029053,Ryan Davis,LB,,,,
00-0022932,Ryan Fowler,LB,,,,
00-0027954,Ryan Kerrigan,LB,,,,
00-0032924,Ryan Langford,LB,,,,
00-0027169,Ryan Manalac,LB,,,,
00-0022940,Ryan Myers,LB,,,,
00-0020747,Ryan Nece,LB,,,,
00-0012940,Ryan Phillips,LB,,,,
00-0029645,Ryan Rau,LB,,,,
00-0023644,Ryan Riddle,LB,,,,
00-0031365,Ryan Shazier,LB,,,,
00-0038370,Ryan Smenda,LB,,,,
00-0016143,Ryan Taylor,LB,,,,
00-0033250,Sae Tautu,LB,,,,
00-0021195,Saleem Rasheed,LB,,,,
00-0028041,Sam Acho,LB,,,,
00-0030119,Sam Barrington,LB,,,,
00-0003563,Sam Cowart,LB,,,,
00-0034902,Sam Eguavoen,LB,,,,
00-0036705,Sam Kamara,LB,,,,
00-0030473,Sam Montgomery,LB,,,,
00-0013979,Sam Rogers,LB,,,,
00-0015986,Sam Sword,LB,,,,
00-0022090,Sam Williams,LB,,,,
00-0029148,Sammy Brown,LB,,,,
00-0033945,Samson Ebukam,LB,,,,
00-0032979,Scooby Wright,LB,,,,
00-0021259,Scott Fujita,LB,,,,
00-0005723,Scott Galyon,LB,,,,
00-0009438,Scott Kowalkowski,LB,,,,
00-0028414,Scott Lutrus,LB,,,,
00-0026499,Scott McKillop,LB,,,,
00-0022040,Scott Shanle,LB,,,,
00-0029589,Scott Solomon,LB,,,,
00-0006997,Sean Harris,LB,,,,
00-0027663,Sean Lee,LB,,,,
00-0030281,Sean Porter,LB,,,,
00-0029594,Sean Spence,LB,,,,
00-0022220,Sean Tufts,LB,,,,
00-0027871,Sean Weatherspoon,LB,,,,
00-0020294,Sedrick Hodge,LB,,,,
00-0037527,Segun Olubi,LB,,,,
00-0019501,Sekou Sanyika,LB,,,,
00-0027884,Sergio Kindle,LB,,,,
00-0038784,Seth Benson,LB,,,,
00-0033335,Shaan Washington,LB,,,,
00-0034758,Shaheed Salmon,LB,,,,
00-0038890,Shaka Heyward,LB,,,,
00-0032733,Shakeel Rashad,LB,,,,
00-0019909,Shane Elam,LB,,,,
00-0039667,Shane Lee,LB,,,,
00-0032221,Shane Ray,LB,,,,
00-0019494,Shannon Taylor,LB,,,,
00-0021616,Shantee Orr,LB,,,,
00-0032910,Shaq Petteway,LB,,,,
00-0036477,Shaq Smith,LB,,,,
00-0031550,Shaq Thompson,LB,,,,
00-0034755,Shaquem Griffin,LB,,,,
00-0031101,Shaquil Barrett,LB,,,,
00-0036235,Shaquille Quarterman,LB,,,,
00-0032111,Shaquille Riddick,LB,,,,
00-0034659,Sharif Finch,LB,,,,
00-0036401,Shaun Bradley,LB,,,,
00-0034336,Shaun Dion Hamilton,LB,,,,
00-0022723,Shaun Phillips,LB,,,,
00-0000743,Shawn Barber,LB,,,,
00-0026218,Shawn Crable,LB,,,,
00-0023446,Shawne Merriman,LB,,,,
00-0039885,Shayne Simon,LB,,,,
00-0030768,Shayne Skov,LB,,,,
00-0029250,Shea McClellin,LB,,,,
00-0013322,Shelton Quarles,LB,,,,
00-0021609,Sherrod Coates,LB,,,,
00-0033122,Shilique Calhoun,LB,,,,
00-0037338,Silas Kelly,LB,,,,
00-0035122,Silas Stewart,LB,,,,
00-0030529,Sio Moore,LB,,,,
00-0035646,Sione Takitaki,LB,,,,
00-0035673,Sione Teuhema,LB,,,,
00-0039049,SirVocea Dennis,LB,,,,
00-0034090,Skai Moore,LB,,,,
00-0027091,Slade Norris,LB,,,,
00-0036108,Solomon Ajayi,LB,,,,
00-0022058,Solomon Bates,LB,,,,
00-0027123,Spencer Adkins,LB,,,,
00-0030804,Spencer Hadley,LB,,,,
00-0023832,Spencer Havner,LB,,,,
00-0028368,Spencer Paysinger,LB,,,,
00-0013570,Spencer Reid,LB,,,,
00-0024459,Spencer Toone,LB,,,,
00-0026274,Stanford Keglar,LB,,,,
00-0027086,Stanley Arnoux,LB,,,,
00-0030425,Stansly Maponga,LB,,,,
00-0039440,Steele Chambers,LB,,,,
00-0001604,Stephen Boyd,LB,,,,
00-0021544,Stephen Cooper,LB,,,,
00-0028555,Stephen Franklin,LB,,,,
00-0025496,Stephen Nicholas,LB,,,,
00-0024331,Stephen Tulloch,LB,,,,
00-0032448,Stephen Weatherly,LB,,,,
00-0032102,Stephone Anthony,LB,,,,
00-0035550,Sterling Sheffield,LB,,,,
00-0037406,Sterling Weatherford,LB,,,,
00-0030426,Steve Beauharnais,LB,,,,
00-0005384,Steve Foley,LB,,,,
00-0019053,Steve Gleason,LB,,,,
00-0021984,Steve Josue,LB,,,,
00-0032470,Steve Longa,LB,,,,
00-0026046,Steve Octavien,LB,,,,
00-0014182,Steve Russ,LB,,,,
00-0016568,Steve Tovar,LB,,,,
00-0032802,Steven Daniels,LB,,,,
00-0028943,Steven Johnson,LB,,,,
00-0030387,Steven Means,LB,,,,
00-0027765,Stevenson Sylvester,LB,,,,
00-0025474,Stewart Bradley,LB,,,,
00-0037571,Storey Jackson,LB,,,,
00-0032767,Su'a Cravens,LB,,,,
00-0035218,Sutton Smith,LB,,,,
00-0039313,Swayze Bozeman,LB,,,,
00-0037047,T.D. Moultry,LB,,,,
00-0036404,T.J. Brunson,LB,,,,
00-0035386,T.J. Edwards,LB,,,,
00-0022379,T.J. Hollowell,LB,,,,
00-0018959,T.J. Slaughter,LB,,,,
00-0020362,T.J. Turner,LB,,,,
00-0033886,T.J. Watt,LB,,,,
00-0036167,Tae Crowder,LB,,,,
00-0034500,Tae Davis,LB,,,,
00-0029212,Tahir Whitehead,LB,,,,
00-0031862,Taiwan Jones,LB,,,,
00-0015474,Takeo Spikes,LB,,,,
00-0024235,Tamba Hali,LB,,,,
00-0029287,Tank Carder,LB,,,,
00-0030457,Tank Carradine,LB,,,,
00-0036368,Tanner Muse,LB,,,,
00-0033580,Tanner Vallejo,LB,,,,
00-0033902,Tanoh Kpassagnon,LB,,,,
00-0033917,Tarell Basham,LB,,,,
00-0039602,Tarique Barnes,LB,,,,
00-0036921,Tarron Jackson,LB,,,,
00-0039435,Tatum Bethune,LB,,,,
00-0036744,Tavante Beckett,LB,,,,
00-0026211,Tavares Gooden,LB,,,,
00-0038505,Tavius Robinson,LB,,,,
00-0035115,Te'Von Coney,LB,,,,
00-0024169,Tearrius George,LB,,,,
00-0008629,Ted Johnson,LB,,,,
00-0022783,Teddy Lehman,LB,,,,
00-0002123,Tedy Bruschi,LB,,,,
00-0034121,Tegray Scales,LB,,,,
00-0031309,Telvin Smith,LB,,,,
00-0030033,Terence Garvin,LB,,,,
00-0034020,Terence Waugh,LB,,,,
00-0034962,Terez Hall,LB,,,,
00-0024351,Terna Nande,LB,,,,
00-0031542,Terrance Plummer,LB,,,,
00-0032820,Terrance Smith,LB,,,,
00-0037254,Terrel Bernard,LB,,,,
00-0036419,Terrell Lewis,LB,,,,
00-0029291,Terrell Manning,LB,,,,
00-0022161,Terrell Suggs,LB,,,,
00-0022201,Terrence Melton,LB,,,,
00-0021444,Terrence Robinson,LB,,,,
00-0035338,Terrill Hanks,LB,,,,
00-0009219,Terry Killens,LB,,,,
00-0022083,Terry Pierce,LB,,,,
00-0027716,Thaddeus Gibson,LB,,,,
00-0024253,Thomas Howard,LB,,,,
00-0038791,Thomas Incoom,LB,,,,
00-0028742,Thomas Keiser,LB,,,,
00-0038854,Thomas Rush,LB,,,,
00-0026295,Thomas Williams,LB,,,,
00-0031729,Thurston Armbrister,LB,,,,
00-0024365,Tim Dobbins,LB,,,,
00-0020227,Tim Johnson,LB,,,,
00-0024435,Tim McGarigle,LB,,,,
00-0025551,Tim Shaw,LB,,,,
00-0016192,Tim Terry,LB,,,,
00-0033915,Tim Williams,LB,,,,
00-0035965,Tipa Galeai,LB,,,,
00-0026001,Titus Brown,LB,,,,
00-0034719,Tobenna Okeke,LB,,,,
00-0031427,Todd Davis,LB,,,,
00-0003316,Todd F. Collins,LB,,,,
00-0039374,Tommy Eichenberg,LB,,,,
00-0019247,Tommy Hendricks,LB,,,,
00-0020429,Tommy Polley,LB,,,,
00-0037447,Tomon Fox,LB,,,,
00-0022903,Tony Bua,LB,,,,
00-0036634,Tony Fields,LB,,,,
00-0021901,Tony Gilbert,LB,,,,
00-0020777,Tony Newson,LB,,,,
00-0032189,Tony Steward,LB,,,,
00-0024541,Tony Taylor,LB,,,,
00-0031931,Tony Washington,LB,,,,
00-0024157,Torrance Daniels,LB,,,,
00-0020431,Torrance Marshall,LB,,,,
00-0030286,Tourek Williams,LB,,,,
00-0021645,Tracy White,LB,,,,
00-0015329,Travian Smith,LB,,,,
00-0034812,Travin Howard,LB,,,,
00-0020729,Travis Carroll,LB,,,,
00-0032444,Travis Feeney,LB,,,,
00-0027788,Travis Goethel,LB,,,,
00-0022894,Travis LaBoy,LB,,,,
00-0029217,Travis Lewis,LB,,,,
00-0023761,Travis Williams,LB,,,,
00-0037235,Travon Walker,LB,,,,
00-0035326,Tre Lamar,LB,,,,
00-0037170,Tre Walker,LB,,,,
00-0035349,Tre Watson,LB,,,,
00-0035198,Tre' Crawford,LB,,,,
00-0039670,Tre'Mon Morris-Brash,LB,,,,
00-0033606,Tre'Von Johnson,LB,,,,
00-0034673,Tremaine Edmunds,LB,,,,
00-0023579,Trent Cole,LB,,,,
00-0034588,Trent Harris,LB,,,,
00-0031300,Trent Murphy,LB,,,,
00-0038504,Trenton Simpson,LB,,,,
00-0021008,Trev Faulk,LB,,,,
00-0030413,Trevardo Williams,LB,,,,
00-0039347,Trevin Wallace,LB,,,,
00-0036305,Trevis Gipson,LB,,,,
00-0034811,Trevon Young,LB,,,,
00-0032452,Trevor Bates,LB,,,,
00-0038660,Trevor Nowaske,LB,,,,
00-0031000,Trevor Reilly,LB,,,,
00-0031791,Trevor Roach,LB,,,,
00-0026309,Trevor Scott,LB,,,,
00-0031566,Trey Flowers,LB,,,,
00-0039556,Trey Kiser,LB,,,,
00-0029979,Tristan Okpalaugo,LB,,,,
00-0037810,Troy Andersen,LB,,,,
00-0030164,Troy Davis,LB,,,,
00-0036338,Troy Dye,LB,,,,
00-0019809,Troy Evans,LB,,,,
00-0012751,Troy Pelshak,LB,,,,
00-0035617,Troy Reeder,LB,,,,
00-0036812,Tuf Borland,LB,,,,
00-0022038,Tully Banta-Cain,LB,,,,
00-0025441,Turk McBride,LB,,,,
00-0035579,Tuzar Skipper,LB,,,,
00-0014200,Twan Russell,LB,,,,
00-0006692,Ty Hallock,LB,,,,
00-0030118,Ty Powell,LB,,,,
00-0034999,Ty Summers,LB,,,,
00-0039812,Ty'Ron Hopper,LB,,,,
00-0023606,Tyjuan Hagler,LB,,,,
00-0022047,Tyler Brayton,LB,,,,
00-0032619,Tyler Gray,LB,,,,
00-0032906,Tyler Marcordes,LB,,,,
00-0032366,Tyler Matakevich,LB,,,,
00-0038895,Tyler Murray,LB,,,,
00-0031196,Tyler Starr,LB,,,,
00-0037469,Tyreek Maddox-Williams,LB,,,,
00-0037080,Tyreke Smith,LB,,,,
00-0035352,Tyrel Dodson,LB,,,,
00-0032094,Tyrell Adams,LB,,,,
00-0021101,Tyreo Harrison,LB,,,,
00-0039815,Tyrice Knight,LB,,,,
00-0027068,Tyrone McKenzie,LB,,,,
00-0010706,Tyrus McCloud,LB,,,,
00-0023335,Tyson Smith,LB,,,,
00-0033283,Tyus Bowser,LB,,,,
00-0031480,Uani 'Unga,LB,,,,
00-0034350,Uchenna Nwosu,LB,,,,
00-0032729,Ufomba Kamalu,LB,,,,
00-0033468,Ukeme Eligwe,LB,,,,
00-0019217,Ula Tuitele,LB,,,,
00-0035223,Ulysees Gilbert,LB,,,,
00-0038570,Ventrell Miller,LB,,,,
00-0026146,Vernon Gholston,LB,,,,
00-0015818,Vernon Strickland,LB,,,,
00-0037153,Vi Jones,LB,,,,
00-0032240,Vic Beasley,LB,,,,
00-0028605,Vic So'oto,LB,,,,
00-0028679,Victor Aiyewa,LB,,,,
00-0027079,Victor Butler,LB,,,,
00-0036896,Victor Dimukeje,LB,,,,
00-0021996,Victor Hobson,LB,,,,
00-0032571,Victor Ochi,LB,,,,
00-0024708,Victor Worsley,LB,,,,
00-0033939,Vince Biegel,LB,,,,
00-0025862,Vince Redd,LB,,,,
00-0030434,Vince Williams,LB,,,,
00-0027245,Vincent Rey,LB,,,,
00-0021493,Vinny Ciurciu,LB,,,,
00-0027940,Von Miller,LB,,,,
00-0034713,Vontae Diggs,LB,,,,
00-0032484,Vontarrius Dora,LB,,,,
00-0028912,Vontaze Burfict,LB,,,,
00-0035271,Vosean Joseph,LB,,,,
00-0013375,Wali Rainer,LB,,,,
00-0034238,Warren Long,LB,,,,
00-0007586,Warrick Holdman,LB,,,,
00-0025828,Wesley Woodyard,LB,,,,
00-0021298,Wesly Mallard,LB,,,,
00-0026450,Weston Dacus,LB,,,,
00-0029643,Whitney Mercilus,LB,,,,
00-0029869,Will Compton,LB,,,,
00-0026939,Will Davis,LB,,,,
00-0025548,Will Herring,LB,,,,
00-0039142,Will McDonald,LB,,,,
00-0021205,Will Overstreet,LB,,,,
00-0021085,Will Witherspoon,LB,,,,
00-0024117,William Kershaw,LB,,,,
00-0037639,William Kwenkeu,LB,,,,
00-0034092,William Ossai,LB,,,,
00-0016340,William Thomas,LB,,,,
00-0036362,Willie Gay,LB,,,,
00-0035177,Willie Harvey,LB,,,,
00-0030235,Willie Jefferson,LB,,,,
00-0034047,Willie Mays,LB,,,,
00-0010872,Willie McGinest,LB,,,,
00-0038295,Willie Taylor,LB,,,,
00-0027808,Willie Young,LB,,,,
00-0038804,Wilson Huber,LB,,,,
00-0016647,Winfred Tubbs,LB,,,,
00-0039515,Winston Reid,LB,,,,
00-0032960,Wynton McManis,LB,,,,
00-0026258,Xavier Adibi,LB,,,,
00-0039367,Xavier Thomas,LB,,,,
00-0033450,Xavier Woodson-Luster,LB,,,,
00-0039068,YaYa Diaby,LB,,,,
00-0032033,Yannik Cudjoe-Virgil,LB,,,,
00-0038580,Yasir Abdullah,LB,,,,
00-0036288,Yetur Gross-Matos,LB,,,,
00-0035195,Yurik Bethune,LB,,,,
00-0039253,Yvandy Rigby,LB,,,,
00-0031576,Za'Darius Smith,LB,,,,
00-0023120,Zac Woodfin,LB,,,,
00-0029566,Zach Brown,LB,,,,
00-0033547,Zach Cunningham,LB,,,,
00-0025605,Zach Diles,LB,,,,
00-0037496,Zach McCloud,LB,,,,
00-0030700,Zach Orr,LB,,,,
00-0016344,Zach Thomas,LB,,,,
00-0037515,Zach VanValkenburg,LB,,,,
00-0031728,Zach Vigil,LB,,,,
00-0036418,Zack Baun,LB,,,,
00-0027152,Zack Follett,LB,,,,
00-0031518,Zack Hodges,LB,,,,
00-0029349,Zack Nash,LB,,,,
00-0031712,Zack Wagenmann,LB,,,,
00-0017148,Zack Walz,LB,,,,
00-0031696,Zaire Anderson,LB,,,,
00-0038399,Zaire Barnes,LB,,,,
00-0034431,Zaire Franklin,LB,,,,
00-0025503,Zak DeOssie,LB,,,,
00-0023384,Zak Keasey,LB,,,,
00-0037178,Zakoby McClain,LB,,,,
00-0036933,Zaven Collins,LB,,,,
00-0030502,Zaviar Gooden,LB,,,,
00-0020400,Zeke Moreno,LB,,,,
00-0034490,Zeke Turner,LB,,,,
00-0038700,Zeke Vandenburgh,LB,,,,
00-0020305,A.J. Feeley,QB,,,,
00-0031288,A.J. McCarron,QB,,,,
00-0001823,Aaron Brooks,QB,,,,
00-0031287,Aaron Murray,QB,,,,
00-0023459,Aaron Rodgers,QB,,,,
00-0038658,Adrian Martinez,QB,,,,
00-0023585,Adrian McPherson,QB,,,,
00-0038579,Aidan O'Connell,QB,,,,
00-0015082,Akili Smith,QB,,,,
00-0033238,Alek Torgersen,QB,,,,
00-0034732,Alex McGough,QB,,,,
00-0023436,Alex Smith,QB,,,,
00-0029623,Alex Tanney,QB,,,,
00-0016838,Alex Van Pelt,QB,,,,
00-0029668,Andrew Luck,QB,,,,
00-0039334,Andrew Peasley,QB,,,,
00-0023504,Andrew Walter,QB,,,,
00-0027973,Andy Dalton,QB,,,,
00-0022761,Andy Hall,QB,,,,
00-0037175,Anthony Brown,QB,,,,
00-0035988,Anthony Gordon,QB,,,,
00-0039164,Anthony Richardson,QB,,,,
00-0018272,Anthony Wright,QB,,,,
00-0034608,Austin Allen,QB,,,,
00-0028957,Austin Davis,QB,,,,
00-0039464,Austin Reed,QB,,,,
00-0030120,B.J. Daniels,QB,,,,
00-0038108,Bailey Zappe,QB,,,,
00-0034855,Baker Mayfield,QB,,,,
00-0033866,Bart Houston,QB,,,,
00-0036384,Ben DiNucci,QB,,,,
00-0022924,Ben Roethlisberger,QB,,,,
00-0007530,Billy Joe Hobert,QB,,,,
00-0016534,Billy Joe Tolliver,QB,,,,
00-0019041,Billy Volek,QB,,,,
00-0027948,Blaine Gabbert,QB,,,,
00-0031407,Blake Bortles,QB,,,,
00-0039732,Bo Nix,QB,,,,
00-0007832,Bobby Hoying,QB,,,,
00-0008442,Brad Johnson,QB,,,,
00-0033585,Brad Kaaya,QB,,,,
00-0030292,Brad Sorensen,QB,,,,
00-0022774,Bradlee Van Pelt,QB,,,,
00-0025409,Brady Quinn,QB,,,,
00-0032434,Brandon Allen,QB,,,,
00-0021276,Brandon Doman,QB,,,,
00-0032446,Brandon Doughty,QB,,,,
00-0037472,Brandon Peters,QB,,,,
00-0029677,Brandon Weeden,QB,,,,
00-0038365,Braxton Burmeister,QB,,,,
00-0023859,Brett Basanez,QB,,,,
00-0005106,Brett Favre,QB,,,,
00-0031589,Brett Hundley,QB,,,,
00-0025694,Brett Ratliff,QB,,,,
00-0034955,Brett Rypien,QB,,,,
00-0026196,Brian Brohm,QB,,,,
00-0006423,Brian Griese,QB,,,,
00-0026625,Brian Hoyer,QB,,,,
00-0036092,Brian Lewerke,QB,,,,
00-0022101,Brian St. Pierre,QB,,,,
00-0023158,Brock Berlin,QB,,,,
00-0007834,Brock Huard,QB,,,,
00-0029682,Brock Osweiler,QB,,,,
00-0037834,Brock Purdy,QB,,,,
00-0024300,Brodie Croyle,QB,,,,
00-0034697,Brogan Roback,QB,,,,
00-0022026,Brooks Bollinger,QB,,,,
00-0024408,Bruce Gradkowski,QB,,,,
00-0035939,Bryce Perkins,QB,,,,
00-0031568,Bryce Petty,QB,,,,
00-0039150,Bryce Young,QB,,,,
00-0030673,Bryn Renner,QB,,,,
00-0001785,Bubby Brister,QB,,,,
00-0022177,Byron Leftwich,QB,,,,
00-0033936,C.J. Beathard,QB,,,,
00-0039163,C.J. Stroud,QB,,,,
00-0011044,Cade McNown,QB,,,,
00-0025970,Caleb Hanie,QB,,,,
00-0039918,Caleb Williams,QB,,,,
00-0027939,Cam Newton,QB,,,,
00-0033098,Cardale Jones,QB,,,,
00-0021429,Carson Palmer,QB,,,,
00-0037139,Carson Strong,QB,,,,
00-0032950,Carson Wentz,QB,,,,
00-0039534,Carter Bradley,QB,,,,
00-0035812,Case Cookus,QB,,,,
00-0028986,Case Keenum,QB,,,,
00-0039657,Casey Bauman,QB,,,,
00-0022829,Casey Bramlet,QB,,,,
00-0023739,Casey Printers,QB,,,,
00-0026197,Chad Henne,QB,,,,
00-0020562,Chad Hutchinson,QB,,,,
00-0034478,Chad Kanoff,QB,,,,
00-0033597,Chad Kelly,QB,,,,
00-0019559,Chad Pennington,QB,,,,
00-0029554,Chandler Harnish,QB,,,,
00-0000865,Charlie Batch,QB,,,,
00-0023502,Charlie Frye,QB,,,,
00-0024296,Charlie Whitehurst,QB,,,,
00-0026544,Chase Daniel,QB,,,,
00-0037507,Chase Garbers,QB,,,,
00-0034291,Chase Litton,QB,,,,
00-0002876,Chris Chandler,QB,,,,
00-0006410,Chris Greisen,QB,,,,
00-0037324,Chris Oladokun,QB,,,,
00-0019709,Chris Redman,QB,,,,
00-0022005,Chris Simms,QB,,,,
00-0035752,Chris Streveler,QB,,,,
00-0020434,Chris Weinke,QB,,,,
00-0032953,Christian Hackenberg,QB,,,,
00-0027950,Christian Ponder,QB,,,,
00-0035283,Clayton Thorson,QB,,,,
00-0038582,Clayton Tune,QB,,,,
00-0020565,Cleo Lemon,QB,,,,
00-0019442,Clint Stoerner,QB,,,,
00-0033104,Cody Kessler,QB,,,,
00-0022731,Cody Pickett,QB,,,,
00-0037165,Cole Kelley,QB,,,,
00-0027974,Colin Kaepernick,QB,,,,
00-0026326,Colt Brennan,QB,,,,
00-0027688,Colt McCoy,QB,,,,
00-0032893,Connor Cook,QB,,,,
00-0034897,Connor Jessop,QB,,,,
00-0030661,Connor Shaw,QB,,,,
00-0033662,Cooper Rush,QB,,,,
00-0014384,Cory Sauter,QB,,,,
00-0022818,Craig Krenzel,QB,,,,
00-0021277,Craig Nall,QB,,,,
00-0025759,Cullen Finnerty,QB,,,,
00-0027134,Curtis Painter,QB,,,,
00-0037201,D'Eriq King,QB,,,,
00-0024437,D.J. Shockley,QB,,,,
00-0033077,Dak Prescott,QB,,,,
00-0034572,Dalton Sturm,QB,,,,
00-0003600,Dameyune Craig,QB,,,,
00-0007835,Damon Huard,QB,,,,
00-0027605,Dan LeFevour,QB,,,,
00-0023578,Dan Orlovsky,QB,,,,
00-0033999,Dane Evans,QB,,,,
00-0035710,Daniel Jones,QB,,,,
00-0034423,Danny Etling,QB,,,,
00-0009007,Danny Kanell,QB,,,,
00-0018333,Danny Wuerffel,QB,,,,
00-0023943,Darrell Hackney,QB,,,,
00-0003739,Daunte Culpepper,QB,,,,
00-0001907,Dave Brown,QB,,,,
00-0019765,Dave Dickenson,QB,,,,
00-0022091,Dave Ragone,QB,,,,
00-0035040,David Blough,QB,,,,
00-0020608,David Carr,QB,,,,
00-0031076,David Fales,QB,,,,
00-0021231,David Garrard,QB,,,,
00-0023520,David Greene,QB,,,,
00-0019957,David Rivers,QB,,,,
00-0037360,Davis Cheek,QB,,,,
00-0036898,Davis Mills,QB,,,,
00-0033550,Davis Webb,QB,,,,
00-0033899,DeShone Kizer,QB,,,,
00-0026296,Dennis Dixon,QB,,,,
00-0023645,Derek Anderson,QB,,,,
00-0031280,Derek Carr,QB,,,,
00-0033537,Deshaun Watson,QB,,,,
00-0038122,Desmond Ridder,QB,,,,
00-0039801,Devin Leary,QB,,,,
00-0035577,Devlin Hodges,QB,,,,
00-0028863,Dominique Davis,QB,,,,
00-0011022,Donovan McNabb,QB,,,,
00-0038583,Dorian Thompson-Robinson,QB,,,,
00-0005363,Doug Flutie,QB,,,,
00-0019087,Doug Johnson,QB,,,,
00-0012726,Doug Pederson,QB,,,,
00-0039851,Drake Maye,QB,,,,
00-0038385,Dresser Winn,QB,,,,
00-0035483,Drew Anderson,QB,,,,
00-0001361,Drew Bledsoe,QB,,,,
00-0020531,Drew Brees,QB,,,,
00-0022181,Drew Henson,QB,,,,
00-0035704,Drew Lock,QB,,,,
00-0024149,Drew Olson,QB,,,,
00-0038137,Drew Plitt,QB,,,,
00-0025430,Drew Stanton,QB,,,,
00-0026865,Drew Willy,QB,,,,
00-0037209,Dustin Crum,QB,,,,
00-0030970,Dustin Vaughan,QB,,,,
00-0035232,Dwayne Haskins,QB,,,,
00-0031510,Dylan Thompson,QB,,,,
00-0030526,E.J. Manuel,QB,,,,
00-0037068,E.J. Perry,QB,,,,
00-0035282,Easton Stick,QB,,,,
00-0022803,Eli Manning,QB,,,,
00-0006300,Elvis Grbac,QB,,,,
00-0039331,Emory Jones,QB,,,,
00-0035010,Eric Dungey,QB,,,,
00-0018483,Eric Zeier,QB,,,,
00-0026302,Erik Ainge,QB,,,,
00-0036825,Feleipe Franks,QB,,,,
00-0035289,Gardner Minshew,QB,,,,
00-0031395,Garrett Gilbert,QB,,,,
00-0032148,Garrett Grayson,QB,,,,
00-0039482,Gavin Hardison,QB,,,,
00-0030565,Geno Smith,QB,,,,
00-0022112,Gibran Hamdan,QB,,,,
00-0019658,Giovanni Carmazzi,QB,,,,
00-0027602,Graham Harrell,QB,,,,
00-0028146,Greg McElroy,QB,,,,
00-0005589,Gus Frerotte,QB,,,,
00-0038550,Hendon Hooker,QB,,,,
00-0019764,Henry Burris,QB,,,,
00-0038749,Holton Ahlers,QB,,,,
00-0026702,Hunter Cantwell,QB,,,,
00-0036929,Ian Book,QB,,,,
00-0024362,Ingle Martin,QB,,,,
00-0039923,J.J. McCarthy,QB,,,,
00-0022912,J.P. Losman,QB,,,,
00-0034126,J.T. Barrett,QB,,,,
00-0021296,J.T. O'Sullivan,QB,,,,
00-0025388,JaMarcus Russell,QB,,,,
00-0037390,Jack Coan,QB,,,,
00-0034074,Jack Heneghan,QB,,,,
00-0039501,Jack Plummer,QB,,,,
00-0036226,Jacob Eason,QB,,,,
00-0033119,Jacoby Brissett,QB,,,,
00-0035100,Jake Browning,QB,,,,
00-0032490,Jake Coker,QB,,,,
00-0004161,Jake Delhomme,QB,,,,
00-0035394,Jake Dolegala,QB,,,,
00-0036197,Jake Fromm,QB,,,,
00-0038998,Jake Haener,QB,,,,
00-0032073,Jake Heaps,QB,,,,
00-0027946,Jake Locker,QB,,,,
00-0036312,Jake Luton,QB,,,,
00-0013042,Jake Plummer,QB,,,,
00-0032431,Jake Rudock,QB,,,,
00-0035570,Jalan McClendon,QB,,,,
00-0036389,Jalen Hurts,QB,,,,
00-0031755,Jameill Showers,QB,,,,
00-0031503,Jameis Winston,QB,,,,
00-0038683,James Blackman,QB,,,,
00-0036301,James Morgan,QB,,,,
00-0010455,Jamie Martin,QB,,,,
00-0033106,Jared Goff,QB,,,,
00-0022590,Jared Lorenzen,QB,,,,
00-0038598,Jaren Hall,QB,,,,
00-0019682,Jarious Jackson,QB,,,,
00-0037650,Jarrett Guarantano,QB,,,,
00-0035264,Jarrett Stidham,QB,,,,
00-0039575,Jason Bean,QB,,,,
00-0023460,Jason Campbell,QB,,,,
00-0022330,Jason Fife,QB,,,,
00-0005794,Jason Garrett,QB,,,,
00-0021759,Jason Gesser,QB,,,,
00-0024226,Jay Cutler,QB,,,,
00-0005180,Jay Fiedler,QB,,,,
00-0039910,Jayden Daniels,QB,,,,
00-0001335,Jeff Blake,QB,,,,
00-0001810,Jeff Brohm,QB,,,,
00-0032436,Jeff Driskel,QB,,,,
00-0005755,Jeff Garcia,QB,,,,
00-0005885,Jeff George,QB,,,,
00-0021334,Jeff Kelly,QB,,,,
00-0009868,Jeff Lewis,QB,,,,
00-0025538,Jeff Rowe,QB,,,,
00-0022765,Jeff Smoker,QB,,,,
00-0030024,Jeff Tuel,QB,,,,
00-0028370,Jerrod Johnson,QB,,,,
00-0020483,Jesse Palmer,QB,,,,
00-0006808,Jim Harbaugh,QB,,,,
00-0011276,Jim Miller,QB,,,,
00-0022744,Jim Sorgi,QB,,,,
00-0027659,Jimmy Clausen,QB,,,,
00-0031345,Jimmy Garoppolo,QB,,,,
00-0036442,Joe Burrow,QB,,,,
00-0032630,Joe Callahan,QB,,,,
00-0026158,Joe Flacco,QB,,,,
00-0005902,Joe Germaine,QB,,,,
00-0019579,Joe Hamilton,QB,,,,
00-0033027,Joe Licata,QB,,,,
00-0039398,Joe Milton III,QB,,,,
00-0027796,Joe Webb,QB,,,,
00-0032614,Joel Stave,QB,,,,
00-0021141,Joey Harrington,QB,,,,
00-0025427,John Beck,QB,,,,
00-0026277,John David Booty,QB,,,,
00-0005600,John Friesz,QB,,,,
00-0035161,John Lovett,QB,,,,
00-0022827,John Navarre,QB,,,,
00-0039723,John Paddock,QB,,,,
00-0026505,John Parker Wilson,QB,,,,
00-0027754,John Skelton,QB,,,,
00-0034899,John Wolford,QB,,,,
00-0031409,Johnny Manziel,QB,,,,
00-0009311,Jon Kitna,QB,,,,
00-0013338,Jonathan Quinn,QB,,,,
00-0036264,Jordan Love,QB,,,,
00-0025592,Jordan Palmer,QB,,,,
00-0035735,Jordan Ta'amu,QB,,,,
00-0039797,Jordan Travis,QB,,,,
00-0034857,Josh Allen,QB,,,,
00-0020486,Josh Booty,QB,,,,
00-0026993,Josh Freeman,QB,,,,
00-0022800,Josh Harris,QB,,,,
00-0020436,Josh Heupel,QB,,,,
00-0026300,Josh Johnson,QB,,,,
00-0035937,Josh Love,QB,,,,
00-0021206,Josh McCown,QB,,,,
00-0028446,Josh Portis,QB,,,,
00-0034343,Josh Rosen,QB,,,,
00-0032658,Josh Woodrum,QB,,,,
00-0033949,Joshua Dobbs,QB,,,,
00-0036945,Justin Fields,QB,,,,
00-0036355,Justin Herbert,QB,,,,
00-0036468,Kai Locksley,QB,,,,
00-0039577,Kedon Slovis,QB,,,,
00-0027131,Keith Null,QB,,,,
00-0030998,Keith Wenning,QB,,,,
00-0024264,Kellen Clemens,QB,,,,
00-0036946,Kellen Mond,QB,,,,
00-0029234,Kellen Moore,QB,,,,
00-0007576,Kelly Holcomb,QB,,,,
00-0022039,Ken Dorsey,QB,,,,
00-0036549,Kenji Bahar,QB,,,,
00-0038102,Kenny Pickett,QB,,,,
00-0006212,Kent Graham,QB,,,,
00-0003292,Kerry Collins,QB,,,,
00-0003819,Kevin Daft,QB,,,,
00-0036112,Kevin Davidson,QB,,,,
00-0032784,Kevin Hogan,QB,,,,
00-0025423,Kevin Kolb,QB,,,,
00-0026234,Kevin O'Connell,QB,,,,
00-0019278,Kevin Thompson,QB,,,,
00-0029604,Kirk Cousins,QB,,,,
00-0021822,Kirk Farmer,QB,,,,
00-0022027,Kliff Kingsbury,QB,,,,
00-0015700,Kordell Stewart,QB,,,,
00-0004229,Koy Detmer,QB,,,,
00-0034131,Kurt Benkert,QB,,,,
00-0021271,Kurt Kittner,QB,,,,
00-0017200,Kurt Warner,QB,,,,
00-0034577,Kyle Allen,QB,,,,
00-0022164,Kyle Boller,QB,,,,
00-0034369,Kyle Lauletta,QB,,,,
00-0023541,Kyle Orton,QB,,,,
00-0035163,Kyle Shurmur,QB,,,,
00-0033672,Kyle Sloter,QB,,,,
00-0036928,Kyle Trask,QB,,,,
00-0035228,Kyler Murray,QB,,,,
00-0034796,Lamar Jackson,QB,,,,
00-0030524,Landry Jones,QB,,,,
00-0023306,Lang Campbell,QB,,,,
00-0027804,Levi Brown,QB,,,,
00-0031260,Logan Thomas,QB,,,,
00-0034438,Logan Woodside,QB,,,,
00-0034737,Luis Perez,QB,,,,
00-0034412,Luke Falk,QB,,,,
00-0022864,Luke McCown,QB,,,,
00-0036972,Mac Jones,QB,,,,
00-0038911,Malik Cunningham,QB,,,,
00-0038128,Malik Willis,QB,,,,
00-0035077,Manny Wilkins,QB,,,,
00-0019599,Marc Bulger,QB,,,,
00-0032268,Marcus Mariota,QB,,,,
00-0023145,Marcus Randall,QB,,,,
00-0002110,Mark Brunell,QB,,,,
00-0007059,Mark Hartsell,QB,,,,
00-0014234,Mark Rypien,QB,,,,
00-0026898,Mark Sanchez,QB,,,,
00-0021720,Marquel Blackwell,QB,,,,
00-0020405,Marques Tuiasosopo,QB,,,,
00-0033071,Marquise Williams,QB,,,,
00-0034771,Mason Rudolph,QB,,,,
00-0030533,Matt Barkley,QB,,,,
00-0023662,Matt Cassel,QB,,,,
00-0038132,Matt Corral,QB,,,,
00-0026349,Matt Flynn,QB,,,,
00-0024824,Matt Gutierrez,QB,,,,
00-0007091,Matt Hasselbeck,QB,,,,
00-0024225,Matt Leinart,QB,,,,
00-0010206,Matt Lytle,QB,,,,
00-0022768,Matt Mauck,QB,,,,
00-0025708,Matt Moore,QB,,,,
00-0026143,Matt Ryan,QB,,,,
00-0022787,Matt Schaub,QB,,,,
00-0029151,Matt Simms,QB,,,,
00-0030419,Matthew McGloin,QB,,,,
00-0026498,Matthew Stafford,QB,,,,
00-0038637,Max Duggan,QB,,,,
00-0027347,Max Hall,QB,,,,
00-0032527,Max Wittek,QB,,,,
00-0028359,McLeod Bethel-Thompson,QB,,,,
00-0001272,Michael Bishop,QB,,,,
00-0039917,Michael Penix Jr.,QB,,,,
00-0039238,Michael Pratt,QB,,,,
00-0032901,Mike Bercovici,QB,,,,
00-0002930,Mike Cherry,QB,,,,
00-0030520,Mike Glennon,QB,,,,
00-0027722,Mike Kafka,QB,,,,
00-0020308,Mike McMahon,QB,,,,
00-0013341,Mike Quinn,QB,,,,
00-0026567,Mike Reilly,QB,,,,
00-0026927,Mike Teel,QB,,,,
00-0016538,Mike Tomczak,QB,,,,
00-0020245,Mike Vick,QB,,,,
00-0034401,Mike White,QB,,,,
00-0034044,Mitch Leidner,QB,,,,
00-0033869,Mitchell Trubisky,QB,,,,
00-0011640,Moses Moreno,QB,,,,
00-0027118,Nate Davis,QB,,,,
00-0021592,Nate Hybl,QB,,,,
00-0036279,Nate Stanley,QB,,,,
00-0032792,Nate Sudfeld,QB,,,,
00-0028098,Nathan Enderle,QB,,,,
00-0033958,Nathan Peterman,QB,,,,
00-0038150,Nathan Rourke,QB,,,,
00-0012261,Neil O'Donnell,QB,,,,
00-0034574,Nic Shimonek,QB,,,,
00-0035471,Nick Fitzgerald,QB,,,,
00-0029567,Nick Foles,QB,,,,
00-0033319,Nick Mullens,QB,,,,
00-0028453,Pat Devlin,QB,,,,
00-0027020,Pat White,QB,,,,
00-0033873,Patrick Mahomes,QB,,,,
00-0021379,Patrick Ramsey,QB,,,,
00-0008970,Paul Justin,QB,,,,
00-0026443,Paul Smith,QB,,,,
00-0033108,Paxton Lynch,QB,,,,
00-0034219,Peter Pujals,QB,,,,
00-0010346,Peyton Manning,QB,,,,
00-0019359,Phil Stambaugh,QB,,,,
00-0022942,Philip Rivers,QB,,,,
00-0033275,Phillip Walker,QB,,,,
00-0021062,Preston Parsons,QB,,,,
00-0020404,Quincy Carter,QB,,,,
00-0020613,Quinn Gray,QB,,,,
00-0024059,Quinton Porter,QB,,,,
00-0027384,R.J. Archer,QB,,,,
00-0003761,Randall Cunningham,QB,,,,
00-0021254,Randy Fasani,QB,,,,
00-0010137,Ray Lucas,QB,,,,
00-0036052,Reid Sinnett,QB,,,,
00-0022121,Rex Grossman,QB,,,,
00-0026916,Rhett Bomar,QB,,,,
00-0005741,Rich Gannon,QB,,,,
00-0025749,Richard Bartel,QB,,,,
00-0011378,Rick Mirer,QB,,,,
00-0020511,Ricky Ray,QB,,,,
00-0028073,Ricky Stanzi,QB,,,,
00-0008612,Rob Johnson,QB,,,,
00-0029665,Robert Griffin,QB,,,,
00-0039633,Rocky Lombardi,QB,,,,
00-0013901,Rod Robinson,QB,,,,
00-0022373,Rod Rutherford,QB,,,,
00-0012732,Rodney Peete,QB,,,,
00-0021238,Rohan Davey,QB,,,,
00-0020246,Romaro Miller,QB,,,,
00-0013186,Ron Powlus,QB,,,,
00-0021337,Ronald Curry,QB,,,,
00-0026775,Rudy Carpenter,QB,,,,
00-0029263,Russell Wilson,QB,,,,
00-0027775,Rusty Smith,QB,,,,
00-0035652,Ryan Finley,QB,,,,
00-0023682,Ryan Fitzpatrick,QB,,,,
00-0029857,Ryan Griffin,QB,,,,
00-0009715,Ryan Leaf,QB,,,,
00-0029531,Ryan Lindley,QB,,,,
00-0028012,Ryan Mallett,QB,,,,
00-0030586,Ryan Nassib,QB,,,,
00-0029701,Ryan Tannehill,QB,,,,
00-0037028,Ryan Willis,QB,,,,
00-0020480,Sage Rosenfels,QB,,,,
00-0027854,Sam Bradford,QB,,,,
00-0034869,Sam Darnold,QB,,,,
00-0036879,Sam Ehlinger,QB,,,,
00-0039677,Sam Hartman,QB,,,,
00-0024560,Sam Hollenbach,QB,,,,
00-0037077,Sam Howell,QB,,,,
00-0003557,Scott Covington,QB,,,,
00-0004527,Scott Dreisbach,QB,,,,
00-0011434,Scott Mitchell,QB,,,,
00-0028595,Scott Tolzien,QB,,,,
00-0027830,Sean Canfield,QB,,,,
00-0038391,Sean Clifford,QB,,,,
00-0019295,Sean Keenan,QB,,,,
00-0032245,Sean Mannion,QB,,,,
00-0030569,Sean Renfree,QB,,,,
00-0033429,Sefo Liufau,QB,,,,
00-0022055,Seneca Wallace,QB,,,,
00-0021322,Seth Burford,QB,,,,
00-0023126,Shane Boyd,QB,,,,
00-0036679,Shane Buechele,QB,,,,
00-0010560,Shane Matthews,QB,,,,
00-0020679,Shaun Hill,QB,,,,
00-0009266,Shaun King,QB,,,,
00-0037327,Skylar Thompson,QB,,,,
00-0039376,Spencer Rattler,QB,,,,
00-0019553,Spergon Wynn,QB,,,,
00-0023555,Stefan LeFors,QB,,,,
00-0027071,Stephen McGee,QB,,,,
00-0030825,Stephen Morris,QB,,,,
00-0039107,Stetson Bennett,QB,,,,
00-0001218,Steve Beuerlein,QB,,,,
00-0011024,Steve McNair,QB,,,,
00-0036022,Steven Montez,QB,,,,
00-0002787,Stoney Case,QB,,,,
00-0028090,T.J. Yates,QB,,,,
00-0034416,Tanner Lee,QB,,,,
00-0038400,Tanner McKee,QB,,,,
00-0039699,Tanner Mordecai,QB,,,,
00-0038744,Tanner Morgan,QB,,,,
00-0024279,Tarvaris Jackson,QB,,,,
00-0035087,Taryn Christion,QB,,,,
00-0031800,Taylor Heinicke,QB,,,,
00-0033357,Taysom Hill,QB,,,,
00-0031237,Teddy Bridgewater,QB,,,,
00-0019633,Tee Martin,QB,,,,
00-0028825,Terrelle Pryor,QB,,,,
00-0027253,Thaddeus Lewis,QB,,,,
00-0034177,Tim Boyle,QB,,,,
00-0003535,Tim Couch,QB,,,,
00-0019816,Tim Hasselbeck,QB,,,,
00-0019623,Tim Rattay,QB,,,,
00-0027876,Tim Tebow,QB,,,,
00-0001545,Todd Bouman,QB,,,,
00-0003315,Todd Collins,QB,,,,
00-0019622,Todd Husak,QB,,,,
00-0019596,Tom Brady,QB,,,,
00-0027121,Tom Brandstater,QB,,,,
00-0031064,Tom Savage,QB,,,,
00-0038476,Tommy DeVito,QB,,,,
00-0010261,Tommy Maddox,QB,,,,
00-0036433,Tommy Stevens,QB,,,,
00-0000722,Tony Banks,QB,,,,
00-0006299,Tony Graziani,QB,,,,
00-0027801,Tony Pike,QB,,,,
00-0021678,Tony Romo,QB,,,,
00-0020126,Tory Woodbury,QB,,,,
00-0035146,Trace McSorley,QB,,,,
00-0019192,Travis Brown,QB,,,,
00-0004293,Trent Dilfer,QB,,,,
00-0025479,Trent Edwards,QB,,,,
00-0006355,Trent Green,QB,,,,
00-0032462,Trevone Boykin,QB,,,,
00-0033607,Trevor Knight,QB,,,,
00-0036971,Trevor Lawrence,QB,,,,
00-0032156,Trevor Siemian,QB,,,,
00-0037012,Trey Lance,QB,,,,
00-0000104,Troy Aikman,QB,,,,
00-0025561,Troy Smith,QB,,,,
00-0036212,Tua Tagovailoa,QB,,,,
00-0004230,Ty Detmer,QB,,,,
00-0030151,Tyler Bray,QB,,,,
00-0033799,Tyler Ferguson,QB,,,,
00-0035993,Tyler Huntley,QB,,,,
00-0024812,Tyler Palko,QB,,,,
00-0025604,Tyler Thigpen,QB,,,,
00-0030568,Tyler Wilson,QB,,,,
00-0035356,Tyree Jackson,QB,,,,
00-0028118,Tyrod Taylor,QB,,,,
00-0038416,Tyson Bagent,QB,,,,
00-0024218,Vince Young,QB,,,,
00-0035723,Vincent Testaverde,QB,,,,
00-0016193,Vinny Testaverde,QB,,,,
00-0011524,Warren Moon,QB,,,,
00-0035251,Will Grier,QB,,,,
00-0039152,Will Levis,QB,,,,
00-0035037,Wilton Speight,QB,,,,
00-0030394,Zac Dysert,QB,,,,
00-0027841,Zac Robinson,QB,,,,
00-0031266,Zach Mettenberger,QB,,,,
00-0037013,Zach Wilson,QB,,,,
00-0039597,Zack Annexstad,QB,,,,
00-0036265,A.J. Dillon,RB,,,,
00-0035583,A.J. Ouellette,RB,,,,
00-0036819,A.J. Rose,RB,,,,
00-0027129,Aaron Brown,RB,,,,
00-0039191,Aaron Dykes,RB,,,,
00-0032672,Aaron Green,RB,,,,
00-0033293,Aaron Jones,RB,,,,
00-0031612,Aaron Ripkowski,RB,,,,
00-0037609,Aaron Shampklin,RB,,,,
00-0019564,Aaron Shea,RB,,,,
00-0015601,Aaron Stecker,RB,,,,
00-0000003,Abdul-Karim al-Jabbar,RB,,,,
00-0031965,Abou Toure,RB,,,,
00-0037546,Abram Smith,RB,,,,
00-0035716,Aca'Cedric Ware,RB,,,,
00-0035086,Adam Choice,RB,,,,
00-0036727,Adam Prentice,RB,,,,
00-0020142,Adam Wright,RB,,,,
00-0022883,Adimchinobi Echemandu,RB,,,,
00-0036000,Adrian Killins,RB,,,,
00-0011869,Adrian Murrell,RB,,,,
00-0021306,Adrian Peterson,RB,,,,
00-0025394,Adrian Peterson,RB,,,,
00-0025637,Ahmad Bradshaw,RB,,,,
00-0006305,Ahman Green,RB,,,,
00-0024489,Ahmard Hall,RB,,,,
00-0039516,Aidan Robbins,RB,,,,
00-0031743,Akeem Hunt,RB,,,,
00-0033800,Akeem Judd,RB,,,,
00-0034670,Akrum Wadley,RB,,,,
00-0032745,Alan Cross,RB,,,,
00-0018588,Alan Ricard,RB,,,,
00-0025955,Albert Young,RB,,,,
00-0035125,Alec Ingold,RB,,,,
00-0033296,Alex Armah,RB,,,,
00-0035512,Alex Barnes,RB,,,,
00-0032426,Alex Collins,RB,,,,
00-0028034,Alex Green,RB,,,,
00-0023714,Alex Haynes,RB,,,,
00-0034972,Alexander Mattison,RB,,,,
00-0027346,Alfonso Smith,RB,,,,
00-0038957,Alfonzo Graham,RB,,,,
00-0031075,Alfred Blue,RB,,,,
00-0029141,Alfred Morris,RB,,,,
00-0033736,Algernon Brown,RB,,,,
00-0028125,Allen Bradford,RB,,,,
00-0026380,Allen Patrick,RB,,,,
00-0025702,Alonzo Coleman,RB,,,,
00-0031830,Alonzo Harris,RB,,,,
00-0032845,Alstevis Squirewell,RB,,,,
00-0033906,Alvin Kamara,RB,,,,
00-0023561,Alvin Pearman,RB,,,,
00-0032104,Ameer Abdullah,RB,,,,
00-0018501,Amos Zereoue,RB,,,,
00-0009738,Amp Lee,RB,,,,
00-0027094,Andre Brown,RB,,,,
00-0030287,Andre Ellington,RB,,,,
00-0023764,Andre Hall,RB,,,,
00-0031055,Andre Williams,RB,,,,
00-0027906,Andre' Anderson,RB,,,,
00-0034959,Andrew Beck,RB,,,,
00-0021936,Andrew Pinnock,RB,,,,
00-0032956,Andy Janovich,RB,,,,
00-0028163,Anthony Allen,RB,,,,
00-0025822,Anthony Alridge,RB,,,,
00-0027772,Anthony Dixon,RB,,,,
00-0019167,Anthony Green,RB,,,,
00-0008430,Anthony Johnson,RB,,,,
00-0034563,Anthony Manzo-Lewis,RB,,,,
00-0036336,Anthony McFarland,RB,,,,
00-0028074,Anthony Sherman,RB,,,,
00-0024513,Anthony Sherrell,RB,,,,
00-0020403,Anthony Thomas,RB,,,,
00-0026855,Antone Smith,RB,,,,
00-0030789,Antonio Andrews,RB,,,,
00-0036328,Antonio Gibson,RB,,,,
00-0025494,Antonio Pittman,RB,,,,
00-0036188,Antonio Williams,RB,,,,
00-0015091,Antowain Smith,RB,,,,
00-0026796,Arian Foster,RB,,,,
00-0021750,Arlen Harris,RB,,,,
00-0028565,Armando Allen,RB,,,,
00-0028706,Armond Smith,RB,,,,
00-0036208,Artavis Pierce,RB,,,,
00-0022006,Artose Pinner,RB,,,,
00-0039373,Audric Estimé,RB,,,,
00-0033699,Austin Ekeler,RB,,,,
00-0029729,Austin Johnson,RB,,,,
00-0039678,Austin Jones,RB,,,,
00-0028229,Austin Sylvester,RB,,,,
00-0035187,Austin Walter,RB,,,,
00-0004200,Autry Denson,RB,,,,
00-0019794,Aveion Cason,RB,,,,
00-0021528,Avon Cobourne,RB,,,,
00-0022003,B.J. Askew,RB,,,,
00-0037115,B.J. Baylor,RB,,,,
00-0036797,B.J. Emmons,RB,,,,
00-0022449,B.J. Sams,RB,,,,
00-0028170,Baron Batch,RB,,,,
00-0011392,Basil Mitchell,RB,,,,
00-0027890,Ben Tate,RB,,,,
00-0022555,Ben Utecht,RB,,,,
00-0025860,BenJarvus Green-Ellis,RB,,,,
00-0020417,Benjamin Gay,RB,,,,
00-0029795,Benny Cunningham,RB,,,,
00-0036117,Benny LeMay,RB,,,,
00-0035217,Benny Snell,RB,,,,
00-0029264,Bernard Pierce,RB,,,,
00-0026941,Bernard Scott,RB,,,,
00-0012603,Bernie Parmalee,RB,,,,
00-0038542,Bijan Robinson,RB,,,,
00-0028064,Bilal Powell,RB,,,,
00-0024659,Billy Latsko,RB,,,,
00-0031413,Bishop Sankey,RB,,,,
00-0039738,Blake Corum,RB,,,,
00-0031803,Blake Renaud,RB,,,,
00-0033193,Blake Sims,RB,,,,
00-0039573,Blake Watson,RB,,,,
00-0034432,Bo Scarbrough,RB,,,,
00-0002970,Bob Christian,RB,,,,
00-0035905,Bobby Holly,RB,,,,
00-0029384,Bobby Rainey,RB,,,,
00-0034414,Boston Scott,RB,,,,
00-0019100,Brad Hoover,RB,,,,
00-0029315,Brad Smelley,RB,,,,
00-0029420,Bradie Ewing,RB,,,,
00-0039794,Braelon Allen,RB,,,,
00-0031277,Branden Oliver,RB,,,,
00-0001098,Brandon Bennett,RB,,,,
00-0029239,Brandon Bolden,RB,,,,
00-0032831,Brandon Brown-Dukes,RB,,,,
00-0032844,Brandon Burks,RB,,,,
00-0025450,Brandon Jackson,RB,,,,
00-0023545,Brandon Jacobs,RB,,,,
00-0020342,Brandon Manumaleuna,RB,,,,
00-0022773,Brandon Miree,RB,,,,
00-0033268,Brandon Radcliff,RB,,,,
00-0032612,Brandon Ross,RB,,,,
00-0028602,Brandon Saine,RB,,,,
00-0031875,Brandon Wegher,RB,,,,
00-0032593,Brandon Wilds,RB,,,,
00-0038120,Breece Hall,RB,,,,
00-0036771,Brenden Knox,RB,,,,
00-0021311,Brian Allen,RB,,,,
00-0024289,Brian Calhoun,RB,,,,
00-0004752,Brian Edwards,RB,,,,
00-0033567,Brian Hill,RB,,,,
00-0009443,Brian Kozlowski,RB,,,,
00-0025439,Brian Leonard,RB,,,,
00-0011341,Brian Milne,RB,,,,
00-0011399,Brian Mitchell,RB,,,,
00-0037746,Brian Robinson,RB,,,,
00-0021216,Brian Westbrook,RB,,,,
00-0026712,Brit Miller,RB,,,,
00-0039603,British Brooks,RB,,,,
00-0037329,Brittain Brown,RB,,,,
00-0026607,Brock Bolen,RB,,,,
00-0021938,Brock Forsey,RB,,,,
00-0012370,Brock Olivo,RB,,,,
00-0027761,Brody Eldridge,RB,,,,
00-0032298,Bronson Hill,RB,,,,
00-0035467,Bruce Anderson,RB,,,,
00-0025917,Bruce Hall,RB,,,,
00-0028149,Bruce Miller,RB,,,,
00-0022733,Bruce Perry,RB,,,,
00-0021317,Bryan Fletcher,RB,,,,
00-0019172,Bryan Johnson,RB,,,,
00-0037495,Bryant Koback,RB,,,,
00-0029429,Bryce Brown,RB,,,,
00-0035256,Bryce Love,RB,,,,
00-0039361,Bucky Irving,RB,,,,
00-0034449,Buddy Howell,RB,,,,
00-0024625,Byron Storer,RB,,,,
00-0029854,C.J. Anderson,RB,,,,
00-0032918,C.J. Ham,RB,,,,
00-0036706,C.J. Marable,RB,,,,
00-0032393,C.J. Prosise,RB,,,,
00-0027861,C.J. Spiller,RB,,,,
00-0037405,C.J. Verdell,RB,,,,
00-0036829,Caleb Huntley,RB,,,,
00-0028822,Caleb King,RB,,,,
00-0038898,Calvin Tyler,RB,,,,
00-0036414,Cam Akers,RB,,,,
00-0031599,Cameron Artis-Payne,RB,,,,
00-0029977,Cameron Marshall,RB,,,,
00-0036179,Cameron Scarlett,RB,,,,
00-0031986,Cameron Stingily,RB,,,,
00-0038777,Camerun Peoples,RB,,,,
00-0022434,Carey Davis,RB,,,,
00-0020224,Carl Fair,RB,,,,
00-0031045,Carlos Hyde,RB,,,,
00-0038930,Carlos Washington,RB,,,,
00-0023440,Carnell Williams,RB,,,,
00-0039325,Carson Steele,RB,,,,
00-0022886,Casey Cramer,RB,,,,
00-0021525,Casey Fitzsimmons,RB,,,,
00-0010436,Cecil Martin,RB,,,,
00-0021845,Cecil Sapp,RB,,,,
00-0023439,Cedric Benson,RB,,,,
00-0022872,Cedric Cobbs,RB,,,,
00-0023615,Cedric Houston,RB,,,,
00-0032838,Cedric O'Neal,RB,,,,
00-0026932,Cedric Peerman,RB,,,,
00-0033338,Cethan Carter,RB,,,,
00-0004595,Chad Dukes,RB,,,,
00-0019590,Chad Morton,RB,,,,
00-0025997,Chad Simpson,RB,,,,
00-0028656,Chad Spann,RB,,,,
00-0035310,Chandler Cox,RB,,,,
00-0030668,Charcandrick West,RB,,,,
00-0024763,Charles Ali,RB,,,,
00-0028112,Charles Clay,RB,,,,
00-0009286,Charles Kirby,RB,,,,
00-0031390,Charles Sims,RB,,,,
00-0020849,Charles Stackhouse,RB,,,,
00-0005779,Charlie Garner,RB,,,,
00-0013958,Charlie Rogers,RB,,,,
00-0038597,Chase Brown,RB,,,,
00-0034681,Chase Edmonds,RB,,,,
00-0033173,Chase Price,RB,,,,
00-0028795,Chase Reynolds,RB,,,,
00-0026353,Chauncey Washington,RB,,,,
00-0021314,Chester Taylor,RB,,,,
00-0023858,Chris Barclay,RB,,,,
00-0038685,Chris Brooks,RB,,,,
00-0022092,Chris Brown,RB,,,,
00-0033594,Chris Carson,RB,,,,
00-0039244,Chris Collier,RB,,,,
00-0022738,Chris Cooley,RB,,,,
00-0022020,Chris Davis,RB,,,,
00-0036857,Chris Evans,RB,,,,
00-0005348,Chris Floyd,RB,,,,
00-0005620,Chris Fuamatu-Ma'afala,RB,,,,
00-0027419,Chris Gronkowski,RB,,,,
00-0025437,Chris Henry,RB,,,,
00-0007357,Chris Hetherington,RB,,,,
00-0007795,Chris Howard,RB,,,,
00-0027531,Chris Ivory,RB,,,,
00-0027167,Chris Jennings,RB,,,,
00-0026164,Chris Johnson,RB,,,,
00-0021345,Chris Massey,RB,,,,
00-0027140,Chris Ogbonnaya,RB,,,,
00-0022926,Chris Perry,RB,,,,
00-0029438,Chris Polk,RB,,,,
00-0026723,Chris Pressley,RB,,,,
00-0029140,Chris Rainey,RB,,,,
00-0038611,Chris Rodriguez,RB,,,,
00-0033004,Chris Swain,RB,,,,
00-0023844,Chris Taylor,RB,,,,
00-0030404,Chris Thompson,RB,,,,
00-0017209,Chris Warren,RB,,,,
00-0034315,Chris Warren,RB,,,,
00-0027007,Chris Wells,RB,,,,
00-0033280,Christian McCaffrey,RB,,,,
00-0032533,Christian Powell,RB,,,,
00-0035728,Christian Wade,RB,,,,
00-0030432,Christine Michael,RB,,,,
00-0034876,Christopher Ezeala,RB,,,,
00-0036555,Chuba Hubbard,RB,,,,
00-0004972,Chuck Evans,RB,,,,
00-0023547,Ciatrick Fason,RB,,,,
00-0030248,Cierre Wood,RB,,,,
00-0018568,Clarence Williams,RB,,,,
00-0006482,Clif Groce,RB,,,,
00-0024698,Clifton Dawson,RB,,,,
00-0026113,Clifton Smith,RB,,,,
00-0038156,Clint Ratkovich,RB,,,,
00-0021179,Clinton Portis,RB,,,,
00-0036360,Clyde Edwards-Helaire,RB,,,,
00-0039703,Cody Schrader,RB,,,,
00-0028876,Collin Mooney,RB,,,,
00-0039686,Colson Yankoff,RB,,,,
00-0019844,Conrad Emmerich,RB,,,,
00-0033725,Corey Clement,RB,,,,
00-0004304,Corey Dillon,RB,,,,
00-0031731,Corey Grant,RB,,,,
00-0020804,Corey McIntyre,RB,,,,
00-0020270,Correll Buckhalter,RB,,,,
00-0026378,Cory Boyd,RB,,,,
00-0024148,Cory Ross,RB,,,,
00-0014450,Cory Schlesinger,RB,,,,
00-0035567,Craig Reynolds,RB,,,,
00-0017006,Craig Walendy,RB,,,,
00-0035304,Cullen Gillaspia,RB,,,,
00-0026745,Curtis Brinkley,RB,,,,
00-0004916,Curtis Enis,RB,,,,
00-0019466,Curtis Keaton,RB,,,,
00-0010442,Curtis Martin,RB,,,,
00-0029298,Cyrus Gray,RB,,,,
00-0036275,D'Andre Swift,RB,,,,
00-0035628,D'Ernest Johnson,RB,,,,
00-0033925,D'Onta Foreman,RB,,,,
00-0037400,D'vonte Price,RB,,,,
00-0032577,D.J. Foster,RB,,,,
00-0039595,D.J. Williams,RB,,,,
00-0033561,DJ Pumphrey,RB,,,,
00-0028159,Da'Rel Scott,RB,,,,
00-0021545,Dahrran Diedrick,RB,,,,
00-0039455,Daijun Edwards,RB,,,,
00-0014775,Daimon Shelton,RB,,,,
00-0033257,Dalton Crossan,RB,,,,
00-0033893,Dalvin Cook,RB,,,,
00-0034654,Dalyn Dawkins,RB,,,,
00-0035448,Damarea Crockett,RB,,,,
00-0020865,Dameon Hunter,RB,,,,
00-0037258,Dameon Pierce,RB,,,,
00-0021048,Damien Anderson,RB,,,,
00-0035657,Damien Harris,RB,,,,
00-0023576,Damien Nash,RB,,,,
00-0030874,Damien Williams,RB,,,,
00-0017239,Damon Washington,RB,,,,
00-0020487,Dan Alexander,RB,,,,
00-0022015,Dan Curley,RB,,,,
00-0029588,Dan Herron,RB,,,,
00-0019135,Dan Kreider,RB,,,,
00-0024607,Daniel Coats,RB,,,,
00-0032804,Daniel Lasco,RB,,,,
00-0034148,Daniel Marx,RB,,,,
00-0028000,Daniel Thomas,RB,,,,
00-0032794,Danny Vitale,RB,,,,
00-0024559,Danny Ware,RB,,,,
00-0021434,Dante Brown,RB,,,,
00-0019539,Dante Hall,RB,,,,
00-0039230,Dante Miller,RB,,,,
00-0026453,Dantrell Savage,RB,,,,
00-0033854,Dare Ogunbowale,RB,,,,
00-0021371,Darian Barnes,RB,,,,
00-0036027,Darius Anderson,RB,,,,
00-0035898,Darius Bradwell,RB,,,,
00-0036467,Darius Clark,RB,,,,
00-0038433,Darius Hagans,RB,,,,
00-0033049,Darius Jackson,RB,,,,
00-0034007,Darius Victor,RB,,,,
00-0024850,Darius Walker,RB,,,,
00-0000534,Darnell Autry,RB,,,,
00-0034301,Darrel Williams,RB,,,,
00-0026852,Darrel Young,RB,,,,
00-0035664,Darrell Henderson,RB,,,,
00-0028645,Darren Evans,RB,,,,
00-0026144,Darren McFadden,RB,,,,
00-0023564,Darren Sproles,RB,,,,
00-0035043,Darrin Hall,RB,,,,
00-0033341,Darrin Laufasa,RB,,,,
00-0031123,Darrin Reaves,RB,,,,
00-0036297,Darrynton Evans,RB,,,,
00-0035148,Darwin Thompson,RB,,,,
00-0029612,Daryl Richardson,RB,,,,
00-0020058,David Allen,RB,,,,
00-0032133,David Cobb,RB,,,,
00-0030711,David Fluellen,RB,,,,
00-0026957,David Johnson,RB,,,,
00-0032187,David Johnson,RB,,,,
00-0024377,David Kirtman,RB,,,,
00-0035685,David Montgomery,RB,,,,
00-0012515,David Palmer,RB,,,,
00-0034427,David Williams,RB,,,,
00-0029251,David Wilson,RB,,,,
00-0013425,Dawud Rasheed,RB,,,,
00-0023806,De De Dorsey,RB,,,,
00-0033581,De'Angelo Henderson Sr.,RB,,,,
00-0031060,De'Anthony Thomas,RB,,,,
00-0034201,De'Lance Turner,RB,,,,
00-0033842,De'Mard Llorens,RB,,,,
00-0012556,De'Mond Parker,RB,,,,
00-0037220,De'Montre Tuggle,RB,,,,
00-0033413,De'Veon Smith,RB,,,,
00-0039040,De'Von Achane,RB,,,,
00-0023634,DeAndra Cobb,RB,,,,
00-0032940,DeAndre Washington,RB,,,,
00-0024242,DeAngelo Williams,RB,,,,
00-0028009,DeMarco Murray,RB,,,,
00-0019312,DeMario Brown,RB,,,,
00-0039687,DeShaun Fenwick,RB,,,,
00-0021164,DeShaun Foster,RB,,,,
00-0025615,DeShawn Wynn,RB,,,,
00-0039046,DeWayne McBride,RB,,,,
00-0036751,Dedrick Mills,RB,,,,
00-0020376,Dee Brown,RB,,,,
00-0036425,DeeJay Dallas,RB,,,,
00-0027779,Deji Karim,RB,,,,
00-0028057,Delone Carter,RB,,,,
00-0020564,Delvin Joyce,RB,,,,
00-0036654,Demetric Felton,RB,,,,
00-0038518,Deneric Prince,RB,,,,
00-0030236,Dennis Johnson,RB,,,,
00-0010951,Dennis McKinley,RB,,,,
00-0025582,Deon Anderson,RB,,,,
00-0019473,Deon Dyer,RB,,,,
00-0036493,Deon Jackson,RB,,,,
00-0038638,Derek Parish,RB,,,,
00-0021817,Derek Watson,RB,,,,
00-0032897,Derek Watt,RB,,,,
00-0020315,Derrick Blaylock,RB,,,,
00-0029068,Derrick Coleman,RB,,,,
00-0035715,Derrick Gore,RB,,,,
00-0006930,Derrick Harris,RB,,,,
00-0032764,Derrick Henry,RB,,,,
00-0024189,Derrick Ross,RB,,,,
00-0022770,Derrick Ward,RB,,,,
00-0022970,Derrick Wimbush,RB,,,,
00-0034358,Derrius Guice,RB,,,,
00-0019140,Destry Wright,RB,,,,
00-0034565,Detrez Newsome,RB,,,,
00-0015152,Detron Smith,RB,,,,
00-0020527,Deuce McAllister,RB,,,,
00-0038622,Deuce Vaughn,RB,,,,
00-0033304,Devante Mays,RB,,,,
00-0026620,Devin Moore,RB,,,,
00-0035250,Devin Singletary,RB,,,,
00-0035184,Devine Ozigbo,RB,,,,
00-0033515,Devine Redding,RB,,,,
00-0032996,Devon Johnson,RB,,,,
00-0031285,Devonta Freeman,RB,,,,
00-0032972,Devontae Booker,RB,,,,
00-0034935,Devontae Jackson,RB,,,,
00-0034995,Dexter Williams,RB,,,,
00-0023056,Diamond Ferri,RB,,,,
00-0039647,Dillon Johnson,RB,,,,
00-0034225,Dimitri Flowers,RB,,,,
00-0027201,Dimitri Nance,RB,,,,
00-0028087,Dion Lewis,RB,,,,
00-0021979,Domanick Williams,RB,,,,
00-0019863,Dominic Rhodes,RB,,,,
00-0030944,Dominique Williams,RB,,,,
00-0032636,Don Jackson,RB,,,,
00-0027003,Donald Brown,RB,,,,
00-0001102,Donnell Bennett,RB,,,,
00-0035569,Dontae Strickland,RB,,,,
00-0034253,Dontrell Hilliard,RB,,,,
00-0009829,Dorsey Levens,RB,,,,
00-0019712,Doug Chapman,RB,,,,
00-0022464,Doug Easlick,RB,,,,
00-0029613,Doug Martin,RB,,,,
00-0032090,Dreamius Smith,RB,,,,
00-0031392,Dri Archer,RB,,,,
00-0028409,DuJuan Harris,RB,,,,
00-0015523,Duce Staley,RB,,,,
00-0032257,Duke Johnson,RB,,,,
00-0022311,Dusty McGrorty,RB,,,,
00-0032450,Dwayne Washington,RB,,,,
00-0025498,Dwayne Wright,RB,,,,
00-0021848,Dwone Hicks,RB,,,,
00-0039407,Dylan Laube,RB,,,,
00-0021755,Earnest Graham,RB,,,,
00-0020903,Ed Ieremia-Stansbury,RB,,,,
00-0005883,Eddie George,RB,,,,
00-0030485,Eddie Lacy,RB,,,,
00-0026947,Eddie Williams,RB,,,,
00-0008241,Edgerrin James,RB,,,,
00-0029317,Edwin Baker,RB,,,,
00-0024738,Eldra Buckley,RB,,,,
00-0039629,Elijah Collins,RB,,,,
00-0038862,Elijah Dotson,RB,,,,
00-0035442,Elijah Holyfield,RB,,,,
00-0033975,Elijah Hood,RB,,,,
00-0033295,Elijah McGuire,RB,,,,
00-0036567,Elijah Mitchell,RB,,,,
00-0034119,Elijah Wellman,RB,,,,
00-0032813,Elijhaa Penny,RB,,,,
00-0038965,Ellis Merriweather,RB,,,,
00-0019889,Elvis Joseph,RB,,,,
00-0039311,Emani Bailey,RB,,,,
00-0038797,Emanuel Wilson,RB,,,,
00-0038705,Emari Demercado,RB,,,,
00-0015165,Emmitt Smith,RB,,,,
00-0036383,Eno Benjamin,RB,,,,
00-0038396,Eric Gray,RB,,,,
00-0020793,Eric McCoo,RB,,,,
00-0023489,Eric Shelton,RB,,,,
00-0022174,Erik Bickerstaff,RB,,,,
00-0027844,Erik Lorig,RB,,,,
00-0013622,Errict Rhett,RB,,,,
00-0038397,Evan Hull,RB,,,,
00-0029276,Evan Rodriguez,RB,,,,
00-0028115,Evan Royster,RB,,,,
00-0033045,Ezekiel Elliott,RB,,,,
00-0026162,Felix Jones,RB,,,,
00-0031332,Fitzgerald Toussaint,RB,,,,
00-0029731,Fozzy Whittaker,RB,,,,
00-0023500,Frank Gore,RB,,,,
00-0039471,Frank Gore Jr.,RB,,,,
00-0019471,Frank Moreau,RB,,,,
00-0019487,Frank Murphy,RB,,,,
00-0026926,Frank Summers,RB,,,,
00-0000942,Fred Beasley,RB,,,,
00-0024204,Fred Jackson,RB,,,,
00-0010632,Fred McAfee,RB,,,,
00-0010747,Fred McCrary,RB,,,,
00-0016098,Fred Taylor,RB,,,,
00-0033640,Freddie Stevenson,RB,,,,
00-0027143,Fui Vakapuna,RB,,,,
00-0035908,Gabe Nabers,RB,,,,
00-0036521,Garrett Groshek,RB,,,,
00-0025480,Garrett Wolfe,RB,,,,
00-0007180,Garrison Hearst,RB,,,,
00-0027098,Gartrell Johnson,RB,,,,
00-0036569,Gary Brightwell,RB,,,,
00-0004495,Gary Downs,RB,,,,
00-0024846,Gary Russell,RB,,,,
00-0034946,George Aston,RB,,,,
00-0031158,George Atkinson,RB,,,,
00-0031746,George Farmer,RB,,,,
00-0039299,George Holani,RB,,,,
00-0020479,George Layne,RB,,,,
00-0030247,George Winn,RB,,,,
00-0034883,Gerald Holmes,RB,,,,
00-0019716,Gerard Arnold,RB,,,,
00-0036578,Gerrid Doaks,RB,,,,
00-0025337,Gilbert Harris,RB,,,,
00-0030456,Giovani Bernard,RB,,,,
00-0035956,Giovanni Ricci,RB,,,,
00-0027048,Glen Coffee,RB,,,,
00-0032499,Glenn Gronkowski,RB,,,,
00-0031459,Glenn Winston,RB,,,,
00-0011213,Glyn Milburn,RB,,,,
00-0037437,Greg Bell,RB,,,,
00-0003344,Greg Comella,RB,,,,
00-0023314,Greg Hanoian,RB,,,,
00-0022897,Greg Jones,RB,,,,
00-0034184,Gus Edwards,RB,,,,
00-0031885,Gus Johnson,RB,,,,
00-0011718,Harold Morrow,RB,,,,
00-0014733,Harold Shaw,RB,,,,
00-0027851,Harvey Unga,RB,,,,
00-0038714,Hassan Hall,RB,,,,
00-0037617,Hassan Haskins,RB,,,,
00-0020507,Heath Evans,RB,,,,
00-0028492,Henry Hynoski,RB,,,,
00-0031106,Henry Josey,RB,,,,
00-0034314,Henry Poggi,RB,,,,
00-0019028,Herbert Goodman,RB,,,,
00-0006456,Howard Griffith,RB,,,,
00-0038738,Hunter Luepke,RB,,,,
00-0033691,I'Tavius Mathers,RB,,,,
00-0021810,Ian Smart,RB,,,,
00-0039466,Ian Wheeler,RB,,,,
00-0039363,Isaac Guerendo,RB,,,,
00-0026566,Isaac Redman,RB,,,,
00-0030656,Isaiah Crowell,RB,,,,
00-0039798,Isaiah Davis,RB,,,,
00-0029626,Isaiah Pead,RB,,,,
00-0038045,Isaiah Spiller,RB,,,,
00-0037197,Isiah Pacheco,RB,,,,
00-0038389,Israel Abanikanda,RB,,,,
00-0034378,Ito Smith,RB,,,,
00-0032602,J.D. McKissic,RB,,,,
00-0034294,J.D. Moore,RB,,,,
00-0024409,J.D. Runnels,RB,,,,
00-0023479,J.J. Arrington,RB,,,,
00-0008529,J.J. Johnson,RB,,,,
00-0036096,J.J. Taylor,RB,,,,
00-0036158,J.K. Dobbins,RB,,,,
00-0022484,J.P. Foschi,RB,,,,
00-0020670,J.R. Niklos,RB,,,,
00-0019722,J.R. Redmond,RB,,,,
00-0034900,Ja'Quan Gardner,RB,,,,
00-0039652,Jabari Small,RB,,,,
00-0038875,Jack Colletto,RB,,,,
00-0025701,Jackie Battle,RB,,,,
00-0026209,Jacob Hester,RB,,,,
00-0033195,Jacob Huesman,RB,,,,
00-0039617,Jacob Kibodi,RB,,,,
00-0038896,Jacob Saylors,RB,,,,
00-0035760,Jacques Patrick,RB,,,,
00-0028083,Jacquizz Rodgers,RB,,,,
00-0039503,Jaden Shirden,RB,,,,
00-0033664,Jahad Thomas,RB,,,,
00-0039139,Jahmyr Gibbs,RB,,,,
00-0027880,Jahvid Best,RB,,,,
00-0032082,Jahwan Edwards,RB,,,,
00-0035975,Jake Bargas,RB,,,,
00-0036860,Jake Funk,RB,,,,
00-0035726,Jakob Johnson,RB,,,,
00-0038794,Jaleel McLaughlin,RB,,,,
00-0039554,Jalen Jackson,RB,,,,
00-0026316,Jalen Parmele,RB,,,,
00-0033025,Jalen Richard,RB,,,,
00-0033035,Jalen Simmons,RB,,,,
00-0035505,Jalin Moore,RB,,,,
00-0032130,Jalston Fowler,RB,,,,
00-0024202,Jamaal Branch,RB,,,,
00-0026213,Jamaal Charles,RB,,,,
00-0033948,Jamaal Williams,RB,,,,
00-0000316,Jamal Anderson,RB,,,,
00-0019693,Jamal Lewis,RB,,,,
00-0020587,Jamal Robertson,RB,,,,
00-0021387,Jamar Martin,RB,,,,
00-0020391,Jameel Cook,RB,,,,
00-0019057,Jamel White,RB,,,,
00-0000210,James Allen,RB,,,,
00-0034870,James Butler,RB,,,,
00-0027109,James Casey,RB,,,,
00-0033553,James Conner,RB,,,,
00-0037248,James Cook,RB,,,,
00-0027130,James Davis,RB,,,,
00-0027925,James Develin,RB,,,,
00-0020173,James Fenderson,RB,,,,
00-0007546,James Hodgins,RB,,,,
00-0020430,James Jackson,RB,,,,
00-0025913,James Johnson,RB,,,,
00-0021638,James Lynch,RB,,,,
00-0020700,James Mungro,RB,,,,
00-0035831,James Robinson,RB,,,,
00-0023829,James Sims,RB,,,,
00-0027791,James Starks,RB,,,,
00-0015698,James Stewart,RB,,,,
00-0033613,James Summers,RB,,,,
00-0031062,James White,RB,,,,
00-0030786,James Wilder Jr.,RB,,,,
00-0035165,James Williams,RB,,,,
00-0020206,James Wofford,RB,,,,
00-0028068,Jamie Harper,RB,,,,
00-0027306,Jamie McCoy,RB,,,,
00-0013467,Jamie Reader,RB,,,,
00-0029492,Jamize Olawale,RB,,,,
00-0035806,Jamycal Hasty,RB,,,,
00-0036768,Jaquan Hardy,RB,,,,
00-0036755,Jaret Patterson,RB,,,,
00-0020988,Jarmar Julien,RB,,,,
00-0022255,Jarrett Payton,RB,,,,
00-0021253,Jarrod Baxter,RB,,,,
00-0031493,Jarryd Hayne,RB,,,,
00-0039271,Jarveon Howard,RB,,,,
00-0033348,Jarveon Williams,RB,,,,
00-0034205,Jarvion Franklin,RB,,,,
00-0039393,Jase McClellan,RB,,,,
00-0020073,Jasen Isom,RB,,,,
00-0037410,Jashaun Corbin,RB,,,,
00-0022941,Jason Anderson,RB,,,,
00-0019423,Jason Brookins,RB,,,,
00-0024158,Jason Davis,RB,,,,
00-0036278,Jason Huntley,RB,,,,
00-0020805,Jason McKie,RB,,,,
00-0025631,Jason Snelling,RB,,,,
00-0022288,Jason Wright,RB,,,,
00-0027467,Javarris James,RB,,,,
00-0027141,Javarris Williams,RB,,,,
00-0036827,Javian Hawkins,RB,,,,
00-0035868,Javon Leake,RB,,,,
00-0027120,Javon Ringer,RB,,,,
00-0036997,Javonte Williams,RB,,,,
00-0031577,Javorius Allen,RB,,,,
00-0030415,Jawan Jamison,RB,,,,
00-0039405,Jawhar Jordan,RB,,,,
00-0031590,Jay Ajayi,RB,,,,
00-0006208,Jay Graham,RB,,,,
00-0031085,Jay Prosch,RB,,,,
00-0034331,Jaylen Samuels,RB,,,,
00-0037228,Jaylen Warren,RB,,,,
00-0039874,Jaylen Wright,RB,,,,
00-0026072,Jed Collins,RB,,,,
00-0029722,Jeff Demps,RB,,,,
00-0022746,Jeff Dugan,RB,,,,
00-0031723,Jeff Luc,RB,,,,
00-0012675,Jeff Paulk,RB,,,,
00-0034115,Jeff Wilson,RB,,,,
00-0026012,Jehuu Caulcrick,RB,,,,
00-0011573,Jerald Moore,RB,,,,
00-0015420,Jerald Sowell,RB,,,,
00-0022141,Jeremi Johnson,RB,,,,
00-0026799,Jeremiah Johnson,RB,,,,
00-0035427,Jeremy Cox,RB,,,,
00-0031301,Jeremy Hill,RB,,,,
00-0031569,Jeremy Langford,RB,,,,
00-0033955,Jeremy McNichols,RB,,,,
00-0029441,Jeremy Stewart,RB,,,,
00-0031376,Jerick McKinnon,RB,,,,
00-0024294,Jerious Norwood,RB,,,,
00-0005110,Jermaine Fazande,RB,,,,
00-0017829,Jermaine Williams,RB,,,,
00-0036670,Jermar Jefferson,RB,,,,
00-0001215,Jerome Bettis,RB,,,,
00-0026286,Jerome Felton,RB,,,,
00-0037267,Jerome Ford,RB,,,,
00-0024359,Jerome Harrison,RB,,,,
00-0026598,Jerome Johnson,RB,,,,
00-0030746,Jerome Smith,RB,,,,
00-0037210,Jerrion Ealy,RB,,,,
00-0020820,Jesse Chatman,RB,,,,
00-0028980,Jewel Hampton,RB,,,,
00-0032611,Jhurrell Pressley,RB,,,,
00-0005229,Jim Finn,RB,,,,
00-0009323,Jimmy Kleinsasser,RB,,,,
00-0033980,Joe Bacci,RB,,,,
00-0029048,Joe Banyard,RB,,,,
00-0020917,Joe Burns,RB,,,,
00-0032375,Joe Kerridge,RB,,,,
00-0027712,Joe McKnight,RB,,,,
00-0033897,Joe Mixon,RB,,,,
00-0011506,Joe Montgomery,RB,,,,
00-0021466,Joe Smith,RB,,,,
00-0033286,Joe Williams,RB,,,,
00-0033630,Joel Bouagnon,RB,,,,
00-0010292,Joel Makovicka,RB,,,,
00-0019134,Joey Goodspeed,RB,,,,
00-0022363,Joey Harris,RB,,,,
00-0032122,Joey Iosefa,RB,,,,
00-0021431,Joffrey Reynolds,RB,,,,
00-0000541,John Avery,RB,,,,
00-0028208,John Clay,RB,,,,
00-0027739,John Conner,RB,,,,
00-0031826,John Crockett,RB,,,,
00-0028377,John Griffin,RB,,,,
00-0034808,John Kelly,RB,,,,
00-0022999,John Kuhn,RB,,,,
00-0037234,John Lovett,RB,,,,
00-0027139,John Phillips,RB,,,,
00-0033504,John Robinson-Woodgett,RB,,,,
00-0021031,John Simon,RB,,,,
00-0030078,Johnathan Franklin,RB,,,,
00-0020893,Johnathan Reese,RB,,,,
00-0034311,Johnny Stanton,RB,,,,
00-0028071,Johnny White,RB,,,,
00-0027218,Joique Bell,RB,,,,
00-0022290,Jon Bradley,RB,,,,
00-0023282,Jon Goldsberry,RB,,,,
00-0035013,Jon Hilliman,RB,,,,
00-0013773,Jon Ritchie,RB,,,,
00-0018141,Jon Witman,RB,,,,
00-0029104,Jonas Gray,RB,,,,
00-0019238,Jonas Lewis,RB,,,,
00-0030350,Jonathan Amosa,RB,,,,
00-0027786,Jonathan Dwyer,RB,,,,
00-0029510,Jonathan Grimes,RB,,,,
00-0009960,Jonathan Linton,RB,,,,
00-0026153,Jonathan Stewart,RB,,,,
00-0036223,Jonathan Taylor,RB,,,,
00-0035924,Jonathan Ward,RB,,,,
00-0021223,Jonathan Wells,RB,,,,
00-0032975,Jonathan Williams,RB,,,,
00-0039344,Jonathon Brooks,RB,,,,
00-0038743,Jordan Byrd,RB,,,,
00-0034551,Jordan Chunn,RB,,,,
00-0035396,Jordan Ellis,RB,,,,
00-0034532,Jordan Franks,RB,,,,
00-0032780,Jordan Howard,RB,,,,
00-0033616,Jordan Johnson,RB,,,,
00-0037525,Jordan Mason,RB,,,,
00-0038678,Jordan Mims,RB,,,,
00-0035275,Jordan Scarlett,RB,,,,
00-0028121,Jordan Todman,RB,,,,
00-0034400,Jordan Wilkins,RB,,,,
00-0029619,Jorvorskie Lane,RB,,,,
00-0024245,Joseph Addai,RB,,,,
00-0030388,Joseph Randle,RB,,,,
00-0034457,Josh Adams,RB,,,,
00-0035691,Josh Caldwell,RB,,,,
00-0032377,Josh Ferguson,RB,,,,
00-0031450,Josh Harris,RB,,,,
00-0035807,Josh Hokit,RB,,,,
00-0035700,Josh Jacobs,RB,,,,
00-0036799,Josh Johnson,RB,,,,
00-0019932,Josh Parry,RB,,,,
00-0031611,Josh Robinson,RB,,,,
00-0034016,Josh Rounds,RB,,,,
00-0021796,Josh Rue,RB,,,,
00-0021098,Josh Scobey,RB,,,,
00-0026644,Josh Vaughan,RB,,,,
00-0036370,Joshua Kelley,RB,,,,
00-0031861,Julian Howsare,RB,,,,
00-0037594,Julius Chestnut,RB,,,,
00-0022840,Julius Jones,RB,,,,
00-0034975,Justice Hill,RB,,,,
00-0034137,Justin Crawford,RB,,,,
00-0033760,Justin Davis,RB,,,,
00-0022093,Justin Fargas,RB,,,,
00-0026373,Justin Forsett,RB,,,,
00-0023591,Justin Green,RB,,,,
00-0022011,Justin Griffith,RB,,,,
00-0034440,Justin Jackson,RB,,,,
00-0034890,Justin Stockton,RB,,,,
00-0017303,Justin Watson,RB,,,,
00-0030705,Juwan Thompson,RB,,,,
00-0031057,Ka'Deem Carey,RB,,,,
00-0019382,KaRon Coleman,RB,,,,
00-0026579,Kahlil Bell,RB,,,,
00-0039940,Kairee Robinson,RB,,,,
00-0034799,Kalen Ballage,RB,,,,
00-0033361,Kalif Phillips,RB,,,,
00-0031102,Kapri Bibbs,RB,,,,
00-0035454,Karan Higdon,RB,,,,
00-0026819,Kareem Huggins,RB,,,,
00-0033923,Kareem Hunt,RB,,,,
00-0032152,Karlos Williams,RB,,,,
00-0023159,Kay-Jay Harris,RB,,,,
00-0036450,Ke'Shawn Vaughn,RB,,,,
00-0037299,Keaontay Ingram,RB,,,,
00-0038454,Keaton Mitchell,RB,,,,
00-0039385,Keilan Robinson,RB,,,,
00-0027214,Keiland Williams,RB,,,,
00-0034509,Keith Ford,RB,,,,
00-0023297,Keith Joseph,RB,,,,
00-0032806,Keith Marshall,RB,,,,
00-0027257,Keith Toston,RB,,,,
00-0032440,Kelvin Taylor,RB,,,,
00-0020786,Ken Simonton,RB,,,,
00-0030039,Kendall Gaskins,RB,,,,
00-0028053,Kendall Hunter,RB,,,,
00-0039266,Kendall Milton,RB,,,,
00-0038551,Kendre Miller,RB,,,,
00-0036842,Kene Nwangwu,RB,,,,
00-0030465,Kenjon Barner,RB,,,,
00-0037131,Kennedy Brooks,RB,,,,
00-0025633,Kenneth Darby,RB,,,,
00-0032411,Kenneth Dixon,RB,,,,
00-0032902,Kenneth Farrow,RB,,,,
00-0036919,Kenneth Gainwell,RB,,,,
00-0038134,Kenneth Walker,RB,,,,
00-0002459,Kenny Bynum,RB,,,,
00-0031625,Kenny Hilliard,RB,,,,
00-0038636,Kenny McIntosh,RB,,,,
00-0019808,Kenny Watson,RB,,,,
00-0022206,Kenton Keith,RB,,,,
00-0033118,Kenyan Drake,RB,,,,
00-0035596,Kerrith Whyte,RB,,,,
00-0021747,Kerry Carter,RB,,,,
00-0034349,Kerryon Johnson,RB,,,,
00-0030117,Kerwynn Williams,RB,,,,
00-0020474,Kevan Barlow,RB,,,,
00-0023231,Kevin Dudley,RB,,,,
00-0005091,Kevin Faulk,RB,,,,
00-0037286,Kevin Harris,RB,,,,
00-0019503,Kevin Houser,RB,,,,
00-0022782,Kevin Jones,RB,,,,
00-0037470,Kevin Marks,RB,,,,
00-0019268,Kevin McDougal,RB,,,,
00-0010994,Kevin McLeod,RB,,,,
00-0032283,Kevin Monangai,RB,,,,
00-0026204,Kevin Smith,RB,,,,
00-0023426,Keylon Kincade,RB,,,,
00-0033797,Khalfani Muhammad,RB,,,,
00-0033817,Khalid Abdullah,RB,,,,
00-0034237,Khalid Hill,RB,,,,
00-0036906,Khalil Herbert,RB,,,,
00-0035099,Khari Blasingame,RB,,,,
00-0030348,Khiry Robinson,RB,,,,
00-0002743,Ki-Jana Carter,RB,,,,
00-0031091,Kiero Small,RB,,,,
00-0039391,Kimani Vidal,RB,,,,
00-0000279,Kimble Anders,RB,,,,
00-0030280,Knile Davis,RB,,,,
00-0026988,Knowshon Moreno,RB,,,,
00-0039302,Kobe Lewis,RB,,,,
00-0034893,Kobe McCrary,RB,,,,
00-0025535,Kolby Smith,RB,,,,
00-0025578,Korey Hall,RB,,,,
00-0022640,Kory Chapman,RB,,,,
00-0026769,Kory Sheets,RB,,,,
00-0026029,Kregg Lumpkin,RB,,,,
00-0022714,Kris Wilson,RB,,,,
00-0028337,Kyle Adams,RB,,,,
00-0023251,Kyle Eckel,RB,,,,
00-0021260,Kyle Johnson,RB,,,,
00-0029892,Kyle Juszczyk,RB,,,,
00-0036669,Kylin Hill,RB,,,,
00-0037840,Kyren Williams,RB,,,,
00-0036269,La'Mical Perine,RB,,,,
00-0022057,LaBrandon Toefield,RB,,,,
00-0020536,LaDainian Tomlinson,RB,,,,
00-0029260,LaMichael James,RB,,,,
00-0020462,LaMont Jordan,RB,,,,
00-0026956,LaRod Stephens-Howling,RB,,,,
00-0031078,Lache Seastrunk,RB,,,,
00-0021184,Ladell Betts,RB,,,,
00-0021209,Lamar Gordon,RB,,,,
00-0029615,Lamar Miller,RB,,,,
00-0015242,Lamar Smith,RB,,,,
00-0017218,Lamont Warren,RB,,,,
00-0026432,Lance Ball,RB,,,,
00-0029004,Lance Dunbar,RB,,,,
00-0001573,Larry Bowie,RB,,,,
00-0002846,Larry Centers,RB,,,,
00-0022384,Larry Croom,RB,,,,
00-0021976,Larry Johnson,RB,,,,
00-0021305,Larry Ned,RB,,,,
00-0034666,Larry Rose,RB,,,,
00-0036650,Larry Rountree,RB,,,,
00-0030513,Latavius Murray,RB,,,,
00-0024236,Laurence Maroney,RB,,,,
00-0034624,Lavon Coleman,RB,,,,
00-0032740,Lawrence Thomas,RB,,,,
00-0024394,Lawrence Vickers,RB,,,,
00-0025524,Le'Ron McClain,RB,,,,
00-0030496,Le'Veon Bell,RB,,,,
00-0027325,LeGarrette Blount,RB,,,,
00-0027029,LeSean McCoy,RB,,,,
00-0033384,LeShun Daniels,RB,,,,
00-0035912,LeVante Bellamy,RB,,,,
00-0037466,Leddie Brown,RB,,,,
00-0022180,Lee Suggs,RB,,,,
00-0024260,LenDale White,RB,,,,
00-0033762,Lenard Tillery,RB,,,,
00-0006155,Lennox Gordon,RB,,,,
00-0008568,Leon Johnson,RB,,,,
00-0024332,Leon Washington,RB,,,,
00-0033856,Leonard Fournette,RB,,,,
00-0021343,Leonard Henry,RB,,,,
00-0023063,Leonard Weaver,RB,,,,
00-0038409,Lew Nichols,RB,,,,
00-0026344,Lex Hilliard,RB,,,,
00-0023668,Lionel Gates,RB,,,,
00-0019413,Lloyd Clemons,RB,,,,
00-0029953,Lonnie Pryor,RB,,,,
00-0027423,Lonyae Miller,RB,,,,
00-0025458,Lorenzo Booker,RB,,,,
00-0039557,Lorenzo Lingard,RB,,,,
00-0011958,Lorenzo Neal,RB,,,,
00-0031066,Lorenzo Taliaferro,RB,,,,
00-0025841,Louis Rankin,RB,,,,
00-0039228,Louis Rees-Zammit,RB,,,,
00-0022405,Lousaka Polite,RB,,,,
00-0022529,Luke Lawton,RB,,,,
00-0034149,Luke McNitt,RB,,,,
00-0026121,Lynell Hamilton,RB,,,,
00-0032048,Mack Brown,RB,,,,
00-0015830,Mack Strong,RB,,,,
00-0023683,Madison Hedgecock,RB,,,,
00-0007447,Madre Hill,RB,,,,
00-0022109,Malaefou MacKenzie,RB,,,,
00-0031806,Malcolm Brown,RB,,,,
00-0032068,Malcolm Johnson,RB,,,,
00-0036245,Malcolm Perry,RB,,,,
00-0037563,Malik Davis,RB,,,,
00-0034156,Malik Williams,RB,,,,
00-0027412,Manase Tonga,RB,,,,
00-0039811,MarShawn Lloyd,RB,,,,
00-0004768,Marc Edwards,RB,,,,
00-0020022,Marcel Shipp,RB,,,,
00-0026572,Marcus Mailei,RB,,,,
00-0035209,Marcus Marshall,RB,,,,
00-0024561,Marcus Mason,RB,,,,
00-0031959,Marcus Murphy,RB,,,,
00-0026577,Marcus Thigpen,RB,,,,
00-0026306,Marcus Thomas,RB,,,,
00-0000871,Mario Bates,RB,,,,
00-0023544,Marion Barber,RB,,,,
00-0030999,Marion Grice,RB,,,,
00-0027966,Mark Ingram,RB,,,,
00-0034200,Mark Thompson,RB,,,,
00-0034679,Mark Walton,RB,,,,
00-0039786,Markese Stepp,RB,,,,
00-0019153,Marlion Jackson,RB,,,,
00-0000781,Marlon Barnes,RB,,,,
00-0033951,Marlon Mack,RB,,,,
00-0033796,Marquez Williams,RB,,,,
00-0023064,Marquis Weeks,RB,,,,
00-0035745,Marquis Young,RB,,,,
00-0005092,Marshall Faulk,RB,,,,
00-0032639,Marshaun Coprich,RB,,,,
00-0025399,Marshawn Lynch,RB,,,,
00-0034099,Martez Carter,RB,,,,
00-0037111,Master Teague,RB,,,,
00-0037226,Mataeo Durant,RB,,,,
00-0028198,Matt Asiata,RB,,,,
00-0033308,Matt Breida,RB,,,,
00-0035606,Matt Colburn,RB,,,,
00-0033596,Matt Dayes,RB,,,,
00-0026184,Matt Forte,RB,,,,
00-0031939,Matt Jones,RB,,,,
00-0026132,Matt Lawrence,RB,,,,
00-0015362,Matt Snider,RB,,,,
00-0020644,Matt Stanley,RB,,,,
00-0030150,Matthew Tucker,RB,,,,
00-0020797,Maurice Hicks,RB,,,,
00-0024275,Maurice Jones-Drew,RB,,,,
00-0021182,Maurice Morris,RB,,,,
00-0018977,Maurice Smith,RB,,,,
00-0037389,Max Borghi,RB,,,,
00-0036698,Mekhi Sargent,RB,,,,
00-0032144,Melvin Gordon,RB,,,,
00-0022217,Mewelde Moore,RB,,,,
00-0000856,Michael Basnight,RB,,,,
00-0000872,Michael Bates,RB,,,,
00-0020514,Michael Bennett,RB,,,,
00-0031595,Michael Burton,RB,,,,
00-0025487,Michael Bush,RB,,,,
00-0036924,Michael Carter,RB,,,,
00-0030128,Michael Cox,RB,,,,
00-0030134,Michael Ford,RB,,,,
00-0030320,Michael Hill,RB,,,,
00-0013013,Michael Pittman,RB,,,,
00-0024315,Michael Robinson,RB,,,,
00-0029145,Michael Smith,RB,,,,
00-0022821,Michael Turner,RB,,,,
00-0036006,Michael Warren,RB,,,,
00-0019614,Michael Wiley,RB,,,,
00-0039684,Michael Wiley,RB,,,,
00-0000251,Mike Alstott,RB,,,,
00-0019594,Mike Anderson,RB,,,,
00-0024011,Mike Bell,RB,,,,
00-0034208,Mike Boone,RB,,,,
00-0003136,Mike Cloud,RB,,,,
00-0026033,Mike Cox,RB,,,,
00-0032063,Mike Davis,RB,,,,
00-0030433,Mike Gillislee,RB,,,,
00-0027080,Mike Goodson,RB,,,,
00-0019576,Mike Green,RB,,,,
00-0026342,Mike Hart,RB,,,,
00-0030391,Mike James,RB,,,,
00-0022796,Mike Karney,RB,,,,
00-0014655,Mike Sellers,RB,,,,
00-0026069,Mike Tolbert,RB,,,,
00-0035303,Mike Weber,RB,,,,
00-0027995,Mikel Leshoure,RB,,,,
00-0035793,Mikey Daniel,RB,,,,
00-0035243,Miles Sanders,RB,,,,
00-0017892,Moe Williams,RB,,,,
00-0038656,Mohamed Ibrahim,RB,,,,
00-0027666,Montario Hardesty,RB,,,,
00-0030522,Montee Ball,RB,,,,
00-0024103,Montell Owens,RB,,,,
00-0020508,Moran Norris,RB,,,,
00-0028574,Mossis Madu,RB,,,,
00-0022130,Musa Smith,RB,,,,
00-0035311,Myles Gaskin,RB,,,,
00-0036893,Najee Harris,RB,,,,
00-0021252,Najeh Davenport,RB,,,,
00-0009038,Napoleon Kaufman,RB,,,,
00-0029358,Nate Eachus,RB,,,,
00-0036582,Nate McCrary,RB,,,,
00-0035835,Nathan Cottrell,RB,,,,
00-0039529,Nathaniel Peat,RB,,,,
00-0011081,Natrone Means,RB,,,,
00-0023774,Naufahu Tahi,RB,,,,
00-0023654,Nehemiah Broughton,RB,,,,
00-0034433,Nick Bawden,RB,,,,
00-0034961,Nick Brossette,RB,,,,
00-0021772,Nick Burley,RB,,,,
00-0034791,Nick Chubb,RB,,,,
00-0019831,Nick Goings,RB,,,,
00-0034733,Nick Holley,RB,,,,
00-0021563,Nick Maddox,RB,,,,
00-0036774,Nick Ralston,RB,,,,
00-0019433,Nick Sudano,RB,,,,
00-0017896,Nicolas Luchey,RB,,,,
00-0030785,Nikita Whitlock,RB,,,,
00-0039627,Noah Cain,RB,,,,
00-0023676,Noah Herron,RB,,,,
00-0034367,Nyheim Hines,RB,,,,
00-0000552,Obafemi Ayanbadejo,RB,,,,
00-0005816,Olandis Gary,RB,,,,
00-0026399,Olaniyi Sobomehin,RB,,,,
00-0023891,Oliver Hoyte,RB,,,,
00-0021087,Omar Easy,RB,,,,
00-0022138,Onterrio Smith,RB,,,,
00-0025562,Oren O'Neal,RB,,,,
00-0030860,Orleans Darkwa,RB,,,,
00-0036969,Otis Anderson,RB,,,,
00-0022143,Ovie Mughelli,RB,,,,
00-0028062,Owen Marecic,RB,,,,
00-0026303,Owen Schmitt,RB,,,,
00-0038458,Owen Wright,RB,,,,
00-0024346,P.J. Daniels,RB,,,,
00-0026838,P.J. Hill,RB,,,,
00-0023881,P.J. Pope,RB,,,,
00-0036054,Patrick Carr,RB,,,,
00-0024172,Patrick Cobbs,RB,,,,
00-0028581,Patrick DiMarco,RB,,,,
00-0006804,Patrick Hape,RB,,,,
00-0035342,Patrick Laird,RB,,,,
00-0019533,Patrick Pass,RB,,,,
00-0033376,Patrick Ricard,RB,,,,
00-0035973,Patrick Taylor,RB,,,,
00-0019916,Patrick Washington,RB,,,,
00-0031706,Paul Lasike,RB,,,,
00-0032417,Paul Perkins,RB,,,,
00-0036453,Paul Quessenberry,RB,,,,
00-0014809,Paul Shields,RB,,,,
00-0019673,Paul Smith,RB,,,,
00-0036454,Pete Guerriero,RB,,,,
00-0032741,Peyton Barber,RB,,,,
00-0026367,Peyton Hillis,RB,,,,
00-0019353,Phillip Crosby,RB,,,,
00-0034109,Phillip Lindsay,RB,,,,
00-0028613,Phillip Tanner,RB,,,,
00-0038098,Pierre Strong,RB,,,,
00-0024813,Pierre Thomas,RB,,,,
00-0036734,Pooka Williams,RB,,,,
00-0007661,Priest Holmes,RB,,,,
00-0035273,Qadree Ollison,RB,,,,
00-0033197,Quayvon Hicks,RB,,,,
00-0022095,Quentin Griffin,RB,,,,
00-0022801,Quincy Wilson,RB,,,,
00-0027106,Quinn Johnson,RB,,,,
00-0027437,Quinn Porter,RB,,,,
00-0034531,Quinton Flowers,RB,,,,
00-0024460,Quinton Ganther,RB,,,,
00-0019826,R.J. Bowers,RB,,,,
00-0000007,Rabih Abdullah,RB,,,,
00-0037256,Rachaad White,RB,,,,
00-0019725,Rafael Cooper,RB,,,,
00-0037429,Raheem Blackshear,RB,,,,
00-0031687,Raheem Mostert,RB,,,,
00-0030756,Rajion Neal,RB,,,,
00-0034596,Ralph Webb,RB,,,,
00-0039766,Ramon Jefferson,RB,,,,
00-0022431,Ran Carthon,RB,,,,
00-0008921,Randy Jordan,RB,,,,
00-0034750,Rashaad Penny,RB,,,,
00-0027155,Rashad Jennings,RB,,,,
00-0026163,Rashard Mendenhall,RB,,,,
00-0027401,Rashawn Jackson,RB,,,,
00-0039796,Rasheen Ali,RB,,,,
00-0030653,Ray Agnew,RB,,,,
00-0039875,Ray Davis,RB,,,,
00-0030233,Ray Graham,RB,,,,
00-0021423,Ray Jackson,RB,,,,
00-0034535,Ray Lawry,RB,,,,
00-0026195,Ray Rice,RB,,,,
00-0036435,Raymond Calais,RB,,,,
00-0006989,Raymont Harris,RB,,,,
00-0025568,Reagan Maui'a,RB,,,,
00-0034578,Reggie Bonnafon,RB,,,,
00-0002027,Reggie Brown,RB,,,,
00-0024217,Reggie Bush,RB,,,,
00-0036187,Reggie Gilliam,RB,,,,
00-0020125,Reggie White,RB,,,,
00-0021509,Reno Mahe,RB,,,,
00-0021673,Reshard Lee,RB,,,,
00-0019610,Reuben Droughns,RB,,,,
00-0030288,Rex Burkhead,RB,,,,
00-0036875,Rhamondre Stevenson,RB,,,,
00-0022228,Rich Alexis,RB,,,,
00-0007969,Richard Huntley,RB,,,,
00-0028798,Richard Medlin,RB,,,,
00-0028416,Richard Murphy,RB,,,,
00-0000339,Richie Anderson,RB,,,,
00-0027583,Richie Brockel,RB,,,,
00-0023653,Rick Razzano,RB,,,,
00-0019399,Ricky Brown,RB,,,,
00-0033374,Ricky Ortiz,RB,,,,
00-0037182,Ricky Person,RB,,,,
00-0017322,Ricky Watters,RB,,,,
00-0017915,Ricky Williams,RB,,,,
00-0020739,Ricky Williams,RB,,,,
00-0036139,Rico Dowdle,RB,,,,
00-0032371,Rob Kelley,RB,,,,
00-0009417,Rob Konrad,RB,,,,
00-0038419,Robert Burns,RB,,,,
00-0002873,Robert Chancey,RB,,,,
00-0023131,Robert Douglas,RB,,,,
00-0004774,Robert Edwards,RB,,,,
00-0020630,Robert Gillespie,RB,,,,
00-0007579,Robert Holcombe,RB,,,,
00-0028345,Robert Hughes,RB,,,,
00-0034708,Robert Martin,RB,,,,
00-0015286,Robert Smith,RB,,,,
00-0016316,Robert Thomas,RB,,,,
00-0029273,Robert Turbin,RB,,,,
00-0034221,Roc Thomas,RB,,,,
00-0021357,Rock Cartwright,RB,,,,
00-0019453,Rod Smart,RB,,,,
00-0031900,Rod Smith,RB,,,,
00-0035299,Rodney Anderson,RB,,,,
00-0035957,Rodney Smith,RB,,,,
00-0016321,Rodney Thomas,RB,,,,
00-0033062,Romar Morris,RB,,,,
00-0019643,Ron Dayne,RB,,,,
00-0013785,Ron Rivers,RB,,,,
00-0034816,Ronald Jones,RB,,,,
00-0019534,Rondell Mealey,RB,,,,
00-0019025,Ronney Jenkins,RB,,,,
00-0023437,Ronnie Brown,RB,,,,
00-0038816,Ronnie Brown,RB,,,,
00-0022564,Ronnie Cruz,RB,,,,
00-0029683,Ronnie Hillman,RB,,,,
00-0037557,Ronnie Rivers,RB,,,,
00-0029791,Ronnie Wingo,RB,,,,
00-0030741,Roosevelt Nix,RB,,,,
00-0039021,Roschon Johnson,RB,,,,
00-0028043,Roy Helu,RB,,,,
00-0034838,Royce Freeman,RB,,,,
00-0020407,Rudi Johnson,RB,,,,
00-0032747,Russell Hansbrough,RB,,,,
00-0027612,Ryan D'Imperio,RB,,,,
00-0022984,Ryan Grant,RB,,,,
00-0027864,Ryan Mathews,RB,,,,
00-0023512,Ryan Moats,RB,,,,
00-0034597,Ryan Nall,RB,,,,
00-0018578,Ryan Neufeld,RB,,,,
00-0026279,Ryan Torain,RB,,,,
00-0027976,Ryan Williams,RB,,,,
00-0034725,Ryan Yurachek,RB,,,,
00-0035268,Ryquell Armstead,RB,,,,
00-0038910,SaRodorick Thompson Jr.,RB,,,,
00-0036020,Salvon Ahmed,RB,,,,
00-0033013,Sam Bergen,RB,,,,
00-0023074,Sam Gado,RB,,,,
00-0005822,Sam Gash,RB,,,,
00-0033967,Sam Rogers,RB,,,,
00-0039651,Sam Schnee,RB,,,,
00-0033526,Samaje Perine,RB,,,,
00-0019484,Sammy Morris,RB,,,,
00-0036449,Sandro Platzgummer,RB,,,,
00-0034844,Saquon Barkley,RB,,,,
00-0004508,Scott Dragos,RB,,,,
00-0038614,Scott Matlock,RB,,,,
00-0036069,Scottie Phillips,RB,,,,
00-0001112,Sean Bennett,RB,,,,
00-0038951,Sean Tucker,RB,,,,
00-0008046,Sedrick Irvin,RB,,,,
00-0024549,Selvin Young,RB,,,,
00-0031209,Senorise Perry,RB,,,,
00-0036033,Sewo Olonilua,RB,,,,
00-0033719,Shane Smith,RB,,,,
00-0027994,Shane Vereen,RB,,,,
00-0022538,Shaud Williams,RB,,,,
00-0019647,Shaun Alexander,RB,,,,
00-0028158,Shaun Chapas,RB,,,,
00-0028202,Shaun Draughn,RB,,,,
00-0034621,Shaun Wilson,RB,,,,
00-0002159,Shawn Bryson,RB,,,,
00-0034786,Sherman Badie,RB,,,,
00-0037419,Shermari Jones,RB,,,,
00-0026899,Shonn Greene,RB,,,,
00-0018971,Shyrone Stith,RB,,,,
00-0031008,Silas Redd,RB,,,,
00-0037509,Sincere McCormick,RB,,,,
00-0032878,Sione Houma,RB,,,,
00-0039364,Sione Vaki,RB,,,,
00-0007389,Skip Hicks,RB,,,,
00-0037265,Snoop Conner,RB,,,,
00-0032737,Soma Vainuku,RB,,,,
00-0034845,Sony Michel,RB,,,,
00-0036543,Spencer Brown,RB,,,,
00-0026323,Spencer Larsen,RB,,,,
00-0022036,Spencer Nead,RB,,,,
00-0030414,Spencer Ware,RB,,,,
00-0010240,Stacey Mack,RB,,,,
00-0024137,Stacy Tutt,RB,,,,
00-0028178,Stanley Havili,RB,,,,
00-0013262,Stanley Pritchett,RB,,,,
00-0033349,Stanley Williams,RB,,,,
00-0030282,Stepfan Taylor,RB,,,,
00-0004052,Stephen Davis,RB,,,,
00-0030685,Stephen Houston,RB,,,,
00-0020094,Stephen Trejo,RB,,,,
00-0028011,Stevan Ridley,RB,,,,
00-0002380,Steve Bush,RB,,,,
00-0026229,Steve Slaton,RB,,,,
00-0022736,Steven Jackson,RB,,,,
00-0023852,Steven Jackson,RB,,,,
00-0036548,Stevie Scott,RB,,,,
00-0031243,Storm Johnson,RB,,,,
00-0021581,Sultan McCullough,RB,,,,
00-0021376,T.J. Duckett,RB,,,,
00-0033789,T.J. Logan,RB,,,,
00-0037652,T.J. Pledger,RB,,,,
00-0032209,T.J. Yeldon,RB,,,,
00-0039308,TaMerik Williams,RB,,,,
00-0028063,Taiwan Jones,RB,,,,
00-0035658,Taj McGowan,RB,,,,
00-0032852,Tani Tupou,RB,,,,
00-0038555,Tank Bigsby,RB,,,,
00-0033373,Taquan Mizzell,RB,,,,
00-0014265,Tarek Saleh,RB,,,,
00-0033556,Tarik Cohen,RB,,,,
00-0026262,Tashard Choice,RB,,,,
00-0022893,Tatum Bell,RB,,,,
00-0029401,Tauren Poole,RB,,,,
00-0035825,Tavien Feaster,RB,,,,
00-0037211,Tayon Fleet-Davis,RB,,,,
00-0020871,Tellis Redmon,RB,,,,
00-0029427,Terrance Ganaway,RB,,,,
00-0031375,Terrance West,RB,,,,
00-0004054,Terrell Davis,RB,,,,
00-0005324,Terrell Fletcher,RB,,,,
00-0039757,Terrell Jennings,RB,,,,
00-0033331,Terrell Newby,RB,,,,
00-0031793,Terrell Watson,RB,,,,
00-0019587,Terrelle Smith,RB,,,,
00-0031768,Terrence Magee,RB,,,,
00-0031682,Terron Ward,RB,,,,
00-0000232,Terry Allen,RB,,,,
00-0023716,Terry Butler,RB,,,,
00-0008196,Terry Jackson,RB,,,,
00-0009288,Terry Kirby,RB,,,,
00-0034632,Terry Swanson,RB,,,,
00-0033160,Terry Williams,RB,,,,
00-0020181,Terry Witherspoon,RB,,,,
00-0032058,Tevin Coleman,RB,,,,
00-0030107,Theo Riddick,RB,,,,
00-0026312,Thomas Brown,RB,,,,
00-0025573,Thomas Clayton,RB,,,,
00-0019489,Thomas Hamner,RB,,,,
00-0019641,Thomas Jones,RB,,,,
00-0031897,Thomas Rawls,RB,,,,
00-0022797,Thomas Tapeh,RB,,,,
00-0022325,Thump Belton,RB,,,,
00-0016331,Thurman Thomas,RB,,,,
00-0000745,Tiki Barber,RB,,,,
00-0001224,Tim Biakabutuka,RB,,,,
00-0025672,Tim Castille,RB,,,,
00-0033683,Tim Cook,RB,,,,
00-0026289,Tim Hightower,RB,,,,
00-0033748,Tion Green,RB,,,,
00-0030429,Toben Opurum,RB,,,,
00-0027888,Toby Gerhart,RB,,,,
00-0032241,Todd Gurley,RB,,,,
00-0021777,Tom Lopienski,RB,,,,
00-0030112,Tommy Bohanon,RB,,,,
00-0035551,Tony Brooks-James,RB,,,,
00-0002713,Tony Carter,RB,,,,
00-0027093,Tony Fiammetta,RB,,,,
00-0020964,Tony Fisher,RB,,,,
00-0022116,Tony Hollings,RB,,,,
00-0025477,Tony Hunt,RB,,,,
00-0035860,Tony Jones,RB,,,,
00-0035261,Tony Pollard,RB,,,,
00-0013694,Tony Richardson,RB,,,,
00-0020112,Tony Taylor,RB,,,,
00-0036691,Tory Carter,RB,,,,
00-0032540,Tra Carson,RB,,,,
00-0029205,Travaris Cadet,RB,,,,
00-0038495,Travis Dye,RB,,,,
00-0036973,Travis Etienne,RB,,,,
00-0020471,Travis Henry,RB,,,,
00-0035594,Travis Homer,RB,,,,
00-0008391,Travis Jervey,RB,,,,
00-0020448,Travis Minor,RB,,,,
00-0019609,Travis Prentice,RB,,,,
00-0021386,Travis Stephens,RB,,,,
00-0035212,Travon McMillian,RB,,,,
00-0035176,Trayone Gray,RB,,,,
00-0035291,Trayveon Williams,RB,,,,
00-0036685,Tre Harbison,RB,,,,
00-0032472,Tre Madden,RB,,,,
00-0031391,Tre Mason,RB,,,,
00-0039581,Trent Pennix,RB,,,,
00-0029675,Trent Richardson,RB,,,,
00-0034164,Trenton Cannon,RB,,,,
00-0037087,Trestan Ebner,RB,,,,
00-0039921,Trey Benson,RB,,,,
00-0033838,Trey Edmunds,RB,,,,
00-0031271,Trey Millard,RB,,,,
00-0036523,Trey Ragas,RB,,,,
00-0036984,Trey Sermon,RB,,,,
00-0030985,Trey Watts,RB,,,,
00-0031531,Trey Williams,RB,,,,
00-0022825,Troy Fleming,RB,,,,
00-0037456,Troy Hairston,RB,,,,
00-0019516,Troy Hambrick,RB,,,,
00-0033164,Troymaine Pope,RB,,,,
00-0019649,Trung Canidate,RB,,,,
00-0037276,Ty Chandler,RB,,,,
00-0035537,Ty Johnson,RB,,,,
00-0036457,Ty'Son Williams,RB,,,,
00-0039032,Tyjae Spears,RB,,,,
00-0037263,Tyler Allgeier,RB,,,,
00-0037085,Tyler Badie,RB,,,,
00-0027917,Tyler Clutts,RB,,,,
00-0032404,Tyler Ervin,RB,,,,
00-0031190,Tyler Gaffney,RB,,,,
00-0037120,Tyler Goodson,RB,,,,
00-0038867,Tyler Hoosman,RB,,,,
00-0033318,Tyler McCloskey,RB,,,,
00-0033235,Tyler Renew,RB,,,,
00-0031526,Tyler Varga,RB,,,,
00-0037450,Tyreik McAllister,RB,,,,
00-0026790,Tyrell Sutton,RB,,,,
00-0037827,Tyrion Davis-Price,RB,,,,
00-0039384,Tyrone Tracy Jr.,RB,,,,
00-0017486,Tyrone Wheatley,RB,,,,
00-0023192,Tyson Thompson,RB,,,,
00-0035725,Valentine Holmes,RB,,,,
00-0023508,Vernand Morency,RB,,,,
00-0021279,Verron Haynes,RB,,,,
00-0029547,Vick Ballard,RB,,,,
00-0022224,Vick King,RB,,,,
00-0022397,Vonta Leach,RB,,,,
00-0024384,Wali Lundy,RB,,,,
00-0004640,Warrick Dunn,RB,,,,
00-0033950,Wayne Gallman,RB,,,,
00-0039170,Wayne Taulapapa,RB,,,,
00-0023777,Wendell Mathis,RB,,,,
00-0032782,Wendell Smallwood,RB,,,,
00-0035489,Wes Hills,RB,,,,
00-0019862,Wes Ours,RB,,,,
00-0028841,Will Johnson,RB,,,,
00-0032585,Will Ratelle,RB,,,,
00-0039746,Will Shipley,RB,,,,
00-0026557,Will Ta'ufo'ou,RB,,,,
00-0027905,Will Tukuafu,RB,,,,
00-0005361,William Floyd,RB,,,,
00-0021150,William Green,RB,,,,
00-0007254,William Henderson,RB,,,,
00-0028736,William Powell,RB,,,,
00-0033508,William Stanback,RB,,,,
00-0022250,Willie Parker,RB,,,,
00-0022178,Willis McGahee,RB,,,,
00-0012368,Winslow Oliver,RB,,,,
00-0020973,Woodrow Dantzler,RB,,,,
00-0036078,Xavier Jones,RB,,,,
00-0026319,Xavier Omon,RB,,,,
00-0035494,Xavier Turner,RB,,,,
00-0038727,Xazavian Valladay,RB,,,,
00-0032808,Zac Brooks,RB,,,,
00-0030536,Zac Stacy,RB,,,,
00-0039165,Zach Charbonnet,RB,,,,
00-0039136,Zach Evans,RB,,,,
00-0031813,Zach Laskey,RB,,,,
00-0029931,Zach Line,RB,,,,
00-0034694,Zach Olstad,RB,,,,
00-0031665,Zach Zenner,RB,,,,
00-0003663,Zack Crockett,RB,,,,
00-0036251,Zack Moss,RB,,,,
00-0038040,Zamir White,RB,,,,
00-0037331,Zander Horvath,RB,,,,
00-0037357,Zaquandre White,RB,,,,
00-0038440,Zavier Scott,RB,,,,
00-0037157,Zonovan Knight,RB,,,,
00-0030855,Zurlon Tipton,RB,,,,
00-0035676,A.J. Brown,WR,,,,
00-0032270,A.J. Cruz,WR,,,,
00-0027942,A.J. Green,WR,,,,
00-0029654,A.J. Jenkins,WR,,,,
00-0035491,A.J. Richardson,WR,,,,
00-0038612,A.T. Perry,WR,,,,
00-0032441,Aaron Burbridge,WR,,,,
00-0030540,Aaron Dobson,WR,,,,
00-0035987,Aaron Fuller,WR,,,,
00-0034853,Aaron Lacombe,WR,,,,
00-0029896,Aaron Mellette,WR,,,,
00-0021780,Aaron Moorehead,WR,,,,
00-0036034,Aaron Parker,WR,,,,
00-0030550,Ace Sanders,WR,,,,
00-0020760,Adam Herzing,WR,,,,
00-0032009,Adam Humphries,WR,,,,
00-0024398,Adam Jennings,WR,,,,
00-0030035,Adam Thielen,WR,,,,
00-0039890,Adonai Mitchell,WR,,,,
00-0034859,Adonis Jennings,WR,,,,
00-0026377,Adrian Arrington,WR,,,,
00-0021921,Adrian Madise,WR,,,,
00-0019510,Ahmad Merritt,WR,,,,
00-0036211,Ahmad Wagner,WR,,,,
00-0039511,Ahmarean Brown,WR,,,,
00-0039747,Ainias Smith,WR,,,,
00-0023574,Airese Currie,WR,,,,
00-0003378,Albert Connell,WR,,,,
00-0020176,Albert Horsey,WR,,,,
00-0019745,Albert Johnson,WR,,,,
00-0030669,Albert Wilson,WR,,,,
00-0028116,Aldrick Robinson,WR,,,,
00-0037664,Alec Pierce,WR,,,,
00-0035602,Alex Bachman,WR,,,,
00-0020361,Alex Bannister,WR,,,,
00-0033166,Alex Chisum,WR,,,,
00-0032543,Alex Erickson,WR,,,,
00-0016821,Alex Van Dyke,WR,,,,
00-0035018,Alex Wesley,WR,,,,
00-0035104,Alexander Hollins,WR,,,,
00-0030821,Allen Hurns,WR,,,,
00-0034521,Allen Lazard,WR,,,,
00-0031428,Allen Robinson,WR,,,,
00-0034891,Allenzae Staggers,WR,,,,
00-0033484,Alonzo Moore,WR,,,,
00-0032550,Alonzo Russell,WR,,,,
00-0029137,Alshon Jeffery,WR,,,,
00-0017611,Alvis Whitted,WR,,,,
00-0016550,Amani Toomer,WR,,,,
00-0033937,Amara Darboh,WR,,,,
00-0031544,Amari Cooper,WR,,,,
00-0036991,Amari Rodgers,WR,,,,
00-0033687,Amba Etta-Tawo,WR,,,,
00-0032487,Amir Carlisle,WR,,,,
00-0036963,Amon-Ra St. Brown,WR,,,,
00-0022621,Andrae Thurman,WR,,,,
00-0035876,Andre Baccellia,WR,,,,
00-0026237,Andre Caldwell,WR,,,,
00-0003441,Andre Cooper,WR,,,,
00-0021175,Andre Davis,WR,,,,
00-0031635,Andre Davis,WR,,,,
00-0032121,Andre Debose,WR,,,,
00-0007093,Andre Hastings,WR,,,,
00-0028263,Andre Holmes,WR,,,,
00-0022044,Andre Johnson,WR,,,,
00-0020415,Andre King,WR,,,,
00-0034196,Andre Levrone,WR,,,,
00-0033705,Andre Patton,WR,,,,
00-0013499,Andre Reed,WR,,,,
00-0013770,Andre Rison,WR,,,,
00-0027691,Andre Roberts,WR,,,,
00-0014013,Andre Rone,WR,,,,
00-0038619,Andrei Iosivas,WR,,,,
00-0027918,Andrew Hawkins,WR,,,,
00-0033180,Andrew Opoku,WR,,,,
00-0037365,Andrew Parchment,WR,,,,
00-0032045,Andrew Turzilli,WR,,,,
00-0035527,Andy Isabella,WR,,,,
00-0032707,Andy Jones,WR,,,,
00-0027616,Andy Tanner,WR,,,,
00-0022084,Anquan Boldin,WR,,,,
00-0026465,Anthony Armstrong,WR,,,,
00-0020520,Anthony Bright,WR,,,,
00-0032333,Anthony Dable,WR,,,,
00-0025419,Anthony Gonzalez,WR,,,,
00-0039816,Anthony Gould,WR,,,,
00-0035474,Anthony Johnson,WR,,,,
00-0019730,Anthony Lucas,WR,,,,
00-0034462,Anthony Mahoungou,WR,,,,
00-0034353,Anthony Miller,WR,,,,
00-0023928,Anthony Mix,WR,,,,
00-0033669,Anthony Nash,WR,,,,
00-0035520,Anthony Ratliff-Williams,WR,,,,
00-0036999,Anthony Schwartz,WR,,,,
00-0038627,Antoine Green,WR,,,,
00-0035126,Antoine Wesley,WR,,,,
00-0021425,Antonio Brown,WR,,,,
00-0027793,Antonio Brown,WR,,,,
00-0021191,Antonio Bryant,WR,,,,
00-0034772,Antonio Callaway,WR,,,,
00-0019997,Antonio Chatman,WR,,,,
00-0005562,Antonio Freeman,WR,,,,
00-0036340,Antonio Gandy-Golden,WR,,,,
00-0036834,Antonio Nunn,WR,,,,
00-0021190,Antwaan Randle El,WR,,,,
00-0031747,Antwan Goodley,WR,,,,
00-0032544,Antwane Grant,WR,,,,
00-0033916,ArDarius Stewart,WR,,,,
00-0018996,Arland Bruce,WR,,,,
00-0027692,Armanti Edwards,WR,,,,
00-0028400,Armon Binns,WR,,,,
00-0022064,Arnaz Battle,WR,,,,
00-0020018,Arnold Jackson,WR,,,,
00-0038422,Aron Cruickshank,WR,,,,
00-0027654,Arrelious Benn,WR,,,,
00-0033706,Artavis Scott,WR,,,,
00-0021152,Ashley Lelie,WR,,,,
00-0035021,Ashton Dulin,WR,,,,
00-0020882,Ataveus Cash,WR,,,,
00-0021121,Atnaf Harris,WR,,,,
00-0034686,Auden Tate,WR,,,,
00-0025533,Aundrae Allison,WR,,,,
00-0033382,Austin Carr,WR,,,,
00-0027092,Austin Collie,WR,,,,
00-0033409,Austin Duke,WR,,,,
00-0035869,Austin Mack,WR,,,,
00-0028016,Austin Pettis,WR,,,,
00-0034442,Austin Proehl,WR,,,,
00-0036841,Austin Trammell,WR,,,,
00-0036676,Austin Watkins,WR,,,,
00-0034889,Austin Wolf,WR,,,,
00-0039186,Avery Davis,WR,,,,
00-0019547,Avion Black,WR,,,,
00-0039504,Ayir Asante,WR,,,,
00-0006627,Az-Zahir Hakim,WR,,,,
00-0029564,B.J. Cunningham,WR,,,,
00-0033496,B.J. Johnson,WR,,,,
00-0036787,Bailey Gaither,WR,,,,
00-0019021,Bashir Yamini,WR,,,,
00-0032001,Ben Edwards,WR,,,,
00-0021834,Ben Nelson,WR,,,,
00-0024463,Ben Obomanu,WR,,,,
00-0033017,Ben Roberts,WR,,,,
00-0036862,Ben Skowronek,WR,,,,
00-0030670,Bennie Fowler,WR,,,,
00-0022807,Bernard Berrian,WR,,,,
00-0030743,Bernard Reedy,WR,,,,
00-0004888,Bert Emanuel,WR,,,,
00-0021993,Bethel Johnson,WR,,,,
00-0014489,Bill Schroeder,WR,,,,
00-0003944,Billy Davis,WR,,,,
00-0022135,Billy McMullen,WR,,,,
00-0035819,Binjimen Victor,WR,,,,
00-0024553,Biren Ealy,WR,,,,
00-0035006,Bisi Johnson,WR,,,,
00-0027477,Blair White,WR,,,,
00-0034864,Blake Jackson,WR,,,,
00-0034292,Blake Mack,WR,,,,
00-0036818,Blake Proehl,WR,,,,
00-0037091,Bo Melton,WR,,,,
00-0019027,Bobby Brown,WR,,,,
00-0004915,Bobby Engram,WR,,,,
00-0014729,Bobby Shaw,WR,,,,
00-0022691,Bobby Sippio,WR,,,,
00-0022144,Bobby Wade,WR,,,,
00-0033434,Bobo Wilson,WR,,,,
00-0033801,Bra'lon Cherry,WR,,,,
00-0021969,Brad Pyatt,WR,,,,
00-0024318,Brad Smith,WR,,,,
00-0031818,Bradley Marquez,WR,,,,
00-0032482,Bralon Addison,WR,,,,
00-0031236,Brandin Cooks,WR,,,,
00-0036261,Brandon Aiyuk,WR,,,,
00-0027618,Brandon Banks,WR,,,,
00-0023701,Brandon Childress,WR,,,,
00-0030801,Brandon Coleman,WR,,,,
00-0026937,Brandon Gibson,WR,,,,
00-0027470,Brandon James,WR,,,,
00-0037382,Brandon Johnson,WR,,,,
00-0023531,Brandon Jones,WR,,,,
00-0027681,Brandon LaFell,WR,,,,
00-0037599,Brandon Lewis,WR,,,,
00-0022097,Brandon Lloyd,WR,,,,
00-0024681,Brandon London,WR,,,,
00-0024334,Brandon Marshall,WR,,,,
00-0022403,Brandon Middleton,WR,,,,
00-0034646,Brandon Powell,WR,,,,
00-0033620,Brandon Reilly,WR,,,,
00-0023379,Brandon Rideau,WR,,,,
00-0032625,Brandon Shippen,WR,,,,
00-0036775,Brandon Smith,WR,,,,
00-0015754,Brandon Stokley,WR,,,,
00-0027057,Brandon Tate,WR,,,,
00-0024299,Brandon Williams,WR,,,,
00-0034052,Brandon Zylstra,WR,,,,
00-0034419,Braxton Berrios,WR,,,,
00-0033069,Braxton Miller,WR,,,,
00-0023438,Braylon Edwards,WR,,,,
00-0037355,Braylon Sanders,WR,,,,
00-0039415,Brenden Rice,WR,,,,
00-0029394,Brenton Bersin,WR,,,,
00-0032054,Breshad Perriman,WR,,,,
00-0026357,Brett Swain,WR,,,,
00-0039553,Brevin Easton,WR,,,,
00-0033655,Brian Brown,WR,,,,
00-0023790,Brian Clark,WR,,,,
00-0039011,Brian Cobbs,WR,,,,
00-0005231,Brian Finneran,WR,,,,
00-0027077,Brian Hartline,WR,,,,
00-0029640,Brian Quick,WR,,,,
00-0034028,Brian Riley,WR,,,,
00-0027012,Brian Robiskie,WR,,,,
00-0015507,Brian Stablein,WR,,,,
00-0039893,Brian Thomas Jr.,WR,,,,
00-0028984,Brian Tyms,WR,,,,
00-0030516,Brice Butler,WR,,,,
00-0033454,Brisly Estime,WR,,,,
00-0037132,Britain Covey,WR,,,,
00-0026650,Britt Davis,WR,,,,
00-0029336,Brittan Golden,WR,,,,
00-0031326,Bruce Ellington,WR,,,,
00-0036365,Bryan Edwards,WR,,,,
00-0019302,Bryan Gilmore,WR,,,,
00-0038680,Bryan Thompson,WR,,,,
00-0027595,Bryan Walters,WR,,,,
00-0022156,Bryant Johnson,WR,,,,
00-0034901,Bryant Mitchell,WR,,,,
00-0034878,Bryce Bobo,WR,,,,
00-0038477,Bryce Ford-Wheaton,WR,,,,
00-0039650,Bryce Oliver,WR,,,,
00-0032724,Bryce Treggs,WR,,,,
00-0038840,Brycen Tremayne,WR,,,,
00-0039386,Bub Means,WR,,,,
00-0033261,Bug Howard,WR,,,,
00-0032964,Byron Marshall,WR,,,,
00-0034297,Byron Pringle,WR,,,,
00-0033367,C.J. Board,WR,,,,
00-0034709,C.J. Duncan,WR,,,,
00-0034015,C.J. Germany,WR,,,,
00-0021605,C.J. Jones,WR,,,,
00-0036910,C.J. Saunders,WR,,,,
00-0035206,C.J. Worton,WR,,,,
00-0036810,Cade Johnson,WR,,,,
00-0034243,Caleb Scott,WR,,,,
00-0037837,Calvin Austin,WR,,,,
00-0037221,Calvin Jackson,WR,,,,
00-0025389,Calvin Johnson,WR,,,,
00-0034837,Calvin Ridley,WR,,,,
00-0039525,Cam Johnson,WR,,,,
00-0034512,Cam Phillips,WR,,,,
00-0034104,Cam Sims,WR,,,,
00-0034652,Cameron Batson,WR,,,,
00-0031912,Cameron Meredith,WR,,,,
00-0033991,Cameron Posey,WR,,,,
00-0032537,Canaan Severin,WR,,,,
00-0021968,Carl Ford,WR,,,,
00-0012953,Carl Pickens,WR,,,,
00-0022861,Carlos Francis,WR,,,,
00-0033919,Carlos Henderson,WR,,,,
00-0033599,Carlton Agudosi,WR,,,,
00-0027776,Carlton Mitchell,WR,,,,
00-0023222,Carlyle Holiday,WR,,,,
00-0039394,Casey Washington,WR,,,,
00-0032963,Cayleb Jones,WR,,,,
00-0028052,Cecil Shorts,WR,,,,
00-0034418,Ced Wilson,WR,,,,
00-0021748,Cedric Bonner,WR,,,,
00-0020484,Cedric James,WR,,,,
00-0038979,Cedric Tillman,WR,,,,
00-0020452,Cedrick Wilson,WR,,,,
00-0036358,CeeDee Lamb,WR,,,,
00-0038805,Cephus Johnson III,WR,,,,
00-0034309,Chad Beebe,WR,,,,
00-0027188,Chad Hall,WR,,,,
00-0033840,Chad Hansen,WR,,,,
00-0024251,Chad Jackson,WR,,,,
00-0020397,Chad Johnson,WR,,,,
00-0022240,Chad Lucas,WR,,,,
00-0010246,Chad Mackey,WR,,,,
00-0023618,Chad Owens,WR,,,,
00-0013040,Chad Plummer,WR,,,,
00-0033933,Chad Williams,WR,,,,
00-0019266,Chafie Fields,WR,,,,
00-0031932,Chandler Worthy,WR,,,,
00-0025622,Chansi Stuckey,WR,,,,
00-0008454,Charles Johnson,WR,,,,
00-0030113,Charles Johnson,WR,,,,
00-0019505,Charles Lee,WR,,,,
00-0022072,Charles Rogers,WR,,,,
00-0024105,Charles Sharon,WR,,,,
00-0037366,Charleston Rambo,WR,,,,
00-0021006,Charlie Adams,WR,,,,
00-0008704,Charlie Jones,WR,,,,
00-0038576,Charlie Jones,WR,,,,
00-0026753,Charly Martin,WR,,,,
00-0032959,Charone Peake,WR,,,,
00-0021689,Chas Gessner,WR,,,,
00-0036326,Chase Claypool,WR,,,,
00-0038651,Chase Cota,WR,,,,
00-0027441,Chastin West,WR,,,,
00-0026366,Chaz Schilens,WR,,,,
00-0032355,Chester Rogers,WR,,,,
00-0036463,Chris Blair,WR,,,,
00-0001719,Chris Brazzell,WR,,,,
00-0033202,Chris Briggs,WR,,,,
00-0027524,Chris Brooks,WR,,,,
00-0032702,Chris Brown,WR,,,,
00-0002544,Chris Calloway,WR,,,,
00-0020446,Chris Chambers,WR,,,,
00-0019661,Chris Cole,WR,,,,
00-0019038,Chris Coleman,WR,,,,
00-0038687,Chris Coleman,WR,,,,
00-0032128,Chris Conley,WR,,,,
00-0019119,Chris Daniels,WR,,,,
00-0025515,Chris Davis,WR,,,,
00-0025794,Chris Davis,WR,,,,
00-0004386,Chris Doering,WR,,,,
00-0035803,Chris Finke,WR,,,,
00-0023889,Chris Francies,WR,,,,
00-0029614,Chris Givens,WR,,,,
00-0033921,Chris Godwin,WR,,,,
00-0024140,Chris Hannon,WR,,,,
00-0030077,Chris Harper,WR,,,,
00-0031854,Chris Harper,WR,,,,
00-0023518,Chris Henry,WR,,,,
00-0028237,Chris Hogan,WR,,,,
00-0021424,Chris Horn,WR,,,,
00-0032815,Chris Hubert,WR,,,,
00-0008109,Chris Jackson,WR,,,,
00-0023339,Chris Jones,WR,,,,
00-0032500,Chris King,WR,,,,
00-0034593,Chris Lacy,WR,,,,
00-0028702,Chris Matthews,WR,,,,
00-0024542,Chris McFoy,WR,,,,
00-0032398,Chris Moore,WR,,,,
00-0037239,Chris Olave,WR,,,,
00-0028905,Chris Owusu,WR,,,,
00-0035789,Chris Rowland,WR,,,,
00-0014319,Chris Sanders,WR,,,,
00-0016232,Chris Thomas,WR,,,,
00-0033855,Chris Thompson,WR,,,,
00-0017110,Chris Walsh,WR,,,,
00-0026691,Chris Williams,WR,,,,
00-0034132,Christian Blake,WR,,,,
00-0034775,Christian Kirk,WR,,,,
00-0038124,Christian Watson,WR,,,,
00-0030034,Chuck Jacobs,WR,,,,
00-0021028,Clarence Coleman,WR,,,,
00-0022826,Clarence Moore,WR,,,,
00-0021212,Cliff Russell,WR,,,,
00-0030290,Cobi Hamilton,WR,,,,
00-0038430,Cody Chrest,WR,,,,
00-0032795,Cody Core,WR,,,,
00-0033386,Cody Hollister,WR,,,,
00-0031344,Cody Latimer,WR,,,,
00-0035164,Cody Thompson,WR,,,,
00-0035891,Cody White,WR,,,,
00-0033983,Colby Pearson,WR,,,,
00-0029000,Cole Beasley,WR,,,,
00-0039626,Cole Burgess,WR,,,,
00-0036254,Collin Johnson,WR,,,,
00-0038632,Colton Dowell,WR,,,,
00-0036804,Connor Wedington,WR,,,,
00-0033908,Cooper Kupp,WR,,,,
00-0030578,Cordarrelle Patterson,WR,,,,
00-0029843,Cordell Roberson,WR,,,,
00-0001627,Corey Bradford,WR,,,,
00-0020215,Corey Brown,WR,,,,
00-0031118,Corey Brown,WR,,,,
00-0032966,Corey Coleman,WR,,,,
00-0039522,Corey Crooms,WR,,,,
00-0033871,Corey Davis,WR,,,,
00-0030095,Corey Fuller,WR,,,,
00-0037444,Corey Sutton,WR,,,,
00-0030897,Corey Washington,WR,,,,
00-0034493,Corey Willis,WR,,,,
00-0039437,Cornelius Johnson,WR,,,,
00-0036647,Cornell Powell,WR,,,,
00-0021460,Cortez Hankton,WR,,,,
00-0035479,Cortrelle Simpson,WR,,,,
00-0034348,Courtland Sutton,WR,,,,
00-0007120,Courtney Hawkins,WR,,,,
00-0023503,Courtney Roby,WR,,,,
00-0025584,Courtney Taylor,WR,,,,
00-0025417,Craig Davis,WR,,,,
00-0018382,Craig Yeast,WR,,,,
00-0023551,Craphonso Thorpe,WR,,,,
00-0002721,Cris Carter,WR,,,,
00-0003396,Curtis Conway,WR,,,,
00-0019255,Curtis Jackson,WR,,,,
00-0033282,Curtis Samuel,WR,,,,
00-0033215,Cyril Grayson,WR,,,,
00-0028221,D'Andre Goodwin,WR,,,,
00-0025666,D'Juan Woods,WR,,,,
00-0000869,D'Wayne Bates,WR,,,,
00-0036620,D'Wayne Eskridge,WR,,,,
00-0034777,D.J. Chark,WR,,,,
00-0028307,D.J. Davis,WR,,,,
00-0022701,D.J. Hackett,WR,,,,
00-0035045,D.J. Montgomery,WR,,,,
00-0034827,D.J. Moore,WR,,,,
00-0036527,D.J. Turner,WR,,,,
00-0035640,D.K. Metcalf,WR,,,,
00-0034256,Da'Mari Scott,WR,,,,
00-0030043,Da'Rick Rogers,WR,,,,
00-0031960,Da'Ron Brown,WR,,,,
00-0035475,DaMarkus Lodge,WR,,,,
00-0034370,DaeSean Hamilton,WR,,,,
00-0038688,Daewood Davis,WR,,,,
00-0037042,Dai'Jean Dixon,WR,,,,
00-0033622,Daikiel Shorts,WR,,,,
00-0025614,Dallas Baker,WR,,,,
00-0035960,Dalton Schoen,WR,,,,
00-0029435,Damaris Johnson,WR,,,,
00-0004463,Dameane Douglas,WR,,,,
00-0027893,Damian Williams,WR,,,,
00-0031868,Damiere Byrd,WR,,,,
00-0035443,Damion Jeanpiere,WR,,,,
00-0034273,Damion Ratley,WR,,,,
00-0035401,Damion Willis,WR,,,,
00-0004633,Damon Dunn,WR,,,,
00-0005932,Damon Gibson,WR,,,,
00-0006431,Damon Griffin,WR,,,,
00-0036782,Damon Hazelton,WR,,,,
00-0019338,Damon Hodge,WR,,,,
00-0019437,Damon Savage,WR,,,,
00-0034915,Damon Sheehy-Guiseppi,WR,,,,
00-0033417,Damore'ea Stringfellow,WR,,,,
00-0034698,Damoun Patterson,WR,,,,
00-0034011,Dan Arnold,WR,,,,
00-0035976,Dan Chisena,WR,,,,
00-0027912,Danario Alexander,WR,,,,
00-0019242,Dane Looker,WR,,,,
00-0028352,Dane Sanzenbacher,WR,,,,
00-0038702,Daniel Arias,WR,,,,
00-0032801,Daniel Braverman,WR,,,,
00-0032098,Daniel Brown,WR,,,,
00-0034035,Daniel Williams,WR,,,,
00-0026035,Danny Amendola,WR,,,,
00-0032342,Danny Anthrop,WR,,,,
00-0037119,Danny Davis,WR,,,,
00-0019543,Danny Farmer,WR,,,,
00-0037828,Danny Gray,WR,,,,
00-0026019,Danny Woodhead,WR,,,,
00-0034860,Dante Pettis,WR,,,,
00-0023625,Dante' Ridgeway,WR,,,,
00-0036475,Darece Roberson,WR,,,,
00-0037093,Dareke Young,WR,,,,
00-0031972,Darius Jennings,WR,,,,
00-0029778,Darius Johnson,WR,,,,
00-0032656,Darius Powe,WR,,,,
00-0034892,Darius Prince,WR,,,,
00-0025951,Darius Reynaud,WR,,,,
00-0035535,Darius Slayton,WR,,,,
00-0022751,Darius Watts,WR,,,,
00-0033179,Darius White,WR,,,,
00-0014544,Darnay Scott,WR,,,,
00-0026414,Darnell Jenkins,WR,,,,
00-0036309,Darnell Mooney,WR,,,,
00-0020464,Darnerien McCants,WR,,,,
00-0021329,Darrell Hill,WR,,,,
00-0019663,Darrell Jackson,WR,,,,
00-0034888,Darren Carrington,WR,,,,
00-0031610,Darren Waller,WR,,,,
00-0033739,Darreus Rogers,WR,,,,
00-0002942,Darrin Chiaverini,WR,,,,
00-0032847,Darrin Peterson,WR,,,,
00-0018625,Darrius Blevins,WR,,,,
00-0026983,Darrius Heyward-Bey,WR,,,,
00-0035181,Darrius Shepherd,WR,,,,
00-0028746,Darvin Adams,WR,,,,
00-0034710,Darvin Kidsy,WR,,,,
00-0021330,Daryl Jones,WR,,,,
00-0034395,Daurice Fountain,WR,,,,
00-0031381,Davante Adams,WR,,,,
00-0024465,David Anderson,WR,,,,
00-0024725,David Ball,WR,,,,
00-0037257,David Bell,WR,,,,
00-0001532,David Boston,WR,,,,
00-0025544,David Clowney,WR,,,,
00-0029361,David Douglas,WR,,,,
00-0004634,David Dunn,WR,,,,
00-0038734,David Durden,WR,,,,
00-0027795,David Gettis,WR,,,,
00-0028646,David Gilreath,WR,,,,
00-0021353,David Givens,WR,,,,
00-0032824,David Glidden,WR,,,,
00-0021973,David Kircus,WR,,,,
00-0033589,David Moore,WR,,,,
00-0027322,David Nelson,WR,,,,
00-0012642,David Patten,WR,,,,
00-0027755,David Reed,WR,,,,
00-0035359,David Sills,WR,,,,
00-0020513,David Terrell,WR,,,,
00-0021927,David Tyree,WR,,,,
00-0039869,David Wallis,WR,,,,
00-0033146,David Watford,WR,,,,
00-0039562,David White Jr.,WR,,,,
00-0035101,Davion Davis,WR,,,,
00-0034748,Davon Grayson,WR,,,,
00-0026000,Davone Bess,WR,,,,
00-0036671,Dax Milne,WR,,,,
00-0038147,Daylen Baldwin,WR,,,,
00-0039259,Dayton Wade,WR,,,,
00-0036907,Dazz Newsome,WR,,,,
00-0034103,De'Mornay Pierson-El,WR,,,,
00-0034027,De'Quan Hampton,WR,,,,
00-0031763,DeAndre Carter,WR,,,,
00-0030564,DeAndre Hopkins,WR,,,,
00-0032912,DeAndre Reaves,WR,,,,
00-0032064,DeAndre Smelter,WR,,,,
00-0035385,DeAndre Thompkins,WR,,,,
00-0031511,DeAndrew White,WR,,,,
00-0033291,DeAngelo Yancey,WR,,,,
00-0028187,DeMarco Sampson,WR,,,,
00-0032365,DeMarcus Ayers,WR,,,,
00-0035848,DeMichael Harris,WR,,,,
00-0026189,DeSean Jackson,WR,,,,
00-0031547,DeVante Parker,WR,,,,
00-0029673,DeVier Posey,WR,,,,
00-0036912,DeVonta Smith,WR,,,,
00-0033222,Deante Burton,WR,,,,
00-0033769,Deante' Gray,WR,,,,
00-0033839,Dede Westbrook,WR,,,,
00-0017160,Dedric Ward,WR,,,,
00-0039306,Dee Williams,WR,,,,
00-0035719,Deebo Samuel,WR,,,,
00-0021192,Deion Branch,WR,,,,
00-0032775,Demarcus Robinson,WR,,,,
00-0038621,Demario Douglas,WR,,,,
00-0027874,Demaryius Thomas,WR,,,,
00-0024326,Demetrius Williams,WR,,,,
00-0030547,Denard Robinson,WR,,,,
00-0028086,Denarius Moore,WR,,,,
00-0037570,Dennis Houston,WR,,,,
00-0019650,Dennis Northcutt,WR,,,,
00-0032645,Dennis Parks,WR,,,,
00-0036255,Denzel Mims,WR,,,,
00-0027063,Deon Butler,WR,,,,
00-0034406,Deon Cain,WR,,,,
00-0032035,Deon Long,WR,,,,
00-0034653,Deontay Burnett,WR,,,,
00-0035215,Deonte Harris,WR,,,,
00-0029388,Deonte Thompson,WR,,,,
00-0034715,Deontez Alexander,WR,,,,
00-0020159,Derek Dorris,WR,,,,
00-0024297,Derek Hagan,WR,,,,
00-0032665,Derek Keaton,WR,,,,
00-0029108,Derek Moye,WR,,,,
00-0039891,Derek Slywka,WR,,,,
00-0025636,Derek Stanley,WR,,,,
00-0037368,Derek Wright,WR,,,,
00-0030797,Derel Walker,WR,,,,
00-0021406,Derick Armstrong,WR,,,,
00-0038573,Derius Davis,WR,,,,
00-0000145,Derrick Alexander,WR,,,,
00-0035813,Derrick Dillon,WR,,,,
00-0022853,Derrick Hamilton,WR,,,,
00-0020735,Derrick Lewis,WR,,,,
00-0010500,Derrick Mason,WR,,,,
00-0010599,Derrick Mayes,WR,,,,
00-0027897,Derrick Townsel,WR,,,,
00-0027056,Derrick Williams,WR,,,,
00-0034258,Derrick Willies,WR,,,,
00-0016373,Derrius Thompson,WR,,,,
00-0032174,Deshon Foxx,WR,,,,
00-0007798,Desmond Howard,WR,,,,
00-0019680,Desmond Kitchings,WR,,,,
00-0024044,Devale Ellis,WR,,,,
00-0022739,Devard Darling,WR,,,,
00-0039424,Devaughn Vele,WR,,,,
00-0037487,Deven Thompkins,WR,,,,
00-0022929,Devery Henderson,WR,,,,
00-0024447,Devin Aromashodu,WR,,,,
00-0039928,Devin Carter,WR,,,,
00-0036331,Devin Duvernay,WR,,,,
00-0032451,Devin Fuller,WR,,,,
00-0032055,Devin Funchess,WR,,,,
00-0034141,Devin Gray,WR,,,,
00-0024272,Devin Hester,WR,,,,
00-0032447,Devin Lucien,WR,,,,
00-0034667,Devin Ross,WR,,,,
00-0031934,Devin Smith,WR,,,,
00-0031310,Devin Street,WR,,,,
00-0026174,Devin Thomas,WR,,,,
00-0037039,Devon Allen,WR,,,,
00-0032716,Devon Cajuste,WR,,,,
00-0037187,Devon Williams,WR,,,,
00-0029274,Devon Wylie,WR,,,,
00-0034528,Devonte Boyd,WR,,,,
00-0037029,Devonte Dedmon,WR,,,,
00-0039792,Devontez Walker,WR,,,,
00-0039708,Devron Harper,WR,,,,
00-0026198,Dexter Jackson,WR,,,,
00-0027651,Dexter McCluster,WR,,,,
00-0027902,Dez Bryant,WR,,,,
00-0036627,Dez Fitzpatrick,WR,,,,
00-0032755,Dez Stewart,WR,,,,
00-0019660,Dez White,WR,,,,
00-0032070,Dezmin Lewis,WR,,,,
00-0027789,Dezmon Briscoe,WR,,,,
00-0036228,Dezmon Patmon,WR,,,,
00-0002266,Dialleo Burks,WR,,,,
00-0035002,Dillon Mitchell,WR,,,,
00-0036526,Dillon Stoner,WR,,,,
00-0039330,Dimitri Stanley,WR,,,,
00-0035216,Diontae Johnson,WR,,,,
00-0031319,Diontae Spencer,WR,,,,
00-0026764,Dobson Collins,WR,,,,
00-0032915,Dom Williams,WR,,,,
00-0024345,Domenik Hixon,WR,,,,
00-0027520,Dominique Curry,WR,,,,
00-0027137,Dominique Edison,WR,,,,
00-0023039,Dominique Thompson,WR,,,,
00-0024687,Dominique Zeigler,WR,,,,
00-0004541,Donald Driver,WR,,,,
00-0007144,Donald Hayes,WR,,,,
00-0027518,Donald Jones,WR,,,,
00-0020030,Dondre Gilliam,WR,,,,
00-0026173,Donnie Avery,WR,,,,
00-0022951,Donovan Morgan,WR,,,,
00-0036233,Donovan Peoples-Jones,WR,,,,
00-0037564,Dontario Drummond,WR,,,,
00-0038447,Dontay Demus,WR,,,,
00-0038393,Dontayvion Wicks,WR,,,,
00-0030935,Donte Foster,WR,,,,
00-0031339,Donte Moncrief,WR,,,,
00-0021147,Donte' Stallworth,WR,,,,
00-0032008,Donteea Dye,WR,,,,
00-0034133,Dontez Byrd,WR,,,,
00-0033747,Dontez Ford,WR,,,,
00-0028411,Dontrelle Inman,WR,,,,
00-0032218,Dorial Green-Beckham,WR,,,,
00-0035038,Dorian Baker,WR,,,,
00-0027819,Dorin Dickerson,WR,,,,
00-0034524,Dorren Miller,WR,,,,
00-0028434,Doug Baldwin,WR,,,,
00-0022102,Doug Gabriel,WR,,,,
00-0031487,Douglas McNeil,WR,,,,
00-0037238,Drake London,WR,,,,
00-0039773,Drake Stoops,WR,,,,
00-0037448,Dre Miller,WR,,,,
00-0031504,Dres Anderson,WR,,,,
00-0019976,Drew Bennett,WR,,,,
00-0022879,Drew Carter,WR,,,,
00-0037454,Drew Estrada,WR,,,,
00-0019625,Drew Haddad,WR,,,,
00-0033407,Drew Morgan,WR,,,,
00-0038472,Duece Watts,WR,,,,
00-0027261,Duke Calhoun,WR,,,,
00-0032945,Duke Williams,WR,,,,
00-0025410,Dwayne Bowe,WR,,,,
00-0028114,Dwayne Harris,WR,,,,
00-0025432,Dwayne Jarrett,WR,,,,
00-0015759,Dwight Stone,WR,,,,
00-0036626,Dyami Brown,WR,,,,
00-0034409,Dylan Cantrell,WR,,,,
00-0038953,Dylan Drummond,WR,,,,
00-0006322,E.G. Green,WR,,,,
00-0026210,Earl Bennett,WR,,,,
00-0026221,Early Doucet,WR,,,,
00-0035931,Earnest Edwards,WR,,,,
00-0036080,Easop Winston,WR,,,,
00-0032705,Ed Eagan,WR,,,,
00-0010650,Ed McCaffrey,WR,,,,
00-0032287,Ed Williams,WR,,,,
00-0020485,Eddie Berlin,WR,,,,
00-0020692,Eddie Drummond,WR,,,,
00-0009163,Eddie Kennison,WR,,,,
00-0026182,Eddie Royal,WR,,,,
00-0020794,Edell Shepherd,WR,,,,
00-0028049,Edmond Gates,WR,,,,
00-0023262,Efrem Hill,WR,,,,
00-0034749,Eldridge Massington,WR,,,,
00-0031782,Eli Rogers,WR,,,,
00-0038667,Elijah Cooks,WR,,,,
00-0034293,Elijah Marks,WR,,,,
00-0036980,Elijah Moore,WR,,,,
00-0035070,Emanuel Hall,WR,,,,
00-0019499,Emanuel Smith,WR,,,,
00-0027920,Emmanuel Arceneaux,WR,,,,
00-0034943,Emmanuel Butler,WR,,,,
00-0027685,Emmanuel Sanders,WR,,,,
00-0034279,Equanimeous St. Brown,WR,,,,
00-0021220,Eric Crouch,WR,,,,
00-0027690,Eric Decker,WR,,,,
00-0024840,Eric Fowler,WR,,,,
00-0011151,Eric Metcalf,WR,,,,
00-0011770,Eric Moulds,WR,,,,
00-0029098,Eric Page,WR,,,,
00-0020904,Eric Parker,WR,,,,
00-0030202,Eric Rogers,WR,,,,
00-0024535,Eric Weems,WR,,,,
00-0038092,Erik Ezukanma,WR,,,,
00-0022901,Ernest Wilford,WR,,,,
00-0026410,Ernie Wheelwright,WR,,,,
00-0026860,Eron Riley,WR,,,,
00-0034618,Ervin Philips,WR,,,,
00-0037394,Ethan Fernea,WR,,,,
00-0000627,Eugene Baker,WR,,,,
00-0034247,Evan Berry,WR,,,,
00-0031954,Evan Spencer,WR,,,,
00-0001582,Fabien Bownes,WR,,,,
00-0035154,Felton Davis,WR,,,,
00-0035635,Floyd Allen,WR,,,,
00-0033411,Francis Owusu,WR,,,,
00-0036951,Frank Darby,WR,,,,
00-0020133,Frank Rice,WR,,,,
00-0014328,Frank Sanders,WR,,,,
00-0030154,Frankie Hammond,WR,,,,
00-0033152,Franky Okafor,WR,,,,
00-0033994,Fred Brown,WR,,,,
00-0003220,Fred Coleman,WR,,,,
00-0033412,Fred Ross,WR,,,,
00-0030737,Freddie Martino,WR,,,,
00-0021275,Freddie Milons,WR,,,,
00-0020497,Freddie Mitchell,WR,,,,
00-0036247,Freddie Swain,WR,,,,
00-0020780,Frisman Jackson,WR,,,,
00-0033472,Gabe Marks,WR,,,,
00-0036196,Gabriel Davis,WR,,,,
00-0039043,Garett Maag,WR,,,,
00-0019468,Gari Scott,WR,,,,
00-0034592,Garrett Johnson,WR,,,,
00-0037740,Garrett Wilson,WR,,,,
00-0026056,Gary Banks,WR,,,,
00-0035589,Gary Jennings,WR,,,,
00-0038962,Gavin Holmes,WR,,,,
00-0033474,Gehrig Dieter,WR,,,,
00-0036146,George Campbell,WR,,,,
00-0037247,George Pickens,WR,,,,
00-0022341,George Wilson,WR,,,,
00-0031953,Geremy Davis,WR,,,,
00-0003700,Germane Crowell,WR,,,,
00-0019408,Germany Thompson,WR,,,,
00-0034037,Germone Hopper,WR,,,,
00-0032626,Geronimo Allison,WR,,,,
00-0033803,Gio Pascascio,WR,,,,
00-0024174,Glenn Holt,WR,,,,
00-0022613,Glenn Martinez,WR,,,,
00-0027891,Golden Tate,WR,,,,
00-0038507,Grant DuBose,WR,,,,
00-0021565,Grant Mattos,WR,,,,
00-0023408,Greg Camarillo,WR,,,,
00-0035500,Greg Dortch,WR,,,,
00-0030370,Greg Jenkins,WR,,,,
00-0024267,Greg Jennings,WR,,,,
00-0021508,Greg Lewis,WR,,,,
00-0027997,Greg Little,WR,,,,
00-0028050,Greg Salas,WR,,,,
00-0033733,Greg Ward,WR,,,,
00-0029033,Griff Whalen,WR,,,,
00-0038760,Griffin Hebert,WR,,,,
00-0035645,Gunner Olszewski,WR,,,,
00-0035529,Hakeem Butler,WR,,,,
00-0027005,Hakeem Nicks,WR,,,,
00-0039785,Hamze El-Zayat,WR,,,,
00-0024013,Hank Baskett,WR,,,,
00-0026224,Harry Douglas,WR,,,,
00-0023672,Harry Williams,WR,,,,
00-0033148,Harvey Binford,WR,,,,
00-0039298,Hayden Hatten,WR,,,,
00-0004469,Henry Douglas,WR,,,,
00-0036357,Henry Ruggs,WR,,,,
00-0021093,Herb Haygood,WR,,,,
00-0032652,Herb Waters,WR,,,,
00-0011568,Herman Moore,WR,,,,
00-0017162,Hines Ward,WR,,,,
00-0034983,Hunter Renfrow,WR,,,,
00-0032839,Hunter Sharp,WR,,,,
00-0016811,Iheanyi Uwaezuoke,WR,,,,
00-0036635,Ihmir Smith-Marsette,WR,,,,
00-0007468,Ike Hilliard,WR,,,,
00-0037156,Irvin Charles,WR,,,,
00-0005616,Irving Fryar,WR,,,,
00-0002099,Isaac Bruce,WR,,,,
00-0002469,Isaac Byrd,WR,,,,
00-0032012,Isaac Fruechte,WR,,,,
00-0008763,Isaac Jones,WR,,,,
00-0033449,Isaac Whitney,WR,,,,
00-0035524,Isaac Zico,WR,,,,
00-0030671,Isaiah Burse,WR,,,,
00-0036308,Isaiah Coulter,WR,,,,
00-0033471,Isaiah Ford,WR,,,,
00-0036165,Isaiah Hodgins,WR,,,,
00-0033466,Isaiah McKenzie,WR,,,,
00-0036531,Isaiah McKoy,WR,,,,
00-0025490,Isaiah Stanback,WR,,,,
00-0039261,Isaiah Washington,WR,,,,
00-0037343,Isaiah Weston,WR,,,,
00-0039451,Isaiah Williams,WR,,,,
00-0038883,Isaiah Winstead,WR,,,,
00-0039730,Isaiah Wooden,WR,,,,
00-0036142,Isaiah Wright,WR,,,,
00-0036100,Isaiah Zuber,WR,,,,
00-0034922,Ishmael Hyman,WR,,,,
00-0033451,Ishmael Zamora,WR,,,,
00-0031505,Issac Blakeney,WR,,,,
00-0038954,Izaiah Gathings,WR,,,,
00-0034268,J'Mon Moore,WR,,,,
00-0035246,J.J. Arcega-Whiteside,WR,,,,
00-0034560,J.J. Jones,WR,,,,
00-0035935,J.J. Koski,WR,,,,
00-0019779,J.J. Moses,WR,,,,
00-0032112,J.J. Nelson,WR,,,,
00-0015751,J.J. Stokes,WR,,,,
00-0023685,J.R. Russell,WR,,,,
00-0022148,J.R. Tolver,WR,,,,
00-0039781,JJ Laap,WR,,,,
00-0039907,Ja'Lynn Polk,WR,,,,
00-0036110,Ja'Marcus Bradley,WR,,,,
00-0036900,Ja'Marr Chase,WR,,,,
00-0019461,JaJuan Dawson,WR,,,,
00-0039722,JaQuae Jackson,WR,,,,
00-0037555,JaVonta Payton,WR,,,,
00-0039336,Jaaron Hayek,WR,,,,
00-0021163,Jabar Gaffney,WR,,,,
00-0032553,Jace Billingsley,WR,,,,
00-0037425,Jack Sorenson,WR,,,,
00-0038843,Jacob Copeland,WR,,,,
00-0039365,Jacob Cowing,WR,,,,
00-0036918,Jacob Harris,WR,,,,
00-0027709,Jacoby Ford,WR,,,,
00-0025460,Jacoby Jones,WR,,,,
00-0006331,Jacquez Green,WR,,,,
00-0039022,Jadakis Bonds,WR,,,,
00-0038483,Jadon Haselwood,WR,,,,
00-0039604,Jadon Janke,WR,,,,
00-0039659,Jaelen Gill,WR,,,,
00-0031560,Jaelen Strong,WR,,,,
00-0034180,Jaelon Acklin,WR,,,,
00-0036877,Jaelon Darden,WR,,,,
00-0037741,Jahan Dotson,WR,,,,
00-0037416,Jaivon Heiligh,WR,,,,
00-0026022,Jake Allen,WR,,,,
00-0038752,Jake Bobo,WR,,,,
00-0031787,Jake Kumerow,WR,,,,
00-0033021,Jake Lampman,WR,,,,
00-0013512,Jake Reed,WR,,,,
00-0021264,Jake Schifino,WR,,,,
00-0021063,Jake Soliday,WR,,,,
00-0034222,Jake Wieneke,WR,,,,
00-0032791,Jakeem Grant,WR,,,,
00-0034960,Jakobi Meyers,WR,,,,
00-0034267,Jaleel Scott,WR,,,,
00-0038640,Jalen Brooks,WR,,,,
00-0036858,Jalen Camp,WR,,,,
00-0039491,Jalen Coker,WR,,,,
00-0035610,Jalen Greene,WR,,,,
00-0035414,Jalen Guyton,WR,,,,
00-0034971,Jalen Hurd,WR,,,,
00-0035786,Jalen McCleskey,WR,,,,
00-0039855,Jalen McMillan,WR,,,,
00-0038740,Jalen Moreno-Cropper,WR,,,,
00-0037291,Jalen Nailor,WR,,,,
00-0036387,Jalen Reagor,WR,,,,
00-0031053,Jalen Saunders,WR,,,,
00-0037666,Jalen Tolbert,WR,,,,
00-0034489,Jalen Tolliver,WR,,,,
00-0037387,Jalen Virgil,WR,,,,
00-0038681,Jalen Wayne,WR,,,,
00-0038938,Jalin Hyatt,WR,,,,
00-0032694,Jalin Marshall,WR,,,,
00-0039439,Jalon Calhoun,WR,,,,
00-0033003,Jamaal Jones,WR,,,,
00-0022679,Jamaar Taylor,WR,,,,
00-0023188,Jamaica Rector,WR,,,,
00-0035153,Jamal Custis,WR,,,,
00-0022307,Jamal Jones,WR,,,,
00-0032524,Jamal Robinson,WR,,,,
00-0022605,Jamall Broussard,WR,,,,
00-0028417,Jamar Newsome,WR,,,,
00-0033516,Jamari Staples,WR,,,,
00-0039379,Jamari Thrash,WR,,,,
00-0035706,Jamarius Way,WR,,,,
00-0032325,Jamel Johnson,WR,,,,
00-0021629,James Adkisson,WR,,,,
00-0026181,James Hardy,WR,,,,
00-0008400,James Jett,WR,,,,
00-0025465,James Jones,WR,,,,
00-0020062,James Jordan,WR,,,,
00-0010974,James McKnight,WR,,,,
00-0036133,James Proche,WR,,,,
00-0033252,James Quick,WR,,,,
00-0016440,James Thrash,WR,,,,
00-0034676,James Washington,WR,,,,
00-0019491,James Williams,WR,,,,
00-0031291,James Wright,WR,,,,
00-0027836,Jameson Konz,WR,,,,
00-0037240,Jameson Williams,WR,,,,
00-0021310,Jamin Elliott,WR,,,,
00-0031941,Jamison Crowder,WR,,,,
00-0005903,Jammi German,WR,,,,
00-0034307,Janarion Grant,WR,,,,
00-0037574,Jaquarii Roberson,WR,,,,
00-0038671,Jaray Jenkins,WR,,,,
00-0031021,Jared Abbrederis,WR,,,,
00-0037580,Jared Bernhardt,WR,,,,
00-0033000,Jared Dangerfield,WR,,,,
00-0034862,Jared Murphy,WR,,,,
00-0037653,Jared Smart,WR,,,,
00-0038728,Jared Wayne,WR,,,,
00-0027105,Jarett Dillard,WR,,,,
00-0029572,Jarius Wright,WR,,,,
00-0030300,Jaron Brown,WR,,,,
00-0029051,Jarrett Boykin,WR,,,,
00-0032286,Jarrod West,WR,,,,
00-0031382,Jarvis Landry,WR,,,,
00-0024324,Jason Avant,WR,,,,
00-0038492,Jason Brownlee,WR,,,,
00-0023782,Jason Carter,WR,,,,
00-0025463,Jason Hill,WR,,,,
00-0021094,Jason McAddley,WR,,,,
00-0035432,Jason Moore,WR,,,,
00-0016654,Jason Tucker,WR,,,,
00-0021646,Jason Willis,WR,,,,
00-0036259,Jauan Jennings,WR,,,,
00-0021313,Javin Hunter,WR,,,,
00-0039853,Javon Baker,WR,,,,
00-0036750,Javon McKinley,WR,,,,
00-0021153,Javon Walker,WR,,,,
00-0034426,Javon Wims,WR,,,,
00-0030920,Javontee Herndon,WR,,,,
00-0034499,Jawill Davis,WR,,,,
00-0039605,Jaxon Janke,WR,,,,
00-0031710,Jaxon Shipley,WR,,,,
00-0038543,Jaxon Smith-Njigba,WR,,,,
00-0032559,Jay Lee,WR,,,,
00-0039146,Jayden Reed,WR,,,,
00-0033006,Jaydon Mickens,WR,,,,
00-0039664,Jaylen Johnson,WR,,,,
00-0035121,Jaylen Smith,WR,,,,
00-0036613,Jaylen Waddle,WR,,,,
00-0036125,Jaylon Moore,WR,,,,
00-0026333,Jaymar Johnson,WR,,,,
00-0035090,Jazz Ferguson,WR,,,,
00-0039479,Je'Quan Burton,WR,,,,
00-0034207,Jeff Badet,WR,,,,
00-0035901,Jeff Cotton,WR,,,,
00-0039536,Jeff Foreman,WR,,,,
00-0006210,Jeff Graham,WR,,,,
00-0031001,Jeff Janis,WR,,,,
00-0028543,Jeff Maehl,WR,,,,
00-0012321,Jeff Ogden,WR,,,,
00-0035510,Jeff Smith,WR,,,,
00-0036098,Jeff Thomas,WR,,,,
00-0024404,Jeff Webb,WR,,,,
00-0033464,Jehu Chesson,WR,,,,
00-0037162,Jequez Ezzard,WR,,,,
00-0036602,Jeremiah Haydel,WR,,,,
00-0030691,Jeremy Butler,WR,,,,
00-0029552,Jeremy Ebert,WR,,,,
00-0027308,Jeremy Horne,WR,,,,
00-0028091,Jeremy Kerley,WR,,,,
00-0026995,Jeremy Maclin,WR,,,,
00-0010786,Jeremy McDaniel,WR,,,,
00-0028249,Jeremy Ross,WR,,,,
00-0021647,Jerheme Urban,WR,,,,
00-0039810,Jermaine Burton,WR,,,,
00-0039614,Jermaine Jackson,WR,,,,
00-0029159,Jermaine Kearse,WR,,,,
00-0009869,Jermaine Lewis,WR,,,,
00-0039033,Jerome Kapp,WR,,,,
00-0033264,Jerome Lane,WR,,,,
00-0023549,Jerome Mathis,WR,,,,
00-0012637,Jerome Pathon,WR,,,,
00-0026186,Jerome Simpson,WR,,,,
00-0028021,Jerrel Jernigan,WR,,,,
00-0029511,Jerrell Jackson,WR,,,,
00-0037486,Jerreth Sterns,WR,,,,
00-0022811,Jerricho Cotchery,WR,,,,
00-0036407,Jerry Jeudy,WR,,,,
00-0019703,Jerry Porter,WR,,,,
00-0013639,Jerry Rice,WR,,,,
00-0039710,Jeshaun Jones,WR,,,,
00-0024609,Jesse Holley,WR,,,,
00-0038726,Jesse Matthews,WR,,,,
00-0034633,Jester Weah,WR,,,,
00-0039392,Jha'Quan Jackson,WR,,,,
00-0033639,Jhajuan Seales,WR,,,,
00-0016716,Jim Turner,WR,,,,
00-0019905,Jimmy Farris,WR,,,,
00-0019975,Jimmy Redmond,WR,,,,
00-0015218,Jimmy Smith,WR,,,,
00-0034113,Jimmy Williams,WR,,,,
00-0033266,JoJo Natson,WR,,,,
00-0036019,JoJo Ward,WR,,,,
00-0029271,Joe Adams,WR,,,,
00-0029494,Joe Anderson,WR,,,,
00-0035547,Joe Fortson,WR,,,,
00-0033023,Joe Hansley,WR,,,,
00-0028242,Joe Hastings,WR,,,,
00-0007744,Joe Horn,WR,,,,
00-0035601,Joe Horn,WR,,,,
00-0008962,Joe Jurevicius,WR,,,,
00-0028532,Joe Morgan,WR,,,,
00-0019079,Joe Perez,WR,,,,
00-0036377,Joe Reed,WR,,,,
00-0035733,Joe Walker,WR,,,,
00-0005720,Joey Galloway,WR,,,,
00-0009165,Joey Kent,WR,,,,
00-0025616,John Broussard,WR,,,,
00-0031051,John Brown,WR,,,,
00-0034106,John Diarse,WR,,,,
00-0038759,John Hall,WR,,,,
00-0036398,John Hightower,WR,,,,
00-0036104,John Hurst,WR,,,,
00-0039760,John Jackson,WR,,,,
00-0039505,John Jiles,WR,,,,
00-0021472,John Lewis,WR,,,,
00-0026665,John Matthews,WR,,,,
00-0037614,John Metchie,WR,,,,
00-0039456,John Rhys Plumlee,WR,,,,
00-0033460,John Ross,WR,,,,
00-0022277,John Standeford,WR,,,,
00-0038741,John Stephens Jr.,WR,,,,
00-0020770,John Stone,WR,,,,
00-0035597,John Ursua,WR,,,,
00-0035614,Johnathan Lloyd,WR,,,,
00-0036141,Johnathon Johnson,WR,,,,
00-0035450,Johnnie Dixon,WR,,,,
00-0025486,Johnnie Lee Higgins,WR,,,,
00-0022873,Johnnie Morant,WR,,,,
00-0011727,Johnnie Morton,WR,,,,
00-0032935,Johnny Holton,WR,,,,
00-0037460,Johnny Johnson,WR,,,,
00-0038434,Johnny King,WR,,,,
00-0026913,Johnny Knox,WR,,,,
00-0039236,Johnny Wilson,WR,,,,
00-0027964,Jon Baldwin,WR,,,,
00-0035417,Jon'Vea Johnson,WR,,,,
00-0034504,Jonah Trinnaman,WR,,,,
00-0020343,Jonathan Carter,WR,,,,
00-0035325,Jonathan Duhart,WR,,,,
00-0025641,Jonathan Holland,WR,,,,
00-0030659,Jonathan Krause,WR,,,,
00-0039062,Jonathan Mingo,WR,,,,
00-0024386,Jonathan Orr,WR,,,,
00-0022664,Jonathan Smith,WR,,,,
00-0037553,Jontre Kirklin,WR,,,,
00-0038994,Jordan Addison,WR,,,,
00-0025597,Jordan Kent,WR,,,,
00-0034271,Jordan Lasley,WR,,,,
00-0031801,Jordan Leslie,WR,,,,
00-0031299,Jordan Matthews,WR,,,,
00-0026739,Jordan Norwood,WR,,,,
00-0032974,Jordan Payton,WR,,,,
00-0027687,Jordan Shipley,WR,,,,
00-0034330,Jordan Smallwood,WR,,,,
00-0031697,Jordan Taylor,WR,,,,
00-0034669,Jordan Veasy,WR,,,,
00-0034004,Jordan Westerkamp,WR,,,,
00-0029642,Jordan White,WR,,,,
00-0039751,Jordan Whittington,WR,,,,
00-0032876,Jordan Williams,WR,,,,
00-0026176,Jordy Nelson,WR,,,,
00-0038730,Jose Barbon,WR,,,,
00-0038484,Joseph Ngata,WR,,,,
00-0039561,Joseph Scates,WR,,,,
00-0038149,Josh Ali,WR,,,,
00-0029319,Josh Bellamy,WR,,,,
00-0030474,Josh Boyce,WR,,,,
00-0028930,Josh Cooper,WR,,,,
00-0034819,Josh Crockett,WR,,,,
00-0032760,Josh Doctson,WR,,,,
00-0038997,Josh Downs,WR,,,,
00-0029664,Josh Gordon,WR,,,,
00-0035826,Josh Hammond,WR,,,,
00-0030990,Josh Huff,WR,,,,
00-0036496,Josh Imatorbhebhe,WR,,,,
00-0030135,Josh Lenz,WR,,,,
00-0033231,Josh Magee,WR,,,,
00-0033859,Josh Malone,WR,,,,
00-0026314,Josh Morgan,WR,,,,
00-0036988,Josh Palmer,WR,,,,
00-0036107,Josh Pearson,WR,,,,
00-0021166,Josh Reed,WR,,,,
00-0033943,Josh Reynolds,WR,,,,
00-0034823,Josh Smith,WR,,,,
00-0038780,Josh Vann,WR,,,,
00-0039552,Joshua Cephus,WR,,,,
00-0023176,Joshua Cribbs,WR,,,,
00-0037442,Joshua Johnson,WR,,,,
00-0031679,Joshua Stangby,WR,,,,
00-0033857,JuJu Smith-Schuster,WR,,,,
00-0026904,Juaquin Iglesias,WR,,,,
00-0027150,Julian Edelman,WR,,,,
00-0039329,Julian Hicks,WR,,,,
00-0029367,Julian Talley,WR,,,,
00-0034894,Julian Williams,WR,,,,
00-0027944,Julio Jones,WR,,,,
00-0027173,Julius Pruitt,WR,,,,
00-0029311,Junior Hemingway,WR,,,,
00-0029702,Juron Criner,WR,,,,
00-0034038,Justice Liggins,WR,,,,
00-0035888,Justice Shelton-Mosley,WR,,,,
00-0033182,Justin Berger,WR,,,,
00-0029707,Justin Blackmon,WR,,,,
00-0030466,Justin Brown,WR,,,,
00-0021982,Justin Gage,WR,,,,
00-0037508,Justin Hall,WR,,,,
00-0031570,Justin Hardy,WR,,,,
00-0026355,Justin Harper,WR,,,,
00-0030521,Justin Hunter,WR,,,,
00-0036322,Justin Jefferson,WR,,,,
00-0022296,Justin Jenkins,WR,,,,
00-0038929,Justin Marshall,WR,,,,
00-0020381,Justin McCareins,WR,,,,
00-0038590,Justin Shorter,WR,,,,
00-0019902,Justin Skaggs,WR,,,,
00-0033846,Justin Thomas,WR,,,,
00-0030467,Justin Veltung,WR,,,,
00-0034386,Justin Watson,WR,,,,
00-0037216,Justyn Ross,WR,,,,
00-0035782,Juwan Green,WR,,,,
00-0036040,Juwan Johnson,WR,,,,
00-0035593,Juwann Winfree,WR,,,,
00-0032926,K.J. Brent,WR,,,,
00-0036412,K.J. Hamler,WR,,,,
00-0036382,K.J. Hill,WR,,,,
00-0032653,K.J. Maye,WR,,,,
00-0036345,K.J. Osborn,WR,,,,
00-0033309,KD Cannon,WR,,,,
00-0034244,Ka'Raun White,WR,,,,
00-0035079,Kabion Ento,WR,,,,
00-0036913,Kadarius Toney,WR,,,,
00-0038829,Kade Warner,WR,,,,
00-0037380,Kaden Davis,WR,,,,
00-0030709,Kadron Boone,WR,,,,
00-0032115,Kaelin Clay,WR,,,,
00-0021097,Kahlil Hill,WR,,,,
00-0035200,Kahlil Lewis,WR,,,,
00-0030932,Kain Colter,WR,,,,
00-0032464,Kalif Raymond,WR,,,,
00-0035887,Kalija Lipscomb,WR,,,,
00-0037443,Kalil Pimpleton,WR,,,,
00-0028497,Kamar Aiken,WR,,,,
00-0037626,Kameron Brown,WR,,,,
00-0039589,Kameron Johnson,WR,,,,
00-0010092,Kamil Loud,WR,,,,
00-0033340,Karel Hamilton,WR,,,,
00-0006777,Karl Hankton,WR,,,,
00-0017847,Karl Williams,WR,,,,
00-0000598,Karsten Bailey,WR,,,,
00-0032250,Kasen Williams,WR,,,,
00-0028918,Kashif Moore,WR,,,,
00-0021570,Kassim Osgood,WR,,,,
00-0037801,Kavontae Turpin,WR,,,,
00-0036939,Kawaan Baker,WR,,,,
00-0034761,Kayaune Ross,WR,,,,
00-0037483,Kaylon Geiger,WR,,,,
00-0038608,Kayshon Boutte,WR,,,,
00-0038830,Kazmeir Allen,WR,,,,
00-0033802,KeVonn Mabon,WR,,,,
00-0028070,Kealoha Pilares,WR,,,,
00-0038969,Kearis Jackson,WR,,,,
00-0022726,Keary Colbert,WR,,,,
00-0035287,KeeSean Johnson,WR,,,,
00-0033681,Keelan Cole,WR,,,,
00-0035120,Keelan Doss,WR,,,,
00-0030279,Keenan Allen,WR,,,,
00-0026268,Keenan Burton,WR,,,,
00-0022032,Keenan Howry,WR,,,,
00-0010668,Keenan McCardell,WR,,,,
00-0033078,Keenan Reynolds,WR,,,,
00-0033714,Keeon Johnson,WR,,,,
00-0034032,Keevan Lucas,WR,,,,
00-0038926,Keilahn Harris,WR,,,,
00-0034317,Keith Kirkwood,WR,,,,
00-0031600,Keith Mumphery,WR,,,,
00-0013097,Keith Poole,WR,,,,
00-0034366,Keke Coutee,WR,,,,
00-0037391,Kekoa Crawford,WR,,,,
00-0022171,Kelley Washington,WR,,,,
00-0020754,Kelly Campbell,WR,,,,
00-0031359,Kelvin Benjamin,WR,,,,
00-0035297,Kelvin Harmon,WR,,,,
00-0022308,Kelvin Kight,WR,,,,
00-0034949,Kelvin McKnight,WR,,,,
00-0020425,Ken-Yon Rambo,WR,,,,
00-0030000,Kenbrell Thompkins,WR,,,,
00-0033143,Kendal Thompson,WR,,,,
00-0035864,Kendall Hinton,WR,,,,
00-0021102,Kendall Newson,WR,,,,
00-0029708,Kendall Wright,WR,,,,
00-0037422,Kendric Pryor,WR,,,,
00-0033307,Kendrick Bourne,WR,,,,
00-0022481,Kendrick Mosley,WR,,,,
00-0022603,Kendrick Starling,WR,,,,
00-0026276,Kenneth Moore,WR,,,,
00-0033695,Kenneth Walker,WR,,,,
00-0032113,Kenny Bell,WR,,,,
00-0027006,Kenny Britt,WR,,,,
00-0019890,Kenny Clark,WR,,,,
00-0031992,Kenny Cook,WR,,,,
00-0019325,Kenny Coutain,WR,,,,
00-0033932,Kenny Golladay,WR,,,,
00-0032453,Kenny Lawler,WR,,,,
00-0027102,Kenny McKinley,WR,,,,
00-0014753,Kenny Shedd,WR,,,,
00-0030085,Kenny Stills,WR,,,,
00-0020510,Kenyon Hambrick,WR,,,,
00-0039901,Keon Coleman,WR,,,,
00-0033441,Keon Hatcher,WR,,,,
00-0037630,Keric Wheatfall,WR,,,,
00-0033641,Kermit Whitfield,WR,,,,
00-0019099,Kerry Hood,WR,,,,
00-0027764,Kerry Meier,WR,,,,
00-0024639,Kerry Reed,WR,,,,
00-0028606,Kerry Taylor,WR,,,,
00-0020071,Kerwin Cook,WR,,,,
00-0029415,Keshawn Martin,WR,,,,
00-0037159,Keshunn Abram,WR,,,,
00-0037231,Kevin Austin,WR,,,,
00-0028792,Kevin Cone,WR,,,,
00-0022001,Kevin Curtis,WR,,,,
00-0030116,Kevin Dorsey,WR,,,,
00-0004694,Kevin Dyson,WR,,,,
00-0029055,Kevin Elliott,WR,,,,
00-0008560,Kevin Johnson,WR,,,,
00-0020256,Kevin Kasper,WR,,,,
00-0037501,Kevin Kassis,WR,,,,
00-0010007,Kevin Lockett,WR,,,,
00-0031327,Kevin Norwood,WR,,,,
00-0026780,Kevin Ogletree,WR,,,,
00-0017860,Kevin R. Williams,WR,,,,
00-0026322,Kevin Robinson,WR,,,,
00-0037114,Kevin Shaa,WR,,,,
00-0031320,Kevin Smith,WR,,,,
00-0033822,Kevin Snead,WR,,,,
00-0015959,Kevin Swayne,WR,,,,
00-0021931,Kevin Walter,WR,,,,
00-0031545,Kevin White,WR,,,,
00-0022952,Kevin Youngblood,WR,,,,
00-0032995,Keyarris Garrett,WR,,,,
00-0008561,Keyshawn Johnson,WR,,,,
00-0034854,KhaDarel Hodge,WR,,,,
00-0036707,Khalil McClain,WR,,,,
00-0037261,Khalil Shakir,WR,,,,
00-0033015,Kieren Duncan,WR,,,,
00-0035844,Kirk Merritt,WR,,,,
00-0038532,Kody Case,WR,,,,
00-0032957,Kolby Listenbee,WR,,,,
00-0020490,Koren Robinson,WR,,,,
00-0034220,Korey Robertson,WR,,,,
00-0028338,Kris Adams,WR,,,,
00-0028045,Kris Durham,WR,,,,
00-0033604,Krishawn Hogan,WR,,,,
00-0036183,Kristian Wilkerson,WR,,,,
00-0019350,Kwame Cavil,WR,,,,
00-0037420,Kwamie Lassiter,WR,,,,
00-0034642,Kyle Lewis,WR,,,,
00-0037273,Kyle Philips,WR,,,,
00-0032178,Kyle Prater,WR,,,,
00-0039621,Kyle Sheets,WR,,,,
00-0027608,Kyle Williams,WR,,,,
00-0037172,Kyric Mcgowan,WR,,,,
00-0028288,LaQuan Williams,WR,,,,
00-0021588,LaShaun Ward,WR,,,,
00-0021930,LaTarence Dunbar,WR,,,,
00-0019113,LaVell Boyd,WR,,,,
00-0029548,LaVon Brazill,WR,,,,
00-0039915,Ladd McConkey,WR,,,,
00-0029856,Lamaar Thomas,WR,,,,
00-0034144,Lamar Jordan,WR,,,,
00-0016289,Lamar Thomas,WR,,,,
00-0033992,Lance Lenoir,WR,,,,
00-0028974,Lance Lewis,WR,,,,
00-0025934,Lance Long,WR,,,,
00-0037055,Lance McCutcheon,WR,,,,
00-0023310,Lance Moore,WR,,,,
00-0036598,Landen Akers,WR,,,,
00-0032951,Laquon Treadwell,WR,,,,
00-0029343,Laron Byrd,WR,,,,
00-0033823,Larry Clark,WR,,,,
00-0022921,Larry Fitzgerald,WR,,,,
00-0019231,Larry Foster,WR,,,,
00-0012569,Larry Parker,WR,,,,
00-0031834,Larry Pinkard,WR,,,,
00-0014712,Larry Shannon,WR,,,,
00-0039591,Latreal Jones,WR,,,,
00-0025462,Laurent Robinson,WR,,,,
00-0026266,Lavelle Hawkins,WR,,,,
00-0018958,Laveranues Coles,WR,,,,
00-0036268,Laviska Shenault,WR,,,,
00-0036145,Lawrence Cager,WR,,,,
00-0021556,Lawrence Hamilton,WR,,,,
00-0039474,Lawrence Keys,WR,,,,
00-0023658,LeRon McCoy,WR,,,,
00-0022910,Lee Evans,WR,,,,
00-0021309,Lee Mays,WR,,,,
00-0025559,Legedu Naanee,WR,,,,
00-0019319,Lenny Ware,WR,,,,
00-0008156,Lenzie Jackson,WR,,,,
00-0039665,Leon Johnson,WR,,,,
00-0028017,Leonard Hankerson,WR,,,,
00-0033060,Leonte Carroo,WR,,,,
00-0019388,Leroy Hodge,WR,,,,
00-0014790,Leslie Shepherd,WR,,,,
00-0028542,Lestar Jean,WR,,,,
00-0033276,Levern Jacobs,WR,,,,
00-0031913,Levi Norwood,WR,,,,
00-0023204,Levon Thomas,WR,,,,
00-0039541,Lideatrick Griffin,WR,,,,
00-0035406,Lil'Jordan Humphrey,WR,,,,
00-0026193,Limas Sweed,WR,,,,
00-0024595,Logan Payne,WR,,,,
00-0019243,Lonny Mitchell,WR,,,,
00-0027089,Louis Murphy,WR,,,,
00-0038181,Lucky Jackson,WR,,,,
00-0031757,Lucky Whitehead,WR,,,,
00-0037071,Lujuan Winningham,WR,,,,
00-0039355,Luke McCaffrey,WR,,,,
00-0036364,Lynn Bowden,WR,,,,
00-0003175,Mac Cody,WR,,,,
00-0038887,Mac Hippenhammer,WR,,,,
00-0001842,Macey Brooks,WR,,,,
00-0033555,Mack Hollins,WR,,,,
00-0037183,Makai Polk,WR,,,,
00-0038886,Malachi Carter,WR,,,,
00-0039920,Malachi Corley,WR,,,,
00-0033305,Malachi Dupre,WR,,,,
00-0032604,Malachi Jones,WR,,,,
00-0008575,Malcolm Johnson,WR,,,,
00-0026191,Malcolm Kelly,WR,,,,
00-0033402,Malcolm Lewis,WR,,,,
00-0032400,Malcolm Mitchell,WR,,,,
00-0022414,Malcom Floyd,WR,,,,
00-0038904,Malik Flowers,WR,,,,
00-0038465,Malik Heath,WR,,,,
00-0035031,Malik Henry,WR,,,,
00-0038806,Malik Knowles,WR,,,,
00-0039337,Malik Nabers,WR,,,,
00-0035480,Malik Taylor,WR,,,,
00-0034867,Malik Turner,WR,,,,
00-0039880,Malik Washington,WR,,,,
00-0035996,Manasseh Bailey,WR,,,,
00-0027149,Manuel Johnson,WR,,,,
00-0008357,MarTay Jenkins,WR,,,,
00-0020583,Marc Boerigter,WR,,,,
00-0027816,Marc Mariani,WR,,,,
00-0026393,Marcel Reece,WR,,,,
00-0034747,Marcell Ateman,WR,,,,
00-0034561,Marchie Murdock,WR,,,,
00-0027708,Marcus Easley,WR,,,,
00-0035296,Marcus Green,WR,,,,
00-0028627,Marcus Harris,WR,,,,
00-0026311,Marcus Henry,WR,,,,
00-0032980,Marcus Johnson,WR,,,,
00-0033481,Marcus Kemp,WR,,,,
00-0018981,Marcus Knight,WR,,,,
00-0032349,Marcus Leak,WR,,,,
00-0023655,Marcus Maxwell,WR,,,,
00-0011932,Marcus Nash,WR,,,,
00-0034877,Marcus Peterson,WR,,,,
00-0039286,Marcus Riley,WR,,,,
00-0013888,Marcus Robinson,WR,,,,
00-0039683,Marcus Rosemy-Jacksaint,WR,,,,
00-0035701,Marcus Simms,WR,,,,
00-0026246,Marcus Smith,WR,,,,
00-0032832,Marcus Tucker,WR,,,,
00-0024179,Marcus Vick,WR,,,,
00-0019860,Marcus Williams,WR,,,,
00-0027700,Mardy Gilyard,WR,,,,
00-0019488,Mareno Philyaw,WR,,,,
00-0031962,Mario Alford,WR,,,,
00-0026235,Mario Manningham,WR,,,,
00-0026386,Mario Urrutia,WR,,,,
00-0023474,Mark Bradley,WR,,,,
00-0034861,Mark Chapman,WR,,,,
00-0023457,Mark Clayton,WR,,,,
00-0022882,Mark Jones,WR,,,,
00-0032609,Marken Michel,WR,,,,
00-0026959,Marko Mitchell,WR,,,,
00-0030460,Markus Wheaton,WR,,,,
00-0030400,Marlon Brown,WR,,,,
00-0027356,Marlon Moore,WR,,,,
00-0031431,Marqise Lee,WR,,,,
00-0024466,Marques Colston,WR,,,,
00-0024358,Marques Hagans,WR,,,,
00-0030047,Marquess Wilson,WR,,,,
00-0036219,Marquez Callaway,WR,,,,
00-0032681,Marquez North,WR,,,,
00-0036571,Marquez Stevenson,WR,,,,
00-0034272,Marquez Valdes-Scantling,WR,,,,
00-0033087,Marquis Bundy,WR,,,,
00-0035662,Marquise Brown,WR,,,,
00-0030068,Marquise Goodwin,WR,,,,
00-0021211,Marquise Walker,WR,,,,
00-0031373,Martavis Bryant,WR,,,,
00-0023981,Martin Nance,WR,,,,
00-0001477,Marty Booker,WR,,,,
00-0035834,Marvelle Ross,WR,,,,
00-0034025,Marvin Bracy,WR,,,,
00-0033094,Marvin Hall,WR,,,,
00-0007024,Marvin Harrison,WR,,,,
00-0039849,Marvin Harrison Jr.,WR,,,,
00-0029293,Marvin Jones,WR,,,,
00-0029424,Marvin McNutt,WR,,,,
00-0038976,Marvin Mims,WR,,,,
00-0036176,Mason Kinsey,WR,,,,
00-0039623,Mason Tipton,WR,,,,
00-0036471,Mathew Sexton,WR,,,,
00-0022229,Matt Cherry,WR,,,,
00-0035838,Matt Cole,WR,,,,
00-0034704,Matt Fleming,WR,,,,
00-0007103,Matt Hatchette,WR,,,,
00-0031315,Matt Hazel,WR,,,,
00-0023456,Matt Jones,WR,,,,
00-0038762,Matt Landers,WR,,,,
00-0026293,Matt Slater,WR,,,,
00-0024756,Matt Willis,WR,,,,
00-0035078,Matthew Eaton,WR,,,,
00-0037708,Maurice Alexander,WR,,,,
00-0035883,Maurice Ffrench,WR,,,,
00-0032362,Maurice Harris,WR,,,,
00-0022819,Maurice Mann,WR,,,,
00-0024819,Maurice Price,WR,,,,
00-0026396,Maurice Purify,WR,,,,
00-0024305,Maurice Stovall,WR,,,,
00-0027352,Max Komar,WR,,,,
00-0032937,Max McCaffrey,WR,,,,
00-0035140,Mecole Hardman,WR,,,,
00-0032351,Mekale McKay,WR,,,,
00-0020542,Micah Ross,WR,,,,
00-0036959,Michael Bandy,WR,,,,
00-0032312,Michael Bennett,WR,,,,
00-0025892,Michael Bumpus,WR,,,,
00-0031025,Michael Campanaro,WR,,,,
00-0028293,Michael Campbell,WR,,,,
00-0033352,Michael Clark,WR,,,,
00-0022725,Michael Clayton,WR,,,,
00-0026986,Michael Crabtree,WR,,,,
00-0036074,Michael Dereus,WR,,,,
00-0029638,Michael Floyd,WR,,,,
00-0034764,Michael Gallup,WR,,,,
00-0023726,Michael Gasperson,WR,,,,
00-0022781,Michael Jenkins,WR,,,,
00-0021129,Michael Jennings,WR,,,,
00-0019600,Michael L. Lewis,WR,,,,
00-0036252,Michael Pittman,WR,,,,
00-0028362,Michael Preston,WR,,,,
00-0033753,Michael Rector,WR,,,,
00-0032765,Michael Thomas,WR,,,,
00-0035374,Michael Walker,WR,,,,
00-0017470,Michael Westbrook,WR,,,,
00-0038559,Michael Wilson,WR,,,,
00-0037409,Michael Young,WR,,,,
00-0023968,Micheal Spurlock,WR,,,,
00-0029155,Mike Brown,WR,,,,
00-0024092,Mike Espy,WR,,,,
00-0031408,Mike Evans,WR,,,,
00-0019281,Mike Furrey,WR,,,,
00-0037334,Mike Harley,WR,,,,
00-0024385,Mike Hass,WR,,,,
00-0025706,Mike Jefferson,WR,,,,
00-0025466,Mike Sims-Walker,WR,,,,
00-0036482,Mike Strachan,WR,,,,
00-0027076,Mike Thomas,WR,,,,
00-0033114,Mike Thomas,WR,,,,
00-0026901,Mike Wallace,WR,,,,
00-0023452,Mike Williams,WR,,,,
00-0027702,Mike Williams,WR,,,,
00-0033536,Mike Williams,WR,,,,
00-0029464,Mike Willie,WR,,,,
00-0037300,Mike Woods,WR,,,,
00-0013712,Mikhael Ricks,WR,,,,
00-0023921,Miles Austin,WR,,,,
00-0035703,Miles Boykin,WR,,,,
00-0039168,Milton Wright,WR,,,,
00-0020387,Milton Wynn,WR,,,,
00-0032817,Mitch Mathews,WR,,,,
00-0033864,Mitchell Paige,WR,,,,
00-0038839,Mitchell Tinsley,WR,,,,
00-0027026,Mohamed Massaquoi,WR,,,,
00-0029632,Mohamed Sanu,WR,,,,
00-0033150,Montario Hunter,WR,,,,
00-0033353,Montay Crockett,WR,,,,
00-0037272,Montrell Washington,WR,,,,
00-0032341,Moritz Boehringer,WR,,,,
00-0032488,Mose Frazier,WR,,,,
00-0011795,Muhsin Muhammad,WR,,,,
00-0019568,Muneer Moore,WR,,,,
00-0030274,Myles White,WR,,,,
00-0036815,Myron Mitchell,WR,,,,
00-0035624,N'Keal Harry,WR,,,,
00-0002005,Na Brown,WR,,,,
00-0027220,Naaman Roosevelt,WR,,,,
00-0021999,Nate Burleson,WR,,,,
00-0026100,Nate Hughes,WR,,,,
00-0020617,Nate Jackson,WR,,,,
00-0008229,Nate Jacquet,WR,,,,
00-0025946,Nate Jones,WR,,,,
00-0020021,Nate Poole,WR,,,,
00-0020226,Nate Turner,WR,,,,
00-0023367,Nate Washington,WR,,,,
00-0021034,Nathan Black,WR,,,,
00-0028906,Nathan Palmer,WR,,,,
00-0032120,Neal Sterling,WR,,,,
00-0037434,Neil Pau'u,WR,,,,
00-0031549,Nelson Agholor,WR,,,,
00-0032685,Nelson Spruce,WR,,,,
00-0020676,Nick Davis,WR,,,,
00-0035353,Nick Easley,WR,,,,
00-0026536,Nick Miller,WR,,,,
00-0029667,Nick Toon,WR,,,,
00-0036182,Nick Westbrook,WR,,,,
00-0029848,Nick Williams,WR,,,,
00-0039045,Nick Williams,WR,,,,
00-0036554,Nico Collins,WR,,,,
00-0038519,Nikko Remigio,WR,,,,
00-0028093,Niles Paul,WR,,,,
00-0033591,Noah Brown,WR,,,,
00-0033755,Noel Thomas,WR,,,,
00-0035621,Nsimba Webster,WR,,,,
00-0035730,Nyqwan Murray,WR,,,,
00-0010824,O.J. McDuffie,WR,,,,
00-0023151,O.J. Small,WR,,,,
00-0039848,OJ Hiliare,WR,,,,
00-0031235,Odell Beckham,WR,,,,
00-0035208,Olamide Zaccheaus,WR,,,,
00-0038672,Oliver Martin,WR,,,,
00-0035947,Omar Bayless,WR,,,,
00-0020390,Onome Ojo,WR,,,,
00-0024645,Onrea Jones,WR,,,,
00-0038873,Ontaria Wilson,WR,,,,
00-0005668,Oronde Gadsden,WR,,,,
00-0036773,Osirus Mitchell,WR,,,,
00-0023042,Otis Amey,WR,,,,
00-0022578,P.J. Fleck,WR,,,,
00-0022741,P.K. Sam,WR,,,,
00-0035376,Papi White,WR,,,,
00-0023657,Paris Warren,WR,,,,
00-0038606,Parker Washington,WR,,,,
00-0035639,Parris Campbell,WR,,,,
00-0019164,Pat Batteaux,WR,,,,
00-0008598,Pat Johnson,WR,,,,
00-0020190,Pat Woodcock,WR,,,,
00-0022766,Patrick Crayton,WR,,,,
00-0029227,Patrick Edwards,WR,,,,
00-0008300,Patrick Jeffers,WR,,,,
00-0027059,Patrick Turner,WR,,,,
00-0026792,Patrick Williams,WR,,,,
00-0026331,Paul Hubbard,WR,,,,
00-0032679,Paul McRoberts,WR,,,,
00-0031257,Paul Richardson,WR,,,,
00-0032841,Paul Turner,WR,,,,
00-0025467,Paul Williams,WR,,,,
00-0013232,Peerless Price,WR,,,,
00-0035022,Penny Hart,WR,,,,
00-0026998,Percy Harvin,WR,,,,
00-0039462,Peter LeBlanc,WR,,,,
00-0019455,Peter Warrick,WR,,,,
00-0033111,Pharoh Cooper,WR,,,,
00-0029389,Phil Bates,WR,,,,
00-0020119,Phil McGeoghan,WR,,,,
00-0039314,Phillip Brooks,WR,,,,
00-0032208,Phillip Dorsett,WR,,,,
00-0026345,Pierre Garcon,WR,,,,
00-0034023,Pig Howard,WR,,,,
00-0019642,Plaxico Burress,WR,,,,
00-0039914,Praise Olatoke,WR,,,,
00-0027450,Preston Parker,WR,,,,
00-0035350,Preston Williams,WR,,,,
00-0039075,Puka Nacua,WR,,,,
00-0039843,Qadir Ismail,WR,,,,
00-0008059,Qadry Ismail,WR,,,,
00-0034206,Quadree Henderson,WR,,,,
00-0031514,Quan Bray,WR,,,,
00-0026716,Quan Cosby,WR,,,,
00-0035978,Quartney Davis,WR,,,,
00-0038544,Quentin Johnston,WR,,,,
00-0020340,Quentin McCord,WR,,,,
00-0032691,Quenton Bundrage,WR,,,,
00-0036271,Quez Watkins,WR,,,,
00-0033366,Quincy Adeboyejo,WR,,,,
00-0031023,Quincy Enunwa,WR,,,,
00-0020427,Quincy Morgan,WR,,,,
00-0032554,Quinshad Davis,WR,,,,
00-0027122,Quinten Lawrence,WR,,,,
00-0036277,Quintez Cephus,WR,,,,
00-0030450,Quinton Patton,WR,,,,
00-0032029,R.J. Harris,WR,,,,
00-0033334,R.J. Shelton,WR,,,,
00-0019604,R.Jay Soward,WR,,,,
00-0037362,Ra'Shaun Henry,WR,,,,
00-0036652,Racey McMath,WR,,,,
00-0008060,Raghib Ismail,WR,,,,
00-0038821,Rakim Jarrett,WR,,,,
00-0037185,Raleigh Webb,WR,,,,
00-0039543,Ramel Keyton,WR,,,,
00-0026902,Ramses Barden,WR,,,,
00-0019919,Randal Williams,WR,,,,
00-0028002,Randall Cobb,WR,,,,
00-0019297,Randall Lane,WR,,,,
00-0020984,Randy Hymes,WR,,,,
00-0011754,Randy Moss,WR,,,,
00-0031846,Rannell Hall,WR,,,,
00-0035366,Raphael Leonard,WR,,,,
00-0032170,Rashad Greene,WR,,,,
00-0031009,Rashad Lawrence,WR,,,,
00-0030187,Rashad Ross,WR,,,,
00-0034034,Rashard Davis,WR,,,,
00-0032977,Rashard Higgins,WR,,,,
00-0033141,Rashaun Simonise,WR,,,,
00-0022892,Rashaun Woods,WR,,,,
00-0032621,Rashawn Scott,WR,,,,
00-0039067,Rashee Rice,WR,,,,
00-0031645,Rasheed Bailey,WR,,,,
00-0023607,Rasheed Marshall,WR,,,,
00-0037545,Rashid Shaheed,WR,,,,
00-0036550,Rashod Bateman,WR,,,,
00-0034407,Ray-Ray McCloud,WR,,,,
00-0021176,Reche Caldwell,WR,,,,
00-0033092,Reece Horn,WR,,,,
00-0000765,Reggie Barlow,WR,,,,
00-0035750,Reggie Begelton,WR,,,,
00-0031529,Reggie Bell,WR,,,,
00-0023470,Reggie Brown,WR,,,,
00-0033815,Reggie Davis,WR,,,,
00-0032370,Reggie Diggs,WR,,,,
00-0020320,Reggie Germany,WR,,,,
00-0008841,Reggie Jones,WR,,,,
00-0024407,Reggie McNeal,WR,,,,
00-0021560,Reggie Newhouse,WR,,,,
00-0037604,Reggie Roberson,WR,,,,
00-0015980,Reggie Swinton,WR,,,,
00-0020498,Reggie Wayne,WR,,,,
00-0035019,Reggie White Jr.,WR,,,,
00-0022889,Reggie Williams,WR,,,,
00-0033223,Reginald Davis,WR,,,,
00-0000387,Reidel Anthony,WR,,,,
00-0028442,Ricardo Lockette,WR,,,,
00-0033079,Ricardo Louis,WR,,,,
00-0023303,Rich Parson,WR,,,,
00-0021890,Richard Alston,WR,,,,
00-0027585,Richard Goodman,WR,,,,
00-0032732,Richard Mullaney,WR,,,,
00-0022561,Richard Smith,WR,,,,
00-0034286,Richie James,WR,,,,
00-0020395,Richmond Flowers,WR,,,,
00-0034083,Ricky Jeune,WR,,,,
00-0039916,Ricky Pearsall,WR,,,,
00-0013268,Ricky Proehl,WR,,,,
00-0036541,Rico Bussey,WR,,,,
00-0034660,Rico Gafford,WR,,,,
00-0030162,Rico Richardson,WR,,,,
00-0027758,Riley Cooper,WR,,,,
00-0033773,Riley McCarron,WR,,,,
00-0035590,Riley Ridley,WR,,,,
00-0029580,Rishard Matthews,WR,,,,
00-0034054,River Cracraft,WR,,,,
00-0011601,Rob Moore,WR,,,,
00-0032688,Robby Anderson,WR,,,,
00-0019454,Robert Baker,WR,,,,
00-0001848,Robert Brooks,WR,,,,
00-0033530,Robert Davis,WR,,,,
00-0020428,Robert Ferguson,WR,,,,
00-0034510,Robert Foster,WR,,,,
00-0031187,Robert Herron,WR,,,,
00-0025414,Robert Meachem,WR,,,,
00-0033722,Robert Wheelwright,WR,,,,
00-0018056,Robert Wilson,WR,,,,
00-0030431,Robert Woods,WR,,,,
00-0027358,Roberto Wallace,WR,,,,
00-0020525,Rod Gardner,WR,,,,
00-0026025,Rod Harper,WR,,,,
00-0015290,Rod Smith,WR,,,,
00-0029129,Rod Streater,WR,,,,
00-0027923,Rod Windsor,WR,,,,
00-0023462,Roddy White,WR,,,,
00-0033957,Rodney Adams,WR,,,,
00-0029934,Rodney Smith,WR,,,,
00-0032659,Roger Lewis,WR,,,,
00-0039739,Roman Wilson,WR,,,,
00-0022383,Romby Bryant,WR,,,,
00-0039919,Rome Odunze,WR,,,,
00-0037816,Romeo Doubs,WR,,,,
00-0019662,Ron Dixon,WR,,,,
00-0019708,Ron Dugans,WR,,,,
00-0021242,Ron Johnson,WR,,,,
00-0021788,Ronald Bellamy,WR,,,,
00-0028120,Ronald Johnson,WR,,,,
00-0036936,Rondale Moore,WR,,,,
00-0038647,Ronnie Bell,WR,,,,
00-0023490,Roscoe Parrish,WR,,,,
00-0025556,Roy Hall,WR,,,,
00-0022909,Roy Williams,WR,,,,
00-0023570,Roydell Williams,WR,,,,
00-0029262,Rueben Randle,WR,,,,
00-0034411,Russell Gage,WR,,,,
00-0030147,Russell Shepard,WR,,,,
00-0022421,Ruvell Martin,WR,,,,
00-0029209,Ryan Broyles,WR,,,,
00-0034965,Ryan Davis,WR,,,,
00-0039410,Ryan Flournoy,WR,,,,
00-0031068,Ryan Grant,WR,,,,
00-0021963,Ryan Hoag,WR,,,,
00-0037648,Ryan McDaniel,WR,,,,
00-0038824,Ryan Miller,WR,,,,
00-0030175,Ryan Spadola,WR,,,,
00-0033562,Ryan Switzer,WR,,,,
00-0028105,Ryan Whalen,WR,,,,
00-0025505,Ryne Robinson,WR,,,,
00-0029006,Saalim Hakim,WR,,,,
00-0034170,Saeed Blacknall,WR,,,,
00-0036753,Sage Surratt,WR,,,,
00-0021915,Sam Aiken,WR,,,,
00-0023953,Sam Hurd,WR,,,,
00-0039500,Sam Pinckney,WR,,,,
00-0021283,Sam Simmons,WR,,,,
00-0039771,Sam Wiglusz,WR,,,,
00-0022754,Samie Parker,WR,,,,
00-0032166,Sammie Coates,WR,,,,
00-0026953,Sammie Stroughter,WR,,,,
00-0031325,Sammy Watkins,WR,,,,
00-0037098,Samori Toure,WR,,,,
00-0037398,Samson Nacua,WR,,,,
00-0025992,Samuel Giguere,WR,,,,
00-0020494,Santana Moss,WR,,,,
00-0024240,Santonio Holmes,WR,,,,
00-0024803,Scott Mayle,WR,,,,
00-0035298,Scott Miller,WR,,,,
00-0019109,Scottie Montgomery,WR,,,,
00-0021530,Scottie Vines,WR,,,,
00-0020370,Scotty Anderson,WR,,,,
00-0035769,Scotty Washington,WR,,,,
00-0004077,Sean Dawkins,WR,,,,
00-0035114,Sean Modster,WR,,,,
00-0011641,Sean Morey,WR,,,,
00-0038455,Sean Ryan,WR,,,,
00-0030807,Seantavius Jones,WR,,,,
00-0034609,Sergio Bailey,WR,,,,
00-0036055,Seth Dawkins,WR,,,,
00-0031166,Seth Roberts,WR,,,,
00-0036657,Seth Williams,WR,,,,
00-0027581,Seyi Ajirotutu,WR,,,,
00-0033843,Shakeir Ryan,WR,,,,
00-0032100,Shakim Phillips,WR,,,,
00-0031684,Shane Wynn,WR,,,,
00-0031056,Shaq Evans,WR,,,,
00-0033772,Shaq Hill,WR,,,,
00-0038902,Shaquan Davis,WR,,,,
00-0023822,Shaun Bodiford,WR,,,,
00-0021981,Shaun McDonald,WR,,,,
00-0035194,Shawn Bane,WR,,,,
00-0008313,Shawn Jefferson,WR,,,,
00-0020220,Shawn Mills,WR,,,,
00-0035035,Shawn Poindexter,WR,,,,
00-0034100,Shay Fields,WR,,,,
00-0027617,Shay Hodge,WR,,,,
00-0038891,Shedrick Jackson,WR,,,,
00-0033573,Shelton Gibson,WR,,,,
00-0037174,Shemar Bridges,WR,,,,
00-0019500,Sherrod Gideon,WR,,,,
00-0036572,Shi Smith,WR,,,,
00-0019206,Shockmain Davis,WR,,,,
00-0036169,Siaosi Mariner,WR,,,,
00-0025431,Sidney Rice,WR,,,,
00-0036646,Simi Fehoko,WR,,,,
00-0034068,Simmie Cobbs,WR,,,,
00-0024259,Sinorice Moss,WR,,,,
00-0012582,Sirr Parker,WR,,,,
00-0029868,Skye Dawson,WR,,,,
00-0024340,Skyler Green,WR,,,,
00-0038090,Skyy Moore,WR,,,,
00-0037173,Slade Bolden,WR,,,,
00-0022686,Sloan Thomas,WR,,,,
00-0020272,Snoop Minnis,WR,,,,
00-0030839,Solomon Patton,WR,,,,
00-0035587,Spencer Schnell,WR,,,,
00-0033968,Stacy Coley,WR,,,,
00-0037581,Stanley Berryhill,WR,,,,
00-0035399,Stanley Morgan,WR,,,,
00-0030532,Stedman Bailey,WR,,,,
00-0026491,Stefan Logan,WR,,,,
00-0031588,Stefon Diggs,WR,,,,
00-0028174,Stephen Burton,WR,,,,
00-0036136,Stephen Guidry,WR,,,,
00-0028995,Stephen Hill,WR,,,,
00-0035460,Stephen Louis,WR,,,,
00-0027349,Stephen Williams,WR,,,,
00-0032385,Sterling Shepard,WR,,,,
00-0025529,Steve Breaston,WR,,,,
00-0034087,Steve Ishmael,WR,,,,
00-0026364,Steve Johnson,WR,,,,
00-0023991,Steve Sanders,WR,,,,
00-0020337,Steve Smith,WR,,,,
00-0025438,Steve Smith,WR,,,,
00-0034072,Steven Dunbar,WR,,,,
00-0034081,Steven Mitchell,WR,,,,
00-0034928,Steven Sims,WR,,,,
00-0014348,Sulecio Sanford,WR,,,,
00-0019726,Sylvester Morris,WR,,,,
00-0025621,Syndric Steptoe,WR,,,,
00-0029660,T.J. Graham,WR,,,,
00-0020438,T.J. Houshmandzadeh,WR,,,,
00-0031189,T.J. Jones,WR,,,,
00-0038502,T.J. Luther,WR,,,,
00-0034927,T.J. Rahming,WR,,,,
00-0036776,T.J. Vasher,WR,,,,
00-0029608,T.Y. Hilton,WR,,,,
00-0023623,Tab Perry,WR,,,,
00-0021948,Taco Wallace,WR,,,,
00-0039884,Tahj Washington,WR,,,,
00-0015811,Tai Streets,WR,,,,
00-0026032,Taj Smith,WR,,,,
00-0034245,Taj Williams,WR,,,,
00-0032778,Tajae Sharpe,WR,,,,
00-0022111,Talman Gardner,WR,,,,
00-0016837,Tamarick Vanover,WR,,,,
00-0028061,Tandon Doss,WR,,,,
00-0038977,Tank Dell,WR,,,,
00-0037348,Tanner Conner,WR,,,,
00-0033633,Tanner Gentry,WR,,,,
00-0039592,Tanner Knue,WR,,,,
00-0032475,Tanner McEvoy,WR,,,,
00-0036491,Tarik Black,WR,,,,
00-0030091,Tavarres King,WR,,,,
00-0030525,Tavon Austin,WR,,,,
00-0037524,Tay Martin,WR,,,,
00-0038814,Taye Barber,WR,,,,
00-0023867,Taye Biddle,WR,,,,
00-0031228,Taylor Gabriel,WR,,,,
00-0038789,Taylor Grimes,WR,,,,
00-0022124,Taylor Jacobs,WR,,,,
00-0027693,Taylor Price,WR,,,,
00-0037523,Taysir Mack,WR,,,,
00-0039255,Tayvion Robinson,WR,,,,
00-0033911,Taywan Taylor,WR,,,,
00-0025396,Ted Ginn,WR,,,,
00-0027853,Teddy Williams,WR,,,,
00-0036410,Tee Higgins,WR,,,,
00-0039397,Tejhaun Palmer,WR,,,,
00-0034647,Teo Redding,WR,,,,
00-0010539,Terance Mathis,WR,,,,
00-0039701,Terique Owens,WR,,,,
00-0036955,Terrace Marshall,WR,,,,
00-0022388,Terrance Copper,WR,,,,
00-0030542,Terrance Williams,WR,,,,
00-0038860,Terrell Bynum,WR,,,,
00-0012478,Terrell Owens,WR,,,,
00-0029981,Terrell Sinkfield,WR,,,,
00-0027813,Terrence Austin,WR,,,,
00-0021437,Terrence Edwards,WR,,,,
00-0023493,Terrence Murphy,WR,,,,
00-0026497,Terrence Nunn,WR,,,,
00-0017697,Terrence Wilkins,WR,,,,
00-0006043,Terry Glenn,WR,,,,
00-0035313,Terry Godwin,WR,,,,
00-0035659,Terry McLaurin,WR,,,,
00-0011187,Terry Mickens,WR,,,,
00-0035097,Terry Wright,WR,,,,
00-0032358,Tevaun Smith,WR,,,,
00-0032728,Tevin Jones,WR,,,,
00-0004055,Thabiti Davis,WR,,,,
00-0038810,Thayer Thomas,WR,,,,
00-0037494,Thomas Hennigan,WR,,,,
00-0035074,Thomas Ives,WR,,,,
00-0038427,Thyrick Pitts,WR,,,,
00-0019937,Tim Baker,WR,,,,
00-0002058,Tim Brown,WR,,,,
00-0021174,Tim Carter,WR,,,,
00-0004673,Tim Dwight,WR,,,,
00-0036497,Tim Jones,WR,,,,
00-0033375,Tim Patrick,WR,,,,
00-0027846,Tim Toone,WR,,,,
00-0033379,Tim White,WR,,,,
00-0034703,Tim Wilson,WR,,,,
00-0027156,Tiquan Underwood,WR,,,,
00-0032080,Titus Davis,WR,,,,
00-0027982,Titus Young,WR,,,,
00-0029952,Tobais Palmer,WR,,,,
00-0021852,Todd Devoe,WR,,,,
00-0019606,Todd Pinkston,WR,,,,
00-0024432,Todd Watkins,WR,,,,
00-0022389,Tom Crowder,WR,,,,
00-0035544,Tom Kennedy,WR,,,,
00-0029300,Tommy Streeter,WR,,,,
00-0032881,Tommylee Lewis,WR,,,,
00-0029204,Toney Clemons,WR,,,,
00-0036111,Tony Brown,WR,,,,
00-0018560,Tony Hamler,WR,,,,
00-0007749,Tony Horne,WR,,,,
00-0010477,Tony Martin,WR,,,,
00-0014918,Tony Simmons,WR,,,,
00-0033487,Tony Stevens,WR,,,,
00-0030856,Tony Washington,WR,,,,
00-0028596,Tori Gurley,WR,,,,
00-0015063,Torrance Small,WR,,,,
00-0030914,Torrence Allen,WR,,,,
00-0027996,Torrey Smith,WR,,,,
00-0007681,Torry Holt,WR,,,,
00-0037335,Travell Harris,WR,,,,
00-0033517,Travin Dural,WR,,,,
00-0029269,Travis Benjamin,WR,,,,
00-0035592,Travis Fulgham,WR,,,,
00-0036047,Travis Jonsen,WR,,,,
00-0010892,Travis McGriff,WR,,,,
00-0033717,Travis Rudolph,WR,,,,
00-0019721,Travis Taylor,WR,,,,
00-0036931,Travis Toivonen,WR,,,,
00-0024293,Travis Wilson,WR,,,,
00-0032123,Tre McBride,WR,,,,
00-0039636,Tre Mosley,WR,,,,
00-0036536,Tre Nixon,WR,,,,
00-0038563,Tre Tucker,WR,,,,
00-0034765,Tre'Quan Smith,WR,,,,
00-0038844,Tre'Shaun Harrison,WR,,,,
00-0034487,Trent Sherfield,WR,,,,
00-0033292,Trent Taylor,WR,,,,
00-0035341,Trenton Irwin,WR,,,,
00-0035438,Trevion Thompson,WR,,,,
00-0037465,Trevon Bradford,WR,,,,
00-0037176,Trevon Clark,WR,,,,
00-0032423,Trevor Davis,WR,,,,
00-0019670,Trevor Gaylor,WR,,,,
00-0019054,Trevor Insley,WR,,,,
00-0033259,Trey Griffey,WR,,,,
00-0039052,Trey Palmer,WR,,,,
00-0034339,Trey Quinn,WR,,,,
00-0037742,Treylon Burks,WR,,,,
00-0022674,Triandos Luke,WR,,,,
00-0027606,Trindon Holliday,WR,,,,
00-0034930,Trinity Benson,WR,,,,
00-0035934,Trishton Jackson,WR,,,,
00-0019857,Troy Albea,WR,,,,
00-0023966,Troy Bergeron,WR,,,,
00-0002068,Troy Brown,WR,,,,
00-0004780,Troy Edwards,WR,,,,
00-0039868,Troy Franklin,WR,,,,
00-0029818,Troy Stoudermire,WR,,,,
00-0019552,Troy Walters,WR,,,,
00-0023442,Troy Williamson,WR,,,,
00-0036849,Tutu Atwell,WR,,,,
00-0037566,Ty Fryfogle,WR,,,,
00-0039709,Ty James,WR,,,,
00-0032200,Ty Montgomery,WR,,,,
00-0038520,Ty Scott,WR,,,,
00-0038763,Tyjon Lindsey,WR,,,,
00-0036630,Tylan Wallace,WR,,,,
00-0038531,Tyler Adams,WR,,,,
00-0033009,Tyler Boyd,WR,,,,
00-0026562,Tyler Grisham,WR,,,,
00-0039278,Tyler Harrell,WR,,,,
00-0038356,Tyler Hudson,WR,,,,
00-0036427,Tyler Johnson,WR,,,,
00-0032211,Tyler Lockett,WR,,,,
00-0031816,Tyler Murphy,WR,,,,
00-0038941,Tyler Scott,WR,,,,
00-0031819,Tyler Slavin,WR,,,,
00-0037646,Tyler Snead,WR,,,,
00-0036495,Tyler Vaughns,WR,,,,
00-0038104,Tyquan Thornton,WR,,,,
00-0035361,Tyre Brady,WR,,,,
00-0033040,Tyreek Hill,WR,,,,
00-0038679,Tyrell Shavers,WR,,,,
00-0032160,Tyrell Williams,WR,,,,
00-0036439,Tyrie Cleveland,WR,,,,
00-0035457,Tyron Johnson,WR,,,,
00-0022087,Tyrone Calico,WR,,,,
00-0037586,Tyshaun James,WR,,,,
00-0011439,Tywan Mitchell,WR,,,,
00-0030240,Uzoma Nwachukwu,WR,,,,
00-0032372,Valdez Showers,WR,,,,
00-0036415,Van Jefferson,WR,,,,
00-0037745,Velus Jones,WR,,,,
00-0035548,Ventell Bryant,WR,,,,
00-0027429,Verran Tucker,WR,,,,
00-0033306,Victor Bolden,WR,,,,
00-0027265,Victor Cruz,WR,,,,
00-0032188,Vince Mayle,WR,,,,
00-0001783,Vincent Brisby,WR,,,,
00-0028020,Vincent Brown,WR,,,,
00-0023496,Vincent Jackson,WR,,,,
00-0020273,Vinny Sutherland,WR,,,,
00-0034631,Vyncint Smith,WR,,,,
00-0024171,Wallace Wright,WR,,,,
00-0031268,Walter Powell,WR,,,,
00-0020046,Walter Williams,WR,,,,
00-0021886,Walter Young,WR,,,,
00-0038117,Wan'Dale Robinson,WR,,,,
00-0010843,Wane McGarity,WR,,,,
00-0036721,Warren Jackson,WR,,,,
00-0002962,Wayne Chrebet,WR,,,,
00-0039560,Wayne Ruby,WR,,,,
00-0032739,Wendall Williams,WR,,,,
00-0022427,Wes Welker,WR,,,,
00-0036817,Whop Philyor,WR,,,,
00-0001317,Will Blackwell,WR,,,,
00-0023947,Will Buchanon,WR,,,,
00-0033127,Will Fuller,WR,,,,
00-0026245,William Franklin,WR,,,,
00-0008210,Willie Jackson,WR,,,,
00-0037641,Willie Johnson,WR,,,,
00-0021923,Willie Ponder,WR,,,,
00-0024310,Willie Reid,WR,,,,
00-0030663,Willie Snead,WR,,,,
00-0019481,Windrell Hayes,WR,,,,
00-0038496,Xavier Gipson,WR,,,,
00-0038618,Xavier Hutchinson,WR,,,,
00-0039473,Xavier Johnson,WR,,,,
00-0039342,Xavier Legette,WR,,,,
00-0038928,Xavier Malone,WR,,,,
00-0032334,Xavier Rush,WR,,,,
00-0038359,Xavier Smith,WR,,,,
00-0039521,Xavier Weaver,WR,,,,
00-0039579,Xavier White,WR,,,,
00-0039894,Xavier Worthy,WR,,,,
00-0025461,Yamon Figurs,WR,,,,
00-0016214,Yancey Thigpen,WR,,,,
00-0006359,Yatil Green,WR,,,,
00-0011854,Yo Murphy,WR,,,,
00-0033251,Zach Pascal,WR,,,,
00-0039064,Zay Flowers,WR,,,,
00-0033891,Zay Jones,WR,,,,
00-0038831,Zion Bowens,WR,,,,
00-0022024,Zuriel Smith,WR,,,,
