player_id,player_name,position_group,wiki_title,wiki_url,summary,categories
00-0020305,A.J. Feeley,QB,A. J. Feeley,https://en.wikipedia.org/wiki/A._J._Feeley,"Adam Joshua Feeley (born May 16, 1977) is an American former professional football player who was a quarterback in the National Football League (NFL). He played college football for the Oregon Ducks and was selected by the Philadelphia Eagles in the fifth round of the 2001 NFL draft. He played in the NFL for the Miami Dolphins and St. Louis Rams, as well as his two stints with the Eagles.","1977 births | All Wikipedia articles written in American English | All articles with unsourced statements | American football quarterbacks | Articles with short description | Articles with unsourced statements from November 2012 | CS1 maint: deprecated archival service | Carolina Panthers players | Commons category link from Wikidata | Living people | Miami Dolphins players | Oregon Ducks football players | People from Caldwell, Idaho | People from Ontario, Oregon | Philadelphia Eagles players | Players of American football from Idaho | Players of American football from Oregon | San Diego Chargers players | Short description is different from Wikidata | St. Louis Rams players | Use American English from February 2024 | Use mdy dates from November 2023"
00-0031288,A.J. McCarron,QB,A. J. McCarron,https://en.wikipedia.org/wiki/A._J._McCarron,"Raymond Anthony ""A. J."" McCarron Jr. (born September 13, 1990) is an American former professional football quarterback and current head coach of the Birmingham Stallions of the United Football League (UFL). He played college football for the Alabama Crimson Tide, becoming the first quarterback to win consecutive BCS National Championship Games with victories in 2012 and 2013. McCarron also received the Maxwell, Johnny Unitas Golden Arm, and Kellen Moore Awards.
McCarron was selected by the Cincinnati Bengals in the fifth round of the 2014 NFL draft and played four seasons as a backup. He spent his next four seasons as a backup with the Oakland Raiders, Houston Texans, and Atlanta Falcons, then spent two seasons as the starting quarterback for the St. Louis Battlehawks, a team that played initially in the XFL and then the United Football League (UFL).
In October 2025, McCarron announced his candidacy for Lieutenant Governor of Alabama in the 2026 election. He dropped out in December of the same year.","1990 births | 21st-century American sportsmen | Alabama Crimson Tide football players | Alabama Republicans | All Wikipedia articles written in American English | American football quarterbacks | Articles with short description | Atlanta Falcons players | Birmingham Stallions (2022) head coaches | Buffalo Bills players | CS1 maint: bot: original URL status unknown | CS1 maint: deprecated archival service | Catholics from Alabama | Cincinnati Bengals players | Commons category link from Wikidata | Houston Texans players | Living people | Maxwell Award winners | Oakland Raiders players | Players of American football from Mobile, Alabama | Short description is different from Wikidata | St. Louis Battlehawks players | Use American English from November 2025 | Use mdy dates from March 2024 | Wikipedia pending changes protected pages"
00-0001823,Aaron Brooks,QB,Aaron Brooks (American football),https://en.wikipedia.org/wiki/Aaron_Brooks_(American_football),"Aaron Lafette Brooks (born March 24, 1976) is an American former professional football player who was a quarterback in the National Football League (NFL) for eight seasons, primarily with the New Orleans Saints. He played college football for the Virginia Cavaliers. He was a member of the Saints for six seasons, where he set the franchise records for regular season and career touchdown passes. Brooks spent his first season with the Green Bay Packers, who selected him in the fourth round of the 1999 NFL draft, and his final season with the Oakland Raiders.
Brooks' most successful season was in 2000 when he led the Saints to their first playoff victory in franchise history. For his accomplishments with the franchise, he was inducted to the New Orleans Saints Hall of Fame in 2014.","1976 births | 20th-century African-American sportsmen | 20th-century American sportsmen | 21st-century African-American sportsmen | 21st-century American sportsmen | All Wikipedia articles written in American English | American football quarterbacks | Articles with short description | CS1: unfit URL | CS1 maint: archived copy as title | Commons category link from Wikidata | Green Bay Packers players | Homer L. Ferguson High School alumni | Living people | New Orleans Saints players | Oakland Raiders players | Players of American football from Newport News, Virginia | Short description is different from Wikidata | University of Virginia alumni | Use American English from December 2023 | Use mdy dates from March 2024 | Virginia Cavaliers football players"
00-0031287,Aaron Murray,QB,Aaron Murray,https://en.wikipedia.org/wiki/Aaron_Murray,"Aaron William Murray (born November 10, 1990) is an American former football player. He was selected by the Kansas City Chiefs of the National Football League (NFL) in the fifth round of the 2014 NFL draft. He played college football for the Georgia Bulldogs. Murray currently leads the Southeastern Conference (SEC) career passing touchdown list, ahead of Peyton Manning, Eli Manning, and Matthew Stafford.
Murray is a college football color commentator for the ESPN networks, most permanently as a commentator for SEC Network. A two-year veteran of spring football, he began calling UFL games for ESPN in 2025.","1990 births | 21st-century American Jews | All Wikipedia articles written in American English | American football quarterbacks | Arizona Cardinals players | Articles with short description | Atlanta Legends players | College football announcers | Commons category link from Wikidata | Georgia Bulldogs football players | Henry B. Plant High School alumni | Jewish American players of American football | Kansas City Chiefs players | Living people | Los Angeles Rams players | Philadelphia Eagles players | Players of American football from Tampa, Florida | Short description is different from Wikidata | Tampa Bay Vipers players | The Volume people | Use American English from November 2025 | Use mdy dates from March 2024"
00-0023459,Aaron Rodgers,QB,Aaron Rodgers,https://en.wikipedia.org/wiki/Aaron_Rodgers,"Aaron Charles Rodgers (born December 2, 1983) is an American professional football quarterback for the Pittsburgh Steelers of the National Football League (NFL). He played college football for the California Golden Bears, setting the school's record for lowest single-season and career interception rates before being selected by the Green Bay Packers in the first round of the 2005 NFL draft. He is regarded as one of the greatest and most talented quarterbacks of all time.
After backing up Brett Favre for the first three years of his NFL career, Rodgers became the Packers' starting quarterback in 2008. In the 2010 season, he led them to a victory in Super Bowl XLV, earning the Super Bowl MVP. He was named Associated Press Athlete of the Year in 2011, and was voted league MVP by the Associated Press for the 2011, 2014, 2020, and 2021 NFL seasons. Rodgers is the fifth player to win NFL MVP in consecutive seasons, joining Peyton Manning, Favre, Joe Montana and Jim Brown. Rodgers has led the NFL six times in touchdown-to-interception ratio (2011, 2012, 2014, 2018, 2020, 2021); six times in lowest passing interception percentage (2009, 2014, 2018, 2019, 2020, 2021); four times in passer rating (2011, 2012, 2020, 2021); and four times in touchdown passing percentage (2011, 2012, 2020, 2021); three times in total touchdowns (2011, 2016, 2020); twice in touchdown passes (2016, 2020) and once in yards per attempt (2011) and completion percentage (2020). In 2023, Rodgers was traded to the New York Jets, where he spent two seasons with the team. Released by the Jets after the 2024 season, Rodgers signed with the Steelers, whom he led to a division title that season.
Ranking first on the NFL's all-time regular-season career passer rating list, Rodgers is among the most efficient quarterbacks of all time. Apart from a regular-season career passer rating of over 100 (the first to ever have a career rating over 100), he also holds the best touchdown-to-interception ratio and the lowest passing interception percentage in NFL history while also having had the highest passer rating in NFL history throughout the entire 2010s decade. In the postseason, he is second in both touchdown passes and touchdown-to-interception ratio, fourth in passing yards, and eighth in all-time passer rating. In the regular season, he has the best touchdown-to-interception ratio in NFL history at 4.34, holds the league's second lowest career interception percentage at 1.4 percent and the highest single-season passer rating record of 122.5. Rodgers is also a four-time winner of the Best NFL Player ESPY Award.","1983 births | Aaron Rodgers | All Wikipedia articles written in American English | American conspiracy theorists | American football quarterbacks | American people of English descent | American people of German descent | American people of Irish descent | American philanthropists | Articles with short description | Butte Roadrunners football players | CS1 maint: url-status | California Golden Bears football players | Commons category link from Wikidata | Green Bay Packers players | Living people | NFL Most Valuable Player winners | National Conference Pro Bowl players | New York Jets players | People from Ukiah, California | Pittsburgh Steelers currentteam parameter articles | Pittsburgh Steelers players | Players of American football from Chico, California | Players of American football from Mendocino County, California | Players of American football from Washington County, Oregon | Pleasant Valley High School (California) alumni | Short description matches Wikidata | Sportspeople from Beaverton, Oregon | Super Bowl MVPs | Unconferenced Pro Bowl players | Use American English from July 2021 | Use mdy dates from January 2026 | Wikipedia indefinitely semi-protected biographies of living people"
00-0038658,Adrian Martinez,QB,Adrian Martinez (American football),https://en.wikipedia.org/wiki/Adrian_Martinez_(American_football),"Adrian Martinez (born January 7, 2000) is an American professional football quarterback for the San Francisco 49ers of the National Football League (NFL). He played college football for the Kansas State Wildcats and Nebraska Cornhuskers. He also played for the Birmingham Stallions of the United Football League (UFL) in 2024, leading the league in rushing yards, as well as making the All-UFL team, earning season MVP, championship game MVP, and winning the 2024 UFL Championship.","2000 births | 21st-century American sportsmen | All Wikipedia articles written in American English | American football quarterbacks | Articles with short description | Birmingham Stallions (2022) players | Commons category link from Wikidata | Detroit Lions players | Hispanic and Latino American players of American football | Kansas State Wildcats football players | Living people | Nebraska Cornhuskers football players | New York Jets players | Players of American football from Fresno, California | San Francisco 49ers currentteam parameter articles | San Francisco 49ers players | Short description matches Wikidata | Use American English from September 2019 | Use mdy dates from August 2023"
00-0023585,Adrian McPherson,QB,Adrian McPherson,https://en.wikipedia.org/wiki/Adrian_McPherson,"Adrian Jamal McPherson (born May 8, 1983) is an American former professional football player who was a quarterback in the Arena Football League (AFL) and Canadian Football League (CFL). He played college football at Florida State before being dismissed from the team as a result of a November 2002 arrest. He was selected by the New Orleans Saints in the fifth round of the 2005 NFL draft.   As a professional, McPherson was also a member of the Indiana Firebirds, Utah Blaze, Austin Wranglers, Grand Rapids Rampage, Tampa Bay Storm and Los Angeles KISS of the AFL, the Montreal Alouettes, Calgary Stampeders and Toronto Argonauts of the CFL, and the Jacksonville Sharks of the National Arena League (NAL).","1983 births | All Wikipedia articles written in American English | All articles with dead external links | American football quarterbacks | Articles with dead external links from December 2023 | Articles with permanently dead external links | Articles with short description | Austin Wranglers players | CS1 maint: bot: original URL status unknown | Calgary Stampeders players | Canadian football quarterbacks | Commons category link from Wikidata | Florida State Seminoles football players | Grand Rapids Rampage players | Indiana Firebirds players | Jacksonville Sharks players | Living people | Los Angeles Kiss players | Montreal Alouettes players | New Orleans Saints players | Players of American football from Bradenton, Florida | Players of Canadian football from Florida | Short description is different from Wikidata | Southeast High School (Florida) alumni | Tampa Bay Storm players | Toronto Argonauts players | Use American English from July 2025 | Use mdy dates from April 2024 | Utah Blaze players"
00-0038579,Aidan O'Connell,QB,Aidan O'Connell,https://en.wikipedia.org/wiki/Aidan_O%27Connell,"Aidan James O'Connell (born September 1, 1998) is an American professional football  quarterback for the Las Vegas Raiders of the National Football League (NFL). He played college football for the Purdue Boilermakers and was selected by the Raiders in the fourth round of the 2023 NFL draft.","1998 births | American football quarterbacks | Articles with short description | Commons category link from Wikidata | Las Vegas Raiders currentteam parameter articles | Las Vegas Raiders players | Living people | People from Long Grove, Illinois | Players of American football from Lake County, Illinois | Purdue Boilermakers football players | Short description matches Wikidata | Use mdy dates from December 2024"
00-0015082,Akili Smith,QB,Akili Smith,https://en.wikipedia.org/wiki/Akili_Smith,"Kabisa Akili Maradufu Smith (born August 21, 1975) is an American former professional football player who was a quarterback in the National Football League (NFL). He was selected by the Cincinnati Bengals in the first round (third overall) of the 1999 NFL draft, the third quarterback in the first three choices, behind Tim Couch (Cleveland Browns) and Donovan McNabb (Philadelphia Eagles). He played college football for the Oregon Ducks.
Smith was also a member of the Green Bay Packers, Tampa Bay Buccaneers, Frankfurt Galaxy, and Calgary Stampeders.",1975 births | 20th-century African-American sportsmen | 20th-century American sportsmen | 21st-century African-American sportsmen | 21st-century American sportsmen | African-American baseball players | All Wikipedia articles in need of updating | All Wikipedia articles written in American English | American football quarterbacks | Articles with short description | Baseball outfielders | Baseball players from San Diego | Calgary Stampeders players | Canadian football quarterbacks | Cincinnati Bengals players | Erie SeaWolves players | Frankfurt Galaxy players | Grossmont Griffins football players | Gulf Coast Pirates players | Living people | Missionary Baptists | Oregon Ducks football players | Players of American football from San Diego | Players of Canadian football from San Diego | Short description matches Wikidata | Use American English from April 2024 | Use mdy dates from January 2019 | Wikipedia articles in need of updating from April 2021
00-0033238,Alek Torgersen,QB,Alek Torgersen,https://en.wikipedia.org/wiki/Alek_Torgersen,"Alek Torgersen (born January 13, 1995) is an American former football quarterback. He played college football at Penn.","1995 births | American football quarterbacks | Arizona Cardinals players | Arizona Hotshots players | Articles with short description | Atlanta Falcons players | Birmingham Iron players | Detroit Lions players | Edison High School (Huntington Beach, California) alumni | Living people | Penn Quakers football players | Players of American football from Huntington Beach, California | San Diego Fleet players | Short description is different from Wikidata | Use mdy dates from June 2024 | Washington Redskins players"
00-0034732,Alex McGough,QB,Alex McGough,https://en.wikipedia.org/wiki/Alex_McGough,"Alexander Lee McGough ( mə-GOO; born November 19, 1995) is an American former professional football quarterback. McGough played college football for the FIU Panthers, and was selected by the Seattle Seahawks in the seventh round of the 2018 NFL draft. He has also been a member of the Jacksonville Jaguars, Houston Texans, and Green Bay Packers.","1995 births | 21st-century American sportsmen | American football quarterbacks | Articles with short description | Birmingham Stallions (2022) players | CS1 errors: bare URL | CS1 errors: missing title | FIU Panthers football players | Green Bay Packers players | Houston Texans players | Jacksonville Jaguars players | Living people | Players of American football from Tampa, Florida | Seattle Seahawks players | Short description matches Wikidata | Use mdy dates from July 2024"
00-0023436,Alex Smith,QB,Alex Smith,https://en.wikipedia.org/wiki/Alex_Smith,"Alexander Douglas Smith (born May 7, 1984) is an American former professional football quarterback who played in the National Football League (NFL) for 16 seasons. He played college football for the Utah Utes, earning first-team All-American honors and winning MW Offensive Player of the Year in 2004. Smith was selected first overall by the San Francisco 49ers in the 2005 NFL draft.
Smith had a breakout season in 2011 when he led the 49ers to their first division title and playoff win since 2002 and their first NFC Championship Game appearance since 1997. The following season, a concussion resulted in Smith losing his starting position to backup Colin Kaepernick. Smith was then traded to the Kansas City Chiefs during the offseason and guided them to four playoff runs between 2013 and 2017, their first consecutive division titles in franchise history, and their first playoff victory since 1993 in the 2015 season. Smith also received three Pro Bowl selections with the Chiefs and led the league in passer rating in 2017. He was traded to the Washington Redskins in 2018 to make way for second-year quarterback Patrick Mahomes, but was credited with helping develop the future NFL MVP.
During his first season in Washington, Smith suffered a life-threatening injury to his right leg that nearly resulted in amputation. Although expected never to play again, Smith completed a lengthy rehabilitation process that allowed him to return in 2020. Smith became the starter midway through the season, leading the team to a division title and earning NFL Comeback Player of the Year honors. He retired during the 2021 offseason after being released. Smith's return from injury is cited as among the greatest in NFL history. He was inducted to the College Football Hall of Fame in 2024.","1984 births | All-American college football players | All Wikipedia articles written in American English | American Conference Pro Bowl players | American football quarterbacks | American people of Austrian descent | American people of Serbian descent | American philanthropists | American television sports commentators | Articles with short description | CS1: unfit URL | CS1 maint: bot: original URL status unknown | CS1 maint: deprecated archival service | College Football Hall of Fame inductees | Commons category link is on Wikidata | ESPN people | First overall NFL draft picks | Kansas City Chiefs players | Living people | NFL Comeback Player of the Year winners | NFL announcers | Players of American football from San Diego County, California | Players of American football from Washington (state) | San Francisco 49ers players | Short description matches Wikidata | Sportspeople from Bremerton, Washington | Sportspeople from La Mesa, California | Unconferenced Pro Bowl players | Use American English from August 2021 | Use mdy dates from February 2024 | Utah Utes football players | Washington Football Team players | Washington Redskins players | Webarchive template wayback links"
00-0029623,Alex Tanney,QB,Alex Tanney,https://en.wikipedia.org/wiki/Alex_Tanney,"Alex Tanney (born November 11, 1987) is an American football coach and former quarterback who serves as the offensive passing game coordinator for the Indianapolis Colts of the National Football League (NFL). He played college football for the Monmouth Fighting Scots and signed as an undrafted free agent with the Kansas City Chiefs in 2012. Tanney was also a member of the Dallas Cowboys, Cleveland Browns, Tampa Bay Buccaneers, Tennessee Titans, Buffalo Bills, Colts, and New York Giants before retiring in 2020.
Tanney began his coaching in 2021 as an offensive quality control coach with the Eagles under head coach Nick Sirianni.","1987 births | All articles with unsourced statements | American football quarterbacks | Articles with short description | Articles with unsourced statements from February 2023 | Buffalo Bills players | Cleveland Browns players | Coaches of American football from Illinois | Dallas Cowboys players | Indianapolis Colts coaches | Indianapolis Colts currentteam parameter articles | Indianapolis Colts players | Kansas City Chiefs players | Living people | Monmouth College alumni | Monmouth Fighting Scots football players | New York Giants players | People from Lexington, Illinois | Philadelphia Eagles coaches | Players of American football from McLean County, Illinois | Short description matches Wikidata | Tampa Bay Buccaneers players | Tennessee Titans players | Use mdy dates from January 2019 | Webarchive template wayback links"
00-0016838,Alex Van Pelt,QB,Alex Van Pelt,https://en.wikipedia.org/wiki/Alex_Van_Pelt,"Gregory Alexander Van Pelt (born May 1, 1970) is an American professional football coach and former quarterback who is currently the quarterbacks coach for the Atlanta Falcons of the National Football League (NFL). He played in the NFL primarily with the Buffalo Bills. Van Pelt previously served as an assistant coach for the Bills, Cincinnati Bengals, Green Bay Packers, Tampa Bay Buccaneers, Cleveland Browns, New England Patriots, and Los Angeles Rams.",1970 births | All BLP articles lacking sources | All Wikipedia articles written in American English | American football quarterbacks | American radio sports commentators | Articles with short description | Atlanta Falcons currentteam parameter articles | BLP articles lacking sources from November 2011 | Buffalo Bills announcers | Buffalo Bills coaches | Buffalo Bills players | Cleveland Browns coaches | Coaches of American football from Pennsylvania | Commons category link from Wikidata | Frankfurt Galaxy coaches | Living people | NFL offensive coordinators | New England Patriots coaches | Pittsburgh Panthers football players | Players of American football from Pittsburgh | Players of American football from San Antonio | Short description is different from Wikidata | Sportspeople from San Antonio | Tampa Bay Buccaneers coaches | Use American English from February 2024 | Use mdy dates from January 2019
00-0029668,Andrew Luck,QB,Andrew Luck,https://en.wikipedia.org/wiki/Andrew_Luck,"Andrew Austen Luck (born September 12, 1989) is an American football executive and former professional quarterback who is the general manager of the Stanford Cardinal. He previously played in the National Football League (NFL) for seven seasons with the Indianapolis Colts. Considered one of the best draft prospects during his college football career with Stanford, Luck won the Maxwell, Walter Camp, and Johnny Unitas Golden Arm awards in 2011. He was selected by the Colts first overall in the 2012 NFL draft.
Luck made an impact within his first year by setting the rookie records for most passing yards in a season and game, while leading a team that went 2–14 the previous year to an 11–5 record and playoff berth. He led the Colts to consecutive division titles in his next two seasons. In the postseason, Luck oversaw the NFL's second-largest playoff comeback during the 2013 playoffs and helped the Colts reach the 2014 AFC Championship Game. He earned Pro Bowl honors during his first three years and led the league in passing touchdowns in 2014.
Over the next three seasons, Luck struggled with injuries that caused him to miss the entire 2017 season. He returned to form the following year by setting several career highs and bringing the Colts back to the playoffs. For his success, Luck was named Comeback Player of the Year and voted to a fourth Pro Bowl. However, citing the injuries he sustained, Luck retired ahead of the 2019 season. In 2024, he returned to Stanford as the Cardinal's general manager. He was inducted to the College Football Hall of Fame in 2022.","1989 births | All Wikipedia articles written in American English | All articles with unsourced statements | American Conference Pro Bowl players | American expatriates in England | American expatriates in Germany | American football quarterbacks | Articles with short description | Articles with unsourced statements from July 2025 | Articles with unsourced statements from November 2025 | CS1 maint: deprecated archival service | Catholics from Indiana | Catholics from Texas | Catholics from Washington, D.C. | Coaches of American football from Washington, D.C. | College Football Hall of Fame inductees | College football general managers | Commons category link is on Wikidata | First overall NFL draft picks | High school football coaches in California | Indianapolis Colts players | Living people | Maxwell Award winners | NFL Comeback Player of the Year winners | Pages with broken reference names | Pages with reference errors | Players of American football from Houston | Players of American football from Indianapolis | Players of American football from Washington, D.C. | Short description is different from Wikidata | Sportspeople from the San Francisco Bay Area | Stanford Cardinal football players | Stanford Graduate School of Education alumni | Unconferenced Pro Bowl players | Use American English from August 2019 | Use mdy dates from February 2026 | Walter Camp Award winners | Webarchive template wayback links"
00-0039334,Andrew Peasley,QB,Andrew Peasley,https://en.wikipedia.org/wiki/Andrew_Peasley,"Andrew Peasley (born January 6, 2000) is an American professional football quarterback. He played college football for the Utah State Aggies and Wyoming Cowboys. He also worked as a substitute teacher at La Grande High School.","2000 births | 21st-century American sportsmen | American football quarterbacks | Articles with short description | Birmingham Stallions (2022) players | Date of birth not in Wikidata | Living people | New York Jets players | People from La Grande, Oregon | Players of American football from Oregon | Short description is different from Wikidata | Use mdy dates from June 2024 | Utah State Aggies football players | Wyoming Cowboys football players"
00-0023504,Andrew Walter,QB,Andrew Walter,https://en.wikipedia.org/wiki/Andrew_Walter,"Andrew Scott Walter (born May 11, 1982) is an American former professional football player who was a quarterback in the National Football League (NFL). He played college football for the Arizona State Sun Devils and was selected by the Oakland Raiders in the third round of the 2005 NFL draft. He was also a member of the New England Patriots. After his playing career, he ran for office in the Arizona House of Representatives.","1982 births | All articles with unsourced statements | American football quarterbacks | Arizona Republicans | Arizona State Sun Devils football players | Articles with short description | Articles with unsourced statements from February 2024 | CS1 maint: bot: original URL status unknown | Commons category link from Wikidata | Living people | New England Patriots players | Oakland Raiders players | Players of American football from Phoenix, Arizona | Short description is different from Wikidata | Use mdy dates from March 2024"
00-0027973,Andy Dalton,QB,Andy Dalton,https://en.wikipedia.org/wiki/Andy_Dalton,"Andrew Gregory Dalton (born October 29, 1987) is an American professional football quarterback for the Philadelphia Eagles of the National Football League (NFL). Nicknamed ""the Red Rifle"", he played college football for the TCU Horned Frogs, winning MW Offensive Player of the Year twice and becoming the school's leader in quarterback wins. He was selected by the Cincinnati Bengals in the second round of the 2011 NFL draft.
During his first nine seasons with the Bengals, Dalton led the team to five consecutive playoff appearances from 2011 to 2015 and received three Pro Bowl selections. In his first season, he and wide receiver A. J. Green set records for completions and yards by a rookie quarterback/receiver combination. Dalton also set the Bengals franchise records for passing touchdowns, single-season passing yards, and single-season passing touchdowns.
Despite his regular season success, Dalton went winless in the playoffs and was released by the Bengals in 2020 following four consecutive losing seasons. He spent his next three seasons alternating as a starter and backup with the Dallas Cowboys, Chicago Bears, and New Orleans Saints for one year each. Dalton joined the Panthers in 2023, where he spent three seasons. He was then traded to the Eagles in 2026.

","1987 births | 21st-century American sportsmen | All Wikipedia articles written in American English | All articles with dead external links | American Christians | American Conference Pro Bowl players | American football quarterbacks | American philanthropists | Articles with dead external links from June 2024 | Articles with hCards | Articles with short description | CS1 maint: bot: original URL status unknown | CS1 maint: deprecated archival service | Carolina Panthers players | Chicago Bears players | Cincinnati Bengals players | Commons category link from Wikidata | Dallas Cowboys players | Living people | New Orleans Saints players | Philadelphia Eagles currentteam parameter articles | Philadelphia Eagles players | Players of American football from Cincinnati | Players of American football from Katy, Texas | Short description matches Wikidata | TCU Horned Frogs football players | Unconferenced Pro Bowl players | Use American English from November 2025 | Use mdy dates from March 2025 | Webarchive template wayback links"
00-0022761,Andy Hall,QB,Andy Hall (American football),https://en.wikipedia.org/wiki/Andy_Hall_(American_football),"Andrew Steven Hall (born November 26, 1980) is an American former professional football player who was a quarterback in the National Football League (NFL), Arena Football League (AFL) and af2. He was selected by the Philadelphia Eagles in the sixth round of the 2004 NFL draft. He played college football for the Georgia Tech Yellow Jackets before transferring to the Delaware Fightin' Blue Hens.","1980 births | American football quarterbacks | Articles with short description | Austin Wranglers players | Delaware Fightin' Blue Hens football players | Georgia Tech Yellow Jackets football players | Las Vegas Gladiators players | Living people | Nashville Kats players | Philadelphia Eagles players | Players of American football from South Carolina | Rhein Fire players | Short description is different from Wikidata | Sportspeople from Cheraw, South Carolina | Use mdy dates from June 2024"
00-0037175,Anthony Brown,QB,Anthony Brown (offensive lineman),https://en.wikipedia.org/wiki/Anthony_Brown_(offensive_lineman),"Anthony Quantrell Brown (born November 6, 1972) is an American former professional football player who was an offensive lineman for five seasons in the National Football League (NFL) with the Cincinnati Bengals and Pittsburgh Steelers. He played college football for the Utah Utes.",1972 births | 20th-century African-American sportsmen | 20th-century American sportsmen | All Wikipedia articles written in American English | American football offensive linemen | Articles with short description | Cincinnati Bengals players | Living people | Pittsburgh Steelers players | Short description matches Wikidata | Sportspeople from Okinawa Prefecture | Use American English from December 2024 | Use mdy dates from June 2024 | Utah Utes football players
00-0035988,Anthony Gordon,QB,Anthony Gordon (American football),https://en.wikipedia.org/wiki/Anthony_Gordon_(American_football),"Anthony Gordon (born August 28, 1997) is an American former football quarterback. He played college football for the Washington State Cougars and went undrafted in the 2020 NFL draft. He was a member of the Seattle Seahawks, Kansas City Chiefs, and Denver Broncos organizations during his three seasons in the National Football League (NFL).","1997 births | Accuracy disputes from April 2026 | American football quarterbacks | Articles with short description | City College of San Francisco Rams football players | Denver Broncos players | Kansas City Chiefs players | Living people | NFL empty currentteam parameter articles | People from Pacifica, California | Players of American football from San Mateo County, California | Seattle Seahawks players | Short description matches Wikidata | Use mdy dates from June 2024 | Washington State Cougars football players"
00-0039164,Anthony Richardson,QB,Anthony Richardson (American football),https://en.wikipedia.org/wiki/Anthony_Richardson_(American_football),"Anthony Dashawn Richardson Sr. (born May 22, 2002) is an American professional football quarterback for the Indianapolis Colts of the National Football League (NFL). He played college football for the Florida Gators and was selected by the Colts fourth overall in the 2023 NFL draft.","2002 births | 21st-century American sportsmen | All Wikipedia articles written in American English | American football quarterbacks | Articles with short description | Commons category link from Wikidata | Eastside High School (Gainesville, Florida) alumni | Florida Gators football players | Indianapolis Colts currentteam parameter articles | Indianapolis Colts players | Living people | Players of American football from Gainesville, Florida | Players of American football from Miami | Short description matches Wikidata | Use American English from December 2025 | Use mdy dates from April 2024"
00-0018272,Anthony Wright,QB,Anthony Wright (American football),https://en.wikipedia.org/wiki/Anthony_Wright_(American_football),"Anthony Lavon Wright (born February 14, 1976) is an American former professional football player who was a quarterback in the National Football League (NFL) for the Pittsburgh Steelers, Dallas Cowboys, Baltimore Ravens, Cincinnati Bengals and New York Giants. He played college football for the South Carolina Gamecocks.","1976 births | All Wikipedia articles written in American English | American football quarterbacks | Articles with short description | Baltimore Ravens players | Cincinnati Bengals players | Dallas Cowboys players | Living people | New York Giants players | People from Craven County, North Carolina | Pittsburgh Steelers players | Players of American football from North Carolina | Short description is different from Wikidata | South Carolina Gamecocks football players | Use American English from February 2024 | Use mdy dates from May 2019"
00-0034608,Austin Allen,QB,Austin Allen,https://en.wikipedia.org/wiki/Austin_Allen,"Austin Allen may refer to:

Austin Allen (quarterback) (born 1994), American football player
Austin Allen (baseball) (born 1994), American baseball player
Austin Allen (tight end) (born 1998), American football player
Austin Allen (1901–1959), American country musician and member of The Allen Brothers",All article disambiguation pages | All disambiguation pages | Human name disambiguation pages | Short description is different from Wikidata
00-0028957,Austin Davis,QB,Austin Davis (American football),https://en.wikipedia.org/wiki/Austin_Davis_(American_football),"Austin Davis (born June 2, 1989) is an American former professional football player who was a quarterback in the National Football League (NFL). He was a member of the St. Louis Rams, Miami Dolphins, Cleveland Browns,  Denver Broncos, Seattle Seahawks and Tennessee Titans. He played college football for the Southern Miss Golden Eagles, where he began his career as a walk-on, he redshirted the 2007 season and became the starter a year later. He ended the year with a combined total of 15 school records for both game and single-season marks and led the Golden Eagles to a bowl game victory in the 2008 New Orleans Bowl, being named to the freshman all-C-USA team.
Davis later served as the offensive coordinator for the Auburn Tigers but left the program within two months and coaching no games. Prior to Auburn, he was the quarterbacks coach for the Seattle Seahawks for two seasons.","1989 births | All articles with dead external links | American football quarterbacks | Articles with dead external links from May 2019 | Articles with dead external links from October 2016 | Articles with permanently dead external links | Articles with short description | Auburn Tigers football coaches | CS1 maint: bot: original URL status unknown | CS1 maint: deprecated archival service | Cleveland Browns players | Coaches of American football from Georgia (U.S. state) | Commons category link from Wikidata | Denver Broncos players | Living people | Miami Dolphins players | People from Collinsville, Mississippi | People from Ringgold, Georgia | Players of American football from Georgia (U.S. state) | Players of American football from Meridian, Mississippi | Seattle Seahawks coaches | Seattle Seahawks players | Short description is different from Wikidata | Southern Miss Golden Eagles football players | Sportspeople from the Chattanooga metropolitan area | St. Louis Rams players | Tennessee Titans players | Use mdy dates from March 2024"
00-0039464,Austin Reed,QB,Austin Reed (American football),https://en.wikipedia.org/wiki/Austin_Reed_(American_football),"Austin Reed (born February 22, 2000) is an American professional football quarterback for the Dallas Renegades of the United Football League (UFL). He played college football for the Southern Illinois Salukis, West Florida Argonauts, and Western Kentucky Hilltoppers before signing with the Chicago Bears as an undrafted free agent in 2024.","2000 births | 21st-century American sportsmen | American football quarterbacks | Articles with short description | Chicago Bears players | Dallas Renegades players | Date of birth not in Wikidata | Living people | Players of American football from St. Augustine, Florida | Short description is different from Wikidata | Southern Illinois Salukis football players | Use mdy dates from January 2023 | West Florida Argonauts football players | Western Kentucky Hilltoppers football players"
00-0030120,B.J. Daniels,QB,B. J. Daniels (American football),https://en.wikipedia.org/wiki/B._J._Daniels_(American_football),"Bruce E. Daniels Jr. (born October 24, 1989) is an American former professional football player who was a quarterback and wide receiver in the National Football League (NFL). He was selected by the San Francisco 49ers in the seventh round of the 2013 NFL draft after playing college football for the South Florida Bulls. He played quarterback for South Florida as a four-year starter. He won Super Bowl XLVIII with the Seattle Seahawks over the Denver Broncos.","1989 births | 21st-century African-American sportsmen | 21st-century American sportsmen | American football quarterbacks | American football running backs | American football wide receivers | Articles with short description | Atlanta Falcons players | CS1 maint: multiple names: authors list | Canadian football quarterbacks | Chicago Bears players | Coaches of American football from Florida | Commons category link from Wikidata | High school football coaches in Florida | Houston Texans players | Lincoln High School (Tallahassee, Florida) alumni | Living people | New York Giants players | Players of American football from Tallahassee, Florida | Players of Canadian football from Florida | Salt Lake Stallions players | San Francisco 49ers players | Saskatchewan Roughriders players | Seattle Dragons players | Seattle Seahawks players | Short description is different from Wikidata | South Florida Bulls football coaches | South Florida Bulls football players | Use mdy dates from March 2024 | Your Call Football players"
00-0038108,Bailey Zappe,QB,Bailey Zappe,https://en.wikipedia.org/wiki/Bailey_Zappe,"Bailey Michael Zappe (, ZAP-ee) (born April 26, 1999) is an American professional football quarterback for the New York Jets of the National Football League (NFL). He played his first three seasons of college football for the Houston Baptist Huskies and used his last year of eligibility with the Western Kentucky Hilltoppers, setting the FBS season records for passing yards and passing touchdowns. Zappe was selected in the fourth round of the 2022 NFL draft by the New England Patriots, where he spent his first two seasons alternating as a backup and starter. He joined the Browns as a backup in 2024.","1999 births | American football quarterbacks | Articles with short description | Cleveland Browns players | Commons category link from Wikidata | Houston Christian Huskies football players | Kansas City Chiefs players | Living people | New England Patriots players | New York Jets currentteam parameter articles | New York Jets players | Players of American football from Victoria, Texas | Short description matches Wikidata | Use mdy dates from March 2024 | Western Kentucky Hilltoppers football players"
00-0034855,Baker Mayfield,QB,Baker Mayfield,https://en.wikipedia.org/wiki/Baker_Mayfield,"Baker Reagan Mayfield (born April 14, 1995) is an American professional football quarterback for the Tampa Bay Buccaneers of the National Football League (NFL). Following one season of college football with the Texas Tech Red Raiders, he played for the Oklahoma Sooners, becoming the first walk-on player to win the Heisman Trophy. He was selected first overall by the Cleveland Browns in the 2018 NFL draft.
Mayfield set the NFL rookie quarterback record for passing touchdowns during his first year, along with ending a 19-game winless streak for the Browns in his debut. His most successful season with the team was in 2020 when he led the Browns to their first playoff appearance since 2002 and first playoff victory since 1994. Following a performance decline and conflict with Browns management, Mayfield was traded from Cleveland in 2022, spending the year with the Carolina Panthers and Los Angeles Rams.
In 2023, Mayfield joined the Buccaneers, leading the team to two consecutive division titles and a playoff victory. He also earned two consecutive Pro Bowl selections. Mayfield is currently the all-time leader in playoff passer rating.","1995 births | All-American college football players | All Wikipedia articles written in American English | All articles lacking reliable references | American football quarterbacks | Articles lacking reliable references from October 2022 | Articles with short description | Carolina Panthers players | Cleveland Browns players | Commons category link from Wikidata | First overall NFL draft picks | Heisman Trophy winners | Lake Travis High School alumni | Living people | Los Angeles Rams players | Maxwell Award winners | National Conference Pro Bowl players | Oklahoma Sooners football players | Players of American football from Austin, Texas | Short description matches Wikidata | Tampa Bay Buccaneers currentteam parameter articles | Tampa Bay Buccaneers players | Texas Tech Red Raiders football players | Use American English from December 2025 | Use mdy dates from December 2024 | Walter Camp Award winners | Wikipedia indefinitely semi-protected pages"
00-0033866,Bart Houston,QB,Bart Houston,https://en.wikipedia.org/wiki/Bart_Houston,"Bart Houston (born December 16, 1992) is an American former football player. A quarterback, he played high school football at De La Salle High School in Concord, California, winning three state titles and setting several school records. He played college football for the Wisconsin Badgers from 2012 to 2016. A backup for his first four seasons, Houston made his first career start in the 2016 season opener in a ""historic"" upset over No. 5 ranked LSU. In the 2017 Cotton Bowl Classic victory over Western Michigan, he tied a Cotton Bowl-record for completion percentage (91.7%). After going unselected in the 2017 NFL draft, he signed with the Pittsburgh Steelers and played for them during the preseason.","1992 births | American football punters | American football quarterbacks | Articles with short description | Good articles | Living people | Pittsburgh Steelers players | Players of American football from Contra Costa County, California | Short description matches Wikidata | Sportspeople from Concord, California | Use mdy dates from April 2026 | Wisconsin Badgers football players"
00-0036384,Ben DiNucci,QB,Ben DiNucci,https://en.wikipedia.org/wiki/Ben_DiNucci,"Benjamin Anthony DiNucci (born November 24, 1996) is an American professional football quarterback. He played college football for the Pittsburgh Panthers and James Madison Dukes and was selected by the Dallas Cowboys of the NFL in the seventh round of the 2020 NFL draft. He has also played for the Seattle Sea Dragons in the XFL in 2023, leading them to the playoffs.
He is currently a college football commentator for CBS Sports.","1996 births | All Wikipedia articles written in American English | American football quarterbacks | Articles with short description | Atlanta Falcons players | Buffalo Bills players | Commons category link from Wikidata | Dallas Cowboys players | Denver Broncos players | James Madison Dukes football players | Living people | New Orleans Saints players | Pine-Richland High School alumni | Pittsburgh Panthers football players | Players of American football from Allegheny County, Pennsylvania | Players of American football from Atlanta | Seattle Sea Dragons players | Short description is different from Wikidata | Use American English from January 2026 | Use mdy dates from October 2020"
00-0022924,Ben Roethlisberger,QB,Ben Roethlisberger,https://en.wikipedia.org/wiki/Ben_Roethlisberger,"Benjamin Todd  Roethlisberger Sr. ( ROTH-liss-BUR-gur; born March 2, 1982), nicknamed ""Big Ben"", is an American former professional football quarterback who played in the National Football League (NFL) for 18 seasons with the Pittsburgh Steelers. He played college football for the Miami RedHawks, and was selected by the Steelers in the first round (11th overall) of the 2004 NFL draft.
Roethlisberger earned the AP NFL Offensive Rookie of the Year Award in 2004 and his first Pro Bowl selection in 2007. In 2006, he became the youngest Super Bowl–winning quarterback in NFL history, winning Super Bowl XL 21–10 over the Seattle Seahawks in his second season at the age of 23. Roethlisberger led the Steelers to a second Super Bowl title in four seasons as they defeated the Arizona Cardinals in Super Bowl XLIII, 27–23, after completing a game-winning touchdown pass to Santonio Holmes with 35 seconds left in the game. He appeared in his third Super Bowl in Super Bowl XLV, but the team lost by a score of 31–25 to the Green Bay Packers.
Roethlisberger was one of the most prolific passers in NFL history. Upon retirement, he ranked 5th all-time in NFL career passing yards (64,088), 8th all-time in touchdowns (418), and 5th in completions (5,440) among quarterbacks with a minimum of 1,500 career attempts. He also had the fourth-highest career winning percentage (.710) as a starter in the regular season among quarterbacks with a minimum of 100 starts and was one of only six quarterbacks in NFL history to have beaten at least 31 of the current 32 NFL teams.
Known for playing outside the passing pocket in what he calls ""backyard football"", Roethlisberger grew up idolizing John Elway and has often been compared to him, wearing number 7 in his honor.","1982 births | All Wikipedia articles written in American English | All articles with unsourced statements | American Christians | American Conference Pro Bowl players | American bloggers | American football quarterbacks | American male bloggers | American people of Swiss-German descent | American philanthropists | Articles with short description | Articles with unsourced statements from May 2025 | CS1: unfit URL | Commons category link is on Wikidata | Findlay High School alumni | Living people | Miami RedHawks football players | NFL Offensive Rookie of the Year winners | NFL controversies | Pittsburgh Steelers players | Players of American football from Lima, Ohio | Short description matches Wikidata | Sportspeople from Findlay, Ohio | Unconferenced Pro Bowl players | Use American English from January 2022 | Use mdy dates from May 2024 | Wikipedia indefinitely move-protected pages | Wikipedia indefinitely semi-protected biographies of living people"
00-0007530,Billy Joe Hobert,QB,Billy Joe Hobert,https://en.wikipedia.org/wiki/Billy_Joe_Hobert,"Billy Joe Hobert (born January 8, 1971) is an American former professional football player who was a quarterback for nine seasons in the National Football League (NFL), primarily as a reserve. He played college football for the Washington Huskies.","1971 births | All Wikipedia articles written in American English | American football quarterbacks | Articles with short description | Baseball players from Pierce County, Washington | Buffalo Bills players | Gulf Coast White Sox players | Indianapolis Colts players | Living people | Los Angeles Raiders players | New Orleans Saints players | Oakland Raiders players | People from Orting, Washington | Players of American football from Puyallup, Washington | Puyallup High School alumni | Short description is different from Wikidata | Use American English from February 2024 | Use mdy dates from March 2024 | Washington Huskies football players"
00-0016534,Billy Joe Tolliver,QB,Billy Joe Tolliver,https://en.wikipedia.org/wiki/Billy_Joe_Tolliver,"Billy Joe Tolliver (born February 7, 1966) is an American former professional football player who was a quarterback in the National Football League (NFL) and Canadian Football League (CFL) for twelve seasons with the San Diego Chargers, Atlanta Falcons, Houston Oilers, Shreveport Pirates, Kansas City Chiefs, and New Orleans Saints. Over the course of his NFL career, he played in 79 games, completed 891 of 1,707 passes for 10,760 yards, threw 59 touchdowns and 64 interceptions, and retired with a passer rating of 67.7.
A graduate of Boyd High School and Texas Tech University, Tolliver was selected in the second round of the 1989 NFL draft by the San Diego Chargers. He started 19 games in two seasons at San Diego before being traded to Atlanta, where he saw playing time as a backup for three seasons. In 1994, he became one of three starting quarterbacks for Houston and then served as quarterback of the Shreveport Pirates in the CFL during their final season of activity in 1995. After not competing in 1996, Tolliver played for both Atlanta and Kansas City in 1997. He then started 11 games for New Orleans in two seasons but did not take the field in 2000. A stint with the Green Bay Packers in the 2001 offseason concluded his professional career.","1966 births | All Wikipedia articles written in American English | American football quarterbacks | Articles with short description | Atlanta Falcons players | Canadian football quarterbacks | Featured articles | Houston Oilers players | Kansas City Chiefs players | Living people | New Orleans Saints players | People from Boyd, Texas | Players of American football from Dallas | Players of Canadian football from Dallas | San Diego Chargers players | Short description matches Wikidata | Shreveport Pirates players | Texas Tech Red Raiders football players | Use American English from December 2020 | Use mdy dates from January 2019"
00-0019041,Billy Volek,QB,Billy Volek,https://en.wikipedia.org/wiki/Billy_Volek,"John William Volek (born April 28, 1976) is an American former professional football player who was a quarterback in the National Football League (NFL). He played college football for the Fresno State Bulldogs. He was signed by the Tennessee Titans as an undrafted free agent in 2000 and also played for the San Diego Chargers.","1976 births | All Wikipedia articles written in American English | American football quarterbacks | Articles with short description | CS1 maint: deprecated archival service | Fresno State Bulldogs football players | Living people | Players of American football from Riverside County, California | San Diego Chargers players | Short description is different from Wikidata | Sportspeople from Hemet, California | Tennessee Titans players | Use American English from February 2024 | Use mdy dates from March 2024 | Webarchive template wayback links"
00-0027948,Blaine Gabbert,QB,Blaine Gabbert,https://en.wikipedia.org/wiki/Blaine_Gabbert,"Blaine Williamson Gabbert (born October 15, 1989) is an American former professional football quarterback who played in the National Football League (NFL) for 13 seasons. He played college football for the Missouri Tigers, receiving second-team All-Big 12 honors, and was selected 10th overall by the Jacksonville Jaguars in the 2011 NFL draft. Gabbert began his career as the Jaguars' starter, but inconsistent play and injuries led to his departure after three seasons. He spent his next three seasons with the San Francisco 49ers, where he saw his last significant playing time. For the remainder of his career, Gabbert served as backup for the Arizona Cardinals, Tennessee Titans, Tampa Bay Buccaneers, and Kansas City Chiefs. As a backup, he won two Super Bowl titles, one with the Buccaneers and one with the Chiefs.","1989 births | American football quarterbacks | Arizona Cardinals players | Articles with short description | CS1 maint: bot: original URL status unknown | Commons category link from Wikidata | Jacksonville Jaguars players | Kansas City Chiefs players | Living people | Missouri Tigers football players | People from Ballwin, Missouri | Players of American football from Columbia, Missouri | Players of American football from St. Louis County, Missouri | Players of American football from Tampa, Florida | San Francisco 49ers players | Short description matches Wikidata | Tampa Bay Buccaneers players | Tennessee Titans players | Use mdy dates from May 2024"
00-0031407,Blake Bortles,QB,Blake Bortles,https://en.wikipedia.org/wiki/Blake_Bortles,"Robby Blake Bortles (born April 28, 1992) is an American former professional football quarterback who played in the National Football League (NFL) for eight seasons, primarily with the Jacksonville Jaguars. He played college football for the UCF Knights, winning AAC Offensive Player of the Year in 2013. Bortles was selected by the Jaguars third overall in the 2014 NFL draft.
As the Jaguars' starting quarterback from 2014 to 2018, Bortles set franchise records for single-season passing yards and touchdowns in 2015. His most successful season was in 2017 when he helped bring the Jaguars to their first division title and AFC Championship Game appearance since 1999. However, Bortles also led the league in interceptions in 2015 and had a league-high 75 interceptions by the end of his five years with Jacksonville. After being released by the Jaguars in 2018, he spent his final three seasons as a backup for the Los Angeles Rams, Denver Broncos, Green Bay Packers, and New Orleans Saints.","1992 births | American football quarterbacks | Articles with short description | CS1 maint: deprecated archival service | Commons category link from Wikidata | Denver Broncos players | Green Bay Packers players | Jacksonville Jaguars players | Living people | Los Angeles Rams players | New Orleans Saints players | Oviedo High School alumni | Players of American football from Jacksonville, Florida | Players of American football from Seminole County, Florida | Short description matches Wikidata | Sportspeople from Altamonte Springs, Florida | UCF Knights football players | Use mdy dates from February 2024"
00-0039732,Bo Nix,QB,Bo Nix,https://en.wikipedia.org/wiki/Bo_Nix,"Bo Chapman Nix (born February 25, 2000) is an American professional football quarterback for the Denver Broncos of the National Football League (NFL). He played his first three seasons of college football for the Auburn Tigers, winning SEC Freshman of the Year in 2019. During his last two seasons, Nix was a member of the Oregon Ducks and won Pac-12 Offensive Player of the Year in 2023 after leading the FBS in passing touchdowns.
Nix was selected by Denver in the first round of the 2024 NFL draft and was named the starter as a rookie. He led the Broncos to the playoffs in his first season and to a division title and playoff win in his second, both firsts since 2015.","2000 births | 21st-century American sportsmen | All Wikipedia articles written in American English | American football quarterbacks | Articles with short description | Auburn Tigers football players | Commons category link from Wikidata | Denver Broncos currentteam parameter articles | Denver Broncos players | Living people | Oregon Ducks football players | People from Pinson, Alabama | Players of American football from Arkansas | Players of American football from Jefferson County, Alabama | Short description matches Wikidata | Sportspeople from Arkadelphia, Arkansas | Use American English from December 2024 | Use mdy dates from January 2026 | William V. Campbell Trophy winners"
00-0007832,Bobby Hoying,QB,Bobby Hoying,https://en.wikipedia.org/wiki/Bobby_Hoying,"Robert Carl Hoying (born September 20, 1972) is an American former professional football player who was a quarterback in the National Football League (NFL). He played college football for the Ohio State Buckeyes. He was selected in the third round of the 1996 NFL draft. He is the grandson of baseball player Wally Post, who played 15 years in the Major Leagues.  Post was an outfielder for the Cincinnati Reds 1961 National League pennant winning team.","1972 births | All Wikipedia articles written in American English | All articles with unsourced statements | American football quarterbacks | Articles with short description | Articles with unsourced statements from February 2024 | Living people | Oakland Raiders players | Ohio State Buckeyes football players | People from St. Henry, Ohio | Philadelphia Eagles players | Players of American football from Mercer County, Ohio | Short description matches Wikidata | Use American English from February 2024 | Use mdy dates from January 2019 | Webarchive template wayback links | William V. Campbell Trophy winners"
00-0008442,Brad Johnson,QB,Brad Johnson (American football),https://en.wikipedia.org/wiki/Brad_Johnson_(American_football),"James Bradley Johnson (born September 13, 1968) is an American former professional football quarterback who played in the National Football League (NFL) for 17 seasons with the Minnesota Vikings, Washington Redskins, Tampa Bay Buccaneers, and Dallas Cowboys. He is best known for his time with the Buccaneers, whom he led to a win in Super Bowl XXXVII.
Johnson played college football for the Florida State Seminoles and was selected in the ninth round of the 1992 NFL draft. He is also notable for being the first player in the NFL to complete a touchdown pass to himself, doing so in a 1997 game against the Carolina Panthers. He remained the only player to do so until Marcus Mariota repeated the feat in a 2018 postseason game.","1968 births | All Wikipedia articles written in American English | American football quarterbacks | American men's basketball players | Articles with short description | Basketball players from Marietta, Georgia | Basketball players from North Carolina | Commons category link from Wikidata | Dallas Cowboys players | Florida State Seminoles football players | Florida State Seminoles men's basketball players | Living people | London Monarchs players | Minnesota Vikings players | National Conference Pro Bowl players | People from Black Mountain, North Carolina | Players of American football from Athens, Georgia | Players of American football from Buncombe County, North Carolina | Players of American football from Marietta, Georgia | Short description is different from Wikidata | Tampa Bay Buccaneers players | Use American English from February 2023 | Use mdy dates from March 2024 | Washington Redskins players"
00-0033585,Brad Kaaya,QB,Brad Kaaya,https://en.wikipedia.org/wiki/Brad_Kaaya,"Bradley Mathias Kaaya Jr. (born September 3, 1995) is an American former professional football player who was a quarterback in the National Football League (NFL). He played college football for the Miami Hurricanes from 2014 to 2016, and was selected by the Detroit Lions in sixth round of the 2017 NFL draft. Kaaya is the all time passing yards leader at Miami.","1995 births | American football quarterbacks | American people of Tanzanian descent | Articles with short description | Carolina Panthers players | Chaminade College Preparatory School (California) alumni | Cincinnati Bengals players | Detroit Lions players | Indianapolis Colts players | Living people | Miami Hurricanes football players | People from West Hills, Los Angeles | Players of American football from Los Angeles | Short description matches Wikidata | Use mdy dates from January 2019"
00-0030292,Brad Sorensen,QB,Brad Sorensen,https://en.wikipedia.org/wiki/Brad_Sorensen,"Bradley Wilson Sorensen  (born March 13, 1988) is an American former professional football player who was a quarterback in the National Football League (NFL). He played college football for the Southern Utah Thunderbirds and was selected by the San Diego Chargers in the seventh round of the 2013 NFL draft.

","1988 births | All Wikipedia articles written in American English | American football quarterbacks | Articles with short description | Colton High School (California) alumni | Living people | Minnesota Vikings players | Players of American football from San Bernardino County, California | San Diego Chargers players | Short description is different from Wikidata | Southern Utah Thunderbirds football players | Sportspeople from Colton, California | Tennessee Titans players | Use American English from April 2025 | Use mdy dates from June 2024"
00-0022774,Bradlee Van Pelt,QB,Bradlee Van Pelt,https://en.wikipedia.org/wiki/Bradlee_Van_Pelt,"Bradlee Van Pelt (born July 3, 1980) is an American former professional football player who was a quarterback and safety in the National Football League (NFL). He played college football for the Michigan State Spartans and Colorado State Rams. Van Pelt was selected by the Denver Broncos in the seventh round of the 2004 NFL draft, and was also a member of the Houston Texans. Afterwards, he played overseas with the Bergamo Lions of the Italian Football League and Leicester Falcons of the BAFA National Leagues in Great Britain.
Van Pelt is currently working for Sky Sports in the United Kingdom as a studio analyst for their NFL programming. He is the son of late NFL linebacker Brad Van Pelt.","1980 births | 21st-century American sportsmen | All articles with dead external links | American expatriate players of American football | American expatriate sportspeople in England | American expatriate sportspeople in Italy | American football quarterbacks | American football safeties | American people of Dutch descent | Articles with dead external links from November 2016 | Articles with permanently dead external links | Articles with short description | BAFA National Leagues players | CS1 Italian-language sources (it) | Colorado State Rams football players | Denver Broncos players | Houston Texans players | Italian Football League players | Living people | People from Owosso, Michigan | Players of American football from Michigan | Players of American football from Santa Barbara, California | San Marcos High School (Santa Barbara, California) alumni | Short description is different from Wikidata | Use mdy dates from January 2019 | Webarchive template wayback links"
00-0025409,Brady Quinn,QB,Brady Quinn,https://en.wikipedia.org/wiki/Brady_Quinn,"Brayden Tyler ""Brady"" Quinn (born October 27, 1984) is an American former professional football quarterback who played in the National Football League (NFL) for seven seasons. He played college football for the Notre Dame Fighting Irish, where he won the Maxwell Award. Quinn was selected by the Cleveland Browns in the first round of the 2007 NFL draft. Following three seasons in Cleveland, he was traded to the Denver Broncos, where he played for two seasons. Quinn spent his last three seasons with the Kansas City Chiefs, the New York Jets, and the St. Louis Rams for one year each.","1984 births | All Wikipedia articles written in American English | All articles with unsourced statements | American football quarterbacks | Articles with short description | Articles with unsourced statements from May 2015 | CS1 maint: bot: original URL status unknown | CS1 maint: deprecated archival service | Cleveland Browns players | College football announcers | Commons category link is on Wikidata | Denver Broncos players | Kansas City Chiefs players | Living people | Maxwell Award winners | Miami Dolphins players | NFL announcers | New York Jets players | Notre Dame Fighting Irish football players | Players of American football from Columbus, Ohio | Players of American football from Dublin, Ohio | Seattle Seahawks players | Short description is different from Wikidata | St. Louis Rams players | Use American English from November 2022 | Use mdy dates from January 2024 | Webarchive template wayback links | Wikipedia indefinitely move-protected pages"
00-0032434,Brandon Allen,QB,Brandon Allen (American football),https://en.wikipedia.org/wiki/Brandon_Allen_(American_football),"Brandon Duc Allen (born September 5, 1992) is an American professional football quarterback for the New York Giants of the National Football League (NFL). He played college football for the Arkansas Razorbacks and was selected by the Jacksonville Jaguars in the sixth round of the 2016 NFL draft. Allen has also been a member of the Los Angeles Rams, Denver Broncos, Cincinnati Bengals, San Francisco 49ers, and Tennessee Titans.","1992 births | All articles with dead external links | American football quarterbacks | Arkansas Razorbacks football players | Articles with dead external links from July 2024 | Articles with short description | Cincinnati Bengals players | Commons category link from Wikidata | Denver Broncos players | Fayetteville High School (Arkansas) alumni | Jacksonville Jaguars players | Living people | Los Angeles Rams players | New York Giants currentteam parameter articles | New York Giants players | Players of American football from Fayetteville, Arkansas | San Francisco 49ers players | Short description is different from Wikidata | Tennessee Titans players | Use mdy dates from October 2023"
00-0021276,Brandon Doman,QB,Brandon Doman,https://en.wikipedia.org/wiki/Brandon_Doman,"Brandon Doman (born December 29, 1976) is an American football player and coach. He is the former offensive coordinator for the Brigham Young University (BYU) Cougars. Doman played quarterback for BYU in 2000-2001 and was drafted by the San Francisco 49ers in the 2002 NFL draft. He was the offensive coordinator at BYU in 2011-2012 before being replaced in 2013 by Robert Anae.",1976 births | 21st-century Mormonism | American football quarterbacks | Articles with short description | BYU Cougars football players | Brigham Young University alumni | Latter Day Saints from Utah | Living people | Players of American football from Salt Lake City | Short description is different from Wikidata | Use mdy dates from July 2024
00-0032446,Brandon Doughty,QB,Brandon Doughty,https://en.wikipedia.org/wiki/Brandon_Doughty,"Brandon Doughty (born October 6, 1991) is an American former football quarterback. He played college football for the Western Kentucky Hilltoppers and was their starting quarterback from 2013 to 2015. He was selected by the Miami Dolphins in the seventh round of the 2016 NFL draft.","1991 births | American football quarterbacks | Arizona Cardinals players | Articles with hCards | Articles with short description | Biography with signature | Living people | Miami Dolphins players | Players of American football from Broward County, Florida | Short description is different from Wikidata | Sportspeople from Davie, Florida | Use mdy dates from April 2024 | Western Kentucky Hilltoppers football players"
00-0037472,Brandon Peters,QB,Brandon Peters,https://en.wikipedia.org/wiki/Brandon_Peters,"Michael Brandon Peters (born October 15, 1997) is an American former college football quarterback. He played at Michigan before transferring to Illinois.","1997 births | American football quarterbacks | Articles with short description | Commons category link from Wikidata | Illinois Fighting Illini football players | Living people | Los Angeles Chargers players | Michigan Wolverines football players | Players of American football from Indiana | Short description matches Wikidata | Sportspeople from Hendricks County, Indiana | Use mdy dates from January 2019"
00-0029677,Brandon Weeden,QB,Brandon Weeden,https://en.wikipedia.org/wiki/Brandon_Weeden,"Brandon Kyle Weeden (born October 14, 1983) is an American former professional football quarterback who played in the National Football League (NFL) for seven seasons. After pursuing a baseball career from 2002 to 2006, Weeden played college football for the Oklahoma State Cowboys, receiving first-team All-Big 12 honors in 2010. Selected 22nd overall by the Cleveland Browns in the 2012 NFL draft, he was the NFL's oldest first round selection at age 28. Weeden served as the Browns' starter during his rookie season and spent the remainder of his career as backup on the Dallas Cowboys, Houston Texans, and Tennessee Titans.","1983 births | 21st-century American sportsmen | All Wikipedia articles written in American English | American football quarterbacks | Articles with short description | Baseball pitchers | Baseball players from Oklahoma City | CS1 maint: deprecated archival service | Cleveland Browns players | Columbus Catfish players | Commons category link is on Wikidata | Dallas Cowboys players | Gulf Coast Yankees players | High Desert Mavericks players | Houston Texans players | Living people | Oklahoma State Cowboys football players | Players of American football from Edmond, Oklahoma | Players of American football from Oklahoma City | Short description is different from Wikidata | Staten Island Yankees players | Tennessee Titans players | Use American English from February 2024 | Use mdy dates from March 2024 | Webarchive template wayback links"
00-0038365,Braxton Burmeister,QB,Braxton Burmeister,https://en.wikipedia.org/wiki/Braxton_Burmeister,"Braxton Burmeister (born September 19, 1998) is an American football coach and former American football quarterback and wide receiver. He played college football for the Oregon Ducks, Virginia Tech Hokies, and San Diego State Aztecs.",1998 births | American football quarterbacks | Articles with short description | Living people | Oregon Ducks football players | San Diego State Aztecs football players | Short description is different from Wikidata | Use mdy dates from October 2025 | Virginia Tech Hokies football players
00-0023859,Brett Basanez,QB,Brett Basanez,https://en.wikipedia.org/wiki/Brett_Basanez,"Brett Stephen Basanez (born May 11, 1983) is an American former professional football player who was a quarterback in the National Football League (NFL). He played college football for the Northwestern Wildcats and was signed by the Carolina Panthers as an undrafted free agent after the 2006 NFL draft. Basanez was also a member of the Chicago Bears.","1983 births | American football quarterbacks | Articles with short description | Carolina Panthers players | Chicago Bears players | Commons category link from Wikidata | Living people | Northwestern Wildcats football players | Players of American football from Arlington Heights, Illinois | Short description is different from Wikidata | Use mdy dates from April 2024"
00-0005106,Brett Favre,QB,Brett Favre,https://en.wikipedia.org/wiki/Brett_Favre,"Brett Lorenzo Favre (  FARV; born October 10, 1969) is an American former professional football quarterback who played in the National Football League (NFL) for 20 seasons, primarily with the Green Bay Packers. Favre had 321 consecutive starts from 1992 to 2010, including 297 regular season games, the most in league history. He was also the first NFL quarterback to obtain 70,000 yards, 10,000 passes, 6,000 completions, 500 touchdowns, and victories over all 32 teams.
Favre played college football for the Southern Mississippi Golden Eagles and was selected in the second round of the 1991 NFL draft by the Atlanta Falcons, where he spent one season as a backup. Traded to the Packers, he became their starter early in the 1992 season and revitalized a franchise which had been in a period of decline since the late 1960s. During his 16 seasons with Green Bay, he led the team to 11 playoff appearances, seven division titles, four NFC Championship Games, two consecutive Super Bowl appearances, and one championship title in Super Bowl XXXI, the team's first in nearly three decades. Favre was traded in 2008 to the New York Jets, where he played one year, and spent his final two seasons with the Minnesota Vikings. His 2009 campaign for the Vikings saw him guide them to a division title and NFC Championship Game appearance, while having one of his strongest statistical seasons.
At the time of his retirement, Favre was the NFL leader in passing completions, passing attempts, passing yards, passing touchdowns, and quarterback wins. He continues to hold the record for career interceptions with 336. From 1995 to 1997, he was named Most Valuable Player three times, the most the award was consecutively received. Favre also received 11 Pro Bowl and three first-team All-Pro selections. He was inducted to the Pro Football Hall of Fame in 2016.
In 2022, Favre began to face controversy for the Mississippi welfare funds scandal after investigations determined $8 million intended for welfare programs went to Favre or causes he championed. Favre has denied the allegations and filed a defamation lawsuit against the State Auditor of Mississippi and two media personalities over their coverage of him.","1969 births | 21st-century Roman Catholics | All Wikipedia articles written in American English | All articles with criticism or controversy sections | All articles with unsourced statements | American Conference Pro Bowl players | American Roman Catholics | American football quarterbacks | American people of Choctaw descent | American people of French descent | American people of Swiss descent | American philanthropists | Articles with criticism or controversy sections from April 2025 | Articles with short description | Articles with unsourced statements from March 2018 | Articles with unsourced statements from September 2025 | Atlanta Falcons players | Brett Favre | CS1: unfit URL | CS1 maint: multiple names: authors list | Catholics from Mississippi | Catholics from Wisconsin | Coaches of American football from Mississippi | Commons category link from Wikidata | Green Bay Packers Hall of Fame | Green Bay Packers players | High school football coaches in Mississippi | Living people | Louisiana Creole people | Minnesota Vikings players | Mississippi Republicans | NASCAR team owners | NFL Most Valuable Player winners | NFL Offensive Player of the Year winners | NFL players with retired numbers | National Conference Pro Bowl players | Native American players of American football | New York Jets players | Pages including recorded pronunciations | Pages using the Phonos extension | People from Kiln, Mississippi | People with Parkinson's disease | Players of American football from Green Bay, Wisconsin | Players of American football from Gulfport, Mississippi | Players of American football from Hattiesburg, Mississippi | Pro Football Hall of Fame inductees | Short description matches Wikidata | Southern Miss Golden Eagles football players | Use American English from December 2019 | Use mdy dates from December 2024 | Wikipedia indefinitely semi-protected biographies of living people"
00-0031589,Brett Hundley,QB,Brett Hundley,https://en.wikipedia.org/wiki/Brett_Hundley,"Brett Alan Hundley Jr. (born June 15, 1993) is an American former professional football player who was a quarterback in the National Football League (NFL). He played college football for the UCLA Bruins, finishing as the school's career leader in both total offense and touchdown passes. Hundley was selected by the Green Bay Packers in the fifth round of the 2015 NFL draft, and started nine games for them in 2017 following a collarbone injury to starter Aaron Rodgers. Hundley was also a member of the Seattle Seahawks, Arizona Cardinals, Indianapolis Colts, Baltimore Ravens, New Orleans Saints, and the Vegas Vipers of the XFL.","1993 births | 21st-century African-American sportsmen | 21st-century American sportsmen | All Wikipedia articles written in American English | American football quarterbacks | Arizona Cardinals players | Articles with short description | Baltimore Ravens players | CS1 maint: url-status | Chandler High School (Arizona) alumni | Commons category link from Wikidata | Green Bay Packers players | Indianapolis Colts players | Living people | New Orleans Saints players | Players of American football from Chandler, Arizona | Seattle Seahawks players | Short description matches Wikidata | UCLA Bruins football players | Use American English from July 2025 | Use mdy dates from February 2023 | Vegas Vipers players"
00-0025694,Brett Ratliff,QB,Brett Ratliff,https://en.wikipedia.org/wiki/Brett_Ratliff,"Brett Ratliff (born August 8, 1985) is an American former professional football quarterback. He was signed by the New York Jets as an undrafted free agent in 2007. He played college football at Butte College and Utah. He was also a member of the Cleveland Browns, Jacksonville Jaguars, New England Patriots, Tennessee Titans, and Tampa Bay Buccaneers.","1985 births | American football quarterbacks | Articles with short description | Butte Roadrunners football players | CS1 maint: deprecated archival service | Cleveland Browns players | Jacksonville Jaguars players | Living people | New England Patriots players | New York Jets players | Players of American football from Chico, California | Short description is different from Wikidata | Tampa Bay Buccaneers players | Tennessee Titans players | Use mdy dates from June 2024 | Utah Utes football players"
00-0034955,Brett Rypien,QB,Brett Rypien,https://en.wikipedia.org/wiki/Brett_Rypien,"Brett Robert Rypien (RIP-in; born July 9, 1996) is an American professional football quarterback. He played college football for the Boise State Broncos and signed with the Denver Broncos of the National Football League (NFL) as an undrafted free agent in 2019. He has also been a member of the Los Angeles Rams, Seattle Seahawks, New York Jets, Chicago Bears, Minnesota Vikings, Cincinnati Bengals and Indianapolis Colts.","1996 births | All Wikipedia articles written in American English | American football quarterbacks | American people of Canadian descent | Articles with short description | Boise State Broncos football players | Chicago Bears players | Cincinnati Bengals players | Commons category link from Wikidata | Denver Broncos players | Indianapolis Colts players | Living people | Los Angeles Rams players | Minnesota Vikings players | New York Jets players | Players of American football from Spokane, Washington | Seattle Seahawks players | Short description matches Wikidata | Sportspeople of Canadian descent | Use American English from January 2026 | Use mdy dates from March 2024"
00-0026196,Brian Brohm,QB,Brian Brohm,https://en.wikipedia.org/wiki/Brian_Brohm,"Brian Joseph Brohm (born September 23, 1985) is an American football coach and former quarterback who is the offensive coordinator and quarterbacks coach at the University of Louisville. He played professionally in the National Football League (NFL) and Canadian Football League (CFL).
Brohm played college football for Louisville and was selected by the Green Bay Packers in the second round of the 2008 NFL draft. He also played in the NFL for the Buffalo Bills and the CFL's Hamilton Tiger-Cats and Winnipeg Blue Bombers, as well as the Las Vegas Locomotives of the United Football League","1985 births | All BLP articles lacking sources | All articles with unsourced statements | American football quarterbacks | Articles with short description | Articles with unsourced statements from January 2017 | Articles with unsourced statements from September 2025 | BLP articles lacking sources from November 2016 | Buffalo Bills players | CS1: unfit URL | Canadian football quarterbacks | Coaches of American football from Kentucky | Commons category link from Wikidata | Green Bay Packers players | Hamilton Tiger-Cats players | Las Vegas Locomotives players | Living people | Louisville Cardinals football players | Players of American football from Louisville, Kentucky | Players of Canadian football from Kentucky | Players of Canadian football from Louisville, Kentucky | Purdue Boilermakers football coaches | Short description matches Wikidata | Trinity High School (Louisville) alumni | Use mdy dates from March 2024 | Webarchive template wayback links | Western Kentucky Hilltoppers football coaches | Winnipeg Blue Bombers players"
00-0006423,Brian Griese,QB,Brian Griese,https://en.wikipedia.org/wiki/Brian_Griese,"Brian David Griese ( GREE-see; born March 18, 1975) is an American professional football coach and former player who was most recently the quarterbacks coach for the San Francisco 49ers of the National Football League (NFL). A former quarterback in the NFL,  he played college football for the Michigan Wolverines and was selected by the Denver Broncos in the third round of the 1998 NFL draft.
Griese played three seasons at the University of Michigan, leading the Wolverines to win the 1997 national championship. After being selected in the third round by the Denver Broncos in the 1998 NFL draft, he earned a Super Bowl ring with the Broncos in his rookie season, as a backup to John Elway in Super Bowl XXXIII. Elway retired after the Super Bowl and Griese became the starting quarterback for the Broncos during the 1999 season. Griese was a Pro Bowl selection with the Broncos in 2000. After leaving the Broncos he started at quarterback for the Miami Dolphins (5 games in 2003), Chicago Bears (13 games in 2006 and 2007) and Tampa Bay Buccaneers (21 games in 2004, 2005, 2008). He is the son of Hall of Fame quarterback Bob Griese. Griese is a former color commentator for Monday Night Football on ESPN.","1975 births | All Wikipedia articles written in American English | All articles with dead external links | American Conference Pro Bowl players | American football quarterbacks | Articles with dead external links from November 2016 | Articles with permanently dead external links | Articles with short description | Chicago Bears players | Christopher Columbus High School (Miami-Dade County, Florida) alumni | Coaches of American football from Florida | College football announcers | Denver Broncos announcers | Denver Broncos players | ESPN people | Living people | Miami Dolphins players | Michigan Wolverines football players | Players of American football from Miami | San Francisco 49ers coaches | Short description is different from Wikidata | Tampa Bay Buccaneers players | Use American English from May 2024 | Use mdy dates from March 2024 | Webarchive template wayback links"
00-0026625,Brian Hoyer,QB,Brian Hoyer,https://en.wikipedia.org/wiki/Brian_Hoyer,"Axel Edward Brian Hoyer (born October 13, 1985) is an American former professional football player who was a quarterback in the National Football League (NFL) for 15 seasons. He played college football for the Michigan State Spartans. During his NFL career from 2009 to 2023, he started for eight different teams, the second-most in league history. Hoyer's longest stint was with the New England Patriots for eight non-consecutive seasons, primarily as a backup, and was a member of the team that won Super Bowl LIII. His most successful season was with the Houston Texans in 2015 when he helped lead them to a division title.","1985 births | 21st-century American sportsmen | All Wikipedia articles written in American English | American football quarterbacks | American people of German descent | Arizona Cardinals players | Articles with short description | Chicago Bears players | Cleveland Browns players | Commons category link is on Wikidata | Houston Texans players | Indianapolis Colts players | Las Vegas Raiders players | Living people | Michigan State Spartans football players | New England Patriots players | People from North Olmsted, Ohio | Pittsburgh Steelers players | Players of American football from Cleveland | Players of American football from Cuyahoga County, Ohio | Saint Ignatius High School (Cleveland) alumni | San Francisco 49ers players | Short description is different from Wikidata | Sportspeople from Lakewood, Ohio | Use American English from December 2025 | Use mdy dates from March 2024"
00-0036092,Brian Lewerke,QB,Brian Lewerke,https://en.wikipedia.org/wiki/Brian_Lewerke,"Brian Lewerke (born October 24, 1996) is an American former professional football quarterback. He played college football for the Michigan State Spartans.","1996 births | All Wikipedia articles written in American English | American football quarterbacks | Articles with short description | Living people | Michigan Panthers (2022) players | Michigan State Spartans football players | New England Patriots players | New York Giants players | Players of American football from Phoenix, Arizona | Seattle Sea Dragons players | Short description matches Wikidata | The Spring League players | Use American English from September 2019 | Use mdy dates from September 2019"
00-0022101,Brian St. Pierre,QB,Brian St. Pierre,https://en.wikipedia.org/wiki/Brian_St._Pierre,"Brian Fuller St. Pierre (born November 28, 1979) is an American former professional football player who was a quarterback in the National Football League (NFL). He played college football for the Boston College Eagles. St. Pierre was selected by the Pittsburgh Steelers in the fifth round of the 2003 NFL draft.
St. Pierre spent almost his entire career as a backup. He played in three regular season games in his NFL career: one with the Steelers in 2004, one with the Arizona Cardinals in 2009, and one with the Carolina Panthers in 2010, the latter being his only start. He spent four of his first five seasons with the Steelers, and also had a stint with the Baltimore Ravens in 2005 without seeing any game action.
After his playing career, he became the head coach of his alma mater St. John's Preparatory School in Danvers, Massachusetts.","1979 births | All Wikipedia articles written in American English | American football quarterbacks | Arizona Cardinals players | Articles with short description | Baltimore Ravens players | Boston College Eagles football players | Carolina Panthers players | Coaches of American football from Massachusetts | Commons category link is on Wikidata | High school football coaches in Massachusetts | Living people | Pittsburgh Steelers players | Players of American football from Salem, Massachusetts | Short description is different from Wikidata | Use American English from February 2024 | Use mdy dates from January 2019 | Webarchive template wayback links"
00-0023158,Brock Berlin,QB,Brock Berlin,https://en.wikipedia.org/wiki/Brock_Berlin,"Brock Sterling Berlin (born July 4, 1981) is an American former professional football player who was a quarterback in the National Football League (NFL).  He played college football for the Florida Gators and Miami Hurricanes.  Berlin was signed by the Miami Dolphins of the NFL as an undrafted free agent in 2005, and was also a member of the Hamburg Sea Devils, Dallas Cowboys, St. Louis Rams, and Detroit Lions.","1981 births | All Wikipedia articles written in American English | All articles with unsourced statements | American football quarterbacks | Articles with short description | Articles with unsourced statements from August 2023 | Dallas Cowboys players | Detroit Lions players | Evangel Christian Academy alumni | Florida Gators football players | Hamburg Sea Devils players | Living people | Miami Dolphins players | Miami Hurricanes football players | Players of American football from Shreveport, Louisiana | Short description matches Wikidata | St. Louis Rams players | Use American English from February 2024 | Use mdy dates from August 2023"
00-0007834,Brock Huard,QB,Brock Huard,https://en.wikipedia.org/wiki/Brock_Huard,"Brock Anthony Huard (born April 15, 1976) is an American former professional football player who was a quarterback in the National Football League (NFL).  He played college football for the Washington Huskies. His older brother Damon also played quarterback at the University of Washington and had a career in the NFL, while his younger brother Luke played at North Carolina and then pursued a football coaching career.","1976 births | All Wikipedia articles written in American English | Alliance of American Football announcers | American Christians | American football quarterbacks | American sports podcasters | Articles with short description | College football announcers | High school football coaches in Colorado | Indianapolis Colts players | Living people | NFL announcers | Players of American football from Pierce County, Washington | Players of American football from Puyallup, Washington | Players of American football from Seattle | Puyallup High School alumni | Seattle Seahawks players | Short description matches Wikidata | Use American English from November 2023 | Use mdy dates from January 2019 | Washington Huskies football players | XFL (2020–2023) broadcasters"
00-0029682,Brock Osweiler,QB,Brock Osweiler,https://en.wikipedia.org/wiki/Brock_Osweiler,"Brock Alan Osweiler (born November 22, 1990) is an American former professional football quarterback who played in the National Football League (NFL) for seven seasons. He played college football for the Arizona State Sun Devils and was selected by the Denver Broncos in the second round of the 2012 NFL draft. Osweiler first served as the Broncos' starter during their Super Bowl-winning season in 2015 when he relieved an injured Peyton Manning and helped Denver get the top seed in the AFC heading into the postseason, although Manning resumed his starting duties for the playoffs and eventual Super Bowl 50 victory.
After the Super Bowl, Osweiler became the starting quarterback for the Houston Texans, but an unsuccessful 2016 campaign resulted in him being traded to the Cleveland Browns the following offseason. Osweiler eventually returned to Denver in a backup role upon his release from the Browns and played his final season as a backup with the Miami Dolphins.","1990 births | 21st-century American sportsmen | All Wikipedia articles written in American English | American football quarterbacks | Arizona State Sun Devils football players | Articles with short description | Cleveland Browns players | Commons category link from Wikidata | Denver Broncos players | ESPN people | Houston Texans players | Living people | Miami Dolphins players | Players of American football from Idaho | Players of American football from Montana | Short description is different from Wikidata | Sportspeople from Coeur d'Alene, Idaho | Sportspeople from Kalispell, Montana | Use American English from November 2023 | Use mdy dates from December 2022"
00-0037834,Brock Purdy,QB,Brock Purdy,https://en.wikipedia.org/wiki/Brock_Purdy,"Brock Richard Purdy (born December 27, 1999) is an American professional football quarterback for the San Francisco 49ers of the National Football League (NFL). He played college football for the Iowa State Cyclones and was selected by the 49ers with the final pick in the 2022 NFL draft, becoming that year's Mr. Irrelevant.
Purdy began his rookie season in the NFL as the third-string quarterback but took the starting role following injuries to Trey Lance and Jimmy Garoppolo. Winning all five regular-season games that he started, Purdy played a key role in the 49ers securing a division title and an NFC Championship Game appearance. Purdy continued as the 49ers' starting quarterback in the 2023 season, where he led them to a repeat division title and led the league in multiple passing categories before an appearance in Super Bowl LVIII. Purdy also set the franchise's single season passing yards record and earned his first Pro Bowl selection.","1999 births | 21st-century American sportsmen | All Wikipedia articles written in American English | All articles containing potentially dated statements | All articles that are excessively detailed | All articles with style issues | American Christians | American football quarterbacks | American people of Armenian descent | Articles containing potentially dated statements from July 2025 | Articles with short description | CS1 maint: numeric names: authors list | Commons category link from Wikidata | Iowa State Cyclones football players | Living people | National Conference Pro Bowl players | People from Queen Creek, Arizona | Players of American football from Gilbert, Arizona | San Francisco 49ers currentteam parameter articles | San Francisco 49ers players | Short description matches Wikidata | Sportspeople of Armenian descent | Use American English from January 2023 | Use mdy dates from December 2024 | Wikipedia articles that are excessively detailed from June 2024 | Wikipedia articles with style issues from June 2024"
00-0024300,Brodie Croyle,QB,Brodie Croyle,https://en.wikipedia.org/wiki/Brodie_Croyle,"John Brodie Croyle (; born February 6, 1983) is an American former professional football player who was a quarterback in the National Football League (NFL). He was selected by the Kansas City Chiefs of the National Football League (NFL) in the third round of the 2006 NFL draft. He played college football for the University of Alabama from 2002 to 2005.
Despite being hindered by knee injuries in his senior season in high school, Croyle was a highly recruited prospect by Louisiana State University, Florida State University, and the University of Alabama. When Croyle was ready to announce his decision to attend Florida State, he changed his mind and chose Alabama, his father's alma mater, instead. In Croyle's four years playing for the Alabama Crimson Tide football team, he set numerous school records, and was a finalist for the Johnny Unitas Golden Arm Award. Croyle led the Crimson Tide to the 2006 Cotton Bowl Classic and was named the game's offensive MVP.
Though he had little playing time in his rookie season in the NFL, Croyle shared the starting position with Damon Huard in 2007. On November 18, Croyle started his first game, as the Chiefs' quarterback, against the Indianapolis Colts.
Croyle remained the Chiefs' starting quarterback for the remaining season despite losing all six games that he started. He was the incumbent starter heading into the 2008 regular season, but suffered a shoulder injury in the Chiefs' first game. Croyle returned in Week 7 but suffered a torn MCL and was ruled out for the remainder of the season. Croyle began the 2009 season once again, as the Chiefs' starting quarterback, filling in for injured Matt Cassel. Croyle was released by the Chiefs in 2011 and later signed with the Arizona Cardinals. On May 21, 2012, he announced his retirement.
Croyle is the only quarterback in Chiefs franchise history to start at least three games as a quarterback and not win a single game. He is also one of the 4 quarterbacks since 1960 (when starts first were tracked) to start at least 10 games in their career and not win a single game. He has the fewest passing yards and touchdowns in franchise history among quarterbacks with 10 or more starts. In 2015 he was named by FanSided as the 2nd worst quarterback in Chiefs franchise history.","1983 births | Alabama Crimson Tide football players | All Wikipedia articles written in American English | All articles with dead external links | American football quarterbacks | Arizona Cardinals players | Articles with dead external links from September 2017 | Articles with permanently dead external links | Articles with short description | Commons category link from Wikidata | Good articles | Kansas City Chiefs players | Living people | Players of American football from Etowah County, Alabama | Short description matches Wikidata | Use American English from September 2024 | Use mdy dates from October 2023 | Webarchive template wayback links"
00-0034697,Brogan Roback,QB,Brogan Roback,https://en.wikipedia.org/wiki/Brogan_Roback,"Brogan William Roback (born August 24, 1994) is an American former professional football player who was a quarterback in the National Football League (NFL). He played college football for the Eastern Michigan Eagles.","1994 births | All Wikipedia articles written in American English | All stub articles | American football quarterback stubs | American football quarterbacks | Articles with short description | Cleveland Browns players | Dallas Renegades players | Eastern Michigan Eagles football players | Living people | People from Maumee, Ohio | Pittsburgh Steelers players | Players of American football from Lucas County, Ohio | Short description is different from Wikidata | St. Louis Battlehawks players | Team 9 players | Use American English from September 2025 | Use mdy dates from January 2019"
00-0022026,Brooks Bollinger,QB,Brooks Bollinger,https://en.wikipedia.org/wiki/Brooks_Bollinger,"Brooks Michael Bollinger (born November 15, 1979) is an American former professional football player who was a quarterback in the National Football League (NFL) for the New York Jets, Minnesota Vikings, Dallas Cowboys and Detroit Lions.  He was also a member of the Florida Tuskers in the United Football League (UFL). He played college football for the Wisconsin Badgers.","1979 births | All Wikipedia articles written in American English | American football quarterbacks | Articles with short description | Coaches of American football from North Dakota | Dallas Cowboys players | Detroit Lions players | Florida Tuskers players | High school football coaches in Minnesota | Living people | Minnesota Vikings players | New York Jets players | Pittsburgh Panthers football coaches | Players of American football from North Dakota | Short description is different from Wikidata | Sportspeople from Bismarck, North Dakota | Use American English from February 2024 | Use mdy dates from June 2024 | Wisconsin Badgers football players"
00-0024408,Bruce Gradkowski,QB,Bruce Gradkowski,https://en.wikipedia.org/wiki/Bruce_Gradkowski,"Bruce Raymond Gradkowski (born January 27, 1983) is an American former professional football quarterback and coach who currently serves as the assistant wide receivers coach for the Detroit Lions of the National Football League (NFL). He previously served as the offensive coordinator for the St. Louis BattleHawks of the United Football League (UFL). He played college football for the Toledo Rockets. He was selected by the Tampa Bay Buccaneers in the sixth round of the 2006 NFL draft. Gradkowski was also a member of the St. Louis Rams, Cleveland Browns, Oakland Raiders, Cincinnati Bengals, and Pittsburgh Steelers. His younger brother, Gino, is a former NFL center.","1983 births | All BLP articles lacking sources | American football quarterbacks | American people of Italian descent | American people of Polish descent | American radio sports commentators | Articles with short description | BLP articles lacking sources from August 2017 | CS1 maint: bot: original URL status unknown | CS1 maint: deprecated archival service | Cincinnati Bengals players | Cleveland Browns players | College football announcers | Commons category link from Wikidata | Detroit Lions currentteam parameter articles | High school football coaches in Ohio | Living people | Oakland Raiders players | Official website different in Wikidata and Wikipedia | Pittsburgh Steelers players | Players of American football from Allegheny County, Pennsylvania | Players of American football from Pittsburgh | Short description matches Wikidata | Sportspeople from Mt. Lebanon, Pennsylvania | St. Louis Battlehawks coaches | St. Louis Rams players | Tampa Bay Buccaneers players | Toledo Rockets football coaches | Toledo Rockets football players | Use mdy dates from March 2024"
00-0035939,Bryce Perkins,QB,Bryce Perkins,https://en.wikipedia.org/wiki/Bryce_Perkins,"Bryce Perkins (born December 20, 1996) is an American professional football quarterback for the Winnipeg Blue Bombers of the Canadian Football League (CFL). He played college football at Arizona State, Arizona Western, and Virginia before signing with the Los Angeles Rams as an undrafted free agent in 2020.","1996 births | 21st-century African-American sportsmen | 21st-century American sportsmen | All Wikipedia articles written in American English | American football quarterbacks | Arizona State Sun Devils football players | Arizona Western Matadors football players | Articles with short description | Canadian football quarterbacks | Carolina Panthers players | Chandler High School (Arizona) alumni | Living people | Los Angeles Rams players | Michigan Panthers (2022) players | People from Queen Creek, Arizona | Players of American football from Arizona | Players of Canadian football from Arizona | Short description is different from Wikidata | Sportspeople from the Phoenix metropolitan area | Use American English from May 2019 | Use mdy dates from March 2024 | Virginia Cavaliers football players | Winnipeg Blue Bombers players"
00-0031568,Bryce Petty,QB,Bryce Petty,https://en.wikipedia.org/wiki/Bryce_Petty,"Bryce William Petty (born May 31, 1991) is an American former professional football player who was a quarterback in the National Football League (NFL). He played college football for the Baylor Bears, and was selected by the New York Jets in the fourth round of the 2015 NFL draft.","1991 births | 21st-century Native American people | All Wikipedia articles written in American English | American football quarterbacks | Articles with short description | Baylor Bears football players | CS1 maint: deprecated archival service | Chickasaw people | Living people | Miami Dolphins players | Native American players of American football | New York Jets players | People from Thomaston, Georgia | Players of American football from Georgia (U.S. state) | Short description is different from Wikidata | Use American English from February 2024 | Use mdy dates from March 2024"
00-0039150,Bryce Young,QB,Bryce Young,https://en.wikipedia.org/wiki/Bryce_Young,"Bryce Christopher Young (born July 25, 2001) is an American professional football quarterback for the Carolina Panthers of the National Football League (NFL). He played college football for the Alabama Crimson Tide, setting the school record for most passing yards in a single game (559) and winning several player of the year awards in 2021, including the Heisman Trophy. Young was selected first overall by the Panthers in the 2023 NFL draft. In the 2025 season, he helped lead the Panthers to their first playoff appearance since 2017 and first division title since 2015.","2001 births | 21st-century African-American sportsmen | Alabama Crimson Tide football players | All-American college football players | All Wikipedia articles written in American English | American football quarterbacks | American people of Mexican descent | Articles with short description | Carolina Panthers currentteam parameter articles | Carolina Panthers players | Commons category link from Wikidata | First overall NFL draft picks | Heisman Trophy winners | Hispanic and Latino American players of American football | Living people | Mater Dei High School (Santa Ana, California) alumni | Maxwell Award winners | Players of American football from Pasadena, California | Players of American football from Philadelphia | Players of American football from Santa Ana, California | Short description matches Wikidata | Southeastern Conference Athlete of the Year winners | Sportspeople of Mexican descent | The Volume people | Use American English from November 2025 | Use mdy dates from December 2024"
00-0030673,Bryn Renner,QB,Bryn Renner,https://en.wikipedia.org/wiki/Bryn_Renner,"Bryn Renner (born January 22, 1990) is an American former football quarterback. He played college football at the University of North Carolina from 2009 to 2013 for head coaches Butch Davis, Everett Withers, and Larry Fedora. He was the starter for the Tar Heels from 2011 to 2013.
After going undrafted in the 2014 NFL draft, Renner signed with the Denver Broncos and subsequently became a member of the Arizona Rattlers of the Arena Football League (AFL), Baltimore Ravens, Tennessee Titans, San Diego Chargers, and Pittsburgh Steelers, mostly on their practice squads.","1990 births | All articles with dead external links | American football quarterbacks | Arizona Rattlers players | Articles with dead external links from May 2019 | Articles with permanently dead external links | Articles with short description | Baltimore Ravens players | CS1 maint: deprecated archival service | Denver Broncos players | FIU Panthers football coaches | Living people | North Carolina Tar Heels baseball players | North Carolina Tar Heels football players | People from West Springfield, Virginia | Pittsburgh Steelers players | Players of American football from Fairfax County, Virginia | Players of American football from Virginia | San Diego Chargers players | Short description is different from Wikidata | Tennessee Titans players | Use mdy dates from January 2019 | West Springfield High School (Virginia) alumni"
00-0001785,Bubby Brister,QB,Bubby Brister,https://en.wikipedia.org/wiki/Bubby_Brister,"Walter Andrew ""Bubby"" Brister III (born August 15, 1962) is an American former professional football player who was a quarterback in the National Football League (NFL) for the Pittsburgh Steelers, Philadelphia Eagles, New York Jets, Denver Broncos, and Minnesota Vikings. He played college football for the Tulane Green Wave and Northeast Louisiana Indians before being selected in the third round of the 1986 NFL draft by the Steelers.
Brister played high school football in Monroe, Louisiana and enrolled at Tulane University in New Orleans. He transferred to Northeast Louisiana University (now known as the University of Louisiana at Monroe) in Monroe in 1984. He was a two-sport athlete and was selected out of high school in the 1981 Major League Baseball draft by the Detroit Tigers. He played a season of minor league baseball with the Bristol Tigers in Bristol, Virginia before attending college for football.","1962 births | 20th-century American sportsmen | All Wikipedia articles written in American English | American football quarterbacks | Articles with short description | Baseball players from Monroe, Louisiana | Bristol Tigers players | Cajun sportspeople | Denver Broncos players | Kansas City Chiefs players | Living people | Louisiana–Monroe Warhawks football players | Minnesota Vikings players | New York Jets players | People from Mandeville, Louisiana | Philadelphia Eagles players | Pittsburgh Steelers players | Players of American football from Monroe, Louisiana | Players of American football from St. Tammany Parish, Louisiana | Short description is different from Wikidata | Tulane Green Wave football players | Use American English from January 2024 | Use mdy dates from January 2019"
00-0022177,Byron Leftwich,QB,Byron Leftwich,https://en.wikipedia.org/wiki/Byron_Leftwich,"Byron Antron Leftwich (born January 14, 1980) is an American football coach and former quarterback who played in the National Football League (NFL) for 10 seasons. He played college football for the Marshall Thundering Herd, winning MAC Most Valuable Player twice and placing sixth in Heisman voting his senior season. Leftwich was selected seventh overall by the Jacksonville Jaguars in the 2003 NFL draft. Leftwich held a starting role with the Jaguars during his first four seasons and spent the remainder of his career as a backup for the Atlanta Falcons, Pittsburgh Steelers, and Tampa Bay Buccaneers. With the Steelers, Leftwich was a member of the team that won Super Bowl XLIII.
Following his retirement, Leftwich began a coaching career in 2016 under Bruce Arians with the Arizona Cardinals. He rejoined Arians as the offensive coordinator of the Buccaneers, a position he held from 2019 to 2022, and helped the team win Super Bowl LV. In 2025, Leftwich was named an assistant coach for the Colorado Buffaloes.","1980 births | 21st-century African-American sportsmen | 21st-century American sportsmen | African-American coaches of American football | American football quarterbacks | Arizona Cardinals coaches | Articles with short description | Atlanta Falcons players | Coaches of American football from Washington, D.C. | Commons category link from Wikidata | H. D. Woodson High School alumni | Jacksonville Jaguars players | Living people | Marshall Thundering Herd football players | Marshall University alumni | NFL offensive coordinators | Pittsburgh Steelers players | Players of American football from Washington, D.C. | Short description is different from Wikidata | Tampa Bay Buccaneers coaches | Tampa Bay Buccaneers players | Use mdy dates from January 2025 | Webarchive template wayback links"
00-0033936,C.J. Beathard,QB,C. J. Beathard,https://en.wikipedia.org/wiki/C._J._Beathard,"Casey Jarrett Beathard ( BETH-ərd; born November 16, 1993) is an American professional football quarterback. He played college football for the Iowa Hawkeyes and was selected by the San Francisco 49ers in the third round of the 2017 NFL draft. Beathard has also been a member of the Jacksonville Jaguars and Miami Dolphins.","1993 births | All Wikipedia articles written in American English | American football quarterbacks | Articles with short description | Commons category link from Wikidata | Detroit Lions players | Iowa Hawkeyes football players | Jacksonville Jaguars players | Living people | Miami Dolphins players | Players of American football from Franklin, Tennessee | San Francisco 49ers players | Short description is different from Wikidata | Use American English from December 2016 | Use mdy dates from February 2024"
00-0039163,C.J. Stroud,QB,C. J. Stroud,https://en.wikipedia.org/wiki/C._J._Stroud,"Coleridge Bernard ""C. J."" Stroud IV (born October 3, 2001) is an American professional football quarterback for the Houston Texans of the National Football League (NFL). He played college football for the Ohio State Buckeyes, where he holds several school records, including most passing yards in a single game with 573, as well as being the first player to throw for six touchdowns three times. Stroud was a Heisman Trophy finalist in 2021 and 2022, and was subsequently selected by the Houston Texans second overall in the 2023 NFL draft. In his rookie season, he led the Texans to a division title and playoff victory en route to winning the Offensive Rookie of the Year Award.","2001 births | 21st-century African-American sportsmen | All Wikipedia articles written in American English | American Conference Pro Bowl players | American football quarterbacks | Articles with short description | Commons category link from Wikidata | Houston Texans currentteam parameter articles | Houston Texans players | Living people | NFL Offensive Rookie of the Year winners | Ohio State Buckeyes football players | Players of American football from Rancho Cucamonga, California | Rancho Cucamonga High School alumni | Second overall NFL draft picks | Short description matches Wikidata | Use American English from December 2025 | Use mdy dates from December 2024"
00-0011044,Cade McNown,QB,Cade McNown,https://en.wikipedia.org/wiki/Cade_McNown,"Cade Brem McNown (born January 12, 1977) is an American former professional football quarterback who played in the National Football League (NFL) for four seasons. He played college football for the UCLA Bruins, winning the Johnny Unitas Golden Arm Award, the Pop Warner Trophy, and Pac 10 Co-Offensive Player of the Year in 1998. McNown was selected by the Chicago Bears in the first round of the 1999 NFL draft, but his tenure would only last two seasons due to injuries and inconsistent play. He spent his final two seasons as a backup for the Miami Dolphins and San Francisco 49ers. McNown was inducted to the College Football Hall of Fame in 2020.","1977 births | All-American college football players | All BLP articles lacking sources | All Wikipedia articles written in American English | American football quarterbacks | Articles with short description | BLP articles lacking sources from April 2023 | Chicago Bears players | College Football Hall of Fame inductees | Commons category link from Wikidata | JPMorgan Chase people | Living people | People from Hollister, California | People from West Linn, Oregon | Players of American football from California | Players of American football from Clackamas County, Oregon | Players of American football from Portland, Oregon | Short description is different from Wikidata | Sportspeople from San Benito County, California | The Carlyle Group people | UBS people | UCLA Bruins football players | Use American English from October 2021 | Use mdy dates from July 2020"
00-0025970,Caleb Hanie,QB,Caleb Hanie,https://en.wikipedia.org/wiki/Caleb_Hanie,"Caleb Jeffrey Hanie (born September 11, 1985) is an American former professional football player who was a quarterback in the National Football League (NFL). He played college football for the Colorado State Rams and was signed by the Chicago Bears as an undrafted free agent in 2008. He was also a member of the Denver Broncos, Baltimore Ravens, Cleveland Browns, and Dallas Cowboys.","1985 births | All Wikipedia articles written in American English | American football quarterbacks | Articles with short description | Baltimore Ravens players | CS1: unfit URL | Chicago Bears players | Cleveland Browns players | Colorado State Rams football players | Commons category link from Wikidata | Dallas Cowboys players | Denver Broncos players | Living people | People from Forney, Texas | Players of American football from Dallas | Short description is different from Wikidata | Use American English from July 2025 | Use mdy dates from March 2024"
00-0039918,Caleb Williams,QB,Caleb Williams,https://en.wikipedia.org/wiki/Caleb_Williams,"Caleb Williams (born November 18, 2001) is an American professional football quarterback for the Chicago Bears of the National Football League (NFL). Following one season of college football with the Oklahoma Sooners, he played for the USC Trojans and won the Heisman Trophy in 2022 after setting single-season school records in passing yards and touchdowns.
Williams was selected as the first overall pick by the Bears in the 2024 NFL draft, setting several franchise rookie passing records. The following year, he led Chicago to their first division title since 2018 and first playoff win since 2010.","2001 births | 21st-century African-American sportsmen | 21st-century American sportsmen | African-American Christians | All Wikipedia articles written in American English | American football quarterbacks | Articles with short description | Chicago Bears currentteam parameter articles | Chicago Bears players | Commons category link from Wikidata | First overall NFL draft picks | Gonzaga College High School alumni | Heisman Trophy winners | Living people | Maxwell Award winners | Oklahoma Sooners football players | Piscataway people | Players of American football from Washington, D.C. | Short description is different from Wikidata | USC Trojans football players | Use American English from November 2025 | Use mdy dates from December 2024 | Walter Camp Award winners | Wikipedia pages semi-protected against vandalism"
00-0027939,Cam Newton,QB,Cam Newton,https://en.wikipedia.org/wiki/Cam_Newton,"Cameron Jerrell  Newton (born May 11, 1989) is an American former professional football quarterback who played in the National Football League (NFL) for 11 seasons, primarily with the  Carolina Panthers. Nicknamed ""Super Cam"", he is second in career quarterback rushing touchdowns and third in career quarterback rushing yards. Following a stint with the Florida Gators, Newton played college football for the Auburn Tigers, winning the Heisman Trophy and the 2011 BCS National Championship Game as a junior. He was selected first overall by the Panthers in the 2011 NFL draft.
Newton made an impact in his first season when he set the rookie records for passing and rushing yards by a quarterback, earning him Offensive Rookie of the Year. The league's first rookie quarterback to throw for 4,000 yards in a season and the first to throw for 400 yards in his NFL debut, he also set the single-season record for quarterback rushing touchdowns. From 2013 to 2017, Newton led the Panthers to four playoff appearances and three division titles. His most successful season came in 2015 when he was named the NFL Most Valuable Player (MVP) and helped Carolina obtain a franchise-best 15–1 record en route to an appearance in Super Bowl 50. Newton was the first African-American quarterback to outright win NFL MVP.
Following his MVP campaign, Newton struggled with injuries and reached the playoffs only once over the next four years. Released ahead of his 10th season, Newton played for the New England Patriots in 2020. He was released by the Patriots the following year and returned to the Panthers for his final season.","1989 births | African-American Christians | All-American college football players | All Wikipedia articles written in American English | All articles containing potentially dated statements | All articles with dead external links | All articles with unsourced statements | American Christians | American football quarterbacks | American podcasters on American football | Articles containing potentially dated statements from 2019 | Articles with dead external links from September 2017 | Articles with permanently dead external links | Articles with short description | Articles with unsourced statements from February 2026 | Auburn Tigers football players | Blinn Buccaneers football players | CS1 maint: others | Carolina Panthers players | Commons category link from Wikidata | First overall NFL draft picks | Florida Gators football players | Heisman Trophy winners | Living people | Maxwell Award winners | NFL Most Valuable Player winners | NFL Offensive Player of the Year winners | NFL Offensive Rookie of the Year winners | National Conference Pro Bowl players | New England Patriots players | Players of American football from Atlanta | Players of American football from Charlotte, North Carolina | Players of American football from College Park, Georgia | Short description matches Wikidata | Unconferenced Pro Bowl players | Use American English from March 2024 | Use mdy dates from May 2024 | Walter Camp Award winners | Westlake High School (Georgia) alumni"
00-0033098,Cardale Jones,QB,Cardale Jones,https://en.wikipedia.org/wiki/Cardale_Jones,"Cardale Jones (; born September 29, 1992) is an American former professional football player who was a quarterback in the National Football League (NFL). He played college football for the Ohio State Buckeyes, where he was a CFP national champion, and was selected by the Buffalo Bills in the fourth round of the 2016 NFL draft. He was also a member of the Los Angeles Chargers and Seattle Seahawks of the NFL, the DC Defenders of the XFL, the Edmonton Elks of the Canadian Football League (CFL), and the Massachusetts Pirates of the Indoor Football League (IFL).",1992 births | 21st-century African-American sportsmen | 21st-century American sportsmen | American football quarterbacks | Articles with short description | Buffalo Bills players | Canadian football quarterbacks | Commons category link from Wikidata | DC Defenders players | Edmonton Elks players | Glenville High School alumni | Living people | Los Angeles Chargers players | Massachusetts Pirates players | Ohio State Buckeyes football players | Players of American football from Cleveland | Players of Canadian football from Cleveland | Seattle Seahawks players | Short description is different from Wikidata | Use mdy dates from January 2019
00-0021429,Carson Palmer,QB,Carson Palmer,https://en.wikipedia.org/wiki/Carson_Palmer,"Carson Hilton Palmer (born December 27, 1979) is an American former professional football quarterback who played in the National Football League (NFL) for 15 seasons. Palmer played college football for the USC Trojans, winning the Heisman Trophy in 2002. He was selected first overall by the Cincinnati Bengals in the 2003 NFL draft.
Palmer had a breakout season in 2005 when he led the league in passing touchdowns and completion percentage while bringing the Bengals to their first winning season and playoff appearance in 15 years. He also earned Pro Bowl honors. Palmer received a second consecutive Pro Bowl selection the following year, but was mostly unable to continue his success and made only one more playoff appearance with Cincinnati. Amid conflicts with Bengals ownership, he was traded after eight seasons to the Oakland Raiders, where he continued to struggle during his two seasons with the team.
Traded to the Arizona Cardinals in 2013, Palmer revitalized his career. He had his most successful season in 2015 when he led the Cardinals to a division title and an NFC Championship Game appearance. Palmer was also named to his third Pro Bowl and received second-team All-Pro honors. He retired following the 2017 regular season after spending much of the year on injured reserve. Palmer was inducted to the College Football Hall of Fame in 2021.","1979 births | All-American college football players | All Wikipedia articles written in American English | All articles with unsourced statements | American Conference Pro Bowl players | American football quarterbacks | Arizona Cardinals players | Articles with short description | Articles with unsourced statements from February 2024 | CS1: unfit URL | Cincinnati Bengals players | College Football Hall of Fame inductees | Commons category link from Wikidata | First overall NFL draft picks | Heisman Trophy winners | Living people | Oakland Raiders players | Players of American football from Cincinnati | Players of American football from Fresno, California | Players of American football from Mission Viejo, California | Santa Margarita Catholic High School alumni | Short description matches Wikidata | Sigma Alpha Epsilon members | Sportspeople from Rancho Santa Margarita, California | Sportspeople from Sun Valley, Idaho | USC Trojans football players | Unconferenced Pro Bowl players | Use American English from February 2023 | Use mdy dates from February 2026"
00-0037139,Carson Strong,QB,Carson Strong,https://en.wikipedia.org/wiki/Carson_Strong,"Carson Brown Strong (born September 14, 1999) is an American former football quarterback. He was signed as an undrafted free agent by the Philadelphia Eagles in 2022, and was also a member of the Arizona Cardinals and Michigan Panthers. He played college football at Nevada.","1999 births | American football quarterbacks | Arizona Cardinals players | Articles with short description | Colorado State Rams football coaches | Commons category link from Wikidata | High school football coaches in Nevada | Living people | Michigan Panthers (2022) players | Nevada Wolf Pack football coaches | Nevada Wolf Pack football players | Northern State Wolves football coaches | Philadelphia Eagles players | Players of American football from Solano County, California | Short description matches Wikidata | Sportspeople from Vacaville, California | Use mdy dates from May 2023"
00-0032950,Carson Wentz,QB,Carson Wentz,https://en.wikipedia.org/wiki/Carson_Wentz,"Carson James Wentz (born December 30, 1992) is an American professional football quarterback for the Minnesota Vikings of the National Football League (NFL). He played college football for the North Dakota State Bison, winning two consecutive NCAA FCS national championships as the starter. Wentz was selected second overall by the Philadelphia Eagles in the 2016 NFL draft, making him the highest drafted FCS player.
Wentz’s most successful season came in 2017, when he led the Eagles to the NFC’s top seed before a season-ending injury. The team went on to win Super Bowl LII with Nick Foles at quarterback. Wentz earned Pro Bowl and second-team All-Pro honors. Wentz helped Philadelphia return to the playoffs during the following two seasons, however further injuries limited his participation. After losing his starting position due to a production decline, Wentz spent his next four seasons as a starter and backup with the Indianapolis Colts, Washington Commanders, Los Angeles Rams, and Kansas City Chiefs. In August 2025, he signed with the Minnesota Vikings.","1992 births | All Wikipedia articles written in American English | American Christians | American football quarterbacks | American people of German descent | Articles with short description | Commons category link from Wikidata | Indianapolis Colts players | Kansas City Chiefs players | Living people | Los Angeles Rams players | Minnesota Vikings currentteam parameter articles | Minnesota Vikings players | National Conference Pro Bowl players | North Dakota State Bison football players | Pages using multiple image with auto scaled images | Philadelphia Eagles players | Players of American football from North Dakota | Players of American football from Raleigh, North Carolina | Second overall NFL draft picks | Short description matches Wikidata | Sportspeople from Bismarck, North Dakota | Use American English from January 2026 | Use mdy dates from January 2023 | Washington Commanders players | Wikipedia indefinitely semi-protected pages"
00-0039534,Carter Bradley,QB,Carter Bradley,https://en.wikipedia.org/wiki/Carter_Bradley,"Carter Roy Bradley (born March 9, 2000) is an American professional football quarterback for the Jacksonville Jaguars of the National Football League (NFL). He played college football for the Toledo Rockets and South Alabama Jaguars before playing professional football for the Las Vegas Raiders and San Francisco 49ers. He is the son of Gus Bradley.","2000 births | 21st-century American sportsmen | American football quarterbacks | Articles with short description | Jacksonville Jaguars currentteam parameter articles | Jacksonville Jaguars players | Las Vegas Raiders players | Living people | Players of American football from Fargo, North Dakota | Players of American football from Jacksonville, Florida | Providence School alumni | San Francisco 49ers players | Short description matches Wikidata | South Alabama Jaguars football players | Toledo Rockets football players | Use mdy dates from June 2024"
00-0035812,Case Cookus,QB,Case Cookus,https://en.wikipedia.org/wiki/Case_Cookus,"Stephen Case Cookus (born October 6, 1995), nicknamed ""the Chef"", is an American professional football quarterback. As a true freshman at Northern Arizona University, he was named the recipient of the 2015 Jerry Rice Award and the STATS FCS Freshman Player of the Year Award, both of which are awarded to the most outstanding freshman player in the NCAA Division I Football Championship Subdivision. He holds the record for most combined passing and rushing touchdowns in a USFL game with five, which he accomplished in a game against the Michigan Panthers on June 5, 2022.","1995 births | American football quarterbacks | Articles with short description | CS1 maint: numeric names: authors list | Canadian football quarterbacks | Denver Broncos players | Edmonton Elks players | Las Vegas Raiders players | Living people | Los Angeles Rams players | Memphis Showboats (2022) players | Minnesota Vikings players | New York Giants players | Northern Arizona Lumberjacks football players | Philadelphia Stars (2022) players | Players of American football from Thousand Oaks, California | Players of Canadian football from California | Short description is different from Wikidata | Thousand Oaks High School alumni | Use mdy dates from June 2020"
00-0028986,Case Keenum,QB,Case Keenum,https://en.wikipedia.org/wiki/Case_Keenum,"Casey Austin Keenum (born February 17, 1988) is an American professional football quarterback for the Chicago Bears of the National Football League (NFL). He played college football for the Houston Cougars, where he became the NCAA's all-time leader in total passing yards, touchdowns, and completions. In the 2008 college football season, Keenum ranked first nationally in total offense and second in total passing yards.
During the 2011 season, Keenum became the Football Bowl Subdivision's all-time leader in total offense, as well as the all-time leader in total passing yards and touchdown passes by a college quarterback. As a result of his on-field contributions to Houston's success, Keenum was named to several All-American lists. He is the only quarterback in Division I FBS football history to have passed for more than 5,000 yards in each of three seasons, and the only college player to reach the 20,000-yards plateau in career total offense.
After being signed by the Houston Texans as an undrafted free agent in 2012, Keenum threw for 1,760 yards and nine touchdowns in the eight games he started for the Texans in 2013 before being waived prior to the 2014 season. He was then signed to the St. Louis Rams' practice squad and then re-signed with the Texans later in 2014. In 2015, the Rams (who later relocated to Los Angeles) traded a draft pick to the Texans for Keenum, where he played until signing as a free agent with the Minnesota Vikings in 2017.
After starter Sam Bradford was injured, Keenum came in and had a career year, setting highs in starts, passing yards, completions, and touchdowns. He led the Vikings to a 13-win regular season, followed by a last-second win, known as the Minneapolis Miracle, over the New Orleans Saints in the playoffs leading to an appearance in the NFC Championship game. Following that, Keenum played for the Denver Broncos, Washington Redskins, Cleveland Browns, Buffalo Bills, and Texans. He is known for being a journeyman quarterback by having played for eight different NFL teams across seven divisions.","1988 births | 21st-century American sportsmen | All Wikipedia articles written in American English | All articles containing potentially dated statements | American Christians | American football quarterbacks | Articles containing potentially dated statements from November 2024 | Articles with short description | Buffalo Bills players | Chicago Bears currentteam parameter articles | Chicago Bears players | Cleveland Browns players | Commons category link is on Wikidata | Denver Broncos players | Houston Cougars football players | Houston Texans players | Living people | Los Angeles Rams players | Minnesota Vikings players | Players of American football from Abilene, Texas | Players of American football from Houston | Short description matches Wikidata | Sportspeople from Brownwood, Texas | St. Louis Rams players | Use American English from December 2025 | Use mdy dates from February 2024 | Washington Redskins players"
00-0039657,Casey Bauman,QB,Casey Bauman,https://en.wikipedia.org/wiki/Casey_Bauman,"Casey Burnell Bauman (born May 18, 2000) is an American professional football quarterback. He played college football for the Montana State Bobcats and the Augustana Vikings.","2000 births | 21st-century American sportsmen | American football quarterbacks | Articles with short description | Augustana (South Dakota) Vikings football players | Living people | Los Angeles Chargers players | Montana State Bobcats football players | People from Sumas, Washington | Players of American football from Washington (state) | Short description is different from Wikidata | Sportspeople from Bellingham, Washington | Use mdy dates from June 2024"
00-0022829,Casey Bramlet,QB,Casey Bramlet,https://en.wikipedia.org/wiki/Casey_Bramlet,"Casey Bramlet (born April 2, 1981) is an American former professional football quarterback. He was selected by the Cincinnati Bengals in the seventh round of the 2004 NFL draft. He played college football at Wyoming.
He was also a member of the Washington Redskins, Atlanta Falcons, Miami Dolphins, San Diego Chargers, Baltimore Ravens and Winnipeg Blue Bombers. He was World Bowl XV Most Valuable Player with the Hamburg Sea Devils in 2007.","1981 births | All BLP articles lacking sources | American football quarterbacks | Articles with short description | Atlanta Falcons players | BLP articles lacking sources from August 2012 | Baltimore Ravens players | Canadian football quarterbacks | Cincinnati Bengals players | Hamburg Sea Devils players | Living people | Miami Dolphins players | People from Wheatland, Wyoming | Players of American football from Wyoming | Players of Canadian football from Wyoming | San Diego Chargers players | Short description is different from Wikidata | Sportspeople from Casper, Wyoming | Use mdy dates from June 2024 | Washington Redskins players | Winnipeg Blue Bombers players | World Bowl MVPs | Wyoming Cowboys football players"
00-0023739,Casey Printers,QB,Casey Printers,https://en.wikipedia.org/wiki/Casey_Printers,"Casey J. Printers (born May 16, 1981) is an American former professional football quarterback who played in the Canadian Football League (CFL) with the BC Lions and Hamilton Tiger-Cats. He played college football at TCU and Florida A&M.","1981 births | 20th-century African-American sportsmen | 20th-century American sportsmen | 21st-century African-American sportsmen | 21st-century American sportsmen | All articles with dead external links | Allen Wranglers players | American football quarterbacks | American motivational speakers | Articles with dead external links from October 2010 | Articles with short description | BC Lions players | Canadian Football League Most Outstanding Player Award winners | Canadian football quarterbacks | DeSoto High School (Texas) alumni | Florida A&M Rattlers football players | Florida A&M University alumni | Hamilton Tiger-Cats players | Kansas City Chiefs players | Living people | Players of American football from DeSoto, Texas | Players of Canadian football from Texas | Short description is different from Wikidata | TCU Horned Frogs football players | Texas Christian University alumni | Use mdy dates from July 2024 | Webarchive template wayback links"
00-0026197,Chad Henne,QB,Chad Henne,https://en.wikipedia.org/wiki/Chad_Henne,"Chad Steven Henne (; born July 2, 1985) is an American former professional football player who was a quarterback for 15 seasons in the National Football League (NFL). He played college football for the Michigan Wolverines, where he is the all-time leader in passing yards and touchdowns, with 9,715 yards and 87 touchdowns. He was selected by the Miami Dolphins in the second round of the 2008 NFL draft, and started multiple seasons over his NFL career, for both the Dolphins and Jacksonville Jaguars. He also won two Super Bowls with the Kansas City Chiefs, serving as the backup quarterback.","1985 births | All Wikipedia articles written in American English | All articles with unsourced statements | American football quarterbacks | Articles with short description | Articles with unsourced statements from January 2023 | CS1 maint: bot: original URL status unknown | Commons category link from Wikidata | Jacksonville Jaguars players | Kansas City Chiefs players | Living people | Miami Dolphins players | Michigan Wolverines football players | People from Wyomissing, Pennsylvania | Players of American football from Berks County, Pennsylvania | Short description matches Wikidata | Use American English from August 2024 | Use mdy dates from February 2024 | Webarchive template wayback links"
00-0020562,Chad Hutchinson,QB,Chad Hutchinson,https://en.wikipedia.org/wiki/Chad_Hutchinson,"Chad Martin Hutchinson (born February 21, 1977) is an American former professional football player who was a quarterback in the National Football League (NFL) for the Dallas Cowboys and Chicago Bears. He also is a former Major League Baseball (MLB) pitcher for the St. Louis Cardinals. He played college football for the Stanford Cardinal.",1977 births | All Wikipedia articles written in American English | American football quarterbacks | Arkansas Travelers players | Articles with short description | Baseball players from San Diego | Chicago Bears players | Dallas Cowboys players | Living people | Major League Baseball pitchers | Memphis Redbirds players | New Jersey Cardinals players | Pages using embedded infobox templates with the title parameter | Players of American football from San Diego | Rhein Fire players | Scottsdale Scorpions players | Short description is different from Wikidata | St. Louis Cardinals players | Stanford Cardinal baseball players | Stanford Cardinal football players | Use American English from February 2024 | Use mdy dates from January 2019
00-0034478,Chad Kanoff,QB,Chad Kanoff,https://en.wikipedia.org/wiki/Chad_Kanoff,"Charles ""Chad"" Kanoff  (born October 6, 1994) is an American former professional football player who was a quarterback in the National Football League (NFL). He played college football for the Princeton Tigers. He signed as an undrafted free agent with the Arizona Cardinals in 2018.","1994 births | All Wikipedia articles written in American English | American football quarterbacks | Arizona Cardinals players | Articles with short description | Detroit Lions players | Living people | Los Angeles Wildcats (XFL) players | New York Guardians players | People from Pacific Palisades, Los Angeles | Players of American football from Los Angeles | Princeton Tigers football players | Short description is different from Wikidata | Tampa Bay Buccaneers players | Use American English from August 2025 | Use mdy dates from January 2019"
00-0033597,Chad Kelly,QB,Chad Kelly,https://en.wikipedia.org/wiki/Chad_Kelly,"Chad Patrick Kelly (born March 26, 1994) is an American professional football quarterback for the Toronto Argonauts of the Canadian Football League (CFL). He played college football for the Clemson Tigers and Ole Miss Rebels. The Denver Broncos selected him in the seventh round with the final pick of the 2017 NFL draft, making him that year's Mr. Irrelevant. 
After several years as a reserve player on the Broncos and later the Indianapolis Colts, Kelly signed with the Argonauts, gaining success as a starter in the CFL. He won the CFL Most Outstanding Player in 2023, in addition to helping the Argonauts win two Grey Cups.","1994 births | American football quarterbacks | Articles with short description | Canadian football quarterbacks | Clemson Tigers football players | Coaches of American football from New York (state) | Commons category link from Wikidata | Denver Broncos players | East Mississippi Lions football coaches | East Mississippi Lions football players | Indianapolis Colts players | Living people | Ole Miss Rebels football players | Players of American football from Buffalo, New York | Players of Canadian football from New York (state) | Short description is different from Wikidata | St. Joseph's Collegiate Institute alumni | Toronto Argonauts players | Use mdy dates from February 2024"
00-0019559,Chad Pennington,QB,Chad Pennington,https://en.wikipedia.org/wiki/Chad_Pennington,"James Chadwick Pennington (born June 26, 1976) is an American former professional football quarterback who played in the National Football League (NFL) for 11 seasons. He played college football for the Marshall Thundering Herd, winning the Sammy Baugh Trophy as a senior, and was selected by the New York Jets in the first round of the 2000 NFL draft. Pennington spent his first eight seasons with the Jets and was a member of the Miami Dolphins in his last three.
During his career, Pennington led the league twice in completion percentage and once in passer rating. He helped clinch a division title with the Jets in 2002 and the Dolphins in 2008, both of which are the most recent for either franchise, as well as the only times from 2001 to 2019 that the AFC East was not won by Tom Brady and the New England Patriots. Pennington was also the first player to win NFL Comeback Player of the Year multiple times, receiving the award in 2006 and 2008. At the time of his retirement, he held the NFL record for completion percentage. Since 2018, he has served as the head football coach of the Sayre School in Lexington, Kentucky.","1976 births | All Wikipedia articles written in American English | American football quarterbacks | American people of English descent | Articles with short description | Coaches of American football from Tennessee | Commons category link from Wikidata | High school football coaches in Kentucky | Living people | Marshall Thundering Herd football players | Miami Dolphins players | NFL Comeback Player of the Year winners | NFL announcers | New York Jets players | People from Woodford County, Kentucky | Players of American football from Knoxville, Tennessee | Short description matches Wikidata | Use American English from November 2023 | Use mdy dates from March 2024 | Webarchive template wayback links | William V. Campbell Trophy winners"
00-0029554,Chandler Harnish,QB,Chandler Harnish,https://en.wikipedia.org/wiki/Chandler_Harnish,"Chandler Harnish (born July 28, 1988) is an American former professional football quarterback. He was the final pick of the 2012 NFL draft, selected 253rd overall by the Indianapolis Colts, becoming Mr. Irrelevant 2012. He played college football for Northern Illinois University, where he was the Huskies' starting quarterback for four years. Harnish was also a member of the Minnesota Vikings and Arizona Cardinals.","1988 births | All articles with dead external links | American football quarterbacks | Arizona Cardinals players | Articles with dead external links from April 2017 | Articles with short description | CS1 maint: deprecated archival service | Commons category link from Wikidata | Indianapolis Colts players | Living people | Minnesota Vikings players | Northern Illinois Huskies football players | People from Bluffton, Indiana | Players of American football from Indiana | Short description matches Wikidata | Use mdy dates from January 2019 | Webarchive template wayback links"
00-0000865,Charlie Batch,QB,Charlie Batch,https://en.wikipedia.org/wiki/Charlie_Batch,"Charles D'Donte Batch (born December 5, 1974) is an American former professional football player who was a quarterback in the National Football League (NFL). He played college football for the Eastern Michigan Eagles. He was selected by the Detroit Lions in the second round of the 1998 NFL draft and played 15 seasons in the NFL, most of it as a backup with his hometown Pittsburgh Steelers, with whom he earned two Super Bowl rings (Super Bowl XL and Super Bowl XLIII).
Batch currently works for KDKA-TV in Pittsburgh as a pre-game analyst for the Steelers as well as a color commentator for their preseason games. In addition, he co-hosts the Steeler Post-Game Show on WDVE Radio. Batch also works with Champs Sports Network as a color analyst for WPIAL high school football and basketball broadcasts.","1974 births | 20th-century African-American sportsmen | 20th-century American sportsmen | 21st-century African-American sportsmen | 21st-century American sportsmen | All BLP articles lacking sources | All Wikipedia articles written in American English | All articles with dead external links | American football quarterbacks | Articles with dead external links from June 2024 | Articles with short description | BLP articles lacking sources from August 2020 | Commons category link from Wikidata | Detroit Lions players | Eastern Michigan Eagles football players | High school basketball announcers in the United States | High school football announcers in the United States | Living people | Pittsburgh Steelers announcers | Pittsburgh Steelers players | Players of American football from Allegheny County, Pennsylvania | Short description matches Wikidata | Sportspeople from Homestead, Pennsylvania | Use American English from February 2024 | Use mdy dates from March 2024 | Webarchive template wayback links"
00-0023502,Charlie Frye,QB,Charlie Frye,https://en.wikipedia.org/wiki/Charlie_Frye,"Charles Thomas Frye (born August 28, 1981) is an American football coach and former player who serves as a defensive assistant for the Minnesota Vikings of the National Football League (NFL). He played professionally as a quarterback for six seasons in the NFL with the Cleveland Browns, Seattle Seahawks, and Oakland Raiders.
Frye played college football for the Akron Zips and was selected by the Cleveland Browns in the third round of the 2005 NFL draft.","1981 births | Akron Zips football players | All Wikipedia articles written in American English | American football quarterbacks | Articles with short description | Ashland Eagles football coaches | CS1 maint: bot: original URL status unknown | Central Michigan Chippewas football coaches | Cleveland Browns players | Coaches of American football from Ohio | Florida Atlantic Owls football coaches | Florida Gators football coaches | High school football coaches in Florida | Living people | Miami Dolphins coaches | Minnesota Vikings coaches | Minnesota Vikings currentteam parameter articles | Oakland Raiders players | Penn State Nittany Lions football coaches | People from Willard, Ohio | Players of American football from Ohio | Seattle Seahawks players | Short description is different from Wikidata | Use American English from February 2024 | Use mdy dates from March 2024 | Webarchive template wayback links"
00-0024296,Charlie Whitehurst,QB,Charlie Whitehurst,https://en.wikipedia.org/wiki/Charlie_Whitehurst,"Charles David Whitehurst Jr. (born August 6, 1982), is an American former professional football player who was a quarterback in the National Football League (NFL). He played college football for the Clemson Tigers, and was selected by the San Diego Chargers in the third round of the 2006 NFL draft. Nicknamed ""Clipboard Jesus"", Whitehurst also played for the Seattle Seahawks, Tennessee Titans, Indianapolis Colts and Cleveland Browns.","1982 births | All Wikipedia articles written in American English | American football quarterbacks | Articles with short description | CS1 maint: bot: original URL status unknown | Clemson Tigers football players | Cleveland Browns players | Commons category link from Wikidata | Indianapolis Colts players | Living people | Players of American football from Alpharetta, Georgia | Players of American football from Green Bay, Wisconsin | San Diego Chargers players | Seattle Seahawks players | Short description is different from Wikidata | Tennessee Titans players | Use American English from February 2024 | Use mdy dates from November 2023"
00-0026544,Chase Daniel,QB,Chase Daniel,https://en.wikipedia.org/wiki/Chase_Daniel,"William Chase Daniel (born October 7, 1986) is an American former professional football player who was a quarterback in the National Football League (NFL) for 14 seasons. He played college football for the Missouri Tigers, earning second-team All-American honors in 2007. He was signed by the Washington Redskins as an undrafted free agent in 2009. During his career, Daniel was also a member of the New Orleans Saints, Kansas City Chiefs, Philadelphia Eagles, Chicago Bears, Detroit Lions, and Los Angeles Chargers. Daniel is a Super Bowl champion, having been the backup quarterback on the Saints team that won Super Bowl XLIV.","1986 births | All Wikipedia articles written in American English | All articles with unsourced statements | American Football YouTubers | American football quarterbacks | Articles with short description | Articles with unsourced statements from October 2022 | CS1 maint: deprecated archival service | CS1 maint: url-status | Carroll Senior High School alumni | Chicago Bears players | Commons category link from Wikidata | Detroit Lions players | Fox Sports 1 people | Kansas City Chiefs players | Living people | Los Angeles Chargers players | Missouri Tigers football players | New Orleans Saints players | Philadelphia Eagles players | Players of American football from Denton County, Texas | Players of American football from Irving, Texas | Players of American football from Southlake, Texas | Short description matches Wikidata | Use American English from September 2024 | Use mdy dates from February 2024 | Washington Redskins players | YouTubers from Texas"
00-0037507,Chase Garbers,QB,Chase Garbers,https://en.wikipedia.org/wiki/Chase_Garbers,"Chase Garbers (born June 6, 1999) is an American professional football quarterback. He played college football for the California Golden Bears.","1999 births | American football quarterbacks | Articles with short description | California Golden Bears football players | Las Vegas Raiders players | Living people | Players of American football from Newport Beach, California | San Antonio Brahmas players | Short description matches Wikidata | Use mdy dates from April 2023"
00-0034291,Chase Litton,QB,Chase Litton,https://en.wikipedia.org/wiki/Chase_Litton,"Chase Litton (born October 5, 1995) is an American former professional football quarterback. He played college football at Marshall University. He was signed by the Kansas City Chiefs as an undrafted free agent in 2018.","1995 births | American football quarterbacks | Articles with short description | Calgary Stampeders players | Canadian football quarterbacks | Jacksonville Jaguars players | Kansas City Chiefs players | Living people | Marshall Thundering Herd football players | Ottawa Redblacks players | Players of American football from Tampa, Florida | Players of Canadian football from Tampa, Florida | Seattle Dragons players | Short description is different from Wikidata | Tampa Bay Vipers players | Use mdy dates from January 2019 | Webarchive template wayback links | Winnipeg Blue Bombers players"
00-0002876,Chris Chandler,QB,Chris Chandler (American football),https://en.wikipedia.org/wiki/Chris_Chandler_(American_football),"Christopher Mark Chandler (born October 12, 1965) is an American former professional football player who was a quarterback in the National Football League (NFL) for 17 seasons. He played college football for the Washington Huskies. Chandler played for seven teams in eight cities during his NFL career, and is known for leading the Atlanta Falcons to a 14–2 season in 1998 followed by an appearance in Super Bowl XXXIII.","1965 births | 20th-century American sportsmen | All Wikipedia articles written in American English | American football quarterbacks | Articles with short description | Atlanta Falcons players | CS1 maint: multiple names: authors list | Chicago Bears players | Commons category link from Wikidata | Houston Oilers players | Indianapolis Colts players | Living people | Los Angeles Rams players | National Conference Pro Bowl players | Phoenix Cardinals players | Players of American football from Everett, Washington | Short description is different from Wikidata | St. Louis Rams players | Tampa Bay Buccaneers players | Use American English from February 2023 | Use mdy dates from January 2019 | Washington Huskies football players"
00-0006410,Chris Greisen,QB,Chris Greisen,https://en.wikipedia.org/wiki/Chris_Greisen,"Christopher J. Greisen (born July 2, 1976) is an American former professional football player who was a quarterback in the National Football League (NFL), NFL Europe, Arena Football League (AFL), and United Football League (UFL). He is the current coach for West De Pere High School. He was selected by the Arizona Cardinals in the seventh round of the 1999 NFL draft. He was also a member of the Washington Redskins and Dallas Cowboys of the NFL, the Rhein Fire of NFL Europe, the Green Bay Blizzard of the af2, the Dallas Desperados, Georgia Force, and Milwaukee Iron of the AFL, and the Florida Tuskers and Virginia Destroyers of the UFL. He played college football for the Northwest Missouri State Bearcats.","1976 births | American football quarterbacks | Arizona Cardinals players | Articles with short description | Catholics from Wisconsin | Coaches of American football from Wisconsin | Converts to Roman Catholicism from Lutheranism | Dallas Cowboys players | Dallas Desperados players | Florida Tuskers players | Georgia Force players | Green Bay Blizzard players | High school football coaches in Wisconsin | Living people | Milwaukee Iron players | Northwest Missouri State Bearcats football players | People from Berlin, Wisconsin | People from Door County, Wisconsin | Players of American football from Wisconsin | Rhein Fire players | Short description is different from Wikidata | Use mdy dates from June 2024 | Virginia Destroyers players | Washington Redskins players"
00-0037324,Chris Oladokun,QB,Chris Oladokun,https://en.wikipedia.org/wiki/Chris_Oladokun,"Chris Oladokun [] (born September 3, 1997) is an American professional football quarterback for the Kansas City Chiefs of the National Football League (NFL). He played college football for the South Florida Bulls, Samford Bulldogs, and South Dakota State Jackrabbits before being selected by the Pittsburgh Steelers in the seventh round of the 2022 NFL draft.","1997 births | American football quarterbacks | American people of Nigerian descent | Articles with short description | Kansas City Chiefs currentteam parameter articles | Kansas City Chiefs players | Living people | Pages using the Phonos extension | Pittsburgh Steelers players | Players of American football from Tampa, Florida | Samford Bulldogs football players | Short description matches Wikidata | South Dakota State Jackrabbits football players | South Florida Bulls football players | Sportspeople of Nigerian descent | Use mdy dates from February 2024"
00-0019709,Chris Redman,QB,Chris Redman,https://en.wikipedia.org/wiki/Chris_Redman,"Chris James Redman (born July 7, 1977) is an American football coach and former quarterback who is the current head coach of the Louisville Kings of the United Football League (UFL). He played for nine seasons in the National Football League (NFL). He played college football for the Louisville Cardinals and was selected by the Baltimore Ravens in the third round of the 2000 NFL draft. Redman spent four seasons with the Ravens, primarily serving as a backup, and was part of the team that won a Super Bowl title in Super Bowl XXXV. After four years away from the NFL, he returned in 2007 with the Atlanta Falcons, where he played his last five seasons.","1977 births | All Wikipedia articles written in American English | American football quarterbacks | Articles with short description | Atlanta Falcons players | Austin Wranglers players | Baltimore Ravens players | CS1: unfit URL | Living people | Louisville Cardinals football players | Louisville Kings coaches | Louisville Male High School alumni | New England Patriots players | Players of American football from Louisville, Kentucky | Short description matches Wikidata | Tennessee Titans players | Use American English from February 2024 | Use mdy dates from January 2019"
00-0022005,Chris Simms,QB,Chris Simms,https://en.wikipedia.org/wiki/Chris_Simms,"Christopher David Simms (born August 29, 1980) is an American sports analyst and former professional football player who was a quarterback in the National Football League (NFL). He was selected by the Tampa Bay Buccaneers in the third round of the 2003 NFL draft after playing college football for the Texas Longhorns.
Simms also played for the Denver Broncos and the Tennessee Titans. He is the son of former New York Giants quarterback and Super Bowl XXI MVP Phil Simms and the older brother of quarterback Matt Simms.","1980 births | All Wikipedia articles written in American English | All articles with dead external links | American football quarterbacks | Articles with dead external links from January 2018 | Articles with permanently dead external links | Articles with short description | CS1 maint: archived copy as title | Coaches of American football from New Jersey | Commons category link from Wikidata | Denver Broncos players | Living people | NFL announcers | New England Patriots coaches | Notre Dame Fighting Irish football announcers | Players of American football from Bergen County, New Jersey | Ramapo High School (New Jersey) alumni | Short description is different from Wikidata | Sportspeople from Franklin Lakes, New Jersey | Tampa Bay Buccaneers players | Tennessee Titans players | Texas Longhorns football players | Use American English from November 2022 | Use mdy dates from January 2019 | Webarchive template wayback links"
00-0035752,Chris Streveler,QB,Chris Streveler,https://en.wikipedia.org/wiki/Chris_Streveler,"Christopher L. Streveler (born January 6, 1995) is an American former professional football player who was a quarterback in the National Football League (NFL) and Canadian Football League (CFL). He played college football for ther Minnesota Golden Gophers and South Dakota Coyotes. After going undrafted in 2018, Streveler played two seasons as a backup quarterback for the Winnipeg Blue Bombers, where they won the 107th Grey Cup championship in 2019. He was also a member of the Arizona Cardinals, Baltimore Ravens, Miami Dolphins, and New York Jets.","1995 births | All Wikipedia articles written in American English | All articles with dead external links | American football quarterbacks | Arizona Cardinals players | Articles with dead external links from October 2025 | Articles with short description | Baltimore Ravens players | Canadian football quarterbacks | Commons category link from Wikidata | Living people | Miami Dolphins players | Minnesota Golden Gophers football players | New York Jets players | Players of American football from McHenry County, Illinois | Players of Canadian football from Illinois | Short description is different from Wikidata | South Dakota Coyotes football players | Sportspeople from Crystal Lake, Illinois | Use American English from May 2026 | Use mdy dates from January 2023 | Winnipeg Blue Bombers players"
00-0020434,Chris Weinke,QB,Chris Weinke,https://en.wikipedia.org/wiki/Chris_Weinke,"Christopher Jon Weinke (born July 31, 1972) is an American football coach and former football and baseball player. After spending six years in the Toronto Blue Jays minor league baseball system, he enrolled at Florida State University at the age of 25, and played college football as a quarterback for the Florida State Seminoles. He thereafter played in the National Football League (NFL), where he spent most of his career with the Carolina Panthers.
Weinke played minor league baseball in the Toronto Blue Jays farm system (Syracuse Mets; formerly the Syracuse SkyChiefs) from 1990 to 1996, advancing to class Triple-A Syracuse Chiefs, before deciding to attend Florida State University. Head coach Bobby Bowden had initially recruited Weinke when he was a prep quarterback in 1989 at Cretin-Derham Hall High School. After quitting baseball, Weinke called Bowden, and Bowden offered him a scholarship with the 1997 recruiting class. After arriving he quickly distinguished himself as a starting quarterback, leading the team to victory in the 1999 national championship. In 2000, at 28, he became the oldest player to receive the Heisman Trophy. He was selected by the Panthers in the 2001 NFL draft, where he served mostly as backup quarterback until being released in 2006. He then spent one season with the San Francisco 49ers before leaving the NFL after the 2007 season.
Weinke only had two victories as a starting quarterback in his NFL career. He won his first ever NFL game in the first game of the 2001 Carolina Panthers season, before losing the next 15, finishing the season with a 1–15 record. He also has the second longest losing streak in NFL history at seventeen, behind Dan Pastorini (21). Despite this, Weinke is tied with Geno Smith, Tim Tebow, Jameis Winston, and Dak Prescott for fifth most rushing touchdowns by a rookie quarterback with six.","1972 births | Alabama Crimson Tide football coaches | All Wikipedia articles written in American English | All articles with unsourced statements | American expatriate baseball players in Canada | American football quarterbacks | Articles using infobox templates with no data rows | Articles with short description | Articles with unsourced statements from July 2024 | CS1 maint: numeric names: authors list | Carolina Panthers players | Commons category link from Wikidata | Dunedin Blue Jays players | Florida State Seminoles football players | Heisman Trophy winners | Knoxville Smokies players | Living people | Los Angeles Rams coaches | Myrtle Beach Hurricanes players | Players of American football from Saint Paul, Minnesota | San Francisco 49ers players | Short description is different from Wikidata | Sportspeople from Saint Paul, Minnesota | St. Catharines Blue Jays players | St. Louis Rams coaches | Syracuse Chiefs players | Use American English from December 2025 | Use mdy dates from December 2023 | Webarchive template wayback links"
00-0032953,Christian Hackenberg,QB,Christian Hackenberg,https://en.wikipedia.org/wiki/Christian_Hackenberg,"Christian Blaize Hackenberg (born February 14, 1995) is an American former professional football player who was a quarterback in the National Football League (NFL). He played college football for the Penn State Nittany Lions, and was selected by the New York Jets in the second round of the 2016 NFL draft. Hackenberg spent two seasons with the Jets, before being released, becoming only the third quarterback selected in the first or second round of the common-draft era (since 1967) not to play a game in his first two seasons. He was also a member of the Oakland Raiders, Philadelphia Eagles, and Cincinnati Bengals, although he never actually played in an NFL game. He was only activated for four games in his career, all with the Jets.
Following his stint in the NFL, Hackenberg was drafted by the Memphis Express in the second round of the 2019 AAF QB Draft. He saw his first meaningful action since leaving Penn State. However, he was benched after three games, and never returned before the league folded in midseason.","1995 births | All Wikipedia articles written in American English | American football quarterbacks | American real estate brokers | Articles with short description | Cincinnati Bengals players | Coaches of American football from Pennsylvania | Commons category link from Wikidata | High school football coaches in New Jersey | Living people | Memphis Express (American football) players | New York Jets players | Oakland Raiders players | Pages containing links to subscription-only content | Penn State Nittany Lions football players | People from Lehighton, Pennsylvania | People from Palmyra, Virginia | Philadelphia Eagles players | Players of American football from Virginia | Short description is different from Wikidata | Under Armour All-American football players | Use American English from February 2024 | Use mdy dates from March 2024 | Webarchive template wayback links"
00-0027950,Christian Ponder,QB,Christian Ponder,https://en.wikipedia.org/wiki/Christian_Ponder,"Christian Andrew Ponder (born February 25, 1988) is an American former professional football player who was a quarterback in the National Football League (NFL).  He played college football for the Florida State Seminoles, and was selected by the Minnesota Vikings with the 12th overall pick in the 2011 NFL draft. He played for the Vikings, Denver Broncos and San Francisco 49ers.
Ponder had an up-and-down career with the Vikings. He started all 16 games and helped lead the team to a playoff berth in 2012, but also suffered several injuries and inconsistent play, eventually being benched in favor of rookie Teddy Bridgewater in 2014; he totaled a 14–21–1 record in his four seasons with the Vikings. He then spent time in a backup role for the Oakland Raiders, Denver Broncos and San Francisco 49ers, but never took another NFL snap before retiring in 2016.
Since December 2012, Ponder has been married to former ESPN personality Samantha Ponder.","1988 births | All Wikipedia articles written in American English | American football quarterbacks | Articles with short description | CS1 maint: bot: original URL status unknown | Colleyville Heritage High School alumni | Commons category link from Wikidata | Denver Broncos players | Florida State Seminoles football players | Living people | Minnesota Vikings players | Oakland Raiders players | Players of American football from Dallas County, Texas | Players of American football from Denton County, Texas | Players of American football from Grapevine, Texas | San Francisco 49ers players | Short description is different from Wikidata | Sportspeople from Colleyville, Texas | Use American English from February 2024 | Use mdy dates from March 2024 | Webarchive template archiveis links | Webarchive template wayback links"
00-0035283,Clayton Thorson,QB,Clayton Thorson,https://en.wikipedia.org/wiki/Clayton_Thorson,"Clayton James Thorson (born June 15, 1995) is an American former football quarterback. He played college football for the Northwestern Wildcats. He was selected by the Philadelphia Eagles of the National Football League (NFL) in the fifth round of the 2019 NFL draft.","1995 births | 21st-century American sportsmen | All Wikipedia articles written in American English | All articles with unsourced statements | American football quarterbacks | Articles with short description | Articles with unsourced statements from September 2019 | Commons category link from Wikidata | Dallas Cowboys players | Houston Gamblers (2022) players | Living people | New York Giants players | Northwestern Wildcats football players | Philadelphia Eagles players | Players of American football from Wheaton, Illinois | Short description matches Wikidata | Use American English from April 2025 | Use mdy dates from August 2021"
00-0038582,Clayton Tune,QB,Clayton Tune,https://en.wikipedia.org/wiki/Clayton_Tune,"Clayton Tune (born March 23, 1999) is an American professional football quarterback. He played college football for the Houston Cougars and was selected by the Arizona Cardinals in the fifth round of the 2023 NFL draft.","1999 births | American football quarterbacks | Arizona Cardinals players | Articles with short description | Columbus Aviators players | Commons category link from Wikidata | Green Bay Packers players | Houston Cougars football players | Living people | Players of American football from Carrollton, Texas | Short description matches Wikidata | Use mdy dates from May 2026"
00-0020565,Cleo Lemon,QB,Cleo Lemon,https://en.wikipedia.org/wiki/Cleo_Lemon,"Cleo Lemon Jr. (born August 16, 1979) is an American former professional football player who was a quarterback in the National Football League (NFL) and Canadian Football League (CFL). He played college football for the Arkansas State Red Wolves. Lemon was signed by the Green Bay Packers as an undrafted free agent in 2001. He was also a member of the San Diego Chargers, Miami Dolphins, Jacksonville Jaguars, Baltimore Ravens, and Toronto Argonauts.","1979 births | 20th-century African-American sportsmen | 20th-century American sportsmen | 21st-century African-American sportsmen | 21st-century American sportsmen | All Wikipedia articles written in American English | American football quarterbacks | Arkansas State Red Wolves football players | Articles with short description | Baltimore Ravens players | CS1 maint: deprecated archival service | Canadian football quarterbacks | Commons category link from Wikidata | Jacksonville Jaguars players | Living people | Memphis Xplorers players | Miami Dolphins players | Players of American football from Greenwood, Mississippi | Players of Canadian football from Mississippi | San Diego Chargers players | Short description is different from Wikidata | Toronto Argonauts players | Use American English from February 2024 | Use mdy dates from June 2024 | Webarchive template wayback links"
00-0019442,Clint Stoerner,QB,Clint Stoerner,https://en.wikipedia.org/wiki/Clint_Stoerner,"Clinton Jacob Stoerner (born December 29, 1977) is an American former professional football player who was a quarterback in the National Football League (NFL) for the Dallas Cowboys and Miami Dolphins. He also played in the Arena Football League (AFL) and NFL Europe. He played college football for the Arkansas Razorbacks.","1977 births | Alabama Vipers players | American football quarterbacks | Amsterdam Admirals players | Arkansas Razorbacks football players | Articles with short description | Dallas Cowboys players | Dallas Desperados players | Living people | Nashville Kats players | Philadelphia Soul players | Players of American football from Baytown, Texas | Players of American football from Houston | Scottish Claymores players | Short description is different from Wikidata | Use mdy dates from January 2019"
00-0033104,Cody Kessler,QB,Cody Kessler,https://en.wikipedia.org/wiki/Cody_Kessler,"Cody David Kessler (born May 11, 1993) is an American former professional football player who was a quarterback in the National Football League (NFL). He played college football for the USC Trojans and was selected by the Cleveland Browns in the third round of the 2016 NFL draft. Kessler was also a member of the Jacksonville Jaguars, Philadelphia Eagles, and New England Patriots.","1993 births | All Wikipedia articles written in American English | American football quarterbacks | American people of German descent | American podcasters on American football | Articles with short description | CS1 maint: bot: original URL status unknown | Centennial High School (Bakersfield, California) alumni | Cleveland Browns players | Commons category link from Wikidata | Jacksonville Jaguars players | Living people | New England Patriots players | Philadelphia Eagles players | Players of American football from Bakersfield, California | Short description is different from Wikidata | USC Trojans football players | Underdog Fantasy people | Use American English from February 2024 | Use mdy dates from March 2024"
00-0022731,Cody Pickett,QB,Cody Pickett,https://en.wikipedia.org/wiki/Cody_Pickett,"Cody J. Pickett (born June 30, 1980) is an American former professional football player who was a quarterback in the National Football League (NFL) and Canadian Football League (CFL). He played college football for the Washington Huskies and was selected in the seventh round of the 2004 NFL draft by the San Francisco 49ers.","1980 births | 21st-century American sportsmen | All Wikipedia articles written in American English | American football quarterbacks | Articles with short description | Calgary Stampeders players | Canadian football quarterbacks | Commons category link is on Wikidata | Houston Texans players | Living people | Montreal Alouettes players | Oakland Raiders players | People from Caldwell, Idaho | Players of American football from Idaho | Players of Canadian football from Idaho | Rhein Fire players | San Francisco 49ers players | Short description matches Wikidata | Toronto Argonauts players | Use American English from February 2024 | Use mdy dates from June 2024 | Washington Huskies football players | Webarchive template wayback links"
00-0037165,Cole Kelley,QB,Cole Kelley,https://en.wikipedia.org/wiki/Cole_Kelley,"Cole Kelley (born October 27, 1997) is an American professional football quarterback. He played college football for the Arkansas Razorbacks and Southeastern Louisiana Lions. Kelley signed with the Washington Commanders as an undrafted free agent in 2022 but was released prior to the season.","1997 births | All stub articles | American football quarterback stubs | American football quarterbacks | Arkansas Razorbacks football players | Articles with short description | Living people | Memphis Showboats (2022) players | NFL empty currentteam parameter articles | Players of American football from Lafayette, Louisiana | Short description is different from Wikidata | Southeastern Louisiana Lions football players | Use mdy dates from June 2024 | Walter Payton Award winners | Washington Commanders players"
00-0027974,Colin Kaepernick,QB,Colin Kaepernick,https://en.wikipedia.org/wiki/Colin_Kaepernick,"Colin Rand Kaepernick ( KAP-ər-nik; born November 3, 1987) is an American civil rights activist and former professional football quarterback. He played in the National Football League (NFL) for six seasons with the San Francisco 49ers. In 2016, he gained national attention for kneeling during the national anthem at the start of NFL games in protest of police brutality and racial inequality in the United States.
Kaepernick played college football for the Nevada Wolf Pack, twice winning Western Athletic Conference Offensive Player of the Year. Selected by the 49ers in the second round of the 2011 NFL draft, Kaepernick began his professional career as a backup to Alex Smith. He became the 49ers' starter in the middle of the 2012 season after Smith was injured and led the team to Super Bowl XLVII, the franchise's first appearance since 1994. In his first full season as the starter the following year, Kaepernick helped the 49ers reach the NFC Championship Game. Over the next three seasons, Kaepernick lost and won back his starting quarterback job, with the 49ers missing the playoffs each year.
During the 2016 preseason, Kaepernick sat during the playing of the U.S. national anthem before the game as a protest against racial injustice, police brutality, and oppression in the country. The following week, and throughout the regular season, Kaepernick kneeled during the anthem. The protests received highly polarized reactions, with some praising and others denouncing the protests. The actions resulted in a wider protest movement, which intensified in September 2017 after President Donald Trump said that NFL owners should ""fire"" players who protest during the national anthem. Kaepernick became a free agent after the season and was not signed by another team, which several analysts and observers have attributed to political motives. In November 2017, he filed a grievance against the NFL and its owners, accusing them of collusion in keeping him out of the league. In August 2018, arbitrator Stephen B. Burbank rejected the NFL's request to dismiss the case. Kaepernick withdrew the grievance in February 2019 after reaching a confidential settlement with the NFL. His protests received renewed attention in 2020 amid the George Floyd protests against police brutality and racism.","1987 births | 21st-century African-American sportsmen | 21st-century American sportsmen | Activists for African-American civil rights | Activists from California | African-American civil rights activists | All Wikipedia articles written in American English | All articles with unsourced statements | American adoptees | American football quarterbacks | American human rights activists | American people of Ghanaian descent | American people of Italian descent | American people of Ivorian descent | American people of Nigerian descent | American philanthropists | American prison reformers | American veganism activists | Articles with short description | Articles with unsourced statements from February 2023 | Articles with unsourced statements from March 2023 | Black Lives Matter people | CS1 maint: deprecated archival service | Civil rights activists from Wisconsin | Colin Kaepernick | Commons link from Wikidata | Living people | NFL controversies | Nevada Wolf Pack football players | Pages with non-numeric formatnum arguments | Players of American football from Milwaukee | Players of American football from Stanislaus County, California | Prison abolitionists | San Francisco 49ers players | Short description matches Wikidata | Sportspeople from Fond du Lac, Wisconsin | Sportspeople from Turlock, California | Sportspeople from the San Francisco Bay Area | Sportspeople of Ghanaian descent | Sportspeople of Nigerian descent | U.S. national anthem protests (2016–present) | Use American English from October 2019 | Use mdy dates from March 2023 | Wikipedia pages semi-protected against vandalism"
00-0026326,Colt Brennan,QB,Colt Brennan,https://en.wikipedia.org/wiki/Colt_Brennan,"Colton James Brennan (August 16, 1983 – May 11, 2021) was an American football quarterback. He played college football for the Colorado Buffaloes, Saddleback Gauchos, and Hawaii Rainbow Warriors. With the Rainbow Warriors, he was a two-time third-team All-American and two-time NCAA passing leader. Brennan was selected by the Washington Redskins of the National Football League (NFL) in the sixth round of the 2008 NFL draft, but never played in a regular season NFL game.","1983 births | 2021 deaths | All Wikipedia articles written in American English | All articles with dead external links | American football quarterbacks | Articles with dead external links from October 2025 | Articles with short description | CS1 maint: deprecated archival service | Canadian football quarterbacks | Drug-related deaths in California | Hartford Colonials players | Hawaii Rainbow Warriors football players | Los Angeles Kiss players | Mater Dei High School (Santa Ana, California) alumni | Oakland Raiders players | Players of American football from Orange County, California | Players of Canadian football from California | Saddleback Bobcats football players | Saskatchewan Roughriders players | Short description is different from Wikidata | University of Colorado Boulder alumni | Use American English from May 2021 | Use mdy dates from February 2024 | Washington Redskins players | Worcester Academy alumni"
00-0027688,Colt McCoy,QB,Colt McCoy,https://en.wikipedia.org/wiki/Colt_McCoy,"Daniel ""Colt"" McCoy (born September 5, 1986) is an American former professional football player who was a quarterback for 13 seasons in the National Football League (NFL). He played college football for the Texas Longhorns, winning several awards and honors as a senior in 2009 and ranking second all-time in games won by an FBS quarterback. McCoy was selected by the Cleveland Browns in the third round of the 2010 NFL draft and was also a member of the San Francisco 49ers, Washington Redskins, New York Giants, and Arizona Cardinals, primarily being used as a backup.","1986 births | All-American college football players | All Wikipedia articles written in American English | All articles needing additional references | All articles with dead external links | American football quarterbacks | American members of the Churches of Christ | American podcasters on American football | Arizona Cardinals players | Articles needing additional references from January 2025 | Articles with dead external links from May 2016 | Articles with dead external links from November 2016 | Articles with permanently dead external links | Articles with short description | Cleveland Browns players | Commons link from Wikidata | Living people | Maxwell Award winners | New York Giants players | People from Buffalo Gap, Texas | People from Hobbs, New Mexico | Players of American football from Abilene, Texas | Players of American football from New Mexico | San Francisco 49ers players | Short description matches Wikidata | Sportspeople from Lea County, New Mexico | Texas Longhorns football players | Underdog Fantasy people | Use American English from December 2025 | Use mdy dates from May 2024 | Walter Camp Award winners | Washington Redskins players"
00-0032893,Connor Cook,QB,Connor Cook,https://en.wikipedia.org/wiki/Connor_Cook,"Connor Cook (born January 29, 1993) is an American former professional football player who was a quarterback in the National Football League (NFL) for two seasons with the Oakland Raiders. He played college football for the Michigan State Spartans, winning the Johnny Unitas Golden Arm Award in 2015, and was selected by the Raiders in the fourth round of the 2016 NFL draft.
Cook began his rookie year as the third-string backup, but became Oakland's starter during the postseason due to injuries to Derek Carr and Matt McGloin, making him the first post-merger NFL quarterback to have his first start in a playoff game. After another season as a backup, Cook was released by the Raiders in 2018 and did not have another start. He last played professionally for the Houston Roughnecks of the XFL in 2020.","1993 births | All Wikipedia articles written in American English | American football quarterbacks | Articles with short description | Carolina Panthers players | Cincinnati Bengals players | Detroit Lions players | Houston Roughnecks players | Living people | Michigan State Spartans football players | Oakland Raiders players | People from Hinckley, Ohio | Players of American football from Ohio | Short description matches Wikidata | Sportspeople from Medina County, Ohio | Use American English from February 2024 | Use mdy dates from January 2023 | Webarchive template wayback links"
00-0034897,Connor Jessop,QB,Connor Jessop,https://en.wikipedia.org/wiki/Connor_Jessop,"Connor Jessop (born December 27, 1993) is an American former football quarterback. He played college football at Shepherd University. He signed with the Washington Redskins as an undrafted free agent in 2018.","1993 births | American football quarterbacks | Arizona Hotshots players | Articles with short description | Baltimore Brigade players | Living people | Players of American football from Ashburn, Virginia | Shepherd Rams football players | Short description is different from Wikidata | Use mdy dates from January 2019 | Washington Redskins players"
00-0030661,Connor Shaw,QB,Connor Shaw,https://en.wikipedia.org/wiki/Connor_Shaw,"Connor McClure Shaw (born September 19, 1991) is an American former professional football player who was a quarterback in the National Football League (NFL). He played college football for the South Carolina Gamecocks, starting at quarterback from 2011 through 2013. He was signed by the Cleveland Browns as an undrafted free agent in 2014. He was also a member of the Chicago Bears.","1991 births | American football quarterbacks | Articles with short description | CS1 maint: bot: original URL status unknown | Chicago Bears players | Cleveland Browns players | Coaches of American football from Georgia (U.S. state) | Commons category link from Wikidata | Furman Paladins football coaches | Living people | Players of American football from Hall County, Georgia | Short description is different from Wikidata | South Carolina Gamecocks football coaches | South Carolina Gamecocks football players | Use mdy dates from March 2024"
00-0033662,Cooper Rush,QB,Cooper Rush,https://en.wikipedia.org/wiki/Cooper_Rush,"Cooper Robert Rush (born November 21, 1993) is an American professional football quarterback. He played college football for the Central Michigan Chippewas, and was signed by the Dallas Cowboys as an undrafted free agent in 2017.","1993 births | American football quarterbacks | Articles with short description | Baltimore Ravens players | Central Michigan Chippewas football players | Commons category link from Wikidata | Dallas Cowboys players | Living people | New York Giants players | People from Charlotte, Michigan | Players of American football from Lansing, Michigan | Short description matches Wikidata | Use mdy dates from March 2024"
00-0014384,Cory Sauter,QB,Cory Sauter,https://en.wikipedia.org/wiki/Cory_Sauter,"Cory Justin Sauter (born November 21, 1974) is an American football coach and former player. He served as the head football coach at Southwest Minnesota State University from 2010 to 2021. Sauter played college football as a quarterback at the University of Minnesota and professionally in the National Football League (NFL) and NFL Europe.","1974 births | American expatriate sportspeople in Germany | American expatriate sportspeople in Spain | American football quarterbacks | Articles with short description | Barcelona Dragons (NFL Europe) players | Berlin Thunder coaches | Chicago Bears players | Coaches of American football from Minnesota | Detroit Lions players | Expatriate sports coaches | Hamburg Sea Devils coaches | Indianapolis Colts players | Living people | Minnesota Golden Gophers football coaches | Minnesota Golden Gophers football players | NFL empty currentteam parameter articles | People from Hutchinson, Minnesota | Players of American football from Minnesota | Short description matches Wikidata | Southwest Minnesota State Mustangs football coaches | Use mdy dates from June 2024"
00-0022818,Craig Krenzel,QB,Craig Krenzel,https://en.wikipedia.org/wiki/Craig_Krenzel,"Craig Krenzel (born July 1, 1981) is an American former professional football player who was a quarterback in the National Football League (NFL). He played college football for the Ohio State Buckeyes. As the starting quarterback, he led their 2002 team to a national championship. He played professionally in the NFL for one season with the Chicago Bears in 2004.","1981 births | All Wikipedia articles written in American English | American football quarterbacks | Articles with short description | Chicago Bears players | Living people | Ohio State Buckeyes football players | People from Utica, Michigan | Players of American football from Macomb County, Michigan | Short description matches Wikidata | Sportspeople from Sterling Heights, Michigan | Use American English from February 2024 | Use mdy dates from January 2019 | William V. Campbell Trophy winners"
00-0021277,Craig Nall,QB,Craig Nall,https://en.wikipedia.org/wiki/Craig_Nall,"Craig Matthew Nall (born April 21, 1979) is an American former professional football player who was a quarterback in the National Football League (NFL). He played college football for the LSU Tigers and Northwestern State Demons. Nall was selected by the Green Bay Packers in the fifth round of the 2002 NFL draft. He also played for the Buffalo Bills and Houston Texans; he also had brief stints with the Scottish Claymores of NFL Europe and the Florida Tuskers of the United Football League (UFL).","1979 births | 21st-century American sportsmen | American expatriate players of American football | American expatriate sportspeople in Scotland | American football quarterbacks | Articles with short description | Buffalo Bills players | Florida Tuskers players | Green Bay Packers players | Houston Texans players | LSU Tigers football players | Living people | Northwestern State Demons football players | Players of American football from Alexandria, Louisiana | Scottish Claymores players | Short description is different from Wikidata | Use mdy dates from January 2019"
00-0025759,Cullen Finnerty,QB,Cullen Finnerty,https://en.wikipedia.org/wiki/Cullen_Finnerty,"Cullen Finnerty (August 18, 1982 – May 27, 2013) was an American football quarterback. He played college football at Grand Valley State, leading the Grand Valley Lakers to NCAA Division II Football Championships in 2003, 2005, and 2006. He was signed by the Baltimore Ravens as an undrafted free agent in 2007. 
Finnerty was found dead on May 28, 2013, in Lake County, Michigan.","1982 births | 2010s missing person cases | 2013 deaths | All articles needing additional references | All articles with dead external links | American expatriate players of American football | American football quarterbacks | Articles needing additional references from December 2021 | Articles with dead external links from July 2019 | Articles with dead external links from July 2020 | Articles with permanently dead external links | Articles with short description | Baltimore Ravens players | CS1 maint: archived copy as title | Deaths from pneumonia in Michigan | Denver Broncos players | Grand Valley State Lakers football players | Missing person cases in Michigan | Players of American football from Michigan | Players of American football with chronic traumatic encephalopathy | Short description is different from Wikidata | Sportspeople from Brighton, Michigan | Use mdy dates from December 2021 | Webarchive template wayback links | West Michigan ThunderHawks players"
00-0027134,Curtis Painter,QB,Curtis Painter,https://en.wikipedia.org/wiki/Curtis_Painter,"Curtis Matthew Painter (born June 24, 1985) is an American former professional football player who was a quarterback in the National Football League (NFL). He played college football for the Purdue Boilermakers and was selected by the Indianapolis Colts in the sixth round of the 2009 NFL draft.","1985 births | All Wikipedia articles written in American English | All articles with dead external links | American football quarterbacks | Articles with dead external links from December 2016 | Articles with permanently dead external links | Articles with short description | Baltimore Ravens players | Commons category link is on Wikidata | Indianapolis Colts players | Living people | New York Giants players | Pages containing links to subscription-only content | People from Vincennes, Indiana | People from Watseka, Illinois | Players of American football from Indiana | Purdue Boilermakers football players | Short description is different from Wikidata | Use American English from February 2024 | Use mdy dates from January 2019"
00-0037201,D'Eriq King,QB,D'Eriq King,https://en.wikipedia.org/wiki/D%27Eriq_King,"D'Eriq King (born August 24, 1997) is an American football coach and former quarterback who is the quarterbacks coach at Southern Methodist University. He played college football at the University of Houston before transferring to the University of Miami where he played quarterback.","1997 births | All Wikipedia articles written in American English | American football quarterbacks | American football wide receivers | Articles with short description | Carolina Panthers players | Coaches of American football from Texas | DC Defenders players | Houston Cougars football players | Living people | Miami Hurricanes football players | New England Patriots players | Players of American football from Brazoria County, Texas | SMU Mustangs football coaches | Short description is different from Wikidata | Use American English from September 2019 | Use mdy dates from October 2023"
00-0024437,D.J. Shockley,QB,D. J. Shockley,https://en.wikipedia.org/wiki/D._J._Shockley,"Donald Eugene ""D. J."" Shockley (born March 23, 1983) is an American sports anchor and former professional football player. He was selected by the Atlanta Falcons in the seventh round of the 2006 NFL draft and served as a backup quarterback for four and a half years, but never played in a regular season or postseason game.  He played college football for the Georgia Bulldogs.
After his playing career, Shockley worked as a color commentator and studio analyst for college football broadcasts on the ESPN network. He became a sports anchor for WAGA-TV (Fox 5 Atlanta) in 2021.","1983 births | 20th-century African-American sportsmen | 20th-century American sportsmen | 21st-century African-American sportsmen | 21st-century American sportsmen | All Wikipedia articles written in American English | American football quarterbacks | Articles with short description | Atlanta Falcons announcers | Atlanta Falcons players | CS1 maint: bot: original URL status unknown | CS1 maint: deprecated archival service | College football announcers | Commons category link from Wikidata | Georgia Bulldogs football players | Living people | North Clayton High School alumni | Omaha Nighthawks players | Players of American football from College Park, Georgia | Players of American football from Riverdale, Georgia | Sacramento Mountain Lions players | Short description is different from Wikidata | Use American English from February 2024 | Use mdy dates from January 2019"
00-0033077,Dak Prescott,QB,Dak Prescott,https://en.wikipedia.org/wiki/Dak_Prescott,"Rayne Dakota Prescott (; born July 29, 1993) is an American professional football quarterback for the Dallas Cowboys of the National Football League (NFL). He played college football for the Mississippi State Bulldogs, twice earning first-team All-SEC honors, and was selected by the Cowboys in the fourth round of the 2016 NFL draft. Prescott ranks seventh all-time in completion percentage with at least 1,500 pass attempts, and he is eighth in the NFL's all-time regular season career passer rating.
Intended to serve as a backup in his rookie season, Prescott became the Cowboys' starting quarterback after starter Tony Romo was injured in the preseason. He went on to lead the Cowboys to the conference top seed and set several rookie quarterback records, earning him Offensive Rookie of the Year. For his philanthropy and community impact, he was awarded the Walter Payton NFL Man of the Year in 2022. Prescott has led the Cowboys to a total of four division titles, made four Pro Bowl appearances, one All-Pro selection, and finished second in the NFL MVP voting in 2023. Prescott holds several Cowboys team records, including passing yards, completion percentage, and games with three or more touchdown passes.","1993 births | 21st-century African-American sportsmen | 21st-century American sportsmen | All Wikipedia articles written in American English | American football quarterbacks | Articles with hCards | Articles with short description | Commons category link from Wikidata | Dallas Cowboys currentteam parameter articles | Dallas Cowboys players | Living people | Mississippi State Bulldogs football players | NFL Offensive Rookie of the Year winners | National Conference Pro Bowl players | People from Haughton, Louisiana | People from Sulphur, Louisiana | Players of American football from Bossier Parish, Louisiana | Players of American football from Calcasieu Parish, Louisiana | Short description matches Wikidata | Use American English from November 2025 | Use mdy dates from January 2024 | Walter Payton NFL Man of the Year winners | Wikipedia indefinitely semi-protected biographies of living people"
00-0034572,Dalton Sturm,QB,2016 New Mexico Bowl,https://en.wikipedia.org/wiki/2016_New_Mexico_Bowl,"The 2016 New Mexico Bowl was a college football bowl game played on December 17, 2016, at University Stadium in Albuquerque, New Mexico. The eleventh annual New Mexico Bowl, was one of the 2016–17 bowl games that concluded the 2016 FBS football season. The game aired on ESPN.  Sponsored by clothing company Gildan Activewear, the game was officially known as the Gildan New Mexico Bowl.","2010s in Albuquerque, New Mexico | 2016 in sports in New Mexico | 2016–17 NCAA football bowl games | All Wikipedia articles written in American English | Articles with short description | December 2016 sports events in the United States | New Mexico Bowl | New Mexico Lobos football bowl games | Short description is different from Wikidata | UTSA Roadrunners football bowl games | Use American English from December 2025 | Use mdy dates from August 2023"
00-0003600,Dameyune Craig,QB,Dameyune Craig,https://en.wikipedia.org/wiki/Dameyune_Craig,"Dameyune Vashon Craig (born April 19, 1974) is an American football coach and former player. He is the wide receivers coach for Georgia State University, a position he has held since 2024. He was most recently the wide receivers coach at Texas A&M University.  Craig played professionally as quarterback in the National Football League (NFL) for four seasons with the Carolina Panthers.","1974 births | 20th-century African-American sportsmen | 20th-century American sportsmen | 21st-century African-American sportsmen | 21st-century American sportsmen | African-American coaches of American football | All Wikipedia articles written in American English | All articles with dead external links | American football quarterbacks | Articles with dead external links from December 2016 | Articles with permanently dead external links | Articles with short description | Auburn Tigers football players | CS1: unfit URL | CS1 maint: deprecated archival service | Carolina Panthers players | Coaches of American football from Alabama | Florida State Seminoles football coaches | High school football coaches in Alabama | LSU Tigers football coaches | Living people | Ottawa Renegades players | Players of American football from Mobile, Alabama | Scottish Claymores players | Short description is different from Wikidata | South Alabama Jaguars football coaches | Texas A&M Aggies football coaches | Tuskegee Golden Tigers football coaches | Use American English from November 2025 | Use mdy dates from April 2024 | Washington Redskins players"
00-0007835,Damon Huard,QB,Damon Huard,https://en.wikipedia.org/wiki/Damon_Huard,"Damon Paul Huard (born July 9, 1973) is an American former professional football player who was a quarterback in the National Football League (NFL). He is the director of community relations and fundraising for the University of Washington football program, his alma mater.
Huard was signed by the Cincinnati Bengals as an undrafted free agent in 1996, and played 12 seasons in the NFL with the Miami Dolphins, New England Patriots, and Kansas City Chiefs. While with the Patriots, he won two Super Bowl rings as a backup.","1973 births | American football quarterbacks | Articles with short description | Cincinnati Bengals players | Commons category link is on Wikidata | Frankfurt Galaxy players | Kansas City Chiefs players | Living people | Miami Dolphins players | New England Patriots players | Players of American football from Puyallup, Washington | Players of American football from Yakima, Washington | Puyallup High School alumni | San Francisco 49ers players | Short description is different from Wikidata | Use mdy dates from January 2019 | Washington Huskies football announcers | Washington Huskies football players"
00-0027605,Dan LeFevour,QB,Dan LeFevour,https://en.wikipedia.org/wiki/Dan_LeFevour,"Daniel Terrence LeFevour (born March 19, 1987) is an American former professional football player who was a quarterback in the Canadian Football League (CFL). He was selected in the sixth round of the 2010 NFL draft by the Chicago Bears and spent time with three other NFL teams (without appearing in a regular-season game) before entering the CFL in 2012. Before his professional career begun, he played college football for the Central Michigan Chippewas. Known as a dual-threat quarterback, LeFevour previously held the record for most touchdowns scored (e.g., by passing, running and catching the ball) in the history of the NCAA, with 148 touchdowns scored. Case Keenum surpassed that record in 2011.","1987 births | All Wikipedia articles written in American English | American football quarterbacks | Articles with short description | Benet Academy alumni | CS1: unfit URL | CS1 maint: deprecated archival service | Canadian football quarterbacks | Central Michigan Chippewas football players | Chicago Bears players | Cincinnati Bengals players | Hamilton Tiger-Cats players | Indianapolis Colts players | Jacksonville Jaguars players | Living people | Montreal Alouettes players | Players of American football from DuPage County, Illinois | Players of Canadian football from Illinois | Short description matches Wikidata | Sportspeople from Downers Grove, Illinois | Tampa Bay Buccaneers players | Toronto Argonauts players | Use American English from July 2025 | Use mdy dates from January 2019 | Winnipeg Blue Bombers players"
00-0023578,Dan Orlovsky,QB,Dan Orlovsky,https://en.wikipedia.org/wiki/Dan_Orlovsky,"Daniel John Orlovsky  (born August 18, 1983) is an American football analyst for ESPN and ABC and former professional football player. He played as a quarterback for 12 seasons in the National Football League (NFL), primarily as a backup.
Orlovsky played college football for the UConn Huskies. As a junior, his 33 passing touchdowns ranked seventh in NCAA Division I-A. He was selected by the Detroit Lions in the fifth round of the 2005 NFL draft. Orlovsky also played in the NFL for the Houston Texans, Indianapolis Colts, Tampa Bay Buccaneers, and Los Angeles Rams.","1983 births | 21st-century American journalists | 21st-century American male journalists | 21st-century American sportsmen | All Wikipedia articles written in American English | All articles with unsourced statements | American Christians | American football quarterbacks | American people of Polish descent | American sports commentators | Articles with short description | Articles with unsourced statements from October 2008 | College football announcers | Commons category link from Wikidata | Detroit Lions players | ESPN people | Houston Texans players | Indianapolis Colts players | Living people | Los Angeles Rams players | NFL announcers | People from Shelton, Connecticut | Players of American football from Bridgeport, Connecticut | Short description matches Wikidata | Tampa Bay Buccaneers players | UConn Huskies football players | Use American English from December 2025 | Use mdy dates from January 2019 | Webarchive template wayback links"
00-0033999,Dane Evans,QB,Dane Evans,https://en.wikipedia.org/wiki/Dane_Evans,"Stephen Dane Evans (born November 19, 1993) is an American former professional football quarterback who played for six seasons in the Canadian Football League (CFL). He was a member of the Philadelphia Eagles, Hamilton Tiger-Cats, and BC Lions. He played college football at Tulsa.","1993 births | American football quarterbacks | Articles with short description | BC Lions players | Canadian football quarterbacks | Commons category link from Wikidata | Hamilton Tiger-Cats players | Living people | Native American players of American football | People from Sanger, Texas | Philadelphia Eagles players | Players of American football from Denton County, Texas | Players of American football from Oklahoma | Players of Canadian football from Oklahoma | Short description is different from Wikidata | Sportspeople from Chickasha, Oklahoma | Tulsa Golden Hurricane football players | Use mdy dates from June 2024"
00-0035710,Daniel Jones,QB,Daniel Jones (American football),https://en.wikipedia.org/wiki/Daniel_Jones_(American_football),"Daniel Stephen Jones III (born May 27, 1997), nicknamed ""Danny Dimes"" and ""Indiana Jones"", is an American professional football quarterback for the Indianapolis Colts of the National Football League (NFL). He played college football for the Duke Blue Devils and was selected sixth overall by the New York Giants in the 2019 NFL draft.
In 2022, Jones' fourth season, the Giants made their first playoff appearance since 2016 and won their first playoff game since 2011. The following offseason, he signed a 4-year, $160 million extension with the team. Jones was benched midway through the 2024 season and was subsequently released after nearly six seasons with the Giants. He then joined the Minnesota Vikings in 2024, where he spent the rest of the season as a backup. Following the season, Jones signed a one-year deal with the Colts, where he beat out Anthony Richardson for the starting job.

","1997 births | All Wikipedia articles written in American English | American football quarterbacks | Articles with short description | CS1 maint: numeric names: authors list | Commons category link is on Wikidata | Duke Blue Devils football players | Indianapolis Colts currentteam parameter articles | Indianapolis Colts players | Living people | Minnesota Vikings players | New York Giants players | Players of American football from Charlotte, North Carolina | Short description matches Wikidata | Sportspeople from Charlotte, North Carolina | Use American English from January 2023 | Use mdy dates from December 2024 | Wikipedia semi-protected pages"
00-0034423,Danny Etling,QB,Danny Etling,https://en.wikipedia.org/wiki/Danny_Etling,"Daniel Patrick Etling (born July 22, 1994) is an American professional football coach and former quarterback who is the assistant quarterbacks coach for the Washington Commanders of the National Football League (NFL). Etling played college football for the Purdue Boilermakers and LSU Tigers. He was selected by the New England Patriots in the seventh round of the 2018 NFL draft and also played for the Atlanta Falcons, Seattle Seahawks, Minnesota Vikings, BC Lions, Denver Broncos, Green Bay Packers, Jacksonville Jaguars, and Michigan Panthers.","1994 births | 21st-century American sportsmen | All articles with dead external links | American football quarterbacks | American football wide receivers | Articles with dead external links from August 2025 | Articles with permanently dead external links | Articles with short description | Atlanta Falcons players | BC Lions players | Canadian football quarterbacks | Coaches of American football from Indiana | Denver Broncos players | Green Bay Packers players | Jacksonville Jaguars players | LSU Tigers football players | Living people | Michigan Panthers (2022) players | Minnesota Vikings players | New England Patriots players | Players of American football from Terre Haute, Indiana | Players of Canadian football from Indiana | Purdue Boilermakers football players | Seattle Seahawks players | Short description is different from Wikidata | Use mdy dates from March 2024 | Washington Commanders coaches | Washington Commanders currentteam parameter articles"
00-0009007,Danny Kanell,QB,Danny Kanell,https://en.wikipedia.org/wiki/Danny_Kanell,"Daniel Paul Kanell (born November 21, 1973) is an American sports broadcaster and former professional football player who is employed by CBS Sports and SiriusXM as an on-air personality. He played as a quarterback in the National Football League (NFL). Kanell played college football for the Florida State Seminoles, earning second-team All-American honors in 1995. He also played in the Arena Football League (AFL).
Kanell is perhaps best known for his broadcasting career, in which he has served as a studio analyst, color commentator, and radio host. He worked as an analyst for ESPN and hosted the Russillo and Kanell show on ESPN Radio. His employment with ESPN ended on April 26, 2017, when he was part of a round of layoffs. Kanell has gone on to work for Fox Sports 1, Sirius XM, and CBS Sports.","1973 births | All Wikipedia articles written in American English | All articles with unsourced statements | American football quarterbacks | Articles with short description | Articles with unsourced statements from January 2020 | Atlanta Falcons players | Baseball first basemen | Baseball players from Fort Lauderdale, Florida | College football announcers | Denver Broncos players | Florida State Seminoles baseball players | Florida State Seminoles football players | Living people | New York Dragons players | New York Giants players | Newark Bears players | Players of American football from Fort Lauderdale, Florida | Short description matches Wikidata | Use American English from December 2023 | Use mdy dates from March 2024 | Westminster Academy (Florida) alumni"
00-0018333,Danny Wuerffel,QB,Danny Wuerffel,https://en.wikipedia.org/wiki/Danny_Wuerffel,"Daniel Carl Wuerffel (born May 27, 1974) is an American former football quarterback who played college football for the Florida Gators and professional football in the National Football League (NFL). At Florida, he was a prolific passer under head coach Steve Spurrier. Wuerffel led the NCAA in touchdown passes in 1995 and 1996 and set numerous school and conference records during his career. During his senior year in 1996, he won the Heisman Trophy while leading the Gators to their first national championship. In 2013, he was inducted into the College Football Hall of Fame.
After graduating from the University of Florida, he was selected in the 1997 NFL draft by the New Orleans Saints. He spent six years in the league with four teams, including the Green Bay Packers, the Chicago Bears and the Washington Redskins, though his playing time and on-field success in the NFL was limited. Wuerffel also played one season in NFL Europe, where he led the Rhein Fire to a league championship in World Bowl 2000.
After retiring from professional football, Wuerffel returned to New Orleans to work with Desire Street Ministries, a nonprofit organization that seeks to help impoverished neighborhoods through spiritual and community development. Wuerffel had first become involved with the organization while playing for the Saints in the late 1990s, and as the organization attempted to recover from the aftermath of Hurricane Katrina, he became its executive director. Under Wuerffel, Desire Street Ministries moved its headquarters to Atlanta and expanded its programs to other inner cities in the American South.","1974 births | All-American college football players | All Wikipedia articles written in American English | American Presbyterians | American expatriate players of American football | American expatriate sportspeople in Germany | American football quarterbacks | American male pickleball players | Articles with short description | CS1 maint: deprecated archival service | Chicago Bears players | College Football Hall of Fame inductees | Commons category link from Wikidata | Florida Gators football players | Green Bay Packers players | Heisman Trophy winners | Living people | Maxwell Award winners | New Orleans Saints players | Official website not in Wikidata | Players of American football from Fort Walton Beach, Florida | Rhein Fire players | Short description matches Wikidata | Southeastern Conference Athlete of the Year winners | Use American English from June 2023 | Use mdy dates from June 2024 | Walter Camp Award winners | Washington Redskins players | Webarchive template wayback links | William V. Campbell Trophy winners | World Bowl MVPs"
00-0023943,Darrell Hackney,QB,Darrell Hackney,https://en.wikipedia.org/wiki/Darrell_Hackney,"Darrell Hackney (born August 7, 1983) is an American former professional football player who was a quarterback in the National Football League (NFL). He played college football for the UAB Blazers. He was signed by the Cleveland Browns as an undrafted free agent in 2006.
Hackney was also a member of the Denver Broncos, Winnipeg Blue Bombers and Florida Tuskers.",1983 births | All Wikipedia articles written in American English | All articles with dead external links | American football quarterbacks | Articles with dead external links from August 2023 | Articles with permanently dead external links | Articles with short description | Canadian football quarterbacks | Cleveland Browns players | Denver Broncos players | Douglass High School (Atlanta) alumni | Florida Tuskers players | Living people | Players of American football from Atlanta | Players of Canadian football from Atlanta | Short description is different from Wikidata | UAB Blazers football players | Use American English from April 2025 | Use mdy dates from June 2024 | Webarchive template wayback links | Winnipeg Blue Bombers players
00-0003739,Daunte Culpepper,QB,Daunte Culpepper,https://en.wikipedia.org/wiki/Daunte_Culpepper,"Daunte Rachard Culpepper (born January 28, 1977) is an American former professional football quarterback who played in the National Football League (NFL) for 11 seasons, primarily with the Minnesota Vikings. He played college football for the UCF Knights, winning the Sammy Baugh Trophy in 1998, and was selected by the Vikings in the first round of the 1999 NFL draft.
During his seven seasons with the Vikings, Culpepper led the team to two playoff runs, one division title, and an NFC Championship Game appearance, along with earning three Pro Bowl selections. He also set the single-season record for the most total yardage produced by an NFL quarterback in 2004. However, Culpepper suffered a devastating knee injury the following season that ended his Vikings tenure. After his injury, he played sparingly for the Miami Dolphins, Oakland Raiders, and Detroit Lions. Culpepper last played professionally for the Sacramento Mountain Lions of the United Football League (UFL).","1977 births | 20th-century African-American sportsmen | 20th-century American sportsmen | 21st-century African-American sportsmen | 21st-century American sportsmen | All Wikipedia articles written in American English | All articles with dead external links | All articles with unsourced statements | American adoptees | American football quarterbacks | Articles with dead external links from December 2016 | Articles with dead external links from July 2022 | Articles with dead external links from September 2017 | Articles with permanently dead external links | Articles with short description | Articles with unsourced statements from August 2007 | Articles with unsourced statements from January 2008 | Articles with unsourced statements from November 2009 | CS1 maint: archived copy as title | CS1 maint: bot: original URL status unknown | CS1 maint: deprecated archival service | Commons category link from Wikidata | Detroit Lions players | Living people | Miami Dolphins players | Minnesota Vikings players | National Conference Pro Bowl players | Oakland Raiders players | People from Southwest Ranches, Florida | Players of American football from Ocala, Florida | Sacramento Mountain Lions players | Short description matches Wikidata | UCF Knights football players | Use American English from February 2023 | Use mdy dates from March 2024 | Webarchive template wayback links"
00-0001907,Dave Brown,QB,Dave Logan (American football),https://en.wikipedia.org/wiki/Dave_Logan_(American_football),"David Russell Logan (born February 2, 1954) is an American radio personality, high school football coach and former professional player. Logan played as a wide receiver for nine seasons in the National Football League (NFL) from 1976 to 1984, primarily for the Cleveland Browns. He has been the voice of Denver Broncos football for 23 years, serving as the team's color analyst for six seasons prior to sliding into the play-by-play role. He has been a major voice on 850 KOA radio in Denver for nearly 30 years, and in 2016 was the key on-air figure when iHeartMedia launched the radio station Denver Sports 760.
As of 2022, Logan had coached more than 30 seasons of high school football.  He is the only high school coach to win 10 titles with 4 different schools.  In 2021, he was inducted into the National Federation of State High School Associations Hall of Fame. Logan is one of only six players, along with Dave Winfield and Mickey McCarty, to be drafted by the NBA, NFL, and MLB.","1954 births | 20th-century American sportsmen | All Wikipedia articles written in American English | American football wide receivers | American men's basketball players | American sports radio personalities | Articles with short description | Cleveland Browns players | Colorado Buffaloes football players | Colorado Buffaloes men's basketball players | Denver Broncos announcers | Denver Broncos players | High school football coaches in Colorado | Kansas City Kings draft picks | Living people | Players of American football from Colorado | Players of American football from Fargo, North Dakota | Short description matches Wikidata | Use American English from November 2023 | Use mdy dates from June 2024"
00-0019765,Dave Dickenson,QB,Dave Dickenson,https://en.wikipedia.org/wiki/Dave_Dickenson,"David Dickenson (born January 11, 1973) is a Canadian-American professional football head coach and general manager for the Calgary Stampeders of the Canadian Football League (CFL). He played as a quarterback with the Stampeders and the BC Lions, where he won the 2006 Grey Cup and was named the game's MVP. Dickenson played college football for the Montana Grizzlies, where he led the team to the 1995 NCAA Division I-AA college football championship.","1973 births | All Wikipedia articles written in American English | American football quarterbacks | Articles with short description | BC Lions players | CS1 maint: numeric names: authors list | Calgary Stampeders coaches | Calgary Stampeders players | Canadian Football Hall of Fame inductees | Canadian Football League Most Outstanding Player Award winners | Canadian football quarterbacks | Charles M. Russell High School alumni | College Football Hall of Fame inductees | Commons category link from Wikidata | Detroit Lions players | Living people | Miami Dolphins players | Montana Grizzlies football players | Players of American football from Montana | Players of Canadian football from Montana | San Diego Chargers players | Seattle Seahawks players | Short description is different from Wikidata | Sportspeople from Great Falls, Montana | Use American English from April 2024 | Use mdy dates from June 2024 | Walter Payton Award winners"
00-0022091,Dave Ragone,QB,Dave Ragone,https://en.wikipedia.org/wiki/Dave_Ragone,"David Patrick Ragone (born October 3, 1979) is an American football coach and former quarterback who currently serves as associate offensive coordinator and quarterbacks coach for the Los Angeles Rams of the National Football League (NFL). He was previously the offensive coordinator for the Atlanta Falcons and also served as an assistant coach for the Chicago Bears, Washington Redskins and Tennessee Titans.
Ragone played college football for the Louisville Cardinals and was selected in the third round of the 2003 NFL draft. He played as a quarterback in the NFL and NFL Europe.","1979 births | 21st-century American sportsmen | American football quarterbacks | Articles with short description | Atlanta Falcons coaches | Berlin Thunder players | Carolina Panthers players | Chicago Bears coaches | Cincinnati Bengals players | Coaches of American football from Ohio | Commons category link from Wikidata | Hartford Colonials coaches | Houston Texans players | Living people | Los Angeles Rams coaches | Los Angeles Rams currentteam parameter articles | Louisville Cardinals football players | NFL offensive coordinators | People from Middleburg Heights, Ohio | Players of American football from Cuyahoga County, Ohio | Saint Ignatius High School (Cleveland) alumni | Short description is different from Wikidata | St. Louis Rams players | Tennessee Titans coaches | Use mdy dates from January 2019 | Washington Redskins coaches"
00-0035040,David Blough,QB,David Blough,https://en.wikipedia.org/wiki/David_Blough,"David Marshall Blough (born July 31, 1995) is an American professional football coach and former quarterback who is the offensive coordinator for the Washington Commanders of the National Football League (NFL). Blough played college football for the Purdue Boilermakers and played with the NFL's Cleveland Browns, Detroit Lions, Minnesota Vikings, and Arizona Cardinals. He began coaching in 2024 with the Commanders as an assistant quarterbacks coach and was promoted to offensive coordinator in 2026. Blough is married to Colombian American hurdler Melissa Gonzalez and is the brother-in-law of NFL cornerback Christian Gonzalez.","1995 births | 21st-century American sportsmen | American football quarterbacks | Arizona Cardinals players | Articles with short description | Cleveland Browns players | Coaches of American football from Texas | Commons category link from Wikidata | Detroit Lions players | Living people | Minnesota Vikings players | NFL offensive coordinators | Players of American football from Carrollton, Texas | Purdue Boilermakers football players | Short description matches Wikidata | Use mdy dates from January 2026 | Washington Commanders coaches | Washington Commanders currentteam parameter articles"
00-0020608,David Carr,QB,David Carr (American football),https://en.wikipedia.org/wiki/David_Carr_(American_football),"David Duke Carr (born July 21, 1979) is an American former professional football quarterback who played in the National Football League (NFL) for 11 seasons. Carr played college football for the Fresno State Bulldogs, winning the Johnny Unitas Golden Arm Award and Sammy Baugh Trophy in 2001. He was selected first overall by the Houston Texans in the 2002 NFL draft and was the franchise's first draft selection.
Carr spent his first five seasons as the Texans' starter, but struggled with inconsistent play. As a rookie, he also set the NFL season record for sacks taken. After being released by Houston, Carr spent the remainder of his career as a backup for the Carolina Panthers, New York Giants, and San Francisco 49ers, winning Super Bowl XLVI with the Giants. Carr later served as the offensive coordinator at Bakersfield Christian High School and was an analyst for NFL Network.","1979 births | 21st-century American sportsmen | All Wikipedia articles written in American English | All articles with dead external links | Alliance of American Football announcers | American football quarterbacks | Articles with dead external links from December 2017 | Articles with permanently dead external links | Articles with short description | Carolina Panthers players | Coaches of American football from California | Commons category link is on Wikidata | First overall NFL draft picks | Fresno State Bulldogs football players | High school football coaches in California | Houston Texans players | Living people | NFL Network people | New York Giants players | Players of American football from Bakersfield, California | San Francisco 49ers players | Short description is different from Wikidata | Use American English from October 2021 | Use mdy dates from December 2024"
00-0031076,David Fales,QB,David Fales,https://en.wikipedia.org/wiki/David_Fales,"David Daniel Fales (born October 4, 1990) is an American former professional football player who was a quarterback in the National Football League (NFL). He was selected by the Chicago Bears in the sixth round of the 2014 NFL draft. He played college football for the San Jose State Spartans.
Fales played high school football at Palma School in Salinas, California. After redshirting freshman year for the Nevada Wolfpack of the University of Nevada, Reno, Fales attended Monterey Peninsula College for two years and transferred to San Jose State University for his junior year in 2012. With Fales, the Spartans went 11–2 in 2012 with the school's first-ever BCS ranking, first AP Poll ranking since 1975, and first bowl game berth since 2006. With 31 touchdown passes in his first year with San Jose State, Fales was the most accurate FBS quarterback for the 2012 season and was MVP of the 2012 Military Bowl.","1990 births | All Wikipedia articles written in American English | American football quarterbacks | Articles with short description | Baltimore Ravens players | CS1 maint: deprecated archival service | Chicago Bears players | Commons category link from Wikidata | Detroit Lions players | Living people | Miami Dolphins players | Monterey Peninsula Lobos football players | Nevada Wolf Pack football players | New York Jets players | Players of American football from Salinas, California | San Jose State Spartans football players | Short description is different from Wikidata | Use American English from July 2025 | Use mdy dates from March 2024"
00-0021231,David Garrard,QB,David Garrard,https://en.wikipedia.org/wiki/David_Garrard,"David Douglas Garrard (born February 14, 1978) is an American former professional football player who was a quarterback in the National Football League (NFL) for nine seasons with the Jacksonville Jaguars. He played college football for the East Carolina Pirates and was selected by the Jaguars in the fourth round of the 2002 NFL draft. Garrard became the team's starter in 2007 and led them to their first playoff win since 1999. He also earned Pro Bowl honors in 2009. Following his release from Jacksonville, Garrard spent one season as a backup with the New York Jets.","1978 births | 20th-century African-American sportsmen | 20th-century American sportsmen | 21st-century African-American sportsmen | 21st-century American sportsmen | African-American Christians | All Wikipedia articles written in American English | All articles containing potentially dated statements | American football quarterbacks | Articles containing potentially dated statements from July 2020 | Articles with short description | CS1 errors: bare URL | CS1 errors: missing title | CS1 maint: archived copy as title | Commons category link is on Wikidata | East Carolina Pirates football players | Jacksonville Jaguars players | Living people | Miami Dolphins players | New York Jets players | People with Crohn's disease | Players of American football from Durham, North Carolina | Players of American football from Plainfield, New Jersey | Short description is different from Wikidata | Use American English from February 2023 | Use mdy dates from January 2019 | Webarchive template wayback links"
00-0023520,David Greene,QB,David Greene (American football),https://en.wikipedia.org/wiki/David_Greene_(American_football),"David Norman Greene (born June 22, 1982) is an American former professional football player who was a quarterback in the National Football League (NFL).  He played college football for the Georgia Bulldogs. Green was selected by the Seattle Seahawks in the third round of the 2005 NFL draft. He was also a member of the New England Patriots, Kansas City Chiefs, and Indianapolis Colts. He retired following the 2008 season, having never played in a regular season game.","1982 births | All BLP articles lacking sources | All Wikipedia articles written in American English | American football quarterbacks | Articles with short description | BLP articles lacking sources from August 2013 | CS1 maint: archived copy as title | Georgia Bulldogs football players | Indianapolis Colts players | Kansas City Chiefs players | Living people | New England Patriots players | Players of American football from Snellville, Georgia | Seattle Seahawks players | Short description matches Wikidata | Use American English from February 2024 | Use mdy dates from January 2019"
00-0019957,David Rivers,QB,David Rivers (cornerback),https://en.wikipedia.org/wiki/David_Rivers_(cornerback),"David Rivers (born July 23, 1994) is an American former professional football cornerback who played for the Tampa Bay Buccaneers of the National Football League (NFL). He played college football at Youngstown State.
He is currently the defensive backs coach at Franklin Pierce University.","1994 births | American Senior High School (Miami-Dade County, Florida) alumni | American football cornerbacks | Articles with short description | Canadian football defensive backs | Green Bay Packers players | Living people | Miami Dolphins players | New Jersey Generals (2022) players | New York Guardians players | New York Jets players | Players of American football from Miami | Players of Canadian football from Miami | Short description is different from Wikidata | St. Louis Battlehawks players | Tampa Bay Buccaneers players | Use mdy dates from January 2019 | Winnipeg Blue Bombers players | Youngstown State Penguins football players"
00-0037360,Davis Cheek,QB,Davis Cheek,https://en.wikipedia.org/wiki/Davis_Cheek,"Davis Cheek (born February 26, 1999) is an American former professional football quarterback. He was a member of the Carolina Panthers of the National Football League (NFL), New Orleans Breakers of the United States Football League (USFL), and Michigan Panthers of the United Football League (UFL). He played college football at Elon.
Cheek is the Elon's second all-time leader in career passing yards (8,548), attempts (1,149), completions (701), touchdown passes (51), and first all-time leader in career completion percentage (66.8%).","1999 births | American football quarterbacks | Articles with short description | Carolina Panthers players | Elon Phoenix football players | Living people | Michigan Panthers (2022) players | New Orleans Breakers (2022) players | People from Matthews, North Carolina | Players of American football from Mecklenburg County, North Carolina | Short description matches Wikidata | Use mdy dates from April 2025"
00-0036898,Davis Mills,QB,Davis Mills,https://en.wikipedia.org/wiki/Davis_Mills,"Davis Compton Mills (born October 21, 1998) is an American professional football quarterback for the Houston Texans of the National Football League (NFL). He played college football for the Stanford Cardinal and was selected by the Texans in the third round of the 2021 NFL draft. Mills was Houston's starter during his first two seasons, before taking on a backup role after the Texans selected C. J. Stroud.","1998 births | 21st-century American sportsmen | All Wikipedia articles written in American English | American football quarterbacks | Articles with short description | Commons category link from Wikidata | Greater Atlanta Christian School alumni | Houston Texans currentteam parameter articles | Houston Texans players | Living people | Players of American football from Gwinnett County, Georgia | Short description matches Wikidata | Sportspeople from Duluth, Georgia | Stanford Cardinal football players | Use American English from January 2026 | Use mdy dates from March 2024"
00-0033550,Davis Webb,QB,Davis Webb,https://en.wikipedia.org/wiki/Davis_Webb,"Davis Matthew Webb (born January 22, 1995) is an American professional football coach and former quarterback who is the offensive coordinator for the Denver Broncos of the National Football League (NFL). He played his first three seasons of college football for the Texas Tech Red Raiders and then the California Golden Bears, before being selected by the New York Giants in the third round of the 2017 NFL draft. In his six seasons in the NFL, he was a member of all three franchises representing cities in New York, spending the most time with the Buffalo Bills.","1995 births | American football quarterbacks | Articles with short description | Buffalo Bills players | California Golden Bears football players | Coaches of American football from Texas | Commons category link from Wikidata | Denver Broncos coaches | Denver Broncos currentteam parameter articles | Living people | NFL offensive coordinators | New York Giants players | New York Jets players | People from Prosper, Texas | Players of American football from Collin County, Texas | Players of American football from Denton County, Texas | Short description matches Wikidata | Texas Tech Red Raiders football players | Use mdy dates from January 2023"
00-0033899,DeShone Kizer,QB,DeShone Kizer,https://en.wikipedia.org/wiki/DeShone_Kizer,"DeShone Allen Kizer (; born January 3, 1996) is an American former professional football quarterback who played in the National Football League (NFL) for four seasons. He played college football for the Notre Dame Fighting Irish and was selected by the Cleveland Browns in the second round of the 2017 NFL draft. Kizer served as the Browns' starter as a rookie, but his tenure lasted only one year after going winless and leading the league in interceptions. Kizer spent his last three seasons as a backup for the Green Bay Packers, Las Vegas Raiders, and Tennessee Titans.","1996 births | 21st-century African-American sportsmen | 21st-century American sportsmen | All Wikipedia articles written in American English | American football quarterbacks | Articles with short description | Cleveland Browns players | Commons category link from Wikidata | Green Bay Packers players | Las Vegas Raiders players | Living people | Notre Dame Fighting Irish football players | Oakland Raiders players | Players of American football from Toledo, Ohio | Short description is different from Wikidata | Tennessee Titans players | Use American English from February 2024 | Use mdy dates from March 2024"
00-0026296,Dennis Dixon,QB,Dennis Dixon,https://en.wikipedia.org/wiki/Dennis_Dixon,"Dennis Lee Dixon Jr. (born January 11, 1985) is an American former professional football player who was a quarterback in the National Football League (NFL). He played college football for the Oregon Ducks. Dixon was selected by the Pittsburgh Steelers in the fifth round of the 2008 NFL draft and played with the team through 2011. He was a member of the Baltimore Ravens practice squad during the 2012 season in which they won a Super Bowl.","1985 births | 20th-century African-American sportsmen | 20th-century American sportsmen | 21st-century African-American sportsmen | 21st-century American sportsmen | African-American baseball players | All Wikipedia articles written in American English | American football quarterbacks | Arizona Cardinals players | Articles with short description | Baltimore Ravens players | Baseball outfielders | Baseball players from Oakland, California | Buffalo Bills players | Commons category link from Wikidata | Danville Braves players | Gulf Coast Braves players | Living people | Oregon Ducks football players | Philadelphia Eagles players | Pittsburgh Steelers players | Players of American football from Oakland, California | Players of American football from San Leandro, California | San Leandro High School alumni | Short description matches Wikidata | Use American English from February 2024 | Use mdy dates from August 2023 | Webarchive template wayback links"
00-0023645,Derek Anderson,QB,Derek Anderson (American football),https://en.wikipedia.org/wiki/Derek_Anderson_(American_football),"Derek Matthew Anderson (born June 15, 1983) is an American former professional football player who was a quarterback for 14 seasons in the National Football League (NFL). He played college football for the Oregon State Beavers. Anderson was selected by the Baltimore Ravens in the sixth round of the 2005 NFL draft. A 2007 Pro Bowler, he also played for the Cleveland Browns, Arizona Cardinals, Carolina Panthers, and Buffalo Bills.","1983 births | All Wikipedia articles written in American English | All articles with unsourced statements | American Conference Pro Bowl players | American football quarterbacks | Arizona Cardinals players | Articles with short description | Articles with unsourced statements from November 2022 | Baltimore Ravens players | Buffalo Bills players | Carolina Panthers players | Cleveland Browns players | Commons category link is on Wikidata | Living people | Oregon State Beavers football players | People from Scappoose, Oregon | Players of American football from Oregon | Short description is different from Wikidata | Sportspeople from the Portland metropolitan area | Use American English from February 2023 | Use mdy dates from March 2024"
00-0031280,Derek Carr,QB,Derek Carr,https://en.wikipedia.org/wiki/Derek_Carr,"Derek Dallas Carr (born March 28, 1991) is an American former professional football quarterback who played 11 seasons in the National Football League (NFL). He played college football for the Fresno State Bulldogs, receiving first-team All-Mountain West Conference honors twice before being selected by the Oakland Raiders in the second round of the 2014 NFL draft.
A four-time Pro Bowler, Carr helped the Raiders reach the playoffs during the 2016 season, the franchise's first appearance since 2002, as well as another postseason berth in 2021. Following a 2022 season that was below expectations, Carr lost his starting job and agreed with Raiders leadership to be released following the conclusion of the season. He left the Raiders as the franchise leader in passing yards, passing touchdowns, and pass completions. After leaving the Raiders, Carr played two seasons for the New Orleans Saints before announcing his retirement in 2025 due to a severe rotator cuff injury.","1991 births | All Wikipedia articles written in American English | All articles with dead external links | American Conference Pro Bowl players | American football quarterbacks | Articles with dead external links from April 2023 | Articles with permanently dead external links | Articles with short description | Commons category link is on Wikidata | Fresno State Bulldogs football players | Las Vegas Raiders players | Living people | New Orleans Saints players | Oakland Raiders players | Players of American football from Bakersfield, California | Players of American football from Fresno, California | Players of American football from Sugar Land, Texas | Short description matches Wikidata | Unconferenced Pro Bowl players | Use American English from October 2023 | Use mdy dates from January 2024"
00-0033537,Deshaun Watson,QB,Deshaun Watson,https://en.wikipedia.org/wiki/Deshaun_Watson,"Derrick Deshaun Watson (born September 14, 1995) is an American professional football quarterback for the Cleveland Browns of the National Football League (NFL). He played college football for the Clemson Tigers, leading the team to a national championship in 2016. Watson was selected in the first round of the 2017 NFL draft by the Houston Texans.
After having a productive rookie season cut short by injury, Watson guided the Texans to consecutive division titles in 2018 and 2019 and led the league in passing yards in 2020. He also received Pro Bowl honors in each of his three seasons as Houston's primary starter. He is currently 11th in career completion percentage (minimum 1,500 attempts) and is sixth in all-time career passer rating.
In 2021, Watson was sued by more than two dozen female massage therapists for sexual harassment and sexual assault. Watson has denied any wrongdoing while settling 20 claims of sexual misconduct. Disagreements with the Texans' front office, and multiple sexual-misconduct lawsuits, kept Watson out for the entire 2021 season and eventually led to a trade to the Browns in 2022.  With Cleveland, Watson signed a five-year contract worth $230 million, one of the largest contracts in NFL history.","1995 births | 21st-century African-American sportsmen | 21st-century American sportsmen | All-American college football players | All Wikipedia articles written in American English | American Conference Pro Bowl players | American football quarterbacks | Articles with short description | CS1 maint: bot: original URL status unknown | CS1 maint: numeric names: authors list | Clemson Tigers football players | Cleveland Browns currentteam parameter articles | Cleveland Browns players | Commons category link from Wikidata | Houston Texans players | Living people | Players of American football from Gainesville, Georgia | Sex scandals in the United States | Short description matches Wikidata | Use American English from September 2019 | Use mdy dates from October 2024 | Wikipedia temporarily semi-protected biographies of living people"
00-0038122,Desmond Ridder,QB,Desmond Ridder,https://en.wikipedia.org/wiki/Desmond_Ridder,"Desmond Kelly Ridder (born August 31, 1999) is an American professional football quarterback. He played college football for the Cincinnati Bearcats, earning AAC Offensive Player of the Year honors twice before being selected by the Atlanta Falcons in the third round of the 2022 NFL draft.","1999 births | All Wikipedia articles written in American English | All articles with unsourced statements | American football quarterbacks | Arizona Cardinals players | Articles with short description | Articles with unsourced statements from November 2025 | Articles with unsourced statements from September 2023 | Atlanta Falcons players | Cincinnati Bearcats football players | Cincinnati Bengals players | Commons category link from Wikidata | Green Bay Packers players | Las Vegas Raiders players | Living people | Minnesota Vikings players | Players of American football from Louisville, Kentucky | Short description is different from Wikidata | St. Xavier High School (Louisville) alumni | Use American English from February 2026 | Use mdy dates from February 2024"
00-0039801,Devin Leary,QB,Devin Leary,https://en.wikipedia.org/wiki/Devin_Leary,"Devin Leary (born September 10, 1999) is an American professional football quarterback. He played college football for the NC State Wolfpack and Kentucky Wildcats. Leary was selected by the Ravens in the sixth round of the 2024 NFL draft.","1999 births | American football quarterbacks | Articles with short description | Baltimore Ravens players | Date of birth not in Wikidata | Kentucky Wildcats football players | Living people | NC State Wolfpack football players | NFL empty currentteam parameter articles | Players of American football from Camden County, New Jersey | Short description is different from Wikidata | Sportspeople from Gloucester Township, New Jersey | Timber Creek Regional High School alumni | Use mdy dates from July 2024"
00-0035577,Devlin Hodges,QB,Devlin Hodges,https://en.wikipedia.org/wiki/Devlin_Hodges,"Devlin Patrick Hodges (born April 12, 1996), nicknamed ""Duck"", is an American former professional football player who was a quarterback in the National Football League (NFL) and Canadian Football League (CFL). He played college football for the Samford Bulldogs, after playing at Mortimer Jordan High School. He was signed by the Pittsburgh Steelers as an undrafted free agent in 2019. He was also a member of the Los Angeles Rams and Ottawa Redblacks.","1996 births | 21st-century American sportsmen | American football quarterbacks | Articles with short description | Canadian football quarterbacks | Commons category link from Wikidata | Living people | Los Angeles Rams players | Ottawa Redblacks players | Pittsburgh Steelers players | Players of American football from Jefferson County, Alabama | Players of Canadian football from Alabama | Samford Bulldogs football players | Short description is different from Wikidata | Use mdy dates from February 2023 | Walter Payton Award winners"
00-0028863,Dominique Davis,QB,Dominique Davis,https://en.wikipedia.org/wiki/Dominique_Davis,"Dominique Dion Davis (born July 17, 1989) is an American professional football quarterback. He was signed by the Atlanta Falcons of the National Football League (NFL) as an undrafted free agent in 2012. Davis played college football at Boston College, Fort Scott Community College and East Carolina University.","1989 births | 20th-century African-American sportsmen | 20th-century American sportsmen | 21st-century African-American sportsmen | 21st-century American sportsmen | All Wikipedia articles written in American English | American football quarterbacks | Articles with short description | Atlanta Falcons players | BC Lions players | Boston College Eagles football players | CS1 maint: deprecated archival service | CS1 maint: numeric names: authors list | Calgary Stampeders players | Canadian football quarterbacks | Commons category link from Wikidata | East Carolina Pirates football players | Fort Scott Greyhounds football players | Indianapolis Colts players | Living people | Montreal Alouettes players | Ottawa Redblacks players | Players of American football from Lakeland, Florida | Players of Canadian football from Florida | Short description is different from Wikidata | Tennessee Titans players | Use American English from February 2024 | Use mdy dates from January 2019 | Webarchive template wayback links | Winnipeg Blue Bombers players"
00-0011022,Donovan McNabb,QB,Donovan McNabb,https://en.wikipedia.org/wiki/Donovan_McNabb,"Donovan Jamal McNabb (born November 25, 1976) is an American former professional football quarterback who played in the National Football League (NFL) for 13 seasons, primarily with the Philadelphia Eagles. He played college football for the Syracuse Orange, receiving four first-team All-Big East honors. McNabb was selected second overall in the 1999 NFL draft by the Eagles, where he spent 11 seasons. He also spent a year each with the Washington Redskins and Minnesota Vikings.
As the Eagles' starting quarterback from 1999 to 2009, McNabb led the team to eight playoff appearances (including five consecutive from 2000 to 2004), five division titles (including four consecutive from 2001 to 2004), five NFC Championship Games (including four consecutive from 2001 to 2004), and one Super Bowl appearance in Super Bowl XXXIX. McNabb ranks ninth in quarterback rushing yards and was the fourth NFL quarterback to amass over 30,000 passing yards, 200 touchdown passes, 3,000 rushing yards, and 20 rushing touchdowns. He is also the Eagles' franchise leader in passing yards, passing touchdowns, attempts, and completions. For his accomplishments in Philadelphia, he was inducted to the Philadelphia Eagles Hall of Fame in 2013.","1976 births | African-American sports commentators | All Wikipedia articles written in American English | All articles with dead external links | All articles with unsourced statements | American football quarterbacks | American men's basketball players | American philanthropists | Articles with dead external links from June 2024 | Articles with permanently dead external links | Articles with short description | Articles with unsourced statements from June 2023 | Basketball players from Chicago | Basketball players from New Jersey | Basketball players from Philadelphia | CS1 maint: deprecated archival service | Commons category link from Wikidata | ESPN people | Fox Sports 1 people | Living people | Minnesota Vikings players | NFL Network people | NFL announcers | NFL players with retired numbers | National Conference Pro Bowl players | Nurse family | OutKick people | Philadelphia Eagles players | Players of American football from Burlington County, New Jersey | Players of American football from Chandler, Arizona | Players of American football from Chicago | Players of American football from Philadelphia | Second overall NFL draft picks | Short description matches Wikidata | Sportspeople from Moorestown, New Jersey | Sportspeople from the Delaware Valley | Sportspeople from the Phoenix metropolitan area | Syracuse Orange football players | Syracuse Orange men's basketball players | Use American English from February 2023 | Use mdy dates from May 2024 | Washington Redskins players"
00-0038583,Dorian Thompson-Robinson,QB,Dorian Thompson-Robinson,https://en.wikipedia.org/wiki/Dorian_Thompson-Robinson,"Dorian Trevor Thompson-Robinson (born November 14, 1999), also known by his initials DTR, is an American professional football quarterback for the Birmingham Stallions of the United Football League (UFL). He played college football for the UCLA Bruins, earning second-team all-conference honors in the Pac-12 in 2020 and 2021 before being selected by the Cleveland Browns in the fifth round of the 2023 NFL draft.","1999 births | 21st-century African-American sportsmen | 21st-century American sportsmen | American football quarterbacks | Articles with short description | Birmingham Stallions (2022) players | Bishop Gorman High School alumni | CS1 maint: deprecated archival service | Cleveland Browns players | Commons category link from Wikidata | Living people | Orlando Storm players | Philadelphia Eagles players | Players of American football from Columbia, South Carolina | Players of American football from Las Vegas | Short description is different from Wikidata | UCLA Bruins football players | Use mdy dates from July 2024"
00-0005363,Doug Flutie,QB,Doug Flutie,https://en.wikipedia.org/wiki/Doug_Flutie,"Douglas Richard Flutie (born October 23, 1962) is an American former professional football quarterback. In a 21-year career, Flutie played 12 seasons in the National Football League (NFL), eight seasons in the Canadian Football League (CFL), and one season in the United States Football League (USFL). He played college football for the Boston College Eagles, winning the Heisman Trophy in 1984 amid a season that saw him throw a game-winning touchdown pass in the final seconds of a ranked matchup against the Miami Hurricanes.
Flutie chose to begin his professional career with the USFL's New Jersey Generals; his unavailability to NFL teams resulted in him being selected 285th overall by the Los Angeles Rams in the 11th round of the 1985 NFL draft, the lowest drafting of a Heisman winner. After the USFL folded, Flutie spent his first four NFL seasons with the Chicago Bears and New England Patriots.
Flutie left the NFL in 1990 for the CFL, where he became regarded as one of the league's greatest players. As a member of the BC Lions, Calgary Stampeders, and Toronto Argonauts, he was named the CFL's Most Outstanding Player a record six times and won three Grey Cups. In all three of his championship victories, two with the Argonauts and one with the Stampeders, he was named Grey Cup MVP.
After his CFL success, Flutie returned to the NFL in 1998 with the Buffalo Bills, earning Pro Bowl and NFL Comeback Player of the Year honors for leading Buffalo to the playoffs. He again helped the Bills obtain a playoff berth the following season, but was controversially benched in their subsequent Wild Card defeat; the Bills would not make the playoffs for another 17 years. Flutie held his last starting role with the San Diego Chargers in 2001 and spent his final season as a backup for the Patriots. He was inducted to the College Football Hall of Fame in 2007 and the Canadian Football Hall of Fame in 2008. Flutie was also inducted to Canada's Sports Hall of Fame in 2007, becoming the first non-Canadian inductee.","1962 births | Activists from Maryland | All-American college football players | All Wikipedia articles written in American English | All articles with dead external links | All articles with unsourced statements | American Conference Pro Bowl players | American football drop kickers | American football quarterbacks | American people of Lebanese descent | American philanthropists | American television sports commentators | Articles with dead external links from February 2024 | Articles with permanently dead external links | Articles with short description | Articles with unsourced statements from January 2023 | Autism activists | BC Lions players | Boston College Eagles football players | Buffalo Bills players | Calgary Stampeders players | Canadian Football Hall of Fame inductees | Canadian Football League Most Outstanding Player Award winners | Canadian football quarterbacks | Chicago Bears players | College Football Hall of Fame inductees | Commons category link from Wikidata | ESPN people | Heisman Trophy winners | Living people | Maxwell Award winners | NFL Comeback Player of the Year winners | NFL replacement players | Natick High School alumni | New England Patriots players | New Jersey Generals players | Notre Dame Fighting Irish football announcers | Participants in American reality television series | People from Manchester, Maryland | People from Melbourne Beach, Florida | Players of American football from Brevard County, Florida | Players of American football from Maryland | Players of American football from Middlesex County, Massachusetts | Players of Canadian football from Florida | Players of Canadian football from Maryland | Players of Canadian football from Massachusetts | San Diego Chargers players | Short description is different from Wikidata | Sportspeople from Carroll County, Maryland | Sportspeople from Natick, Massachusetts | Sportspeople of Lebanese descent | Toronto Argonauts players | United Football League broadcasters | Use American English from February 2023 | Use mdy dates from February 2024 | WWE 24/7 Champions | Walter Camp Award winners | Webarchive template wayback links"
00-0019087,Doug Johnson,QB,Doug Johnson (American football),https://en.wikipedia.org/wiki/Doug_Johnson_(American_football),"Doug Johnson Jr. (born October 27, 1977) is an American former professional football player who was a quarterback for five seasons in the National Football League (NFL) during the early 2000s.  Johnson played college football for the Florida Gators, and thereafter, he played professionally for the Atlanta Falcons, the Jacksonville Jaguars, the Cincinnati Bengals, the Cleveland Browns, and the Tennessee Titans of the NFL. He is in the Florida Georgia Hall of Fame, and played in minor league baseball for the Tampa Bay Rays organization.","1977 births | All Wikipedia articles written in American English | American football quarterbacks | Articles with short description | Atlanta Falcons players | Baseball players from Gainesville, Florida | Buchholz High School alumni | Cincinnati Bengals players | Cleveland Browns players | Florida Gators baseball players | Florida Gators football players | Jacksonville Jaguars players | Living people | Players of American football from Gainesville, Florida | Short description is different from Wikidata | Tennessee Titans players | Use American English from February 2024 | Use mdy dates from January 2019 | Webarchive template wayback links"
00-0012726,Doug Pederson,QB,Doug Pederson,https://en.wikipedia.org/wiki/Doug_Pederson,"Douglas Irvin Pederson (born January 31, 1968) is an American professional football coach and former quarterback in the National Football League (NFL) who was the head coach of the Philadelphia Eagles from 2016 to 2020 and Jacksonville Jaguars from 2022 to 2024. He spent most of his 13-season playing career as a backup to Brett Favre on the Green Bay Packers, where he was a member of the team that won Super Bowl XXXI. Pederson was also a backup to Dan Marino on the Miami Dolphins and a starter for the Philadelphia Eagles and Cleveland Browns until retiring in 2004.
Pederson began his coaching career under Andy Reid, serving as an assistant for the Eagles from 2009 to 2012. After Reid became the head coach of the Kansas City Chiefs in 2013, Pederson followed him to serve as the Chiefs' offensive coordinator. Pederson returned to the Eagles as their head coach in 2016, a position he held for five seasons. His most successful season with the Eagles was in 2017 when the team won Super Bowl LII, the franchise's first Super Bowl title. As the head coach of the Jaguars for three seasons, Pederson led them to a division title and playoff victory in 2022.","1968 births | All Wikipedia articles written in American English | American football quarterbacks | American people of Swedish descent | Articles with short description | Cleveland Browns players | Coaches of American football from Washington (state) | Commons category link from Wikidata | Green Bay Packers players | High school football coaches in Louisiana | Jacksonville Jaguars head coaches | Kansas City Chiefs coaches | Living people | Louisiana–Monroe Warhawks football players | Miami Dolphins players | NFL offensive coordinators | New York/New Jersey Knights players | Pages containing links to subscription-only content | Philadelphia Eagles head coaches | Philadelphia Eagles players | Players of American football from Burlington County, New Jersey | Players of American football from Washington (state) | Rhein Fire players | Short description is different from Wikidata | Sportspeople from Bellingham, Washington | Sportspeople from Moorestown, New Jersey | Super Bowl–winning head coaches | Use American English from February 2024 | Use mdy dates from March 2024 | Webarchive template wayback links"
00-0039851,Drake Maye,QB,Drake Maye,https://en.wikipedia.org/wiki/Drake_Maye,"Drake Lee Maye (born August 30, 2002) is an American professional football quarterback for the New England Patriots of the National Football League (NFL). He played college football for the North Carolina Tar Heels, winning the Shaun Alexander Award and ACC Football Player of the Year in 2022 after leading the NCAA in total yards.
Selected third overall by New England in the 2024 NFL draft, Maye earned Pro Bowl honors during his rookie season. The following year, he led the Patriots to their first division title since 2019 en route to an appearance in Super Bowl LX, while receiving a second consecutive Pro Bowl selection and second-team All-Pro honors.","2002 births | 21st-century American sportsmen | All Wikipedia articles written in American English | American Conference Pro Bowl players | American football quarterbacks | Articles with short description | Commons category link from Wikidata | Living people | New England Patriots currentteam parameter articles | New England Patriots players | North Carolina Tar Heels football players | Players of American football from Charlotte, North Carolina | Short description matches Wikidata | Sportspeople from Huntersville, North Carolina | Use American English from March 2025 | Use mdy dates from February 2026 | Wikipedia semi-protected pages"
00-0038385,Dresser Winn,QB,Dresser Winn,https://en.wikipedia.org/wiki/Dresser_Winn,"Dresser Winn (born November 11, 1998) is an American professional football quarterback. He has been a member of the Los Angeles Rams, the Edmonton Elks and Montreal Alouettes of the Canadian Football League (CFL), and the Memphis Showboats of the United Football League (UFL). He played college football for the UT Martin Skyhawks.","1998 births | American football quarterbacks | Articles with short description | Canadian football quarterbacks | Edmonton Elks players | Living people | Los Angeles Rams players | Memphis Showboats (2022) players | Montreal Alouettes players | People from Dresden, Tennessee | Players of American football from Tennessee | Players of Canadian football from Tennessee | Short description is different from Wikidata | UT Martin Skyhawks football players | Use mdy dates from January 2024"
00-0035483,Drew Anderson,QB,Drew Anderson (American football),https://en.wikipedia.org/wiki/Drew_Anderson_(American_football),"Drew Anderson (born October 18, 1995) is an American college football coach and former quarterback. He is the quarterbacks coach for Bryant University, a position he has held since 2023. He played college football at Murray State.","1995 births | American football quarterbacks | Arizona Cardinals players | Articles with short description | Bryant Bulldogs football coaches | Buffalo Bulls football players | Diablo Valley Vikings football coaches | Diablo Valley Vikings football players | Edmonton Elks players | Living people | Miramonte High School alumni | Murray State Racers football players | Players of American football from Contra Costa County, California | San Diego State Aztecs football players | Short description is different from Wikidata | Sportspeople from Orinda, California | Use mdy dates from September 2021"
00-0001361,Drew Bledsoe,QB,Drew Bledsoe,https://en.wikipedia.org/wiki/Drew_Bledsoe,"Drew McQueen Bledsoe (born February 14, 1972) is an American former professional football quarterback who played in the National Football League (NFL) for 14 seasons, primarily with the New England Patriots. He played college football for the Washington State Cougars, earning second-team All-American honors and Pac-10 Offensive Player of the Year in 1992. Selected first overall in the 1993 NFL draft by the Patriots, Bledsoe ended a seven-year postseason drought and led the team to four playoff appearances, two division titles, and an appearance in Super Bowl XXXI. Bledsoe also earned three Pro Bowl selections and became the youngest quarterback to receive the honor in 1995.
Following a period of declining success and two consecutive seasons in which the Patriots missed the playoffs, Bledsoe suffered a near-fatal injury early in the 2001 season that led to backup Tom Brady becoming the team's starter. He was unable to regain his starting position for the remainder of the season due to Brady's success, which led to the Patriots winning their first championship in Super Bowl XXXVI and began a dynasty for the franchise. Bledsoe spent his next three seasons with the Buffalo Bills, where he received a fourth Pro Bowl selection, and his final two with the Dallas Cowboys.
While his tenure with the Patriots would be eclipsed by Brady, Bledsoe is recognized for helping rebuild the franchise and his role during their first Super Bowl-winning season when he relieved an injured Brady to help win the 2001 AFC Championship. For his accomplishments in New England, he was inducted into the Patriots Hall of Fame in 2011.","1972 births | All BLP articles lacking sources | All Wikipedia articles written in American English | All articles with dead external links | American Conference Pro Bowl players | American football quarterbacks | American people in the wine industry | American philanthropists | Articles with dead external links from July 2022 | Articles with permanently dead external links | Articles with short description | BLP articles lacking sources from January 2015 | Buffalo Bills players | Commons category link from Wikidata | Dallas Cowboys players | First overall NFL draft picks | Living people | New England Patriots players | People from Bridgewater, Massachusetts | People from Foxborough, Massachusetts | People from Medfield, Massachusetts | Players of American football from Bend, Oregon | Players of American football from Washington (state) | Short description is different from Wikidata | Sportspeople from Ellensburg, Washington | Sportspeople from Walla Walla, Washington | Use American English from February 2023 | Use mdy dates from March 2026 | Walla Walla High School alumni | Washington State Cougars football players | Webarchive template wayback links"
00-0020531,Drew Brees,QB,Drew Brees,https://en.wikipedia.org/wiki/Drew_Brees,"Drew Christopher Brees  (; born January 15, 1979) is an American former professional football quarterback who played in the National Football League (NFL) for 20 seasons. A member of the New Orleans Saints for most of his career, he is second all-time in career passing yards, career touchdown passes, and career pass completions, and third in career completion percentage. Brees also holds the record of consecutive games with a touchdown pass, with 54 games, breaking the record held by Johnny Unitas for fifty-two years. He is regarded as one of the greatest quarterbacks of all time. In 2026, Brees was inducted into the Pro Football Hall of Fame as a first-ballot selection.
Brees played college football for the Purdue Boilermakers, setting the Big Ten Conference records for completions, attempts, and yards. Due to questions over his height and arm strength, he was not selected until the second round of the 2001 NFL draft by the San Diego Chargers. Brees initially struggled before having a breakout season in 2004, earning him Pro Bowl and Comeback Player of the Year honors. Re-signed to a one-year contract, Brees suffered a potentially career-ending injury the following season, which resulted in the Chargers allowing him to leave in free agency. Joining the Saints, he brought new success to a franchise that had only seven winning seasons, five playoff appearances, and one postseason win during the 39 years prior to his arrival. From 2006 to 2020, Brees led the Saints to seven division titles (including four consecutive from 2017 to 2020), nine playoff appearances, nine playoff wins, three NFC Championship Game appearances, and the franchise's first title in Super Bowl XLIV over the Indianapolis Colts, earning him the game's MVP award.
By the conclusion of his 15 seasons in New Orleans, Brees had extended his total Pro Bowl selections to 13 and was twice named Offensive Player of the Year. He also led the league in passing yards a record seven times. Brees retired after the 2020 season and spent the following year as an analyst on NBC Sunday Night Football. He also served as an interim assistant football coach with Purdue in 2022. Brees was inducted into the Pro Football Hall of Fame in 2026, as a first ballot hall of famer.","1979 births | 21st-century American philanthropists | 21st-century American sportsmen | All-American college football players | All Wikipedia articles written in American English | All articles containing potentially dated statements | American Conference Pro Bowl players | American football quarterbacks | Articles containing potentially dated statements from August 2019 | Articles with short description | CS1 Danish-language sources (da) | CS1 maint: deprecated archival service | Commons category link from Wikidata | Krannert School of Management alumni | Living people | Maxwell Award winners | NFL Comeback Player of the Year winners | NFL Offensive Player of the Year winners | NFL announcers | National Conference Pro Bowl players | New Orleans Saints players | Players of American football from Austin, Texas | Players of American football from Dallas | Players of American football from New Orleans | Purdue Boilermakers football coaches | Purdue Boilermakers football players | San Diego Chargers players | Short description matches Wikidata | Super Bowl MVPs | Use American English from November 2022 | Use mdy dates from December 2024 | Walter Payton NFL Man of the Year winners | Webarchive template wayback links | Westlake High School (Texas) alumni | Wikipedia indefinitely semi-protected pages"
00-0022181,Drew Henson,QB,Drew Henson,https://en.wikipedia.org/wiki/Drew_Henson,"Drew Daniel Henson (born February 13, 1980) is an American former Major League Baseball (MLB) third baseman and National Football League (NFL) quarterback. He was selected by the Houston Texans in the sixth round of the 2003 NFL draft. He played college football for the Michigan Wolverines.
During his football career, Henson was a member of the Dallas Cowboys, Minnesota Vikings, and Detroit Lions. At the start of his baseball career, he was drafted by the New York Yankees in the third round of the 1998 amateur draft and played for the organization during the 2002 and 2003 seasons until he retired from the sport in 2004. As of 2015, Henson is active in organized baseball as a member of the Yankees' professional scouting staff.","1980 births | All BLP articles lacking sources | American football quarterbacks | Articles with short description | BLP articles lacking sources from August 2020 | BLP articles lacking sources from June 2023 | Baseball players from Livingston County, Michigan | Chattanooga Lookouts players | Columbus Clippers players | Dallas Cowboys players | Detroit Lions players | Gulf Coast Yankees players | Living people | Major League Baseball third basemen | Michigan Wolverines football players | Minnesota Vikings players | New York Yankees players | New York Yankees scouts | Norwich Navigators players | Pages using embedded infobox templates with the title parameter | Players of American football from Michigan | Rhein Fire players | Short description is different from Wikidata | Short description matches Wikidata | Tampa Yankees players | Use mdy dates from January 2019"
00-0035704,Drew Lock,QB,Drew Lock,https://en.wikipedia.org/wiki/Drew_Lock,"Paul Andrew Lock  (born November 10, 1996) is an American professional football quarterback for the Seattle Seahawks of the  National Football League (NFL). He played college football for the Missouri Tigers and was selected by the Denver Broncos in the second round of the 2019 NFL draft. Lock has also played for the New York Giants. He was the backup quarterback for the Seahawks in their Super Bowl LX victory.","1996 births | All Wikipedia articles written in American English | American football quarterbacks | Articles with short description | Commons category link from Wikidata | Denver Broncos players | Lee's Summit High School alumni | Living people | Missouri Tigers football players | New York Giants players | Players of American football from Columbia, Missouri | Players of American football from Denver | Seattle Seahawks currentteam parameter articles | Seattle Seahawks players | Short description matches Wikidata | Sportspeople from Lee's Summit, Missouri | Use American English from March 2025 | Use mdy dates from July 2023"
00-0024149,Drew Olson,QB,Drew Olson,https://en.wikipedia.org/wiki/Drew_Olson,"Drew Martin Olson (born April 6, 1983) is an American former professional football player who was a quarterback in the National Football League (NFL) and NFL Europe. He played college football for the UCLA Bruins. Olson was signed by the Baltimore Ravens as an undrafted free agent in 2006. He was also a member of the Carolina Panthers and San Francisco 49ers, but never appeared in a regular-season game.","1983 births | All BLP articles lacking sources | All Wikipedia articles written in American English | American football quarterbacks | Amsterdam Admirals players | Articles with short description | BLP articles lacking sources from August 2007 | Carolina Panthers players | Living people | Players of American football from Alameda County, California | Players of American football from San Francisco | San Francisco 49ers players | Short description is different from Wikidata | Sportspeople from Piedmont, California | UCLA Bruins football players | Use American English from March 2024 | Use mdy dates from June 2024"
00-0038137,Drew Plitt,QB,Drew Plitt,https://en.wikipedia.org/wiki/Drew_Plitt,"Drew Plitt (born January 9, 1998) is an American professional football quarterback. He played college football for the Ball State Cardinals.","1998 births | American football quarterbacks | Articles with short description | Ball State Cardinals football players | Cincinnati Bengals players | Dallas Renegades players | Living people | Players of American football from Ohio | Short description is different from Wikidata | Sportspeople from Loveland, Ohio | Sportspeople from the Cincinnati metropolitan area | St. Louis Battlehawks players | Use mdy dates from June 2024"
00-0025430,Drew Stanton,QB,Drew Stanton,https://en.wikipedia.org/wiki/Drew_Stanton,"Drew Emeric Stanton (born May 7, 1984) is an American former professional football player who was a quarterback for 14 seasons in the National Football League (NFL). He was selected by the Detroit Lions in the second round of the 2007 NFL draft, after playing college football for the Michigan State Spartans. Stanton was a journeyman quarterback who was a member of the New York Jets, Indianapolis Colts, Arizona Cardinals, Cleveland Browns, and for a short stint the Tampa Bay Buccaneers, coming out of retirement.","1984 births | All Wikipedia articles written in American English | All articles with unsourced statements | American football quarterbacks | Arizona Cardinals players | Articles with short description | Articles with unsourced statements from February 2007 | Cleveland Browns players | Commons category link from Wikidata | Detroit Lions players | Indianapolis Colts players | Lake Oswego High School alumni | Living people | Michigan State Spartans football players | New York Jets players | Players of American football from Lake Oswego, Oregon | Players of American football from Oakland County, Michigan | Short description matches Wikidata | Sigma Alpha Epsilon members | Sportspeople from Farmington Hills, Michigan | Sportspeople from Okemos, Michigan | Tampa Bay Buccaneers players | Use American English from February 2024 | Use mdy dates from February 2023"
00-0026865,Drew Willy,QB,Drew Willy,https://en.wikipedia.org/wiki/Drew_Willy,"Drew Michael Willy (born November 13, 1986) is an American former professional football player who was a quarterback in the Canadian Football League (CFL). He played college football at Buffalo Bulls  and was signed by the Baltimore Ravens of the National Football League (NFL) as an undrafted free agent in 2009.  Willy was also a member of the Indianapolis Colts, Las Vegas Locomotives, New York Jets, San Diego Chargers, and most notably the Saskatchewan Roughriders, Winnipeg Blue Bombers, Toronto Argonauts, and Montreal Alouettes of the CFL.","1986 births | All Wikipedia articles written in American English | American football quarterbacks | Articles with short description | Baltimore Ravens players | Buffalo Bulls football players | CS1 maint: deprecated archival service | CS1 maint: numeric names: authors list | Canadian football quarterbacks | Commons category link is on Wikidata | Indianapolis Colts players | Las Vegas Locomotives players | Living people | Montreal Alouettes players | New York Jets players | Players of American football from Morris County, New Jersey | Players of Canadian football from New Jersey | Randolph High School (New Jersey) alumni | San Diego Chargers players | Saskatchewan Roughriders players | Short description is different from Wikidata | Sportspeople from Randolph, New Jersey | Toronto Argonauts players | Use American English from July 2025 | Use mdy dates from June 2024 | Webarchive template wayback links | Winnipeg Blue Bombers players"
00-0037209,Dustin Crum,QB,Dustin Crum,https://en.wikipedia.org/wiki/Dustin_Crum,"Dustin Crum (born January 5, 1999) is an American professional football quarterback for the Montreal Alouettes of the Canadian Football League (CFL). He played college football at Kent State. Crum has also been a member of the Kansas City Chiefs of the National Football League (NFL).","1999 births | American football quarterbacks | Articles with short description | CS1 maint: numeric names: authors list | Canadian football quarterbacks | Commons category link from Wikidata | Kansas City Chiefs players | Kent State Golden Flashes football players | Living people | Montreal Alouettes players | Ottawa Redblacks players | Players of American football from Lorain County, Ohio | Players of Canadian football from Ohio | Short description is different from Wikidata | Use mdy dates from May 2023"
00-0030970,Dustin Vaughan,QB,Dustin Vaughan,https://en.wikipedia.org/wiki/Dustin_Vaughan,"Dustin Vaughan (born January 27, 1991) is a former  American football quarterback. He was signed by the Dallas Cowboys as an undrafted free agent in 2014. He played college football at West Texas A&M University.",1991 births | American football quarterbacks | Articles with short description | Baltimore Ravens players | Buffalo Bills players | Dallas Cowboys players | Living people | Pittsburgh Steelers players | Players of American football from Cleveland | San Antonio Commanders players | Short description is different from Wikidata | Use mdy dates from June 2024 | West Texas A&M Buffaloes football players
00-0035232,Dwayne Haskins,QB,Dwayne Haskins,https://en.wikipedia.org/wiki/Dwayne_Haskins,"Dwayne Haskins Jr. (May 3, 1997 – April 9, 2022) was an American professional football quarterback who played in the National Football League (NFL) for three seasons. He played college football for the Ohio State Buckeyes, setting Big Ten Conference records for single-season passing yards and passing touchdowns as a sophomore in 2018. He won the Sammy Baugh Trophy and Kellen Moore Award, along with several conference honors.
Haskins was selected by the Washington Redskins in the first round of the 2019 NFL draft, but was released after less than two seasons due to inconsistent play and questions over his work ethic. He signed with the Pittsburgh Steelers in 2021 and served as a backup until his death the following off-season when he was fatally struck by a vehicle.","1997 births | 2022 deaths | 21st-century African-American sportsmen | 21st-century American sportsmen | African-American Christians | All Wikipedia articles written in American English | American football quarterbacks | Articles with short description | Bullis School alumni | Commons category link from Wikidata | Ohio State Buckeyes football players | Pedestrian road incident deaths | People from Highland Park, New Jersey | Pittsburgh Steelers players | Players of American football from Middlesex County, New Jersey | Players of American football from Montgomery County, Maryland | Road incident deaths in Florida | Short description matches Wikidata | Sportspeople from Potomac, Maryland | Use American English from April 2022 | Use mdy dates from November 2022 | Washington Football Team players | Washington Redskins players"
00-0031510,Dylan Thompson,QB,Dylan Thompson,https://en.wikipedia.org/wiki/Dylan_Thompson,"Dylan Thompson (born October 24, 1991) is an American professional football former quarterback who is the senior director of team support and advancement for the Washington Commanders of the National Football League (NFL). He played college football for the South Carolina Gamecocks. Thompson was a member of the NFL's San Francisco 49ers and Los Angeles Rams before becoming a character coach in 2017, working with the Charleston Southern Buccaneers men's basketball team and the NFL's Detroit Lions and Houston Texans.","1991 births | 21st-century American sportsmen | American football quarterbacks | Articles with short description | Detroit Lions personnel | Houston Texans executives | Life coaches | Living people | Los Angeles Rams players | People from Boiling Springs, South Carolina | Players of American football from Spartanburg County, South Carolina | San Francisco 49ers players | Short description is different from Wikidata | South Carolina Gamecocks football players | Use mdy dates from January 2019 | Washington Commanders currentteam parameter articles | Washington Commanders executives"
00-0030526,E.J. Manuel,QB,EJ Manuel,https://en.wikipedia.org/wiki/EJ_Manuel,"Erik James ""EJ"" Manuel Jr. (born March 19, 1990) is an American former professional football player who was a quarterback in the National Football League (NFL). He played college football for the Florida State Seminoles, leading them to an Atlantic Coast Conference (ACC) championship and Orange Bowl win as a senior. Manuel was selected by the Buffalo Bills in the first round of the 2013 NFL draft.
Chosen by the Bills to be their franchise quarterback, Manuel suffered several injuries and saw his on-the-field performance struggle. After starting 10 games while throwing for 1,972 yards and 11 touchdowns as a rookie, Manuel made just a combined seven starts and threw eight touchdowns over the next three seasons, remaining behind Kyle Orton and Tyrod Taylor on the depth chart. After leaving the Bills, he spent the 2017 season with the Oakland Raiders before sitting out the following season. Manuel signed with the Kansas City Chiefs in the 2019 offseason, but retired before the start of the preseason.","1990 births | 21st-century African-American sportsmen | 21st-century American sportsmen | All Wikipedia articles written in American English | American football quarterbacks | Articles with short description | Buffalo Bills players | Commons category link is on Wikidata | Florida State Seminoles football players | Kansas City Chiefs players | Living people | Oakland Raiders players | Players of American football from Virginia Beach, Virginia | Short description matches Wikidata | Under Armour All-American football players | Use American English from February 2024 | Use mdy dates from December 2022"
00-0037068,E.J. Perry,QB,E. J. Perry (American football),https://en.wikipedia.org/wiki/E._J._Perry_(American_football),"Ernest Joseph Perry IV (born August 26, 1998) is an American professional football quarterback. He played college football for the Boston College Eagles and Brown Bears.","1998 births | 21st-century American sportsmen | All Wikipedia articles written in American English | American football quarterbacks | Articles with short description | Boston College Eagles football players | Brown Bears football players | Brown Bears men's basketball players | Canadian football quarterbacks | Houston Texans players | Jacksonville Jaguars players | Living people | Michigan Panthers (2022) players | Montreal Alouettes players | People from Andover, Massachusetts | Players of American football from Essex County, Massachusetts | Players of Canadian football from Massachusetts | Short description is different from Wikidata | Use American English from May 2026 | Use mdy dates from June 2024"
00-0035282,Easton Stick,QB,Easton Stick,https://en.wikipedia.org/wiki/Easton_Stick,"Easton Michael Stick (born September 15, 1995) is an American professional football quarterback. He played college football for the North Dakota State Bison and was selected by the Los Angeles Chargers in the fifth round of the 2019 NFL draft.

","1995 births | All articles with unsourced statements | American football quarterbacks | Articles with short description | Articles with unsourced statements from January 2026 | Atlanta Falcons players | Commons category link from Wikidata | Living people | Los Angeles Chargers players | North Dakota State Bison football players | Players of American football from Omaha, Nebraska | Short description is different from Wikidata | Use mdy dates from May 2024"
00-0022803,Eli Manning,QB,Cooper Manning,https://en.wikipedia.org/wiki/Cooper_Manning,"Cooper Archibald Manning (born March 6, 1974) is an American entrepreneur and television personality who is the host of the television show The Manning Hour for Fox Sports as well as principal and senior managing director of investor relations for AJ Capital Partners. He is the eldest son of former professional football quarterback Archie Manning, the older brother of former professional football quarterbacks Peyton Manning and Eli Manning, and the father of Texas Longhorns quarterback Arch Manning.",1974 births | All Wikipedia articles written in American English | All articles with unsourced statements | American Roman Catholics | American golf podcasters | American investors | American television hosts | Articles with hCards | Articles with short description | Articles with unsourced statements from February 2026 | Isidore Newman School alumni | Living people | Manning family | Players of American football from New Orleans | Short description matches Wikidata | University of Mississippi alumni | Use American English from November 2025 | Use mdy dates from January 2019
00-0006300,Elvis Grbac,QB,Elvis Grbac,https://en.wikipedia.org/wiki/Elvis_Grbac,"Elvis M. Grbac (born August 13, 1970) is an American former professional football quarterback who played in the National Football League (NFL) for nine seasons, most notably with the Kansas City Chiefs. He played college football for the Michigan Wolverines, winning the Sammy Baugh Trophy in 1992. Grbac was selected in the eighth round of the 1993 NFL draft by the San Francisco 49ers, where he spent his first four seasons as a backup. Grbac played his next four seasons as the Chiefs' starter.
With the Chiefs, Grbac would help lead the team to two playoff berths and one division title, along with earning Pro Bowl honors in 2000. His tenure would also be known for a quarterback controversy with Rich Gannon during the 1997 season, which drew retrospective criticism due to Gannon having greater success on the rival Oakland Raiders. Grbac played his final season for the Baltimore Ravens. After retiring, he became the athletic director at Villa Angela-St. Joseph High School, the high school he attended.","1970 births | All Wikipedia articles written in American English | All articles with unsourced statements | American Conference Pro Bowl players | American football quarterbacks | American people of Croatian descent | Articles with short description | Articles with unsourced statements from December 2025 | Baltimore Ravens players | CS1 maint: deprecated archival service | Catholics from Ohio | Kansas City Chiefs players | Living people | Michigan Wolverines football players | Players of American football from Cleveland | Players of American football from Cuyahoga County, Ohio | San Francisco 49ers players | Short description is different from Wikidata | Sportspeople from Chagrin Falls, Ohio | Use American English from February 2023 | Use mdy dates from January 2019"
00-0039331,Emory Jones,QB,Emory Jones,https://en.wikipedia.org/wiki/Emory_Jones,"Emory Jones (born April 29, 2000) is an American professional football quarterback. He had previously signed with the Baltimore Ravens of the National Football League (NFL) as an undrafted free agent prior to the 2024 season. He played college football for the Florida Gators, the Arizona State Sun Devils and the Cincinnati Bearcats.","2000 births | 21st-century American sportsmen | All Wikipedia articles written in American English | All articles with dead external links | American football quarterbacks | Arizona State Sun Devils football players | Articles with dead external links from December 2024 | Articles with permanently dead external links | Articles with short description | Atlanta Falcons players | Baltimore Ravens players | Cincinnati Bearcats football players | DC Defenders players | Date of birth not in Wikidata | Florida Gators football players | Living people | NFL empty currentteam parameter articles | Players of American football from LaGrange, Georgia | Short description is different from Wikidata | Sportspeople from Heard County, Georgia | Use American English from November 2025 | Use mdy dates from January 2025"
00-0035010,Eric Dungey,QB,Eric Dungey,https://en.wikipedia.org/wiki/Eric_Dungey,"Eric Jay Paul Dungey (born June 12, 1996) is an American former professional football quarterback. He played college football for the Syracuse Orange.","1996 births | All Wikipedia articles written in American English | All articles with unsourced statements | American football quarterbacks | Articles with short description | Articles with unsourced statements from May 2023 | Cincinnati Bengals players | Cleveland Browns players | DC Defenders players | Dallas Renegades players | Lakeridge High School alumni | Living people | New York Giants players | Players of American football from Lake Oswego, Oregon | Short description matches Wikidata | Syracuse Orange football players | Use American English from December 2025 | Use mdy dates from June 2024"
00-0018483,Eric Zeier,QB,Eric Zeier,https://en.wikipedia.org/wiki/Eric_Zeier,"Eric Royce Zeier (born September 6, 1972) is an American former professional football player who was a quarterback for six seasons in the National Football League (NFL). He played college football for the Georgia Bulldogs, setting 67 school records and 18 Southeastern Conference (SEC) records. In 1994, Zeier became the most prolific passer in SEC history as only the third quarterback in NCAA Division I history to throw for more than 11,000 yards in his career. He earned All-Academic SEC honors in 1992 and 1993 and was named UGA team captain in 1993 and 1994. He was selected by the Cleveland Browns in the third round of the 1995 NFL draft, spending his entire career as a backup. He started a number of games in the NFL for the Browns, Baltimore Ravens, and Tampa Bay Buccaneers.
Zeier continued his affiliation with UGA by serving as the color analyst at away games for the University of Georgia Bulldogs radio network, and following the retirement of Larry Munson, was the permanent color analyst from 2009 to 2025. He also featured on the Bulldog Tailgate Show and half time during home games. He currently resides in his hometown of Marietta, Georgia.","1972 births | All Wikipedia articles written in American English | American football quarterbacks | American people of German descent | Articles with short description | Atlanta Falcons players | Baltimore Ravens players | Cleveland Browns players | Commons category link is on Wikidata | Georgia Bulldogs football players | Georgia Force players | Living people | Players of American football from Marietta, Georgia | Players of American football from Pensacola, Florida | Short description is different from Wikidata | Tampa Bay Buccaneers players | Use American English from December 2023 | Use mdy dates from January 2019 | Webarchive template wayback links"
00-0026302,Erik Ainge,QB,Erik Ainge,https://en.wikipedia.org/wiki/Erik_Ainge,"Erik Douglas Ainge (born June 12, 1986) is an American former football quarterback. He played college football for the Tennessee Volunteers. He was selected by the New York Jets in the fifth round of the 2008 NFL draft but never played in an NFL game. Ainge currently hosts a daily sports talk show in Knoxville, Tennessee, on Sports Radio WNML 990 AM and 99.1 FM from 9a-12n EST.
He is the nephew of former NBA and MLB player Danny Ainge, who is currently an executive with the Utah Jazz.","1986 births | All Wikipedia articles written in American English | American football quarterbacks | American sports radio personalities | Articles with short description | Commons category link from Wikidata | Glencoe High School alumni | Living people | New York Jets players | People with bipolar disorder | Players of American football from Knoxville, Tennessee | Players of American football from Washington County, Oregon | Short description is different from Wikidata | Sportspeople from Hillsboro, Oregon | Tennessee Volunteers football players | Use American English from February 2024 | Use mdy dates from February 2024 | Webarchive template wayback links"
00-0036825,Feleipe Franks,QB,Feleipe Franks,https://en.wikipedia.org/wiki/Feleipe_Franks,"Feleipe Franks (born December 22, 1997) is an American professional football tight end for the Carolina Panthers of the National Football League (NFL). A former quarterback, he played his first three years of college football at Florida and transferred to Arkansas for his final season. Franks joined the Atlanta Falcons as an undrafted free agent in 2021.","1997 births | All Wikipedia articles written in American English | American football quarterbacks | American football tight ends | Arkansas Razorbacks football players | Articles with short description | Atlanta Falcons players | Carolina Panthers currentteam parameter articles | Carolina Panthers players | Commons category link from Wikidata | Florida Gators football players | Living people | People from Crawfordville, Florida | Players of American football from Florida | Short description matches Wikidata | Use American English from November 2025 | Use mdy dates from February 2024 | Wakulla High School alumni"
00-0035289,Gardner Minshew,QB,Gardner Minshew,https://en.wikipedia.org/wiki/Gardner_Minshew,"Gardner Flint Minshew II (born May 16, 1996) is an American professional football quarterback for the Arizona Cardinals of the National Football League (NFL). He began his college football career with the Northwest Mississippi Rangers, winning the NJCAA National Football Championship, and played his next two years for the East Carolina Pirates. Minshew used his final year of eligibility with the Washington State Cougars, setting the Pac-12 Conference season records for passing yards and completions and winning the Johnny Unitas Golden Arm Award.
Minshew was selected in the sixth round of the 2019 NFL draft by the Jacksonville Jaguars, where he played his first two seasons and set the franchise record for rookie passing touchdowns. Following two seasons as a backup with the Philadelphia Eagles, he became the starter for the Indianapolis Colts in 2023 and earned Pro Bowl honors after setting several career highs. He was named the starter for the Las Vegas Raiders in 2024, but was released after one season due to inconsistent play and injuries. Minshew spent his next season as a backup for the Kansas City Chiefs before joining the Cardinals in 2026.","1996 births | American Conference Pro Bowl players | American football quarterbacks | Arizona Cardinals currentteam parameter articles | Arizona Cardinals players | Articles with short description | Commons category link from Wikidata | East Carolina Pirates football players | Good articles | Indianapolis Colts players | Jacksonville Jaguars players | Kansas City Chiefs players | Las Vegas Raiders players | Living people | Northwest Mississippi Rangers football players | People from Flowood, Mississippi | Philadelphia Eagles players | Players of American football from Mississippi | Short description matches Wikidata | Sportspeople from Brandon, Mississippi | Use mdy dates from April 2024 | Washington State Cougars football players"
00-0031395,Garrett Gilbert,QB,Garrett Gilbert,https://en.wikipedia.org/wiki/Garrett_Gilbert,"Garrett Antone Gilbert (born July 1, 1991) is an American former professional football quarterback who played in the National Football League (NFL) for seven seasons. He played college football for the Texas Longhorns and SMU Mustangs.
Joining the NFL in 2014, Gilbert was primarily assigned to his teams' practice squads during his first four years and appeared in only one game with the Carolina Panthers. In 2019, he was the starting quarterback for the Orlando Apollos of the Alliance of American Football (AAF), where he led the league in passing yards and passer rating. Gilbert rejoined the NFL after the AAF suspended operations and started games for the Dallas Cowboys and Washington Football Team.","1991 births | All Wikipedia articles written in American English | All articles with unsourced statements | American football quarterbacks | Articles with short description | Articles with unsourced statements from November 2022 | CS1 maint: deprecated archival service | Carolina Panthers players | Cleveland Browns players | Commons category link from Wikidata | Detroit Lions players | Lake Travis High School alumni | Las Vegas Raiders players | Living people | New England Patriots players | Oakland Raiders players | Orlando Apollos players | Players of American football from Austin, Texas | SMU Mustangs football players | Short description matches Wikidata | St. Louis Rams players | Texas Longhorns football players | Under Armour All-American football players | Use American English from September 2024 | Use mdy dates from November 2022 | Washington Football Team players"
00-0032148,Garrett Grayson,QB,Garrett Grayson,https://en.wikipedia.org/wiki/Garrett_Grayson,"Garrett Bradley Grayson (born May 29, 1991) is an American former professional football player who was a quarterback in the National Football League (NFL). He played college football for the Colorado State Rams. He was selected by the New Orleans Saints in the third round of the 2015 NFL draft, but he never played in a regular season NFL game.","1991 births | All Wikipedia articles written in American English | All articles with dead external links | American football quarterbacks | Articles with dead external links from December 2019 | Articles with permanently dead external links | Articles with short description | Atlanta Falcons players | Colorado State Rams football players | Commons category link from Wikidata | Denver Broncos players | Living people | New Orleans Saints players | Players of American football from Vancouver, Washington | Salt Lake Stallions players | Short description is different from Wikidata | Use American English from February 2024 | Use mdy dates from January 2019"
00-0039482,Gavin Hardison,QB,Gavin Hardison,https://en.wikipedia.org/wiki/Gavin_Hardison,"Gavin Glen Hardison (born May 15, 2000) is an American professional football quarterback. He was most recently a member of the Hamilton Tiger-Cats of the Canadian Football League (CFL). He played college football for the New Mexico Military Institute Broncos and the UTEP Miners.","2000 births | 21st-century American sportsmen | American football quarterbacks | Articles with short description | Canadian football quarterbacks | Date of birth not in Wikidata | Hamilton Tiger-Cats players | Hobbs High School alumni | Living people | Miami Dolphins players | NFL empty currentteam parameter articles | New Mexico Military Broncos football players | People from Hobbs, New Mexico | Players of American football from New Mexico | Players of Canadian football from New Mexico | Short description is different from Wikidata | UTEP Miners football players | Use mdy dates from June 2024"
00-0030565,Geno Smith,QB,Geno Smith,https://en.wikipedia.org/wiki/Geno_Smith,"Eugene Cyril Smith III (born October 10, 1990) is an American professional football quarterback for the New York Jets of the National Football League (NFL). He played college football for the West Virginia Mountaineers, receiving first-team All-Big East honors in 2011, and was selected by the Jets in the second round of the 2013 NFL draft. Smith spent his first two seasons as the Jets' starter, but inconsistent play and injuries led to him being benched before his rookie contract ended in 2016. He played his next two seasons as a backup with the New York Giants and Los Angeles Chargers.
Joining the Seattle Seahawks in 2019, Smith became the team's starter in 2022 after the departure of Russell Wilson and had a breakout season, leading Seattle to the playoffs and holding the highest completion percentage in the league. He was named Comeback Player of the Year and earned Pro Bowl honors. Smith played with the Seahawks for two more seasons, earning a second Pro Bowl selection, before being traded to the Las Vegas Raiders in 2025 and back to the Jets in 2026.","1990 births | All Wikipedia articles written in American English | All articles with dead external links | American football quarterbacks | American people of Bahamian descent | Articles with dead external links from June 2024 | Articles with permanently dead external links | Articles with short description | CS1 maint: deprecated archival service | Las Vegas Raiders players | Living people | Los Angeles Chargers players | Miramar High School alumni | NFL Comeback Player of the Year winners | National Conference Pro Bowl players | New York Giants players | New York Jets currentteam parameter articles | New York Jets players | Players of American football from Broward County, Florida | Seattle Seahawks players | Short description matches Wikidata | Sportspeople from Miramar, Florida | Use American English from November 2025 | Use mdy dates from December 2024 | West Virginia Mountaineers football players"
00-0022112,Gibran Hamdan,QB,Gibran Hamdan,https://en.wikipedia.org/wiki/Gibran_Hamdan,"Gibran Latif Hamdan (born February 8, 1981) is an American former professional football player who was a quarterback in the National Football League (NFL) and NFL Europe. He was selected by the Washington Redskins in the seventh round of the 2003 NFL draft. He played college football for the Indiana Hoosiers. Hamdan was also a member of the Amsterdam Admirals, Los Angeles Avengers, Seattle Seahawks, San Francisco 49ers, Miami Dolphins, Buffalo Bills and Toronto Argonauts. He is the first person of Pakistani descent to play in the NFL.","1981 births | All articles with dead external links | American expatriate sportspeople in the Netherlands | American football quarterbacks | American people of Pakistani descent | American people of Palestinian descent | American players of American football of Asian descent | Amsterdam Admirals players | Articles with dead external links from October 2025 | Articles with short description | Baseball players from California | Buffalo Bills players | CS1 maint: archived copy as title | Canadian football quarterbacks | Coaches of American football from California | Expatriate players of American football | Indiana Hoosiers baseball players | Indiana Hoosiers football players | Living people | Los Angeles Avengers players | Miami Dolphins players | Players of American football from Arlington County, Virginia | Players of American football from Montgomery County, Maryland | Players of American football from San Diego | Players of Canadian football from Maryland | Players of Canadian football from Virginia | San Francisco 49ers players | Seattle Seahawks players | Short description is different from Wikidata | Sportspeople from Potomac, Maryland | Sportspeople of Pakistani descent | Toronto Argonauts players | Use mdy dates from June 2024 | Valparaiso Beacons football coaches | Washington Redskins players | Webarchive template wayback links"
00-0019658,Giovanni Carmazzi,QB,Giovanni Carmazzi,https://en.wikipedia.org/wiki/Giovanni_Carmazzi,"Giovanni Carmazzi (born April 14, 1977) is an American former professional football player who was a quarterback for two seasons with the San Francisco 49ers of the National Football League (NFL). He played college football for the Hofstra Flying Dutchmen.
He was selected by the 49ers in the third round of the 2000 NFL draft. Carmazzi spent the entirety of his NFL career as a backup, never appearing in a regular season game. After being released by the 49ers, he spent one season in NFL Europe and two seasons in the Canadian Football League (CFL).","1977 births | All Wikipedia articles written in American English | American expatriate sportspeople in Germany | American football quarterbacks | American people of Italian descent | Articles with short description | BC Lions players | Calgary Stampeders players | Canadian football quarterbacks | Hofstra Pride football players | Living people | Pacific Tigers football players | Players of American football from Sacramento, California | Players of Canadian football from Sacramento, California | Rhein Fire players | San Francisco 49ers players | Short description matches Wikidata | Use American English from February 2024 | Use mdy dates from May 2025"
00-0027602,Graham Harrell,QB,Graham Harrell,https://en.wikipedia.org/wiki/Graham_Harrell,"Graham Stanton Harrell (born May 22, 1985) is an American football coach and former quarterback. He is currently the offensive coordinator and quarterbacks coach for the Abilene Christian Wildcats. He played college football for the Texas Tech Red Raiders from 2004 to 2008 and was inducted into the College Football Hall of Fame in 2025.
He played in the Canadian Football League (CFL) and the National Football League (NFL) from 2009 to 2013, with his longest tenure as a player with the Green Bay Packers. He previously served as the offensive coordinator of the North Texas Mean Green (2016–2018), USC Trojans (2019–2021), West Virginia Mountaineers (2022), and the Purdue Boilermakers (2023-24).
Harrell was born in Brownwood, Texas. He attended high school in Ennis, Texas. After high school graduation, he enrolled at Texas Tech University and played quarterback for the Red Raiders, starting for three seasons. As a fifth-senior in 2008, he was named a first-team All-American quarterback, Heisman Trophy finalist in 2008, and set school, conference and national records for passing yards, attempts, completions, and touchdown passes.
After going undrafted in the 2009 NFL draft, he was signed by the Saskatchewan Roughriders of the Canadian Football League in 2009. He was signed into the NFL in 2010 by the Green Bay Packers, where he was a part of the Super Bowl XLV win with the Packers over the Pittsburgh Steelers. He was also a member of the New York Jets.","1985 births | Abilene Christian Wildcats football coaches | All-American college football players | All articles with dead external links | American football quarterbacks | American members of the Churches of Christ | Articles with dead external links from February 2017 | Articles with dead external links from January 2020 | Articles with dead external links from March 2017 | Articles with dead external links from October 2010 | Articles with dead external links from September 2017 | Articles with permanently dead external links | Articles with short description | CS1 maint: deprecated archival service | Canadian football quarterbacks | Coaches of American football from Texas | College Football Hall of Fame inductees | Commons category link from Wikidata | Green Bay Packers players | Living people | New York Jets players | North Texas Mean Green football coaches | Oklahoma State Cowboys football coaches | Players of American football from Ellis County, Texas | Players of Canadian football from Texas | Purdue Boilermakers football coaches | Saskatchewan Roughriders players | Short description matches Wikidata | Sportspeople from Brownwood, Texas | Sportspeople from Ennis, Texas | Texas Tech Red Raiders football players | USC Trojans football coaches | Use mdy dates from March 2024 | Washington State Cougars football coaches | Webarchive template wayback links | West Virginia Mountaineers football coaches"
00-0028146,Greg McElroy,QB,Greg McElroy,https://en.wikipedia.org/wiki/Greg_McElroy,"Gregory Vincent McElroy Jr. (born May 10, 1988) is an American football commentator and former quarterback in the National Football League (NFL). He was selected by the New York Jets in the seventh round of the 2011 NFL draft after playing college football for the Alabama Crimson Tide. During his high school career, McElroy won several awards including being named an EA Sports All-American and winning a Texas 5A state championship for Southlake Carroll. He was the starting quarterback for the Crimson Tide football team. As a junior, he led the Crimson Tide to an undefeated 14–0 season, which included the 2009 SEC Championship and BCS National Championship.
Since retiring from the NFL in 2014, McElroy has worked as a college football analyst for ESPN and ABC.","1988 births | Accuracy disputes from June 2022 | Alabama Crimson Tide football players | All accuracy disputes | All articles with dead external links | American football quarterbacks | Articles with dead external links from June 2024 | Articles with dead external links from November 2019 | Articles with permanently dead external links | Articles with short description | CS1 errors: bare URL | CS1 errors: missing title | CS1 maint: deprecated archival service | Carroll Senior High School alumni | Cincinnati Bengals players | College football announcers | Commons category link from Wikidata | ESPN people | Living people | New York Jets players | Players of American football from Southlake, Texas | Short description matches Wikidata | Sigma Alpha Epsilon members | Use mdy dates from March 2024 | XFL (2020–2023) broadcasters"
00-0005589,Gus Frerotte,QB,Gus Frerotte,https://en.wikipedia.org/wiki/Gus_Frerotte,"Gustave Joseph Frerotte (; born July 31, 1971) is an American former professional football player who was a quarterback in the National Football League (NFL). He was selected by the Washington Redskins in the seventh round of the 1994 NFL draft.  He played college football at Tulsa.
Frerotte was selected to the 1997 Pro Bowl while with the Redskins. He also played for the Detroit Lions, Denver Broncos, Cincinnati Bengals, Miami Dolphins, Minnesota Vikings, and St. Louis Rams.","1971 births | All BLP articles lacking sources | All articles with unsourced statements | American football quarterbacks | Articles with short description | Articles with unsourced statements from February 2023 | BLP articles lacking sources from February 2023 | CS1 maint: archived copy as title | Cincinnati Bengals players | Denver Broncos players | Detroit Lions players | Living people | Miami Dolphins players | Minnesota Vikings players | National Conference Pro Bowl players | Pages containing links to subscription-only content | People from Ford City, Pennsylvania | People from Kittanning, Pennsylvania | Players of American football from Armstrong County, Pennsylvania | Short description is different from Wikidata | St. Louis Rams players | Tulsa Golden Hurricane football players | Use mdy dates from March 2024 | Washington Redskins players"
00-0038550,Hendon Hooker,QB,Hendon Hooker,https://en.wikipedia.org/wiki/Hendon_Hooker,"Alan Hendon Hooker (born January 13, 1998) is an American professional football quarterback for the Tennessee Titans of the National Football League (NFL). He played college football for the Virginia Tech Hokies and Tennessee Volunteers, where he was named the SEC Offensive Player of the Year in 2022. Hooker was selected by the Detroit Lions in the third round of the 2023 NFL draft.","1998 births | American football quarterbacks | Articles with short description | Carolina Panthers players | Detroit Lions players | Living people | New York Jets players | Players of American football from Greensboro, North Carolina | Short description matches Wikidata | Tennessee Titans currentteam parameter articles | Tennessee Titans players | Tennessee Volunteers football players | Use mdy dates from September 2025 | Virginia Tech Hokies football players"
00-0019764,Henry Burris,QB,Henry Burris,https://en.wikipedia.org/wiki/Henry_Burris,"Henry Armand Burris Jr. (born June 4, 1975) is an American former professional football quarterback, and a member of the Canadian Football Hall of Fame. He is currently the co-offensive coordinator and quarterbacks coach for Florida A&M. Burris played in the Canadian Football League (CFL) from 1998 to 2016. He won three Grey Cup championships, two with the Calgary Stampeders, in 1998 and 2008, having spent 10 years of his career with them, and one with the Ottawa Redblacks in 2016. He was also a sports broadcaster and football analyst at TSN, appearing as a panel member on the network's CFL on TSN broadcasts.
Burris won the CFL's Most Outstanding Player Award in 2010 and 2015. At the time of his retirement Burris was third in all-time CFL passing yards and passing touchdowns. While playing in the CFL, he was also a member of the Saskatchewan Roughriders and Hamilton Tiger-Cats and spent time in the NFL with the Chicago Bears and Green Bay Packers. Prior to his professional career, he played college football with the Temple Owls.","1975 births | 20th-century African-American sportsmen | 20th-century American sportsmen | 21st-century African-American sportsmen | 21st-century American sportsmen | American football quarterbacks | Articles with short description | BC Lions coaches | Calgary Stampeders players | Canadian Football Hall of Fame inductees | Canadian Football League Most Outstanding Player Award winners | Canadian football quarterbacks | Chicago Bears coaches | Chicago Bears players | Coaches of American football from Oklahoma | Commons category link is on Wikidata | Florida A&M Rattlers football coaches | Green Bay Packers players | Hamilton Tiger-Cats players | Jacksonville Jaguars coaches | Living people | Los Angeles Rams coaches | Ottawa Redblacks players | People from Spiro, Oklahoma | Players of American football from Oklahoma | Players of Canadian football from Oklahoma | Saskatchewan Roughriders players | Short description is different from Wikidata | Temple Owls football players | Use mdy dates from January 2019 | Webarchive template wayback links"
00-0038749,Holton Ahlers,QB,Holton Ahlers,https://en.wikipedia.org/wiki/Holton_Ahlers,"Holton Maddux Ahlers (AYE-lurrs; born November 10, 1999) is an American former professional football quarterback. He played college football for the East Carolina Pirates. Ahlers is the career leader in passing yards, total offensive yards, passing touchdowns, touchdowns responsible for, completions, pass attempts, and rushing touchdowns by a quarterback in East Carolina history. Ahlers also played for the Arlington Renegades of the United Football League (UFL).","1999 births | American football quarterbacks | Articles with short description | CS1 maint: multiple names: authors list | Christians from North Carolina | Dallas Renegades players | Date of birth not in Wikidata | East Carolina Pirates football players | Living people | Players of American football from Greenville, North Carolina | Seattle Seahawks players | Short description matches Wikidata | Use mdy dates from November 2023"
00-0026702,Hunter Cantwell,QB,Hunter Cantwell,https://en.wikipedia.org/wiki/Hunter_Cantwell,"Hunter Cantwell (born December 30, 1985) is an American former player who was a quarterback in the National Football League (NFL). After playing college football for the Louisville Cardinals, he was signed by the Carolina Panthers as an undrafted free agent in 2009. He spent most of the 2009 season on the team's practice squad, and was promoted to the active roster late in the season. Cantwell was signed to the Baltimore Ravens' practice squad in 2010 and 2011 before becoming the quarterbacks coach for Campbellsville University. Later on, Cantwell served as head coach at Carroll County High in Kentucky in 2017 and 2018, and is currently the head coach at Christian Academy of Louisville.","1985 births | American football quarterbacks | Articles with short description | Baltimore Ravens players | Campbellsville Tigers football coaches | Carolina Panthers players | High school football coaches in Kentucky | Living people | Louisville Cardinals football players | Paducah Tilghman High School alumni | Players of American football from Chattanooga, Tennessee | Players of American football from Paducah, Kentucky | Short description is different from Wikidata | Use mdy dates from July 2020"
00-0036929,Ian Book,QB,Ian Book,https://en.wikipedia.org/wiki/Ian_Book,"Ian Michael Book (born March 30, 1998) is a former American professional football quarterback. He played college football for the Notre Dame Fighting Irish, where he is the winningest quarterback in school history, going 30–5 as a starter. After Notre Dame, Book was selected by the New Orleans Saints in the fourth round of the 2021 NFL draft.","1998 births | All Wikipedia articles written in American English | All articles with unsourced statements | American football quarterbacks | Articles with short description | Articles with unsourced statements from March 2021 | CS1 Icelandic-language sources (is) | Kansas City Chiefs players | Living people | New England Patriots players | New Orleans Saints players | Notre Dame Fighting Irish football players | Philadelphia Eagles players | Players of American football from El Dorado County, California | Short description is different from Wikidata | Sportspeople from El Dorado Hills, California | Sportspeople from Greater Sacramento | Use American English from September 2019 | Use mdy dates from September 2024"
00-0024362,Ingle Martin,QB,Ingle Martin,https://en.wikipedia.org/wiki/Ingle_Martin,"Harry Ingle Martin IV (born August 15, 1982) is an American former professional football player who was a quarterback in the National Football League (NFL) during the late 2000s.  Martin played college football for the Florida Gators and Furman Paladins, and thereafter, he was selected by the Green Bay Packers in the fifth round of the 2006 NFL draft. He was also a member of the Tennessee Titans, Kansas City Chiefs and Denver Broncos of the NFL, and the New York Sentinels of the United Football League (UFL).  After his playing career, Martin became the head football coach for Christ Presbyterian Academy, a private preparatory school in Nashville, Tennessee.","1982 births | All Wikipedia articles written in American English | American football punters | American football quarterbacks | Articles with short description | Denver Broncos players | Florida Gators football players | Furman Paladins football players | Green Bay Packers players | High school football coaches in Tennessee | Kansas City Chiefs players | Living people | New York Sentinels players | Players of American football from Memphis, Tennessee | Short description is different from Wikidata | Tennessee Titans players | Use American English from February 2024 | Use mdy dates from January 2019 | Webarchive template wayback links"
00-0039923,J.J. McCarthy,QB,J. J. McCarthy,https://en.wikipedia.org/wiki/J._J._McCarthy,"Jonathan James McCarthy (born January 20, 2003) is an American professional football quarterback for the Minnesota Vikings of the National Football League (NFL). He played college football for the Michigan Wolverines, earning Big Ten Quarterback of the Year honors after leading the Wolverines to a 15–0 record and a national championship in 2023. In his three years at Michigan, the Wolverines won three Big Ten titles and made three College Football Playoff semifinal appearances. McCarthy finished with a 27–1 record (.964) in two seasons as a starting quarterback, the highest career winning percentage in NCAA Division I Football Bowl Subdivision (FBS) history. He was selected 10th overall by the Vikings in the 2024 NFL draft. After missing his entire rookie year due to injury, McCarthy became the starter in his second season.","2003 births | All articles with dead external links | American football quarterbacks | Articles with dead external links from July 2025 | Articles with permanently dead external links | Articles with short description | Commons category link is on Wikidata | IMG Academy alumni | Living people | Michigan Wolverines football players | Minnesota Vikings currentteam parameter articles | Minnesota Vikings players | People from La Grange Park, Illinois | Players of American football from Evanston, Illinois | Short description matches Wikidata | Use mdy dates from January 2025 | Wikipedia semi-protected pages"
00-0022912,J.P. Losman,QB,J. P. Losman,https://en.wikipedia.org/wiki/J._P._Losman,"Jonathan Paul Losman (born March 12, 1981) is an American football coach and former player who serves as the quarterbacks coach for the Washington Huskies. He played professionally as a quarterback for eight seasons in the National Football League (NFL), primarily with the Buffalo Bills. He played college football for the Tulane Green Wave and was selected by the Bills in the first round (22nd overall) in the 2004 NFL draft.
Intended to replace Drew Bledsoe as Buffalo's franchise quarterback, Losman was plagued with inconsistent play, injuries, and consistent coaching turnover during his stint with the team, and he was eventually replaced by Trent Edwards. Losman's Bills career was considered a disappointment due to the fact he was taken in the same round of the draft as Eli Manning, Philip Rivers, and Ben Roethlisberger, who all went on to have successful careers as franchise quarterbacks with their teams.
Upon leaving the Bills, Losman signed with the Las Vegas Locomotives in the upstart United Football League, leading the team to winning the inaugural UFL championship game before finishing out his playing career with stints with the Oakland Raiders, Seattle Seahawks, and Miami Dolphins. He later became a college coach with Clemson and Oklahoma before joining Washington.",1981 births | All articles with dead external links | All articles with unsourced statements | American football quarterbacks | American people of Mexican descent | Articles with dead external links from May 2023 | Articles with permanently dead external links | Articles with short description | Articles with unsourced statements from April 2021 | Buffalo Bills players | Clemson Tigers football coaches | Commons category link from Wikidata | Hispanic and Latino American players of American football | Las Vegas Locomotives players | Living people | Miami Dolphins players | Oakland Raiders players | Oklahoma Sooners football coaches | Players of American football from Los Angeles | Seattle Seahawks players | Short description is different from Wikidata | Sports coaches from Los Angeles | Sportspeople of Mexican descent | Tulane Green Wave football players | UCLA Bruins football players | Use mdy dates from January 2019 | Venice High School (Los Angeles) alumni | Washington Huskies football coaches
00-0034126,J.T. Barrett,QB,J. T. Barrett,https://en.wikipedia.org/wiki/J._T._Barrett,"Joseph Thomas Barrett IV (born January 23, 1995) is an American football coach and former quarterback who is the quarterbacks coach for the Chicago Bears of the National Football League (NFL). He played college football for the Ohio State Buckeyes, earning third-team All-American honors in 2014. Barrett was signed as an undrafted free agent by the NFL's New Orleans Saints in 2018. He also played for the Seattle Seahawks, Pittsburgh Steelers, and Edmonton Elks.
After retiring as a player, Barrett pursued a coaching career and was an assistant coach for the Detroit Lions from 2022 to 2024.","1995 births | American football quarterbacks | Articles with short description | Chicago Bears coaches | Chicago Bears currentteam parameter articles | Coaches of American football from Oklahoma | Commons category link from Wikidata | Detroit Lions coaches | Edmonton Elks players | Living people | New Orleans Saints players | Ohio State Buckeyes football players | Pittsburgh Steelers players | Players of American football from Wichita Falls, Texas | Seattle Seahawks players | Short description matches Wikidata | The Spring League players | Use mdy dates from October 2023"
00-0021296,J.T. O'Sullivan,QB,J. T. O'Sullivan,https://en.wikipedia.org/wiki/J._T._O%27Sullivan,"John Thomas O'Sullivan (born August 25, 1979) is an American former professional football player who was a quarterback for nine seasons in the National Football League (NFL), two seasons in NFL Europe and one season in the Canadian Football League (CFL). He played college football for the UC Davis Aggies of the University of California, Davis, where he was a three-year starter and threw for career totals of 10,745 yards and 96 touchdowns. He was named a first-team All-American in 2000 and a  second-team All-American in 2001. He was inducted into the Cal Aggie Athletics Hall of Fame in 2008.
O'Sullivan was selected by the New Orleans Saints in the sixth round of the 2002 NFL draft. He also spent time with 10 other NFL teams: the Green Bay Packers, Chicago Bears, Minnesota Vikings, New England Patriots, Carolina Panthers, Detroit Lions, San Francisco 49ers, Cincinnati Bengals, San Diego Chargers, and Oakland Raiders. He was a backup for the majority of his NFL career but began the 2008 season as the starter for the 49ers. He also played for the Frankfurt Galaxy of NFL Europe in 2004 and 2007, leading the Galaxy to the World Bowl each year. He earned All-NFL Europa and NFL Europa Co-Offensive MVP honors in 2007. O'Sullivan spent the final season of his professional career as a backup for the Saskatchewan Roughriders of the CFL.
In 2018, he started the YouTube channel ""The QB School"", where he analyzes quarterbacks. He was the head football coach of Patrick Henry High School in San Diego from 2019 to 2021.","1979 births | All Wikipedia articles written in American English | American football quarterbacks | Articles with short description | CS1 maint: bot: original URL status unknown | CS1 maint: deprecated archival service | Canadian football quarterbacks | Carolina Panthers players | Chicago Bears players | Cincinnati Bengals players | Coaches of American football from California | Commons category link is on Wikidata | Detroit Lions players | Frankfurt Galaxy players | Good articles | Green Bay Packers players | High school football coaches in California | Jesuit High School (Carmichael) alumni | Living people | Minnesota Vikings players | New England Patriots players | New Orleans Saints players | Oakland Raiders players | Phi Delta Theta members | Players of American football from Burbank, California | Players of Canadian football from California | San Diego Chargers players | San Diego State University faculty | San Francisco 49ers players | Saskatchewan Roughriders players | Short description is different from Wikidata | Sportspeople from Carmichael, California | UC Davis Aggies football players | University of San Diego alumni | Use American English from February 2024 | Use mdy dates from February 2024 | YouTubers from California"
00-0025388,JaMarcus Russell,QB,JaMarcus Russell,https://en.wikipedia.org/wiki/JaMarcus_Russell,"JaMarcus Trenell Russell (born August 9, 1985) is an American former professional football quarterback who played in the National Football League (NFL) for three seasons with the Oakland Raiders. He played college football for the LSU Tigers, winning the Manning Award as a junior en route to becoming the most valuable player of the 2007 Sugar Bowl.
Russell was selected first overall by the Raiders in the 2007 NFL draft, but his tenure was marked by inconsistent play and questions over his work ethic. He was released from Oakland in 2010 and, despite attempts at an NFL return, was unable to sign with another team. Due to not meeting the expectations of being the first pick and the short length of his career, he is considered one of the NFL's biggest draft busts.","1985 births | All Wikipedia articles written in American English | American football quarterbacks | Articles with short description | CS1: unfit URL | CS1 maint: bot: original URL status unknown | Commons category link from Wikidata | First overall NFL draft picks | LSU Tigers football players | Living people | Oakland Raiders players | Players of American football from Mobile, Alabama | Short description matches Wikidata | Use American English from August 2023 | Use mdy dates from March 2024 | Webarchive template wayback links | Wikipedia indefinitely move-protected pages | Wikipedia indefinitely semi-protected biographies of living people"
00-0037390,Jack Coan,QB,Jack Coan,https://en.wikipedia.org/wiki/Jack_Coan,"Jack Christopher Coan (born December 8, 1998) is an American professional football quarterback for the Saskatchewan Roughriders of the Canadian Football League (CFL). He played college football for the Wisconsin Badgers and Notre Dame Fighting Irish.","1998 births | All Wikipedia articles written in American English | American football quarterbacks | Articles with short description | Canadian football quarterbacks | Commons category link from Wikidata | Indianapolis Colts players | Living people | Notre Dame Fighting Irish football players | People from Sayville, New York | Players of American football from Islip, New York | Players of Canadian football from New York (state) | San Antonio Brahmas players | Saskatchewan Roughriders players | Short description is different from Wikidata | Use American English from April 2026 | Use mdy dates from October 2020 | Wisconsin Badgers football players"
00-0034074,Jack Heneghan,QB,Jack Heneghan,https://en.wikipedia.org/wiki/Jack_Heneghan,"Jack Francis Heneghan (born February 13, 1996) is an American former football quarterback. He played college football for the Dartmouth Big Green, and signed with the San Francisco 49ers as an undrafted free agent. He also played for the Arizona Hotshots of the Alliance of American Football (AAF).","1996 births | American football quarterbacks | Arizona Hotshots players | Articles with short description | Commons category link from Wikidata | Dartmouth Big Green football players | Living people | Players of American football from San Mateo County, California | San Francisco 49ers players | Short description is different from Wikidata | Sportspeople from Atherton, California | Use mdy dates from April 2026"
00-0039501,Jack Plummer,QB,Jack Plummer,https://en.wikipedia.org/wiki/Jack_Plummer,"Jack Plummer (born October 21, 1999) is an American professional football quarterback for the Orlando Storm of the United Football League (UFL). He played college football for the Purdue Boilermakers, California Golden Bears, and Louisville Cardinals before signing with the Carolina Panthers as an undrafted free agent in 2024.","1999 births | All Wikipedia articles written in American English | American football quarterbacks | Articles with short description | California Golden Bears football players | Carolina Panthers players | Living people | Louisville Cardinals football players | Orlando Storm players | Players of American football from Maricopa County, Arizona | Purdue Boilermakers football players | Short description is different from Wikidata | Use American English from March 2026 | Use mdy dates from January 2025"
00-0036226,Jacob Eason,QB,Jacob Eason,https://en.wikipedia.org/wiki/Jacob_Eason,"Jacob Henry Eason (born November 17, 1997) is an American professional football quarterback. He played college football for the Washington Huskies and Georgia Bulldogs and was selected by the Indianapolis Colts in the fourth round of the 2020 NFL draft.
Eason attended Lake Stevens High School in Lake Stevens, Washington, and was rated by Rivals as a five-star recruit. He was ranked as the best pro-style quarterback and best player overall in the 2016 class. Eason committed to the University of Georgia to play college football on July 19, 2014. He transferred to the University of Washington in 2018, though he had to sit out the 2018 season because of NCAA transfer eligibility rules. After starting in 2019, Eason decided to forgo his senior season at the University of Washington and enter the NFL draft.","1997 births | All Wikipedia articles written in American English | American football quarterbacks | Articles with short description | Carolina Panthers players | Commons category link from Wikidata | Georgia Bulldogs football players | Green Bay Packers players | Indianapolis Colts players | Living people | New York Giants players | People from Lake Stevens, Washington | Players of American football from Snohomish County, Washington | San Francisco 49ers players | Seattle Seahawks players | Short description matches Wikidata | Sportspeople from the Seattle metropolitan area | Use American English from September 2019 | Use mdy dates from July 2024 | Washington Huskies football players"
00-0033119,Jacoby Brissett,QB,Jacoby Brissett,https://en.wikipedia.org/wiki/Jacoby_Brissett,"Jacoby JaJuan Brissett (born December 11, 1992) is an American professional football quarterback for the Arizona Cardinals of the National Football League (NFL). Following a stint with the Florida Gators, he played college football for the NC State Wolfpack and was selected by the New England Patriots in the third round of the 2016 NFL draft. Brissett was traded to the Indianapolis Colts after his rookie season, where he was their primary starter in 2017 and 2019. He spent his next four seasons alternating as the starter and backup with the Miami Dolphins, Cleveland Browns, Washington Commanders, and Patriots before joining the Cardinals in 2025.","1992 births | American football quarterbacks | Arizona Cardinals currentteam parameter articles | Arizona Cardinals players | Articles with short description | CS1 maint: bot: original URL status unknown | Cleveland Browns players | Commons category link from Wikidata | Florida Gators football players | Indianapolis Colts players | Living people | Miami Dolphins players | NC State Wolfpack football players | New England Patriots players | Players of American football from West Palm Beach, Florida | Short description matches Wikidata | Use mdy dates from September 2024 | Washington Commanders players | William T. Dwyer High School alumni"
00-0035100,Jake Browning,QB,Jake Browning,https://en.wikipedia.org/wiki/Jake_Browning,"Jacob Christopher Browning (born April 11, 1996) is an American professional football quarterback for the Tampa Bay Buccaneers of the National Football League (NFL). He played college football for the Washington Huskies and signed with the Minnesota Vikings as an undrafted free agent in 2019.","1996 births | American football quarterbacks | Articles with short description | Cincinnati Bengals players | Commons category link from Wikidata | Living people | Minnesota Vikings players | Players of American football from Sacramento County, California | Short description is different from Wikidata | Sportspeople from Folsom, California | Tampa Bay Buccaneers currentteam parameter articles | Tampa Bay Buccaneers players | Use mdy dates from June 2023 | Washington Huskies football players"
00-0032490,Jake Coker,QB,Jake Coker,https://en.wikipedia.org/wiki/Jake_Coker,"Bryant Jacob ""Jake"" Coker (born August 4, 1992) is an American former football player. He played college football for the Florida State Seminoles and Alabama Crimson Tide. He won the national championship as the starting quarterback of the Alabama Crimson Tide in 2015.","1992 births | Alabama Crimson Tide football players | All Wikipedia articles written in American English | American football quarterbacks | Arizona Cardinals players | Articles with short description | Florida State Seminoles football players | Living people | Players of American football from Mobile, Alabama | Short description is different from Wikidata | Use American English from March 2025 | Use mdy dates from August 2021"
00-0004161,Jake Delhomme,QB,Jake Delhomme,https://en.wikipedia.org/wiki/Jake_Delhomme,"Jake Christopher Delhomme ( də-LOHM; born January 10, 1975) is an American former professional football player who was a quarterback in the National Football League (NFL). Delhomme played college football at the University of Louisiana at Lafayette, then known as the University of Southwestern Louisiana, before being signed by the New Orleans Saints as an undrafted free agent after the 1997 NFL draft. Delhomme began his professional career as a practice squad player with the Saints in 1997 and 1998 and played in the NFL Europe for two years in between NFL seasons. Returning to the Saints, Delhomme played his first NFL games in 1999. Delhomme played as the Carolina Panthers starting quarterback from 2003 to 2009. Delhomme held many of Carolina's quarterback records until Cam Newton broke most of them. Delhomme led the team to Super Bowl XXXVIII in his first season with Carolina. After his departure from Carolina, Delhomme also played for the Cleveland Browns in 2010 and Houston Texans in 2011.","1975 births | 21st-century American sportsmen | All Wikipedia articles written in American English | All articles with dead external links | American football quarterbacks | Amsterdam Admirals players | Articles with dead external links from August 2025 | Articles with dead external links from January 2017 | Articles with dead external links from May 2017 | Articles with dead external links from November 2010 | Articles with dead external links from November 2016 | Articles with permanently dead external links | Articles with short description | CS1 maint: archived copy as title | CS1 maint: deprecated archival service | Cajun sportspeople | Carolina Panthers announcers | Carolina Panthers players | Catholics from Louisiana | Cleveland Browns players | Commons category link from Wikidata | Frankfurt Galaxy players | Houston Texans players | Living people | Louisiana Ragin' Cajuns football players | National Conference Pro Bowl players | New Orleans Saints players | People from Breaux Bridge, Louisiana | Players of American football from St. Martin Parish, Louisiana | Short description is different from Wikidata | Use American English from February 2023 | Use mdy dates from March 2024 | Webarchive template wayback links | Wikipedia indefinitely move-protected pages"
00-0035394,Jake Dolegala,QB,Jake Dolegala,https://en.wikipedia.org/wiki/Jake_Dolegala,"Jake Dolegala (born October 7, 1996) is an American professional football quarterback for the Hamilton Tiger-Cats of the Canadian Football League (CFL). He played college football at Central Connecticut, and signed with the Cincinnati Bengals as an undrafted free agent in 2019. He has also been a member of the New England Patriots, Green Bay Packers, Miami Dolphins, Saskatchewan Roughriders, BC Lions, and Winnipeg Blue Bombers.","1996 births | American football quarterbacks | Articles with short description | BC Lions players | Canadian football quarterbacks | Central Connecticut Blue Devils football players | Cincinnati Bengals players | Commons category link from Wikidata | Green Bay Packers players | Hamilton Tiger-Cats players | Living people | Miami Dolphins players | New England Patriots players | Players of American football from Erie County, New York | Players of Canadian football from New York (state) | Saskatchewan Roughriders players | Short description is different from Wikidata | Sportspeople from Hamburg, New York | Use mdy dates from June 2021 | Winnipeg Blue Bombers players"
00-0036197,Jake Fromm,QB,Jake Fromm,https://en.wikipedia.org/wiki/Jake_Fromm,"William Jacob Fromm (born July 30, 1998) is an American former professional football player who was a quarterback in the National Football League (NFL). He played college football for the Georgia Bulldogs and was selected by the Buffalo Bills in the fifth round of the 2020 NFL draft. Fromm was also a member of the New York Giants and Washington Commanders.","1998 births | All Wikipedia articles written in American English | All articles with unsourced statements | American football quarterbacks | Articles with short description | Articles with unsourced statements from March 2023 | Buffalo Bills players | Christians from Georgia (U.S. state) | Commons category link from Wikidata | Detroit Lions players | Georgia Bulldogs football players | Living people | New York Giants players | Players of American football from Warner Robins, Georgia | Short description matches Wikidata | Use American English from September 2019 | Use mdy dates from December 2024 | Washington Commanders players"
00-0038998,Jake Haener,QB,Jake Haener,https://en.wikipedia.org/wiki/Jake_Haener,"Jake Haener (born March 10, 1999) is an American professional football quarterback. He played college football for the Washington Huskies and Fresno State Bulldogs. Haener was selected by the New Orleans Saints in the fourth round of the 2023 NFL draft.","1999 births | American football quarterbacks | Articles with short description | CS1 maint: numeric names: authors list | Fresno State Bulldogs football players | Kansas City Chiefs players | Living people | Monte Vista High School (Danville, California) alumni | New Orleans Saints players | Players of American football from Danville, California | Short description matches Wikidata | Use mdy dates from December 2024 | Washington Huskies football players"
00-0032073,Jake Heaps,QB,Jake Heaps,https://en.wikipedia.org/wiki/Jake_Heaps,"Jake Heaps (born June 19, 1991) is an American former professional football quarterback who is the personal quarterback coach for Russell Wilson of the New York Giants. He was signed by the New York Jets as an undrafted free agent in 2015. Heaps played for three universities during his collegiate career including Miami (FL), Kansas and Brigham Young. Heaps worked as a radio host on 710 ESPN Seattle in addition to working for the Russell Wilson Passing Academy. On February 5, 2025, Heaps was announced as the new head football coach at Legend High School in Parker, Colorado.","1991 births | American football quarterbacks | Articles with short description | BC Lions players | BYU Cougars football players | Brigham Young University alumni | Brooklyn Bolts players | Canadian football quarterbacks | Competitors on American Ninja Warrior | Kansas Jayhawks football players | Latter Day Saints from Washington (state) | Living people | Miami Hurricanes football players | New York Jets players | Players of American football from Washington (state) | Players of Canadian football from Washington (state) | Saskatchewan Roughriders players | Seattle Seahawks players | Short description is different from Wikidata | Sportspeople from Issaquah, Washington | Use mdy dates from January 2019"
00-0027946,Jake Locker,QB,Jake Locker,https://en.wikipedia.org/wiki/Jake_Locker,"Jacob Cooper Locker (born June 15, 1988) is an American former professional football player who was a quarterback for the Tennessee Titans of the National Football League (NFL). He played college football for the Washington Huskies and was selected by the Titans with the eighth overall pick in the 2011 NFL draft.
A backup during his entire rookie season, after becoming the Titans' starting quarterback for the 2012 season, Locker compiled a 9–14 career record with the Titans over the next three seasons. He abruptly retired after the 2014 season, with the end of his rookie contract, following an injury-plagued, four-year professional career.","1988 births | All Wikipedia articles written in American English | All articles with unsourced statements | American football quarterbacks | American members of the Churches of Christ | Articles with short description | Articles with unsourced statements from May 2024 | Articles with unsourced statements from November 2024 | CS1 maint: deprecated archival service | Commons category link from Wikidata | Living people | People from Ferndale, Washington | Players of American football from Washington (state) | Short description matches Wikidata | Tennessee Titans players | Use American English from February 2024 | Use mdy dates from March 2024 | Washington Huskies football players | Webarchive template wayback links"
00-0036312,Jake Luton,QB,Jake Luton,https://en.wikipedia.org/wiki/Jake_Luton,"Jake Luton (born April 11, 1996) is a former American professional football quarterback. He was selected by the Jacksonville Jaguars in the sixth round of the 2020 NFL draft. He played college football for the Idaho Vandals, Ventura Pirates, and Oregon State Beavers.","1996 births | American football quarterbacks | Articles with short description | Carolina Panthers players | Commons category link from Wikidata | Idaho Vandals football players | Jacksonville Jaguars players | Las Vegas Raiders players | Living people | Miami Dolphins players | New Orleans Saints players | Oregon State Beavers football players | People from Marysville, Washington | Players of American football from Snohomish County, Washington | Seattle Seahawks players | Short description is different from Wikidata | Sportspeople from the Seattle metropolitan area | Use mdy dates from March 2024 | Ventura Pirates football players"
00-0013042,Jake Plummer,QB,Jake Plummer,https://en.wikipedia.org/wiki/Jake_Plummer,"Jason Steven ""Jake"" Plummer (born December 19, 1974) is an American former professional football player who was a quarterback for 10 seasons in the National Football League (NFL). He played college football for the Arizona State Sun Devils. Plummer was selected by the Arizona Cardinals in the second round of the 1997 NFL draft, spending six seasons with the Cardinals and then four with the Denver Broncos.
Since retiring from the field, he launched Umbo, a functional mushroom supplement company alongside former UFC Champion Rashad Evans. He subsequently founded MyCOLove Farm in Fort Lupton, Colorado, to better understand mushrooms and mycology.
His nickname, ""Jake the Snake"", has no connection to professional wrestler Jake ""the Snake"" Roberts. Coincidentally, Plummer and Roberts each adopted the nickname as a tribute to former Oakland Raiders quarterback Ken Stabler, who was nicknamed ""Snake.""","1974 births | All Wikipedia articles in need of updating | All Wikipedia articles written in American English | All articles containing potentially dated statements | American Conference Pro Bowl players | American cannabis activists | American football quarterbacks | American people of German descent | Arizona Cardinals players | Arizona State Sun Devils football players | Articles containing potentially dated statements from 2017 | Articles with short description | Capital High School (Boise, Idaho) alumni | College Football Hall of Fame inductees | College football announcers | Commons category link from Wikidata | Denver Broncos players | Living people | Players of American football from Boise, Idaho | Short description matches Wikidata | Sportspeople from Sandpoint, Idaho | Tampa Bay Buccaneers players | Use American English from February 2023 | Use mdy dates from January 2019 | Webarchive template wayback links | Wikipedia articles in need of updating from August 2021"
00-0032431,Jake Rudock,QB,Jake Rudock,https://en.wikipedia.org/wiki/Jake_Rudock,"Jacob Michael Rudock ( ROO-dok; born January 21, 1993) is an American former professional football player who was a quarterback for five seasons in the National Football League (NFL). He was a starting quarterback playing college football for the 2013 and 2014 Iowa Hawkeyes and 2015 Michigan Wolverines. He was selected by the Detroit Lions in the sixth round of the 2016 NFL draft.","1993 births | All Wikipedia articles written in American English | American football quarterbacks | Articles with short description | Commons category link from Wikidata | Detroit Lions players | Iowa Hawkeyes football players | Living people | Miami Dolphins players | Michigan Wolverines football players | Players of American football from Broward County, Florida | Short description matches Wikidata | Sportspeople from Weston, Florida | St. Thomas Aquinas High School (Florida) alumni | Use American English from February 2024 | Use mdy dates from June 2024"
00-0035570,Jalan McClendon,QB,Jalan McClendon,https://en.wikipedia.org/wiki/Jalan_McClendon,"Jalan McClendon (born October 21, 1995) is an American professional football quarterback for the Columbus Aviators of the United Football League (UFL). Initially committing to NC State and serving as a backup quarterback, he played his final year of college football with the Baylor Bears football program. After spending some time in the offseason with both the Baltimore Ravens and the Washington Redskins, McClendon was selected by the Los Angeles Wildcats, where he backed up Josh Johnson at quarterback until the cancellation of the 2020 XFL season due to the COVID-19 pandemic.","1995 births | All Wikipedia articles written in American English | American football quarterbacks | Articles using sports links with data from Wikidata | Articles with short description | Baltimore Ravens players | Baylor Bears football players | Columbus Aviators players | DC Defenders players | Date of birth not in Wikidata | Houston Gamblers (UFL) players | Living people | Los Angeles Wildcats (XFL) players | NC State Wolfpack football players | Players of American football from Charlotte, North Carolina | Short description matches Wikidata | Use American English from March 2026 | Use mdy dates from January 2024 | Vegas Vipers players | Washington Redskins players"
00-0036389,Jalen Hurts,QB,Jalen Hurts,https://en.wikipedia.org/wiki/Jalen_Hurts,"Jalen Alexander Hurts (born August 7, 1998) is an American professional football quarterback for the Philadelphia Eagles of the National Football League (NFL). He began his college football career with the Alabama Crimson Tide, leading the team to consecutive College Football Playoff National Championship appearances in 2016 and 2017. After three seasons at Alabama, Hurts used his final year of eligibility with the Oklahoma Sooners and made an appearance in the 2019–20 College Football Playoff.
Hurts was selected by the Eagles in the second round of the 2020 NFL draft, becoming their starter near the end of his rookie season. He had a breakout season in 2022 when he led the Eagles to their conference's top seed and an appearance in Super Bowl LVII, earning him Pro Bowl and second-team All-Pro honors. Two years later, Hurts won Super Bowl LIX and was named Super Bowl MVP. As the team's starting quarterback, he has led the Eagles to a total of five playoff appearances, three division titles, and two Super Bowl appearances. He has also received three Pro Bowl selections.","1998 births | Alabama Crimson Tide football players | All Wikipedia articles written in American English | American football quarterbacks | Articles with hCards | Articles with short description | CS1 maint: deprecated archival service | Living people | National Conference Pro Bowl players | Oklahoma Sooners football players | Philadelphia Eagles currentteam parameter articles | Philadelphia Eagles players | Players of American football from Harris County, Texas | Short description matches Wikidata | Super Bowl MVPs | Use American English from December 2025 | Use mdy dates from February 2025 | Wikipedia temporarily semi-protected biographies of living people"
00-0031755,Jameill Showers,QB,Jameill Showers,https://en.wikipedia.org/wiki/Jameill_Showers,"Jameill Lamonte Showers (born September 6, 1991) is an American former professional football quarterback and safety in the National Football League (NFL) for the Dallas Cowboys. He played college football at the University of Texas at El Paso.","1991 births | All articles with dead external links | American football quarterbacks | American football safeties | Articles with dead external links from September 2024 | Articles with permanently dead external links | Articles with short description | Dallas Cowboys players | Living people | Players of American football from Killeen, Texas | Short description is different from Wikidata | Texas A&M Aggies football players | UTEP Miners football players | Use mdy dates from January 2019"
00-0031503,Jameis Winston,QB,Jameis Winston,https://en.wikipedia.org/wiki/Jameis_Winston,"Jameis Lanaed Winston ( JAY-miss; born January 6, 1994) is an American professional football quarterback for the New York Giants of the National Football League (NFL). Winston played college football for the Florida State Seminoles, becoming the youngest player to win the Heisman Trophy and leading his team to victory in the 2014 BCS National Championship Game during his freshman year. He was selected first overall by the Tampa Bay Buccaneers in the 2015 NFL draft.
Winston set several franchise rookie records for the Buccaneers, earning him Pro Bowl honors, and led the league in passing yards during the 2019 season. However, he was unable to reach the playoffs with Tampa Bay and his 2019 campaign was also marked with him leading the league in interceptions, including setting the NFL season record for interceptions returned for touchdowns. After his rookie contract with the Buccaneers expired, Winston played for the New Orleans Saints and Cleveland Browns, alternating as a starter and backup, before joining the Giants in 2025.","1994 births | 21st-century African-American sportsmen | 21st-century American sportsmen | African-American baseball players | All-American college football players | All Wikipedia articles written in American English | All articles with criticism or controversy sections | All articles with dead external links | American football quarterbacks | Articles with criticism or controversy sections from April 2025 | Articles with dead external links from August 2023 | Articles with dead external links from August 2025 | Articles with permanently dead external links | Articles with short description | Baseball pitchers | Baseball players from Alabama | Campus sexual assault | Cleveland Browns players | Commons category link from Wikidata | First overall NFL draft picks | Florida State Seminoles baseball players | Florida State Seminoles football players | Heisman Trophy winners | Hueytown High School alumni | Living people | New Orleans Saints players | New York Giants currentteam parameter articles | New York Giants players | Players of American football from Bessemer, Alabama | Sex scandals in the United States | Short description matches Wikidata | Sportspeople from Hueytown, Alabama | Tampa Bay Buccaneers players | Unconferenced Pro Bowl players | Under Armour All-American football players | Use American English from December 2024 | Use mdy dates from March 2024 | Walter Camp Award winners | Wikipedia indefinitely semi-protected biographies of living people"
00-0038683,James Blackman,QB,James Blackman,https://en.wikipedia.org/wiki/James_Blackman,"James Blackman (born November 14, 1998) is an American football quarterback for the Orlando Pirates of the Indoor Football League (IFL). He played college football for the Florida State Seminoles and Arkansas State. He was signed by the Miami Dolphins as an undrafted free agent following the 2023 NFL draft.","1998 births | All Wikipedia articles written in American English | American football quarterbacks | Arkansas State Red Wolves football players | Articles with short description | Florida State Seminoles football players | Living people | Miami Dolphins players | Orlando Pirates (IFL) players | Players of American football from Belle Glade, Florida | Short description is different from Wikidata | Use American English from September 2019 | Use mdy dates from September 2019"
00-0036301,James Morgan,QB,James Morgan (gridiron football),https://en.wikipedia.org/wiki/James_Morgan_(gridiron_football),"James Morgan (born February 28, 1997) is an American professional football quarterback for the Montreal Alouettes of the Canadian Football League (CFL). He played college football for the Bowling Green Falcons and FIU Panthers before being selected by the New York Jets in the fourth round of the 2020 NFL draft.","1997 births | American football quarterbacks | Arizona Cardinals players | Articles with short description | Bowling Green Falcons football players | Canadian football quarterbacks | Carolina Panthers players | Commons category link from Wikidata | FIU Panthers football players | Indianapolis Colts players | Living people | Montreal Alouettes players | New York Jets players | Pittsburgh Maulers (2022) players | Pittsburgh Steelers players | Players of American football from Green Bay, Wisconsin | Players of Canadian football from Wisconsin | Short description is different from Wikidata | Use mdy dates from April 2021"
00-0010455,Jamie Martin,QB,Jamie Martin (American football),https://en.wikipedia.org/wiki/Jamie_Martin_(American_football),"Jamie Blane Martin (born February 8, 1970) is an American football coach and former professional quarterback who played in the National Football League (NFL). He is the passing game coordinator and quarterbacks coach for Missouri Baptist University, positions he has held since 2026. He played college football for the Weber State Wildcats and was signed by the Los Angeles Rams as an undrafted free agent after the 1993 NFL draft.
Martin was also a member of the Washington Redskins, Jacksonville Jaguars, Cleveland Browns, New York Jets, New Orleans Saints, and San Francisco 49ers of the NFL, and the Amsterdam Admirals of NFL Europe.","1970 births | American football quarterbacks | Amsterdam Admirals players | Articles with short description | Cleveland Browns players | Commons category link from Wikidata | Jacksonville Jaguars players | Living people | Los Angeles Rams players | New Orleans Saints players | New York Jets players | People from Arroyo Grande, California | Players of American football from Los Angeles | Players of American football from Orange, California | Players of American football from San Luis Obispo County, California | Players of American football from Santa Ana, California | San Diego Chargers players | San Francisco 49ers players | Short description is different from Wikidata | St. Louis Rams players | Use mdy dates from June 2024 | Walter Payton Award winners | Washington Redskins players | Weber State Wildcats football players"
00-0033106,Jared Goff,QB,Jared Goff,https://en.wikipedia.org/wiki/Jared_Goff,"Jared Thomas Goff (born October 14, 1994) is an American professional football quarterback for the Detroit Lions of the National Football League (NFL). He played college football for the California Golden Bears, setting Pac-12 Conference single-season records for passing yards and passing touchdowns. Goff was selected with the first overall pick by the Los Angeles Rams in the 2016 NFL draft. He had a breakout season in 2017, leading the Rams to their first playoff appearance since 2004. The following year, Goff led the Rams to Super Bowl LIII. He received Pro Bowl honors in both seasons.

Goff was traded to the Detroit Lions in 2021. In his third year with Detroit, Goff led the Lions to their first playoff win since 1991 as the team advanced to the NFC Championship Game. He earned Pro Bowl honors again in 2022, 2024 and 2025.","1994 births | All Wikipedia articles written in American English | American football quarterbacks | Articles with short description | California Golden Bears football players | Commons category link from Wikidata | Detroit Lions currentteam parameter articles | Detroit Lions players | First overall NFL draft picks | Living people | Los Angeles Rams players | Marin Catholic High School alumni | National Conference Pro Bowl players | Players of American football from Marin County, California | Short description matches Wikidata | Sportspeople from Novato, California | Sportspeople from San Rafael, California | Use American English from November 2025 | Use mdy dates from December 2024"
00-0022590,Jared Lorenzen,QB,Jared Lorenzen,https://en.wikipedia.org/wiki/Jared_Lorenzen,"Jared Raymond Lorenzen (February 14, 1981 – July 3, 2019) was an American professional football player who was a quarterback for four seasons with the New York Giants of the National Football League (NFL). He played college football for the Kentucky Wildcats, setting the school records for passing yards and passing touchdowns, and was signed by the Giants as an undrafted free agent in 2004. At 285 lb (129 kg), Lorenzen was the heaviest quarterback to play in the NFL. He was nicknamed ""Hefty Lefty"" because of his weight and being left-handed.
Seeing little playing time in the NFL, Lorenzen spent his entire career as a backup, although he was part of the Giants team that won Super Bowl XLII. Following a preseason stint with the Indianapolis Colts, Lorenzen played indoor football for the AF2, Ultimate Indoor Football League (UIFL), and Continental Indoor Football League (CIFL) from 2009 to 2014. He also served as the commissioner of the UIFL in 2012.
Lorenzen struggled with his weight throughout most of his life, which was exacerbated following a leg injury that ended his playing career. Amid various health complications deriving from his weight, he died in 2019 at the age of 38.","1981 births | 2019 deaths | American football quarterbacks | Articles with short description | CS1 maint: deprecated archival service | Commons category link from Wikidata | High school football coaches in Kentucky | Highlands High School (Fort Thomas, Kentucky) alumni | Indianapolis Colts players | Infectious disease deaths in Kentucky | Kentucky Horsemen players | Kentucky Wildcats football players | New York Giants players | Northern Kentucky River Monsters players | Owensboro Rage players | Players of American football from Kentucky | Short description is different from Wikidata | Sportspeople from Covington, Kentucky | Use mdy dates from January 2019 | Webarchive template wayback links"
00-0038598,Jaren Hall,QB,Jaren Hall,https://en.wikipedia.org/wiki/Jaren_Hall,"Jaren Thomas Hall (born March 24, 1998) is an American former professional football quarterback. He played college football for the BYU Cougars and was selected by the Minnesota Vikings in the 5th round of the 2023 NFL draft.","1998 births | American football quarterbacks | Articles with short description | BYU Cougars baseball players | BYU Cougars football players | CS1 maint: numeric names: authors list | Living people | Minnesota Vikings players | People from Spanish Fork, Utah | Players of American football from Utah County, Utah | Seattle Seahawks players | Short description is different from Wikidata | Use mdy dates from June 2024"
00-0019682,Jarious Jackson,QB,Jarious Jackson,https://en.wikipedia.org/wiki/Jarious_Jackson,"Jarious K. Jackson (born May 3, 1977) is an American professional football coach and former player who is the quarterbacks coach for the Calgary Stampeders of the Canadian Football League (CFL). He was the interim head coach of the Edmonton Elks in 2024. He has also been a coach for the Toronto Argonauts, Saskatchewan Roughriders, BC Lions, and Winnipeg Blue Bombers. Jackson played professionally as a quarterback in the CFL for eight seasons with the Lions and one year with the Argonauts where he won three Grey Cup championships in 2006, 2011, and 2012. He was also a member of the Denver Broncos (NFL), to whom he was drafted 214th overall in the 2000 NFL draft, and the Barcelona Dragons (NFL Europe). Jackson played college football for the Notre Dame Fighting Irish.","1977 births | 20th-century African-American sportsmen | 20th-century American sportsmen | 21st-century African-American sportsmen | 21st-century American sportsmen | All Wikipedia articles written in American English | All articles with dead external links | American football quarterbacks | Articles with dead external links from June 2016 | Articles with short description | BC Lions coaches | BC Lions players | Barcelona Dragons (NFL Europe) players | Calgary Stampeders players | Canadian football quarterbacks | Coaches of American football from Mississippi | Commons category link from Wikidata | Denver Broncos players | Edmonton Elks coaches | Living people | Notre Dame Fighting Irish football players | Players of American football from Tupelo, Mississippi | Players of Canadian football from Mississippi | Saskatchewan Roughriders coaches | Short description is different from Wikidata | Toronto Argonauts coaches | Toronto Argonauts players | Tupelo High School alumni | Use American English from February 2024 | Use mdy dates from October 2011 | Webarchive template wayback links | Winnipeg Blue Bombers coaches"
00-0037650,Jarrett Guarantano,QB,Jarrett Guarantano,https://en.wikipedia.org/wiki/Jarrett_Guarantano,"Jarrett James Guarantano (born November 14, 1997) is an American professional football quarterback. He played college football for the Tennessee Volunteers and Washington State Cougars.","1997 births | American football quarterbacks | Arizona Cardinals players | Articles with short description | Bergen Catholic High School alumni | Denver Broncos players | Houston Gamblers (2022) players | Houston Gamblers (UFL) players | Living people | NFL empty currentteam parameter articles | People from Lodi, New Jersey | Players of American football from Bergen County, New Jersey | San Antonio Brahmas players | Short description matches Wikidata | Tennessee Volunteers football players | Use mdy dates from January 2024 | Washington State Cougars football players"
00-0035264,Jarrett Stidham,QB,Jarrett Stidham,https://en.wikipedia.org/wiki/Jarrett_Stidham,"Jarrett Ryan Stidham (born August 8, 1996) is an American professional football quarterback for the Denver Broncos of the National Football League (NFL). He played college football for the Auburn Tigers following a stint with the Baylor Bears. Stidham was selected by the New England Patriots in the fourth round of the 2019 NFL draft, where he spent his first three seasons as a backup. He played his next season for the Las Vegas Raiders, becoming the team's starter near the end of the year. Stidham joined the Broncos in 2023 and was their starter in the 2025 AFC Championship Game following an injury to Bo Nix.","1996 births | All Wikipedia articles written in American English | American adoptees | American football quarterbacks | Articles with short description | Auburn Tigers football players | Baylor Bears football players | Commons category link from Wikidata | Denver Broncos currentteam parameter articles | Denver Broncos players | Las Vegas Raiders players | Living people | New England Patriots players | People from Corbin, Kentucky | Players of American football from Erath County, Texas | Players of American football from Kentucky | Short description matches Wikidata | Sportspeople from Stephenville, Texas | Use American English from January 2026 | Use mdy dates from October 2023 | Webarchive template wayback links"
00-0039575,Jason Bean,QB,Jason Bean (American football),https://en.wikipedia.org/wiki/Jason_Bean_(American_football),"Jason Bean (born June 9, 1999) is an American professional football quarterback for the DC Defenders of the United Football League (UFL). He played college football for the North Texas Mean Green and the Kansas Jayhawks. He was drafted first overall in the 2024 UFL draft by the Memphis Showboats.","1999 births | American football quarterbacks | Articles with short description | DC Defenders players | Date of birth not in Wikidata | Indianapolis Colts players | Kansas Jayhawks football players | Living people | Louisville Kings players | North Texas Mean Green football players | Players of American football from Mansfield, Texas | Players of American football from Tarrant County, Texas | Short description is different from Wikidata | Use mdy dates from June 2024"
00-0023460,Jason Campbell,QB,Jason Campbell,https://en.wikipedia.org/wiki/Jason_Campbell,"Jason S. Campbell (born December 31, 1981) is an American former professional football player who was a quarterback in the National Football League (NFL). He played college football for the Auburn Tigers and was selected by the Washington Redskins in the first round of the 2005 NFL draft. Campbell also played for the Oakland Raiders, Chicago Bears, Cleveland Browns, and Cincinnati Bengals. After his playing career, he became an analyst for Auburn Sports Network.","1981 births | 20th-century African-American sportsmen | 20th-century American sportsmen | 21st-century African-American sportsmen | 21st-century American sportsmen | All Wikipedia articles written in American English | All articles with unsourced statements | American football quarterbacks | Articles with short description | Articles with unsourced statements from February 2023 | Auburn Tigers football players | CS1 maint: bot: original URL status unknown | Chicago Bears players | Cincinnati Bengals players | Cleveland Browns players | Commons category link from Wikidata | Living people | Oakland Raiders players | People from Taylorsville, Mississippi | Players of American football from Laurel, Mississippi | Short description matches Wikidata | Use American English from February 2024 | Use mdy dates from November 2023 | Washington Redskins players"
00-0022330,Jason Fife,QB,Jason Fife,https://en.wikipedia.org/wiki/Jason_Fife,"Jason Fife (born January 23, 1981) is an American former professional football player who was a quarterback in the Arena Football League (AFL). He played college football for the Oregon Ducks and was signed as an undrafted free agent by the Detroit Lions of the National Football League (NFL) in 2004.","1981 births | All Wikipedia articles written in American English | American expatriate players of American football | American expatriate sportspeople in Germany | American football quarterbacks | Articles with short description | Dallas Desperados players | Detroit Lions players | Las Vegas Gladiators players | Living people | Minnesota Vikings players | New Orleans Saints players | Oregon Ducks football players | Players of American football from San Bernardino, California | Rhein Fire players | Short description is different from Wikidata | Use American English from April 2025 | Use mdy dates from June 2024 | Washington Redskins players"
00-0005794,Jason Garrett,QB,Jason Garrett,https://en.wikipedia.org/wiki/Jason_Garrett,"Jason Calvin Garrett (born March 28, 1966) is an American former professional football player and coach in the National Football League (NFL). He was most notably the head coach of the Dallas Cowboys from 2010 to 2019.
Garrett played college football for the Princeton Tigers and signed with the New Orleans Saints as an undrafted free agent in 1989. He also played for the San Antonio Riders, Ottawa Rough Riders, Cowboys (winning three Super Bowls as the backup quarterback to Troy Aikman), New York Giants, Tampa Bay Buccaneers, and Miami Dolphins. Garrett began his coaching career as the quarterbacks coach for the Dolphins before serving as the offensive coordinator and assistant head coach for the Cowboys.
In 2022, Garrett became a color commentator for NBC Sports. He provides regular commentary for NBC Sports' coverage of Notre Dame football, and is an alternate color commentator for the NFL on NBC. Garrett is also a studio analyst for NBC's NFL pregame show Football Night in America.","1966 births | All Wikipedia articles written in American English | American color commentators | American football quarterbacks | American television sports commentators | Articles with short description | CS1 maint: deprecated archival service | Canadian football quarterbacks | Coaches of American football from Ohio | Coaches of American football from Pennsylvania | Commons category link from Wikidata | Dallas Cowboys coaches | Dallas Cowboys head coaches | Dallas Cowboys players | Garrett family | Living people | Miami Dolphins coaches | Miami Dolphins players | NFL Coach of the Year winners | NFL announcers | NFL offensive coordinators | New Orleans Saints players | New York Giants coaches | New York Giants players | Notre Dame Fighting Irish football announcers | Ottawa Rough Riders players | Players of American football from Cleveland | Players of American football from Dallas | Players of American football from Montgomery County, Pennsylvania | Players of Canadian football from Cleveland | Players of Canadian football from Pennsylvania | Princeton Tigers football coaches | Princeton Tigers football players | San Antonio Riders players | Short description is different from Wikidata | Sportspeople from Abington Township, Montgomery County, Pennsylvania | Tampa Bay Buccaneers players | University School alumni | Use American English from December 2019 | Use mdy dates from February 2024 | Webarchive template wayback links"
00-0021759,Jason Gesser,QB,Jason Gesser,https://en.wikipedia.org/wiki/Jason_Gesser,"Jason John Gesser (born May 31, 1979) is an American college football former player and assistant athletic director who is currently the offensive coordinator at Seton Catholic High School in Vancouver, Washington. He played quarterback for Washington State Cougars, Utah Blaze of the Arena Football League (AFL), Calgary Stampeders of the Canadian Football League (CFL), and the Tennessee Titans of the National Football League (NFL). After his playing career ended, Gesser went into coaching. In 2012 he was the interim head coach of the Idaho Vandals. From 2014 to 2018 he was the assistant athletic director at Washington State.",1979 births | American football quarterbacks | Articles with short description | Calgary Stampeders players | Canadian football quarterbacks | Coaches of American football from Hawaii | High school football coaches in Washington (state) | Idaho Vandals football coaches | Living people | Players of American football from Honolulu | Players of Canadian football from Honolulu | Saint Louis School alumni | Short description matches Wikidata | Tennessee Titans players | Use mdy dates from June 2024 | Utah Blaze players | Washington State Cougars football players | Wyoming Cowboys football coaches
00-0024226,Jay Cutler,QB,Jay Cutler,https://en.wikipedia.org/wiki/Jay_Cutler,"Jay Christopher Cutler (born April 29, 1983) is an American former professional football quarterback who played in the National Football League (NFL) for 12 seasons. A member of the Chicago Bears for most of his career, he is the franchise leader in passing yards, passing touchdowns, attempts, and completions.
Cutler played college football for the Vanderbilt Commodores, winning Southeastern Conference Offensive Player of the Year in 2005. He was selected by the Denver Broncos in the first round of the 2006 NFL draft. During his three seasons with the Broncos, he earned Pro Bowl honors in 2008. The following year, Cutler was traded to the Bears, where he played eight seasons. His most successful season was in 2010 when he led the Bears to a division title and NFC Championship Game appearance. After being released by Chicago, Cutler spent his final season with the Miami Dolphins. He was named among the 100 greatest Bears of All-Time in 2019.","1983 births | All Wikipedia articles written in American English | All articles with dead external links | American Conference Pro Bowl players | American football quarterbacks | Articles with dead external links from March 2023 | Articles with dead external links from October 2010 | Articles with permanently dead external links | Articles with short description | CS1 maint: deprecated archival service | Chicago Bears players | Commons category link from Wikidata | Denver Broncos players | Living people | Miami Dolphins players | People from Santa Claus, Indiana | People with type 1 diabetes | Players of American football from Indiana | Short description is different from Wikidata | Use American English from November 2022 | Use mdy dates from June 2024 | Vanderbilt Commodores football players"
00-0005180,Jay Fiedler,QB,Jay Fiedler,https://en.wikipedia.org/wiki/Jay_Fiedler,"Jay Brian Fiedler (born December 29, 1971) is an American former professional football player who was a quarterback in the National Football League (NFL). He played college football for the Dartmouth Big Green. He played 76 games at quarterback in the NFL, starting 60, and threw 69 touchdowns. He was inducted into the National Jewish Museum Sports Hall of Fame in 2002.","1971 births | 21st-century American Jews | All Wikipedia articles written in American English | All articles with dead external links | American football quarterbacks | Amsterdam Admirals players | Articles with dead external links from June 2010 | Articles with short description | CS1 maint: deprecated archival service | Dartmouth Big Green football players | Jacksonville Jaguars players | Jewish American players of American football | Jews from New York (state) | Living people | Miami Dolphins players | Minnesota Vikings players | New York Jets players | People from Oceanside, New York | Philadelphia Eagles players | Players of American football from Nassau County, New York | Short description matches Wikidata | Sportspeople from Hempstead, New York | Use American English from February 2024 | Use mdy dates from January 2019 | Webarchive template wayback links"
00-0039910,Jayden Daniels,QB,Jayden Daniels,https://en.wikipedia.org/wiki/Jayden_Daniels,"Jayden Daniels (born December 18, 2000) is an American professional football quarterback for the Washington Commanders of the National Football League (NFL). Daniels played three seasons of college football for the Arizona State Sun Devils and two with the LSU Tigers. With LSU in 2023, he won the Heisman Trophy among other awards after leading the NCAA Football Bowl Subdivision (FBS) in total yards and setting its single-season passer rating record.
Daniels was selected by the Commanders second overall in the 2024 NFL draft. He set several rookie records while leading the Commanders to their most wins in a season and first NFC Championship Game appearance since 1991, earning Offensive Rookie of the Year and Pro Bowl honors. A walk-off touchdown pass thrown by Daniels during the final seconds of a game, known as the Hail Maryland, was also named the season's Moment of the Year. His second season was marred by injury, with him missing the majority of the season.","2000 births | 21st-century African-American sportsmen | 21st-century American sportsmen | African-American Christians | All-American college football players | All Wikipedia articles written in American English | American football quarterbacks | American people of Japanese descent | American players of American football of Asian descent | Arizona State Sun Devils football players | Articles with short description | Cajon High School alumni | Christians from California | Commons category link from Wikidata | Good articles | Heisman Trophy winners | LSU Tigers football players | Living people | NFL Offensive Rookie of the Year winners | National Conference Pro Bowl players | Pages using college athlete recruit end with a malformed 247 school parameter | Players of American football from San Bernardino, California | Second overall NFL draft picks | Short description matches Wikidata | Southeastern Conference Athlete of the Year winners | Sportspeople of Japanese descent | Under Armour All-American football players | Use American English from December 2025 | Use mdy dates from December 2025 | Walter Camp Award winners | Washington Commanders currentteam parameter articles | Washington Commanders players"
00-0001335,Jeff Blake,QB,Jeff Blake,https://en.wikipedia.org/wiki/Jeff_Blake,"Jeffrey Bertrand Coleman Blake (born December 4, 1970) is an American former professional football quarterback who played in the National Football League (NFL) for 14 seasons. Blake was a member of seven teams during his NFL career. He spent his first two seasons with the New York Jets, who selected him in the sixth round of the 1992 NFL draft. His longest stint was with the Cincinnati Bengals from 1994 to 1999.  He spent the second half of his career playing for the New Orleans Saints from 2000 to 2001 and one season each with the Baltimore Ravens, Arizona Cardinals, Philadelphia Eagles, and Chicago Bears.
During his Bengals tenure, Blake was selected to the Pro Bowl in 1995. He holds the record for the longest Pro Bowl touchdown at 93 yards.","1970 births | 20th-century African-American sportsmen | 20th-century American sportsmen | 21st-century African-American sportsmen | 21st-century American sportsmen | All Wikipedia articles written in American English | All articles with dead external links | American Conference Pro Bowl players | American football quarterbacks | Arizona Cardinals players | Articles with dead external links from April 2017 | Articles with permanently dead external links | Articles with short description | Baltimore Ravens players | Chicago Bears players | Cincinnati Bengals players | Commons category link from Wikidata | East Carolina Pirates football players | Living people | New Orleans Saints players | New York Jets players | Philadelphia Eagles players | Players of American football from Daytona Beach, Florida | Seminole High School (Seminole County, Florida) alumni | Short description is different from Wikidata | Use American English from February 2023 | Use mdy dates from January 2019"
00-0001810,Jeff Brohm,QB,Jeff Brohm,https://en.wikipedia.org/wiki/Jeff_Brohm,"Jeffrey Scott Brohm (born April 24, 1971) is an American college football coach and former professional quarterback. He is the head football coach at his alma mater, the University of Louisville, a position he has held since the 2023 season. Brohm played college football for the Louisville Cardinals under coach Howard Schnellenberger from 1989 to 1993. He played professionally in the National Football League (NFL) for seven seasons from 1994 to 2000 and the XFL in 2001. Brohm served as the head football coach at Western Kentucky University from 2014 to 2016 and Purdue University from 2017 to 2022.
Brohm was born in Louisville, Kentucky. His father, Oscar, was a quarterback for Louisville and a high school football coach in Louisville. He attended Trinity High School in Louisville, Kentucky. After graduation from high school, he was selected by the Montreal Expos in the seventh round of the 1989 MLB draft, but he instead decided to pursue playing football and baseball at the University of Louisville. After spending his freshman season as a backup quarterback, he was once again selected in the MLB Draft, this time in the fourth round by the Cleveland Indians. This time Brohm had a change of heart and decided to pursue a professional baseball career in the summers when he wasn't playing football. After two summers, he decided to drop baseball and focus solely on football. As starting quarterback for two seasons, he led the Cardinals to the 1993 Liberty Bowl.
Brohm went undrafted in the 1994 NFL draft. He played seven years as a quarterback in the NFL, with the San Diego Chargers in 1994, the Washington Redskins in 1995, the San Francisco 49ers from 1995 to 1997, the Tampa Bay Buccaneers in 1998, the Denver Broncos in 1999 and the Cleveland Browns in 2000. He also played one season with the Orlando Rage of the XFL, where he was named to the All-XFL team despite having his season end early with a shoulder injury.
In 2002, Brohm moved to the AF2 where he became the head coach of the Louisville Fire. Brohm returned to the University of Louisville in 2003 to work under Bobby Petrino. He spent the next six years as a quarterback coach, passing game coordinator, offensive coordinator, and assistant head coach for the Cardinals and helped them win the 2007 Orange Bowl. In 2009, Brohm went to Florida Atlantic University, where he was reunited with Schnellenberger as offensive coordinator. Brohm then went on to coach at the University of Illinois at Urbana-Champaign from 2010 to 2011, at the University of Alabama at Birmingham in 2012, and reuniting with Petrino at Western Kentucky University in 2013 as an associate head coach, offensive coordinator and quarterbacks coach. When Petrino returned to Louisville in 2014, Brohm was promoted to head coach of the Western Kentucky Hilltoppers. As head coach, he led the team to three bowl games, winning two of them. In 2016, Brohm took the head coaching position at Purdue University. Brohm returned to Louisville as head coach in December 2022.","1971 births | All articles with dead external links | American football quarterbacks | Articles with dead external links from August 2023 | Articles with permanently dead external links | Articles with short description | Baseball players from Louisville, Kentucky | Burlington Indians players (1986–2006) | CS1: unfit URL | Cleveland Browns players | Coaches of American football from Kentucky | Commons category link from Wikidata | Denver Broncos players | Florida Atlantic Owls football coaches | Illinois Fighting Illini football coaches | Living people | Louisville Cardinals football coaches | Louisville Cardinals football players | Louisville Fire coaches | Orlando Rage players | Pages using CFB Yearly Record End with extrafootnotes | Players of American football from Louisville, Kentucky | Purdue Boilermakers football coaches | San Diego Chargers players | San Francisco 49ers players | Short description matches Wikidata | Tampa Bay Buccaneers players | Trinity High School (Louisville) alumni | UAB Blazers football coaches | Use mdy dates from December 2022 | Washington Redskins players | Watertown Indians players | Western Kentucky Hilltoppers football coaches"
00-0032436,Jeff Driskel,QB,Jeff Driskel,https://en.wikipedia.org/wiki/Jeff_Driskel,"Jeffrey Matthew Driskel (born April 23, 1993) is an American professional football quarterback. He played college football for the Florida Gators and Louisiana Tech Bulldogs and was selected by the San Francisco 49ers in the sixth round of the 2016 NFL draft. Driskel has been a member of several other NFL teams, starting for the Cincinnati Bengals, Detroit Lions, Denver Broncos, Arizona Cardinals, Cleveland Browns, and Washington Commanders.","1993 births | 21st-century American sportsmen | All Wikipedia articles written in American English | American football quarterbacks | American football tight ends | Arizona Cardinals players | Articles with short description | Cincinnati Bengals players | Cleveland Browns players | Commons category link from Wikidata | Denver Broncos players | Detroit Lions players | Florida Gators football players | Houston Texans players | Las Vegas Raiders players | Living people | Louisiana Tech Bulldogs football players | Players of American football from Seminole County, Florida | San Francisco 49ers players | Short description matches Wikidata | Sportspeople from Oviedo, Florida | Use American English from December 2025 | Use mdy dates from March 2024 | Washington Commanders players"
00-0005755,Jeff Garcia,QB,Jeff Garcia,https://en.wikipedia.org/wiki/Jeff_Garcia,"Jeffrey Jason Garcia (born February 24, 1970) is an American former professional football player who was a quarterback in the National Football League (NFL) and Canadian Football League (CFL). After attending high school and junior college in Gilroy, California, Garcia played college football for the San Jose State Spartans.
A four-time CFL All-Star and four-time NFL Pro Bowl selection, Garcia began his professional football career with the CFL's Calgary Stampeders as an undrafted free agent in 1994. In 1999, Garcia debuted in the NFL with the San Francisco 49ers. With the 49ers, Garcia made three Pro Bowl appearances (for the 2000, 2001, and 2002 seasons) and led the team to the playoffs in the 2001 and 2002 seasons. Afterwards, Garcia encountered a low point in his career, starting with a lackluster 2003 season with San Francisco then two losing seasons with the Cleveland Browns in 2004 and the Detroit Lions in 2005. With the Philadelphia Eagles, Garcia returned to form late in the 2006 season, starting for an injured Donovan McNabb and leading Philadelphia to the playoffs. Garcia joined the Tampa Bay Buccaneers in 2007 and was the starting quarterback for most games of the 2007 and 2008 seasons. Again, Garcia led Tampa Bay to the playoffs in 2007 and made his fourth career Pro Bowl appearance.
After his stint with Tampa, Garcia returned to the Eagles in 2009 and played only one game. In 2010, Garcia played for the Omaha Nighthawks of the United Football League. In 2011, Garcia signed with the Houston Texans but did not play a game with the team. The following year, Garcia joined the advisory board for the now defunct United States Football League.","1970 births | 21st-century American sportsmen | All Wikipedia articles written in American English | All articles lacking reliable references | All articles with dead external links | All articles with unsourced statements | American football quarterbacks | American people of German descent | American people of Irish descent | American people of Mexican descent | Articles lacking reliable references from July 2025 | Articles with dead external links from April 2026 | Articles with short description | Articles with unsourced statements from August 2022 | Articles with unsourced statements from January 2026 | Articles with unsourced statements from November 2016 | CS1 maint: deprecated archival service | Calgary Stampeders players | Canadian football quarterbacks | Cleveland Browns players | Coaches of American football from California | Commons category link from Wikidata | Detroit Lions players | Gavilan Rams football players | Gilroy High School alumni | High school football coaches in California | Hispanic and Latino American players of American football | Houston Texans players | Living people | Montreal Alouettes coaches | National Conference Pro Bowl players | Oakland Raiders players | Omaha Nighthawks players | People from Gilroy, California | People from Rancho Santa Fe, California | Philadelphia Eagles players | Players of American football from Santa Clara County, California | Players of Canadian football from California | San Francisco 49ers players | San Jose State Spartans football players | Short description is different from Wikidata | Sportspeople of Mexican descent | Tampa Bay Buccaneers players | Use American English from November 2016 | Use mdy dates from February 2024 | Webarchive template wayback links"
00-0005885,Jeff George,QB,Jeff Caldwell (American football),https://en.wikipedia.org/wiki/Jeff_Caldwell_(American_football),"Jeffrey Caldwell (born March 2, 2003) is an American professional football wide receiver for the Kansas City Chiefs of the National Football League (NFL). He played college football for the Lindenwood Lions and Cincinnati Bearcats. He went undrafted in the 2026 NFL draft.","2003 births | 21st-century American sportsmen | American football wide receivers | Articles with short description | Butler High School alumni | Cincinnati Bearcats football players | Kansas City Chiefs currentteam parameter articles | Kansas City Chiefs players | Lindenwood Lions football players | Living people | Players of American football from Louisville, Kentucky | Short description is different from Wikidata | Use mdy dates from May 2026"
00-0021334,Jeff Kelly,QB,Ryan Kelly (American football),https://en.wikipedia.org/wiki/Ryan_Kelly_(American_football),"Ryan Patrick Kelly (born May 30, 1993) is an American former professional football player who was a center for 10 seasons in the National Football League (NFL).  He played college football for the Alabama Crimson Tide, and was selected by the Indianapolis Colts in the first round of the 2016 NFL draft. He also played for the Minnesota Vikings.","1993 births | Alabama Crimson Tide football players | All-American college football players | American Conference Pro Bowl players | American football centers | Articles with short description | Commons category link from Wikidata | Indianapolis Colts players | Living people | Minnesota Vikings players | People from West Chester, Butler County, Ohio | Players of American football from Butler County, Ohio | Short description matches Wikidata | Under Armour All-American football players | Use mdy dates from March 2024"
00-0009868,Jeff Lewis,QB,Jeff Lewis (American football),https://en.wikipedia.org/wiki/Jeff_Lewis_(American_football),"Jeffrey Scott Lewis (April 17, 1973 – January 5, 2013) was an American professional football quarterback in the National Football League (NFL) for the Denver Broncos and Carolina Panthers. He played college football at Northern Arizona University.","1973 births | 2013 deaths | American football quarterbacks | Articles with short description | Carolina Panthers players | Colorado Crush players | Denver Broncos players | Drug-related deaths in Arizona | Louisville Cardinals football coaches | New Orleans Saints players | Northern Arizona Lumberjacks football coaches | Northern Arizona Lumberjacks football players | Players of American football from Columbus, Ohio | Short description is different from Wikidata | Use mdy dates from June 2024"
00-0025538,Jeff Rowe,QB,Jeff Rowe (American football),https://en.wikipedia.org/wiki/Jeff_Rowe_(American_football),"Jeff Rowe (born March 21, 1984) is an American former professional football player who was a quarterback in the National Football League (NFL). He was selected by the Cincinnati Bengals in the fifth round of the 2007 NFL draft. He played college football for the Nevada Wolf Pack.
He was also a member of the Seattle Seahawks and New England Patriots.","1984 births | American football quarterbacks | Articles with short description | Cincinnati Bengals players | Living people | Nevada Wolf Pack football players | New England Patriots players | Players of American football from Reno, Nevada | Seattle Seahawks players | Short description matches Wikidata | Use mdy dates from June 2024"
00-0022765,Jeff Smoker,QB,Jeff Smoker,https://en.wikipedia.org/wiki/Jeff_Smoker,"Jeff Smoker (born June 13, 1981) is an American former professional football quarterback. He was selected by the St. Louis Rams of the National Football League (NFL) in the sixth round of the 2004 NFL draft. He played college football for the Michigan State Spartans. He was also the starting quarterback for the Nashville Kats and Arizona Rattlers of the Arena Football League (AFL).","1981 births | All articles with unsourced statements | American football quarterbacks | Arizona Rattlers players | Articles with short description | Articles with unsourced statements from December 2022 | Kansas City Chiefs players | Living people | Michigan State Spartans football players | Nashville Kats players | People from Manheim, Pennsylvania | Philadelphia Eagles players | Players of American football from Lancaster County, Pennsylvania | Short description matches Wikidata | St. Louis Rams players | Use mdy dates from June 2024"
00-0030024,Jeff Tuel,QB,Jeff Tuel,https://en.wikipedia.org/wiki/Jeff_Tuel,"Jeffrey Victor Tuel (born February 12, 1991) is an American former professional football player who was a quarterback in the National Football League (NFL). He played college football for the Washington State Cougars. He was signed by the Buffalo Bills as an undrafted free agent in 2013 and spent most of 2013 and 2014 as the Bills' third-string quarterback. He was also a member of the Jacksonville Jaguars.
As of June 2019 he was the vice president of sales for Fresno-based agriculture company Greenbrier Holdings, which at the time had just broken ground on a 20,000-square-foot operating plant for its burgeoning cannabis business.","1991 births | All Wikipedia articles written in American English | American football quarterbacks | Articles with short description | Buffalo Bills players | CS1 maint: deprecated archival service | Commons category link from Wikidata | Jacksonville Jaguars players | Living people | Players of American football from Fresno, California | Short description is different from Wikidata | Use American English from April 2025 | Use mdy dates from September 2013 | Washington State Cougars football players | Webarchive template archiveis links | Webarchive template wayback links"
00-0028370,Jerrod Johnson,QB,Jerrod Johnson,https://en.wikipedia.org/wiki/Jerrod_Johnson,"Jerrod Terrel Johnson (born July 27, 1988) is an American professional football coach and former player of the National Football League (NFL). He played quarterback at Texas A&M. Johnson was Texas A&M's starting quarterback from 2008 to 2010, finishing his collegiate career ranked first in school history with 8,011 passing yards and 8,888 yards total offense. He is currently second in school history in passing yards (behind Kellen Mond) and third in total offense (behind Johnny Manziel and Kellen Mond). Johnson was signed by the Philadelphia Eagles as an undrafted free agent in 2011 and would play in the NFL for six seasons with the Eagles, Pittsburgh Steelers, Seattle Seahawks, Chicago Bears, Baltimore Ravens and Dallas Cowboys. Johnson's coaching career began in 2017; he held various assistant coaching roles on the San Francisco 49ers, Indianapolis Colts, Minnesota Vikings and Houston Texans.",1988 births | All articles with dead external links | American football quarterbacks | American men's basketball players | Arizona Rattlers players | Articles with dead external links from May 2016 | Articles with short description | Baltimore Ravens players | Basketball players from Houston | CS1 maint: deprecated archival service | Canadian football quarterbacks | Chicago Bears players | Coaches of American football from Texas | Dallas Cowboys players | Hartford Colonials players | Houston Texans coaches | Indianapolis Colts coaches | Living people | Minnesota Vikings coaches | Montreal Alouettes players | Philadelphia Eagles currentteam parameter articles | Philadelphia Eagles players | Pittsburgh Steelers players | Players of American football from Houston | Players of Canadian football from Texas | Sacramento Mountain Lions players | San Francisco 49ers coaches | Seattle Seahawks players | Short description is different from Wikidata | Texas A&M Aggies football players | Texas A&M Aggies men's basketball players | Use mdy dates from January 2019 | Webarchive template wayback links | Your Call Football players
00-0020483,Jesse Palmer,QB,Jesse Palmer,https://en.wikipedia.org/wiki/Jesse_Palmer,"Jesse James Palmer (born October 5, 1978) is a Canadian television personality, sports commentator, and former professional football quarterback who played in the National Football League (NFL) for five seasons. Palmer played college football for the Florida Gators under coach Steve Spurrier, and then played professionally for the New York Giants in the NFL before spending half of the 2006 season with the Montreal Alouettes of the Canadian Football League (CFL).
Palmer was cast in 2004 as the Bachelor on the fifth season of the reality television series The Bachelor. He went on to become a college football analyst for ESPN/ABC in the United States, and has been a contributor to The Sports Network (TSN) in Canada.  He was also a contributor to ABC's Good Morning America. In 2018, he hosted the kickoff season of The Proposal on ABC. Since 2017, he has hosted the Holiday Baking Championship on Food Network. He was host of DailyMailTV from 2017 to 2020. In 2021, Palmer was named as the permanent host of The Bachelor and The Bachelorette.","1978 births | All Wikipedia articles written in Canadian English | All articles with unsourced statements | American football quarterbacks | American reality competition show hosts | Articles with hCards | Articles with short description | Articles with unsourced statements from April 2013 | Articles with unsourced statements from June 2016 | Bachelor Nation contestants | Canadian expatriate American football people in the United States | Canadian football people from Ottawa | Canadian football people from Toronto | Canadian football quarterbacks | Canadian infotainers | Canadian television hosts | Canadian television sportscasters | College football announcers | Commons category link from Wikidata | ESPN people | Florida Gators football players | Living people | Montreal Alouettes players | NFL announcers | New York Giants players | Pages using embedded infobox templates with the title parameter | Players of American football from Hudson County, New Jersey | Players of Canadian football from Ontario | San Francisco 49ers players | Short description is different from Wikidata | Sportspeople from Hoboken, New Jersey | Use Canadian English from February 2024 | Use mdy dates from March 2024 | Warrington College of Business alumni | Webarchive template wayback links"
00-0006808,Jim Harbaugh,QB,Jim Harbaugh,https://en.wikipedia.org/wiki/Jim_Harbaugh,"James Joseph Harbaugh ( HAR-baw; born December 23, 1963) is an American professional football coach and former quarterback who is the head coach for the Los Angeles Chargers of the National Football League (NFL). He previously served as the head coach at the University of Michigan from 2015 to 2023, the San Francisco 49ers from 2011 to 2014, Stanford University from 2007 to 2010, and the University of San Diego from 2004 to 2006. Harbaugh played college football at Michigan from 1983 to 1986 and in the National Football League (NFL) for 14 seasons from 1987 to 2000, with his longest tenure (1987–1993) as a player with the Chicago Bears.
Harbaugh was born in Toledo, Ohio. His father, Jack Harbaugh, was a football coach, and the family lived in Ohio, Kentucky, Iowa, Michigan, and California. He attended high school in Ann Arbor, Michigan, and Palo Alto, California, when his father was an assistant coach at Michigan and Stanford, respectively. After graduation from high school in Palo Alto in 1982, Harbaugh returned to Ann Arbor and enrolled at the University of Michigan and played quarterback for the Wolverines, starting for three seasons. As a fifth-year senior in 1986, he led Michigan to the 1987 Rose Bowl and was a Heisman Trophy finalist, finishing third.
The Chicago Bears selected Harbaugh in the first round of the 1987 NFL draft. He played 14 years as a quarterback in the NFL, with Chicago from 1987 to 1993, the Indianapolis Colts from 1994 to 1997, the Baltimore Ravens in 1998, and the San Diego Chargers in 1999 to 2000. He first became a regular starting quarterback in 1990 with Chicago. In 1995 with Indianapolis, he led the Colts to the AFC Championship Game, was selected to the Pro Bowl and was honored as NFL Comeback Player of the Year.
From 1994 to 2001, while still playing in the NFL, Harbaugh was an unpaid assistant coach at Western Kentucky University, where his father Jack was head coach. In 2002, he returned to the NFL as the quarterbacks coach for the Oakland Raiders. Harbaugh returned to the college ranks in 2004 as the head coach at the University of San Diego. After leading San Diego to consecutive Pioneer League championships in 2005 and 2006, he moved to Stanford in 2007, where he led the Cardinal to two bowl berths in four seasons, including a win in the 2011 Orange Bowl. Immediately afterward, Harbaugh signed a five-year deal as head coach of the NFL's San Francisco 49ers, where he led the team to the NFC Championship game in each of his first three seasons after the franchise missed the playoffs for eight consecutive seasons beforehand. He and his older brother, former Baltimore Ravens and current New York Giants head coach John Harbaugh, became the first pair of brothers to serve as head coaches in NFL history. Their teams played in a Thanksgiving Classic game in 2011 and in Super Bowl XLVII at the end of the 2012 season.
Harbaugh accepted the job as head football coach for the University of Michigan Wolverines in 2015. Harbaugh led the team to three consecutive Big Ten Conference titles, including berths in the College Football Playoff in the 2021 and 2022 season, eventually winning a national championship in 2023: the school's first since 1997, and the first undisputed national championship since 1948.
On January 24, 2024, Harbaugh left Michigan to return to the NFL, signing a five-year contract to become the head coach of the Los Angeles Chargers, leading them to back-to-back playoff appearances in his first two years as head coach.","1963 births | All Wikipedia articles written in American English | All articles with unsourced statements | American Conference Pro Bowl players | American football quarterbacks | American people of German descent | American people of Irish descent | American people of Italian descent | American people of Polish descent | Articles with short description | Articles with unsourced statements from April 2023 | Baltimore Ravens players | Carolina Panthers players | Catholics from California | Catholics from Michigan | Catholics from Ohio | Chicago Bears players | Coaches of American football from California | Coaches of American football from Michigan | Coaches of American football from Ohio | Commons category link from Wikidata | Detroit Lions players | Harbaugh family | Indianapolis Colts players | IndyCar Series team owners | Living people | Los Angeles Chargers currentteam parameter articles | Los Angeles Chargers head coaches | Michigan Wolverines football coaches | Michigan Wolverines football players | NFL Coach of the Year winners | NFL Comeback Player of the Year winners | Oakland Raiders coaches | Palo Alto High School alumni | Players of American football from Ann Arbor, Michigan | Players of American football from Palo Alto, California | Players of American football from Toledo, Ohio | San Diego Chargers players | San Diego Toreros football coaches | San Francisco 49ers head coaches | Short description is different from Wikidata | Stanford Cardinal football coaches | University of Michigan College of Literature, Science, and the Arts alumni | Use American English from July 2025 | Use mdy dates from January 2025 | Western Kentucky Hilltoppers football coaches"
00-0011276,Jim Miller,QB,Jim Miller,https://en.wikipedia.org/wiki/Jim_Miller,Jim Miller may refer to:,All article disambiguation pages | All disambiguation pages | Human name disambiguation pages | Short description is different from Wikidata
00-0022744,Jim Sorgi,QB,Jim Sorgi,https://en.wikipedia.org/wiki/Jim_Sorgi,"James Joseph Sorgi Jr. (born December 3, 1980) is an American former professional football player who was a quarterback in the National Football League (NFL). He played college football for the Wisconsin Badgers and was selected by the Indianapolis Colts in the sixth round of the 2004 NFL draft. Sorgi served as the backup to Peyton Manning for several years, and won a ring when the Colts won Super Bowl XLI. Once he was released by the Colts, he signed with the New York Giants as the backup to Eli Manning, but was injured in a preseason game, and was placed on IR.","1980 births | All Wikipedia articles written in American English | All articles with unsourced statements | American football quarterbacks | Articles with short description | Articles with unsourced statements from December 2025 | Articles with unsourced statements from October 2022 | CS1 maint: deprecated archival service | High school football announcers in the United States | Indianapolis Colts announcers | Indianapolis Colts players | Living people | New York Giants players | People from Avon, Indiana | People from Danville, Indiana | People from Fraser, Michigan | Players of American football from Macomb County, Michigan | Short description is different from Wikidata | Sportspeople from Hendricks County, Indiana | Use American English from November 2023 | Use mdy dates from June 2024 | Wisconsin Badgers football players"
00-0027659,Jimmy Clausen,QB,Jimmy Clausen,https://en.wikipedia.org/wiki/Jimmy_Clausen,"James Richard Clausen (born September 21, 1987) is an American former professional football player who was a quarterback in the National Football League (NFL) from 2010 to 2015. He played college football for the Notre Dame Fighting Irish and was selected by the Carolina Panthers in the second round of the 2010 NFL draft.
After compiling a 1–9 record as the Panthers' starting quarterback during his rookie season, Clausen remained with the team for three more seasons without seeing any game action. He then spent parts of the 2014 and 2015 seasons as a backup for the Chicago Bears and Baltimore Ravens.","1987 births | All Wikipedia articles written in American English | All articles with dead external links | American football quarterbacks | Articles with dead external links from June 2024 | Articles with dead external links from March 2023 | Articles with dead external links from September 2018 | Articles with permanently dead external links | Articles with short description | Baltimore Ravens players | Carolina Panthers players | Chicago Bears players | Commons category link from Wikidata | Living people | Notre Dame Fighting Irish football players | Oaks Christian School alumni | Players of American football from Thousand Oaks, California | Short description is different from Wikidata | Use American English from February 2024 | Use mdy dates from March 2024"
00-0031345,Jimmy Garoppolo,QB,Jimmy Garoppolo,https://en.wikipedia.org/wiki/Jimmy_Garoppolo,"James Garoppolo (born November 2, 1991), nicknamed ""Jimmy G"", is an American professional football quarterback. He played college football for the Eastern Illinois Panthers, setting school records for career passing yards and passing touchdowns and winning the Walter Payton Award as a senior. Garoppolo was selected in the second round of the 2014 NFL draft by the New England Patriots, where he spent his first four seasons as Tom Brady's backup and was a member of two Super Bowl-winning teams.
Traded to the San Francisco 49ers near the end of the 2017 season, Garoppolo helped revitalize a 1–10 team by winning the last five games of the season. His most successful season was in 2019 when he guided the 49ers to the #1-seed in the NFC and an appearance in Super Bowl LIV. Garoppolo also helped lead them to an NFC Championship Game appearance in 2021. However, his San Francisco tenure was afflicted by injuries, which caused him to miss most of the 2018 and 2020 seasons. After suffering another season-ending injury in 2022, Garoppolo spent the following season with the Las Vegas Raiders before joining the Los Angeles Rams in 2024.","1991 births | All Wikipedia articles written in American English | American football quarterbacks | American people of German descent | American people of Italian descent | American people of Polish descent | Articles with short description | CS1 maint: bot: original URL status unknown | Commons category link from Wikidata | Eastern Illinois Panthers football players | Las Vegas Raiders players | Living people | Los Angeles Rams players | New England Patriots players | Players of American football from Arlington Heights, Illinois | San Francisco 49ers players | Short description is different from Wikidata | Use American English from June 2023 | Use mdy dates from March 2024 | Walter Payton Award winners"
00-0036442,Joe Burrow,QB,Joe Burrow,https://en.wikipedia.org/wiki/Joe_Burrow,"Joseph Lee Burrow (born December 10, 1996) is an American professional football quarterback for the Cincinnati Bengals of the National Football League (NFL). After three seasons of college football with the Ohio State Buckeyes, he played two seasons for the LSU Tigers, winning the Heisman Trophy and the College Football Playoff National Championship as a senior. He was selected by the Bengals first overall in the 2020 NFL draft.
Burrow had a breakout season in 2021 when he led the Bengals to their first playoff win since 1990, ending the longest active drought in the four major North American sports, and an appearance in Super Bowl LVI, and was awarded Comeback Player of the Year. In 2023, Burrow signed, at the time, the largest contract in NFL history in terms of annual salary and led the Bengals to their first consecutive division title in franchise history. Despite Cincinnati missing the playoffs in 2024, Burrow led the league in passing yards and passing touchdowns and was awarded his second Comeback Player of the Year Award. Burrow has been nicknamed ""Joe Cool"" and ""Joe Brrr"" by sportswriters and other players for his calmness under pressure.","1996 births | All-American college football players | All Wikipedia articles written in American English | All articles with dead external links | American Conference Pro Bowl players | American football quarterbacks | Articles with dead external links from March 2023 | Articles with permanently dead external links | Articles with short description | Cincinnati Bengals currentteam parameter articles | Cincinnati Bengals players | Commons category link from Wikidata | First overall NFL draft picks | Good articles | Heisman Trophy winners | LSU Tigers football players | Living people | Maxwell Award winners | NFL Comeback Player of the Year winners | Ohio State Buckeyes football players | Players of American football from Ames, Iowa | Players of American football from Athens, Ohio | Short description matches Wikidata | Southeastern Conference Athlete of the Year winners | The Volume people | Use American English from September 2019 | Use mdy dates from February 2026 | Walter Camp Award winners | Wikipedia indefinitely semi-protected biographies of living people"
00-0032630,Joe Callahan,QB,Joe Callahan (American football),https://en.wikipedia.org/wiki/Joe_Callahan_(American_football),"Francis Joseph Callahan (born June 4, 1993) is an American former professional football player who was a quarterback in the National Football League (NFL). He played college football for the Wesley Wolverines, a Division III program in Dover, Delaware. He was signed by the Green Bay Packers as an undrafted free agent in 2016, and was briefly a member of the New Orleans Saints, Cleveland Browns, Philadelphia Eagles, Tampa Bay Buccaneers, Baltimore Ravens, Detroit Lions, and Seattle Dragons.","1993 births | All Wikipedia articles written in American English | American football quarterbacks | Articles with short description | Baltimore Ravens players | CS1 maint: bot: original URL status unknown | Cleveland Browns players | Detroit Lions players | Green Bay Packers players | Holy Spirit High School (New Jersey) alumni | Living people | New Orleans Saints players | People from Absecon, New Jersey | Philadelphia Eagles players | Players of American football from Atlantic County, New Jersey | Seattle Dragons players | Short description matches Wikidata | Tampa Bay Buccaneers players | Team 9 players | Use American English from April 2025 | Use mdy dates from January 2019 | Wesley Wolverines football players"
00-0026158,Joe Flacco,QB,Joe Flacco,https://en.wikipedia.org/wiki/Joe_Flacco,"Joseph Vincent Flacco (born January 16, 1985) is an American professional football quarterback for the Cincinnati Bengals of the National Football League (NFL). He played college football for the Pittsburgh Panthers and the Delaware Fightin' Blue Hens before being selected by the Baltimore Ravens in the first round of the 2008 NFL draft.
Flacco was Baltimore's starting quarterback from 2008 until midway through the 2018 season, helping lead the Ravens to the playoffs six times during his tenure in Baltimore. The Ravens won the AFC North twice, appeared in three AFC Championship Games, and won Super Bowl XLVII following the 2012 season. Flacco was named Super Bowl XLVII's MVP, concluding a postseason run in which he tied Joe Montana's single postseason record for touchdown passes (11) without an interception. That off-season, he signed a six-year contract worth $120.6 million, a record high for a quarterback at the time.
A decline in performance and a hip injury resulted in Flacco losing his starting position to rookie backup Lamar Jackson; he was subsequently traded to the Denver Broncos in 2019. A neck injury cut his season short and he was waived by the Broncos with a failed physical designation. Flacco joined the Jets in 2020 as a backup to Sam Darnold. He then signed with the Philadelphia Eagles in 2021, but was traded back to the Jets after they lost Zach Wilson to injury. Flacco joined the Browns midway through the 2023 season following a season-ending injury to Deshaun Watson. He led Cleveland to a playoff berth and won the Comeback Player of the Year award. He later signed a one-year deal with the Indianapolis Colts before returning to Cleveland in 2025. A few weeks into the 2025 season, Flacco was traded to the Cincinnati Bengals after they lost Joe Burrow to injury, and he was selected to his first-ever Pro Bowl at the end of that season (he was previously invited to the 2015 Pro Bowl following the 2014 season, but declined). At the height of his career, Flacco was also known for having one of the strongest arms in the NFL.","1985 births | All Wikipedia articles written in American English | American football quarterbacks | American people of Italian descent | American philanthropists | Articles with short description | Audubon High School (New Jersey) alumni | Baltimore Ravens players | Cincinnati Bengals currentteam parameter articles | Cincinnati Bengals players | Cleveland Browns players | Commons category link from Wikidata | Delaware Fightin' Blue Hens football players | Denver Broncos players | Indianapolis Colts players | Living people | NFL Comeback Player of the Year winners | New York Jets players | People from Audubon, New Jersey | People from Reistertown, Maryland | Philadelphia Eagles players | Pittsburgh Panthers football players | Players of American football from Baltimore | Players of American football from Camden County, New Jersey | Short description matches Wikidata | Super Bowl MVPs | Use American English from January 2026 | Use mdy dates from February 2024"
00-0005902,Joe Germaine,QB,Joe Germaine,https://en.wikipedia.org/wiki/Joe_Germaine,"Joseph Berton Germaine (born November 16, 1975) is an American former professional football player who was a quarterback in the National Football League (NFL) and the Arena Football League (AFL). He played college football for the Ohio State Buckeyes and was selected by the St. Louis Rams in the fourth round of the 1999 NFL draft.
Germaine earned a Super Bowl ring with the Rams in Super Bowl XXXIV. He was also a member of the Kansas City Chiefs, Cincinnati Bengals, San Diego Chargers, Utah Blaze and Arizona Rattlers.","1975 births | All articles with dead external links | American football quarterbacks | Arizona Rattlers players | Articles with dead external links from November 2024 | Articles with dead external links from October 2010 | Articles with permanently dead external links | Articles with short description | Barcelona Dragons (NFL Europe) players | Cincinnati Bengals players | Kansas City Chiefs players | Living people | Ohio State Buckeyes football players | Players of American football from Denver | Players of American football from Mesa, Arizona | San Diego Chargers players | Scottsdale Fighting Artichokes football players | Short description is different from Wikidata | St. Louis Rams players | Use mdy dates from April 2024 | Utah Blaze players"
00-0019579,Joe Hamilton,QB,Joe Hamilton (American football),https://en.wikipedia.org/wiki/Joe_Hamilton_(American_football),"Joseph Fitzgerald Hamilton (born March 13, 1977) is an American former professional football player who was a quarterback in the National Football League (NFL), NFL Europe and Arena Football League (AFL). He played college football for the Georgia Tech Yellow Jackets, earning consensus All-American honors and winning the Davey O'Brien Award in 1999. After his playing career ended, Hamilton became an administrator and coach. He has served as the running backs coach for Georgia State University and currently works in the recruiting department for his alma mater, Georgia Tech.","1977 births | 20th-century African-American sportsmen | 20th-century American sportsmen | 21st-century African-American sportsmen | 21st-century American sportsmen | African-American coaches of American football | All-American college football players | All Wikipedia articles written in American English | American football quarterbacks | Articles with short description | College Football Hall of Fame inductees | Commons category link from Wikidata | Frankfurt Galaxy players | Georgia State Panthers football coaches | Georgia Tech Yellow Jackets football players | Indianapolis Colts players | Living people | Orlando Predators players | Players of American football from Berkeley County, South Carolina | Short description is different from Wikidata | Tampa Bay Buccaneers players | Use American English from July 2020 | Use mdy dates from July 2020"
00-0033027,Joe Licata,QB,Joe Licata,https://en.wikipedia.org/wiki/Joe_Licata,"Joseph Gilbert Licata (born November 16, 1992) is an American football coach and former quarterback. He played college football at Buffalo. He was signed by the Cincinnati Bengals as an undrafted free agent in 2016.","1992 births | All articles with unsourced statements | American football quarterbacks | Articles with short description | Articles with unsourced statements from February 2022 | Buffalo Bulls football coaches | Buffalo Bulls football players | Cincinnati Bengals players | High school football coaches in New York (state) | Living people | Players of American football from Buffalo, New York | Short description is different from Wikidata | Use mdy dates from June 2024 | Webarchive template wayback links"
00-0039398,Joe Milton III,QB,Joe Milton,https://en.wikipedia.org/wiki/Joe_Milton,"Joseph Jay Milton III (born March 6, 2000) is an American professional football quarterback for the Dallas Cowboys of the National Football League (NFL). He played college football for the Michigan Wolverines and Tennessee Volunteers before being selected by the New England Patriots in the sixth round of the 2024 NFL draft.","2000 births | 21st-century African-American sportsmen | 21st-century American sportsmen | All Wikipedia articles written in American English | American football quarterbacks | Articles with hCards | Articles with short description | Dallas Cowboys currentteam parameter articles | Dallas Cowboys players | Living people | Michigan Wolverines football players | New England Patriots players | Players of American football from Pahokee, Florida | Short description matches Wikidata | Tennessee Volunteers football players | Use American English from October 2025 | Use mdy dates from December 2023"
00-0027796,Joe Webb,QB,Joe Webb,https://en.wikipedia.org/wiki/Joe_Webb,"Joseph Webb III (born November 14, 1986) is an American former professional football player who was a quarterback and wide receiver in the National Football League (NFL). He also played as a kick returner and special teamer. After playing college football for the UAB Blazers, Webb was selected by the Minnesota Vikings in the sixth round of the 2010 NFL draft as a quarterback. He also played for the Carolina Panthers, Buffalo Bills, Houston Texans and New York Giants. Webb holds the NFL record for most tackles by a quarterback with 29.","1986 births | 20th-century American sportsmen | 21st-century American sportsmen | All Wikipedia articles written in American English | All articles with unsourced statements | American football quarterbacks | American football return specialists | American football wide receivers | Articles with short description | Articles with unsourced statements from May 2023 | Buffalo Bills players | Carolina Panthers players | Commons category link from Wikidata | Detroit Lions players | Houston Texans players | Living people | Minnesota Vikings players | New York Giants players | Players of American football from Birmingham, Alabama | Short description is different from Wikidata | UAB Blazers football players | Use American English from July 2025 | Use mdy dates from May 2023 | Wenonah High School alumni"
00-0032614,Joel Stave,QB,Joel Stave,https://en.wikipedia.org/wiki/Joel_Stave,"Joel Stave (born May 16, 1992) is an American former football quarterback. He played college football at Wisconsin.","1992 births | All BLP articles lacking sources | American football quarterbacks | Articles with short description | BLP articles lacking sources from June 2023 | Cleveland Browns players | Commons category link from Wikidata | Kansas City Chiefs players | Living people | Minnesota Vikings players | New York Jets players | People from Greenfield, Wisconsin | Players of American football from Milwaukee County, Wisconsin | Seattle Seahawks players | Short description matches Wikidata | Use mdy dates from January 2019 | Washington Redskins players | Webarchive template wayback links | Wisconsin Badgers football players"
00-0021141,Joey Harrington,QB,Joey Harrington,https://en.wikipedia.org/wiki/Joey_Harrington,"John Joseph Harrington  (born October 21, 1978) is an American former professional football quarterback who played in the National Football League (NFL) for seven seasons. He played college football for the Oregon Ducks, winning Pac-10 Offensive Player of the Year as a senior, and was selected third overall by the Detroit Lions in the 2002 NFL draft. Unable to duplicate his collegiate success, he left the Lions after four seasons. He spent his final three seasons as the primary starter for the Miami Dolphins and Atlanta Falcons and as a backup with the New Orleans Saints.","1978 births | All Wikipedia articles written in American English | American football quarterbacks | Articles with short description | Atlanta Falcons players | Central Catholic High School (Portland, Oregon) alumni | College football announcers | Commons category link from Wikidata | Detroit Lions players | Living people | Miami Dolphins players | New Orleans Saints players | Oregon Ducks football announcers | Oregon Ducks football players | Players of American football from Portland, Oregon | Short description is different from Wikidata | Use American English from February 2024 | Use mdy dates from May 2026"
00-0025427,John Beck,QB,John Beck (gridiron football),https://en.wikipedia.org/wiki/John_Beck_(gridiron_football),"John Dalton Beck  (born August 21, 1981) is an American former professional football player who was a quarterback for six seasons in the National Football League (NFL). He played college football for the BYU Cougars, and was selected by the Miami Dolphins in the second round of the 2007 NFL draft. He was also a member of the NFL's Baltimore Ravens, Washington Redskins, and Houston Texans, as well as the BC Lions of the Canadian Football League (CFL).","1981 births | 20th-century Mormon missionaries | 21st-century American sportsmen | 21st-century Mormon missionaries | All Wikipedia articles written in American English | American Mormon missionaries in Portugal | American football quarterbacks | Articles with short description | BC Lions players | BYU Cougars football players | Baltimore Ravens players | CS1: unfit URL | CS1 maint: archived copy as title | Canadian football quarterbacks | Coaches of American football from California | Commons category link is on Wikidata | Houston Texans players | Latter Day Saints from Arizona | Latter Day Saints from California | Living people | Miami Dolphins players | New York Jets coaches | Players of American football from Hayward, California | Players of American football from Mesa, Arizona | Players of Canadian football from Arizona | Short description is different from Wikidata | Use American English from February 2024 | Use mdy dates from August 2021 | Washington Redskins players | Webarchive template wayback links"
00-0026277,John David Booty,QB,John David Booty,https://en.wikipedia.org/wiki/John_David_Booty,"John David Booty (born January 3, 1985) is an American former football quarterback. He played college football for the USC Trojans and was selected by the Minnesota Vikings in the fifth round of the 2008 NFL draft.
Booty was also a member of the Tennessee Titans and Houston Texans. He is the brother of former NFL quarterback and Florida Marlins third baseman Josh Booty.","1985 births | 21st-century American sportsmen | All Wikipedia articles written in American English | American football quarterbacks | Articles with short description | CS1 maint: deprecated archival service | Commons category link from Wikidata | Evangel Christian Academy alumni | Houston Texans players | Living people | Minnesota Vikings players | Players of American football from Shreveport, Louisiana | Short description is different from Wikidata | Tennessee Titans players | USC Trojans football players | Use American English from February 2024 | Use mdy dates from March 2024 | Webarchive template wayback links"
00-0005600,John Friesz,QB,John Friesz,https://en.wikipedia.org/wiki/John_Friesz,"John Melvin ""Deep"" Friesz (FREEZE; born May 19, 1967) is an American former professional football player who was a quarterback in the National Football League (NFL) for four teams. He played college football for the Idaho Vandals and was selected in the 1990 NFL draft by the San Diego Chargers. He later played for the Washington Redskins, the Seattle Seahawks, and the New England Patriots.","1967 births | American football quarterbacks | Articles with short description | College Football Hall of Fame inductees | Idaho Vandals football players | Living people | New England Patriots players | Players of American football from Idaho | Players of American football from Montana | San Diego Chargers players | Seattle Seahawks players | Short description is different from Wikidata | Sportspeople from Coeur d'Alene, Idaho | Sportspeople from Missoula, Montana | Use mdy dates from June 2024 | Walter Payton Award winners | Washington Redskins players"
00-0035161,John Lovett,QB,John Lovett (American football coach),https://en.wikipedia.org/wiki/John_Lovett_(American_football_coach),"John Lovett (born December 1, 1950) is an American football coach. He was the defensive backs coach for the Philadelphia Eagles of the National Football League (NFL) from 2013–2014. He was the defensive coordinator for Maine in 1994, Auburn from 1999–2001, Clemson from 2002–2004, Bowling Green from 2005–2006, and Miami from 2009–2010.
Lovett has coached in nine bowl games: the 1997 Motor City Bowl, 1998 Independence Bowl, 2000 Citrus Bowl, 2001 Peach Bowl, 2002 Tangerine Bowl, 2004 Peach Bowl, 2008 Meineke Car Care Bowl, 2009 Champs Sports Bowl, the 2010 Sun Bowl, and the 2012 Meineke Car Care Bowl of Texas.","1950 births | 20th-century American sportsmen | Articles with short description | Auburn Tigers football coaches | Bowling Green Falcons football coaches | Brown Bears football coaches | California Golden Bears football coaches | Cincinnati Bearcats football coaches | Clemson Tigers football coaches | Coaches of American football from New York (state) | Hartford Colonials coaches | High school football coaches in New Jersey | LIU Post Pioneers football players | Living people | Maine Black Bears football coaches | Miami Hurricanes football coaches | New York Jets coaches | North Carolina Tar Heels football coaches | Ole Miss Rebels football coaches | People from Nyack, New York | Philadelphia Eagles coaches | Philadelphia Eagles executives | Players of American football from Rockland County, New York | Sam Houston Bearkats football coaches | Short description is different from Wikidata | Texas Tech Red Raiders football coaches | UNLV Rebels football coaches | Union Garnet Chargers football coaches | University of Denver alumni | Use mdy dates from July 2024"
00-0022827,John Navarre,QB,John Navarre,https://en.wikipedia.org/wiki/John_Navarre,"John Robert Navarre (born September 9, 1980) is an American former professional football player who was a quarterback in the National Football League (NFL). He played college football for the Michigan Wolverines, and was selected in the seventh round of the 2004 NFL draft by the Arizona Cardinals. He was also a member of the Indianapolis Colts.","1980 births | All articles with unsourced statements | American football quarterbacks | Arizona Cardinals players | Articles with short description | Articles with unsourced statements from May 2023 | Living people | Michigan Wolverines football players | People from Cudahy, Wisconsin | People from Waterford, Wisconsin | Players of American football from Milwaukee County, Wisconsin | Short description is different from Wikidata | Sportspeople from Racine County, Wisconsin | Use mdy dates from June 2024"
00-0039723,John Paddock,QB,John Paddock (American football),https://en.wikipedia.org/wiki/John_Paddock_(American_football),"John Paddock (born March 27, 2000) is an American  football quarterback. He played college football at Ball State and Illinois.","2000 births | 21st-century American sportsmen | American football quarterbacks | Articles with short description | Atlanta Falcons players | Ball State Cardinals football players | Date of birth not in Wikidata | Illinois Fighting Illini football players | Living people | People from Bloomfield Hills, Michigan | Players of American football from Oakland County, Michigan | Short description is different from Wikidata | Use mdy dates from June 2024"
00-0026505,John Parker Wilson,QB,John Parker Wilson,https://en.wikipedia.org/wiki/John_Parker_Wilson,"John Parker Wilson (born October 17, 1985) is an American former professional football player who was a quarterback in the National Football League (NFL). Wilson played college football at the University of Alabama. He went undrafted during the 2009 NFL draft before signing with the Atlanta Falcons.",1985 births | Alabama Crimson Tide football players | All articles with vague or ambiguous time | American football quarterbacks | Articles with short description | Atlanta Falcons players | Hoover High School (Alabama) alumni | Jacksonville Jaguars players | Living people | Pittsburgh Steelers players | Players of American football from Alabama | Short description is different from Wikidata | Twitter username not in Wikidata | Use mdy dates from March 2024 | Vague or ambiguous time from November 2022
00-0027754,John Skelton,QB,John Skelton (American football),https://en.wikipedia.org/wiki/John_Skelton_(American_football),"John Michael Skelton (born March 17, 1988) is an American former professional football player who was a quarterback in the National Football League (NFL). He played college football for the Fordham Rams and was selected by the Arizona Cardinals in the fifth round of the 2010 NFL draft.
He was also a member of the Cincinnati Bengals, San Francisco 49ers, and Tennessee Titans, and also had a brief stint with the Montreal Alouettes of the Canadian Football League (CFL).","1988 births | All Wikipedia articles written in American English | American football quarterbacks | Arizona Cardinals players | Articles with short description | Burges High School alumni | CS1 maint: bot: original URL status unknown | Canadian football quarterbacks | Cincinnati Bengals players | Commons category link from Wikidata | Fordham Rams football players | Living people | Montreal Alouettes players | Players of American football from El Paso, Texas | Players of Canadian football from Texas | San Francisco 49ers players | Short description is different from Wikidata | Tennessee Titans players | Use American English from February 2024 | Use mdy dates from April 2024"
00-0034899,John Wolford,QB,John Wolford,https://en.wikipedia.org/wiki/John_Wolford,"John Thomas Wolford (born October 16, 1995) is an American professional football quarterback. He played college football for the Wake Forest Demon Deacons and signed with the New York Jets of the National Football League (NFL) as an undrafted free agent in 2018. Wolford played for the Los Angeles Rams from 2019 to 2022, and has also played for the Tampa Bay Buccaneers, the Jacksonville Jaguars, the Minnesota Vikings, and the Arizona Hotshots of the Alliance of American Football.","1995 births | All articles with unsourced statements | American football quarterbacks | Arizona Hotshots players | Articles with short description | Articles with unsourced statements from August 2022 | Bishop Kenny High School alumni | Jacksonville Jaguars players | Living people | Los Angeles Rams players | Minnesota Vikings players | New York Jets players | Players of American football from Dallas | Players of American football from Jacksonville, Florida | Short description is different from Wikidata | Tampa Bay Buccaneers players | Use mdy dates from March 2024 | Wake Forest Demon Deacons football players"
00-0031409,Johnny Manziel,QB,Johnny Manziel,https://en.wikipedia.org/wiki/Johnny_Manziel,"Johnathan Paul Manziel ( man-ZEL; born December 6, 1992), nicknamed ""Johnny Football"", is an American former football quarterback. He played college football for the Texas A&M Aggies and was the first freshman to win the Heisman Trophy. He played professionally for the Cleveland Browns of the National Football League (NFL) from 2014 to 2015, the Hamilton Tiger-Cats and Montreal Alouettes of the Canadian Football League (CFL) in 2018, the Memphis Express of the Alliance of American Football (AAF) in 2019, and in Fan Controlled Football from 2021 to 2022.
Manziel was nationally recruited out of high school as a dual-threat quarterback, and he debuted in college football for the Aggies as a redshirt freshman in Kevin Sumlin's air raid offense during A&M's first season in the Southeastern Conference (SEC) in 2012. He broke numerous NCAA Division I FBS and SEC records, which included becoming the first freshman and fifth player in NCAA history to pass for 3,000 yards and rush for 1,000 yards in the same season. At the end of the regular season, he became the first freshman to win the Heisman Trophy, the Manning Award, and the Davey O'Brien Award. Manziel capitalized on his redshirt freshman season by leading Texas A&M to a 41–13 victory over the Oklahoma Sooners in the 2013 Cotton Bowl Classic.
Manziel was selected by the Browns as the 22nd overall pick of the 2014 NFL draft. Despite some success, he struggled with consistency and his tenure was overshadowed by off-field controversies. He was released by the Browns after the end of the 2015 season. Following further controversies during the 2016 offseason, Manziel was not signed by another team before the start of the season and spent two years away from football until he returned with the Tiger-Cats of the CFL in 2018. He was later traded to the Alouettes during the season, but was released the following year and rendered ineligible to play in the CFL after it was determined he violated the terms of his contract. Shortly after his release, Manziel signed with the Express during the AAF's inaugural season, which was cut short when the AAF suspended operations two weeks later.
TexAgs users tagged Manziel with the nickname ""Johnny Football"" during Manziel's sophomore high school football season in Texas. The nickname followed him to Texas A&M University. Manziel applied for and was granted a registered trademark for the nickname in 2013.
Manziel was inducted into the Texas A&M Athletics Hall of Fame in September 2022.","1992 births | All-American college football players | All Wikipedia articles written in American English | All articles with unsourced statements | American Christians | American football quarterbacks | American people of Italian descent | American people of Lebanese descent | American podcasters on American football | Articles with short description | Articles with unsourced statements from February 2017 | Barstool Sports people | CS1 maint: deprecated archival service | Canadian football quarterbacks | Cleveland Browns players | Commons category link from Wikidata | Fan Controlled Football players | Hamilton Tiger-Cats players | Heisman Trophy winners | Living people | Memphis Express (American football) players | Montreal Alouettes players | People from Kerrville, Texas | People with bipolar disorder | Players of American football from Tyler, Texas | Players of Canadian football from Texas | Short description matches Wikidata | Southeastern Conference Athlete of the Year winners | Sportspeople of Lebanese descent | Texas A&M Aggies football players | The Spring League players | Use American English from December 2025 | Use mdy dates from March 2024 | Wikipedia indefinitely semi-protected biographies of living people"
00-0009311,Jon Kitna,QB,Jon Kitna,https://en.wikipedia.org/wiki/Jon_Kitna,"Jon Kelly Kitna (born September 21, 1972) is an American former professional football quarterback who played in the National Football League (NFL) for the Seattle Seahawks, Cincinnati Bengals, Detroit Lions, and Dallas Cowboys. He played college football for the Central Washington Wildcats and was signed by the Seahawks as an undrafted free agent in 1996. He is currently the head football coach at Lakota East High School in Ohio.","1972 births | All Wikipedia articles written in American English | American football quarterbacks | Articles with short description | Barcelona Dragons (NFL Europe) players | Central Washington Wildcats football players | Cincinnati Bengals players | Coaches of American football from Washington, D.C. | Commons category link from Wikidata | Dallas Cowboys coaches | Dallas Cowboys players | Detroit Lions players | High school football coaches in Arizona | High school football coaches in Texas | High school football coaches in Washington (state) | Lincoln High School (Tacoma, Washington) alumni | Living people | NFL Comeback Player of the Year winners | Players of American football from Tacoma, Washington | Seattle Seahawks players | Short description matches Wikidata | Use American English from June 2023 | Use mdy dates from March 2024 | World Bowl MVPs"
00-0013338,Jonathan Quinn,QB,Jonathan Quinn,https://en.wikipedia.org/wiki/Jonathan_Quinn,"Jonathan Ryan Quinn (born February 27, 1975) is an American football coach and former player. He played professionally as a quarterback in the National Football League (NFL) with the Jacksonville Jaguars, Kansas City Chiefs and Chicago Bears. He was selected with the 25th pick of the third round of the 1998 NFL draft out of Middle Tennessee State University by the Jaguars. Quinn served as the head football coach at MidAmerica Nazarene University in Olathe, Kansas from 2009 to 2013.","1975 births | American football quarterbacks | Articles with short description | Berlin Thunder players | Chicago Bears players | High school football coaches in Tennessee | Jacksonville Jaguars players | Kansas City Chiefs players | Living people | MidAmerica Nazarene Pioneers football coaches | Middle Tennessee Blue Raiders football players | Players of American football from Stanislaus County, California | Short description is different from Wikidata | Sportspeople from Turlock, California | Tulane Green Wave football players | Use mdy dates from June 2024 | World Bowl MVPs"
00-0036264,Jordan Love,QB,Jordan Love,https://en.wikipedia.org/wiki/Jordan_Love,"Jordan Alexander Love (born November 2, 1998) is an American professional football quarterback for the Green Bay Packers of the National Football League (NFL). Love, who was born and raised in Bakersfield, California, attended Liberty High School, where he began playing for the school's football team. After graduating high school, Love received an athletic scholarship from Utah State University to play college football for the Utah State Aggies. While with the Aggies, he was named to the second-team All-MWC in 2018 and was selected as the most valuable player of the 2018 New Mexico Bowl. 
After announcing that he would forgo his senior year of college, Love was drafted by the Packers in the first round with the 26th pick of the 2020 NFL draft. He served as a backup to starter Aaron Rodgers for three years before being named the Green Bay's starting quarterback at the beginning of the 2023 NFL season. He has led the Packers to the playoffs his first three seasons as starter, including a playoff victory over the Dallas Cowboys in 2023. Love signed a four-year contract extension worth $220 million prior to the start of the 2024 NFL season.","1998 births | All Wikipedia articles written in American English | American football quarterbacks | Articles with short description | Commons category link from Wikidata | Good articles | Green Bay Packers currentteam parameter articles | Green Bay Packers players | Liberty High School (Bakersfield, California) alumni | Living people | Players of American football from Bakersfield, California | Short description is different from Wikidata | Use American English from November 2025 | Use mdy dates from May 2026 | Utah State Aggies football players"
00-0025592,Jordan Palmer,QB,Jordan Palmer,https://en.wikipedia.org/wiki/Jordan_Palmer,"Jordan William Palmer (born May 30, 1984) is an American former professional football player who was a quarterback in the National Football League (NFL). He was selected by the Washington Redskins in the sixth round of the 2007 NFL draft. He played college football for the UTEP Miners.
Palmer was also a member of the Arizona Rattlers, Cincinnati Bengals, Sacramento Mountain Lions, Jacksonville Jaguars, Chicago Bears, Buffalo Bills, and Tennessee Titans. He is the younger brother of former NFL quarterback Carson Palmer.","1984 births | American football quarterbacks | Arizona Rattlers players | Articles with short description | Buffalo Bills players | Chicago Bears players | Cincinnati Bengals players | Commons category link is on Wikidata | Jacksonville Jaguars players | Living people | Mission Viejo High School alumni | Players of American football from Mission Viejo, California | Players of American football from Westlake Village, California | Sacramento Mountain Lions players | Short description is different from Wikidata | Tennessee Titans players | UTEP Miners football players | Use mdy dates from June 2024 | Washington Redskins players | Webarchive template wayback links | XFL (2020–2023) people"
00-0035735,Jordan Ta'amu,QB,Jordan Ta'amu,https://en.wikipedia.org/wiki/Jordan_Ta%27amu,"Jordan Taalolo Ta'amu-Perifanos (born December 10, 1997) is an American professional football quarterback for the DC Defenders of the United Football League (UFL). He played college football for the Ole Miss Rebels. Ta'amu has been a member of several National Football League (NFL) teams and has started for the St. Louis Battlehawks and Defenders of the XFL and Tampa Bay Bandits of the United States Football League (USFL). With the Bandits, he led the 2022 USFL season in passing yardage and touchdowns. Ta'amu was named XFL Offensive Player of the Year following the 2023 XFL season with the Defenders.","1997 births | 21st-century American sportsmen | All Wikipedia articles written in American English | American football quarterbacks | American people of Samoan descent | Articles with short description | Carolina Panthers players | Commons category link from Wikidata | DC Defenders players | Detroit Lions players | Houston Texans players | Kansas City Chiefs players | Living people | Minnesota Vikings players | New Mexico Military Broncos football players | Ole Miss Rebels football players | People from Pearl City, Hawaii | Players of American football from Honolulu County, Hawaii | Short description matches Wikidata | Sportspeople of Samoan descent | St. Louis Battlehawks players | Tampa Bay Bandits (2022) players | Use American English from September 2019 | Use mdy dates from March 2024 | Washington Football Team players"
00-0039797,Jordan Travis,QB,Jordan Travis,https://en.wikipedia.org/wiki/Jordan_Travis,"Jordan Travis (born May 2, 2000) is an American former professional football quarterback. He played college football for the Louisville Cardinals and the Florida State Seminoles, winning ACC Player of the Year in 2023 before being selected by the New York Jets in the fifth round of the 2024 NFL draft.
On April 30, 2025, in a handwritten note, Travis announced his retirement from football citing his severe leg injury he suffered in November 2023, during his final season at Florida State.","2000 births | 21st-century African-American sportsmen | 21st-century American sportsmen | All Wikipedia articles written in American English | American football quarterbacks | Articles with short description | Florida State Seminoles football players | Living people | Louisville Cardinals football players | New York Jets players | Players of American football from West Palm Beach, Florida | Short description matches Wikidata | Use American English from January 2026 | Use mdy dates from May 2024"
00-0034857,Josh Allen,QB,Josh Allen,https://en.wikipedia.org/wiki/Josh_Allen,"Joshua Patrick Allen (born May 21, 1996) is an American professional football quarterback for the Buffalo Bills of the National Football League (NFL). A lightly regarded high school prospect, Allen began his college football career with the Reedley Tigers before transferring to the Wyoming Cowboys. He was selected seventh overall by the Bills in the 2018 NFL draft.
Allen had a breakout season in 2020 when he led the Bills to their first division title and playoff victory since 1995 en route to an AFC Championship Game appearance. As the team's starting quarterback, he has led Buffalo to a total of seven playoff appearances, five consecutive division titles, and two conference championship game berths. He was named NFL Most Valuable Player in 2024 and has also received four Pro Bowl and two second-team All-Pro selections. Allen is regarded as one of the greatest dual-threat quarterbacks of all time.","1996 births | 21st-century American sportsmen | All Wikipedia articles written in American English | American Conference Pro Bowl players | American football quarterbacks | American people of Swedish descent | Articles with short description | Buffalo Bills currentteam parameter articles | Buffalo Bills players | Commons category link is on Wikidata | Good articles | Living people | NFL Most Valuable Player winners | Pages using multiple image with auto scaled images | Players of American football from Fresno County, California | Reedley Tigers football players | Short description matches Wikidata | Use American English from December 2025 | Use mdy dates from March 2025 | Wyoming Cowboys football players"
00-0020486,Josh Booty,QB,Josh Booty,https://en.wikipedia.org/wiki/Josh_Booty,"Joshua Gibson Booty (born April 29, 1975) is an American former professional baseball and football player. Booty played briefly in Major League Baseball (MLB) as a third baseman, and also in the National Football League (NFL) as a quarterback. He played college football for the LSU Tigers.","1975 births | All Wikipedia articles written in American English | All articles with unsourced statements | Articles with hCards | Articles with short description | Articles with unsourced statements from April 2016 | Baseball players from Mississippi | Charlotte Knights players | Cleveland Browns players | Elmira Pioneers players | Evangel Christian Academy alumni | Florida Marlins players | Gulf Coast Marlins players | Kane County Cougars players | LSU Tigers football players | Living people | Major League Baseball third basemen | Oakland Raiders players | Pages using embedded infobox templates with the title parameter | Players of American football from Louisiana | Players of American football from Starkville, Mississippi | Portland Sea Dogs players | Seattle Seahawks players | Short description is different from Wikidata | Use American English from February 2024 | Use mdy dates from June 2024"
00-0026993,Josh Freeman,QB,Josh Freeman,https://en.wikipedia.org/wiki/Josh_Freeman,"Joshua Tyler Freeman (born January 13, 1988) is an American former professional football player who was a quarterback in the National Football League (NFL). He played college football for the Kansas State Wildcats, and was selected by the Tampa Bay Buccaneers in the first round of the 2009 NFL draft. Freeman became the starter for Tampa Bay in his rookie year and went on to break numerous franchise passing records. However, he was released partway through his fifth year with the team.
Freeman was also a member of the Minnesota Vikings, New York Giants, Miami Dolphins and Indianapolis Colts, as well as the Montreal Alouettes of the Canadian Football League (CFL) and the Brooklyn Bolts of the Fall Experimental Football League (FXFL).","1988 births | 20th-century African-American sportsmen | 20th-century American sportsmen | 21st-century African-American sportsmen | 21st-century American sportsmen | All Wikipedia articles written in American English | American football quarterbacks | Articles with short description | Brooklyn Bolts players | CS1 French-language sources (fr) | Canadian football quarterbacks | Commons category link is on Wikidata | Indianapolis Colts players | Kansas State Wildcats football players | Living people | Miami Dolphins players | Minnesota Vikings players | Montreal Alouettes players | New York Giants players | People from Grandview, Missouri | Players of American football from Jackson County, Missouri | Players of American football from Kansas City, Missouri | Players of Canadian football from Kansas City, Missouri | Short description is different from Wikidata | Tampa Bay Buccaneers players | Use American English from February 2024 | Use mdy dates from March 2024"
00-0022800,Josh Harris,QB,Josh Harris (businessman),https://en.wikipedia.org/wiki/Josh_Harris_(businessman),"Joshua Jordan Harris (born December 29, 1964) is an American investor and sports team owner. Harris is a co-founder of the private equity firm Apollo Global Management and managing partner of the NBA team Philadelphia 76ers, the NHL team New Jersey Devils, and the NFL team Washington Commanders. He is also a general partner of the English football club Crystal Palace and holds a minority stake in Joe Gibbs Racing. He left Apollo in 2022 to focus on Harris Blitzer Sports & Entertainment, which he formed with David Blitzer in 2017 as a holding company for their shared sports properties.
Harris earned a degree in economics from the Wharton School at the University of Pennsylvania in 1986 and an MBA from Harvard Business School four years later, forming Apollo with Leon Black and Marc Rowan following graduation. Harris headed independent groups that acquired the 76ers in 2011, the Devils in 2013, and the Commanders in 2023. Other companies founded include Harris Philanthropies in 2014 and the alternative assets firm 26North in 2022. Harris has an estimated net worth of $12 billion as of 2026.","1964 births | 20th-century American Jews | 20th-century American businesspeople | 21st-century American Jews | 21st-century American businesspeople | 21st-century American philanthropists | All Wikipedia articles written in American English | All articles containing potentially dated statements | American Reform Jews | American Zionists | American billionaires | American business executives | American chairpersons of corporations | American chief executives of professional sports organizations | American company founders | American financial company founders | American investors | American men marathon runners | American people of Russian-Jewish descent | American soccer chairmen and investors | American sports businesspeople | Apollo Global Management people | Articles containing potentially dated statements from 2026 | Articles containing potentially dated statements from June 2023 | Articles with hCards | Articles with short description | Businesspeople from Washington, D.C. | CS1 maint: multiple names: authors list | Chairmen and investors of football clubs in England | Commons category link from Wikidata | Crystal Palace F.C. directors and chairmen | Drexel Burnham Lambert | Good articles | Harris Blitzer Sports & Entertainment people | Harvard Business School alumni | Jewish American sports executives and administrators | Jewish American sportspeople | Jewish wrestlers | Jews from Washington, D.C. | Josh Harris | Living people | NASCAR team owners | New Jersey Devils owners | Penn Quakers wrestlers | People from Chevy Chase, Maryland | Phi Delta Theta members | Philadelphia 76ers owners | Philadelphia WNBA team owners | Philanthropists from Washington, D.C. | Private equity and venture capital investors | Short description is different from Wikidata | Sigma Alpha Epsilon members | The Field School alumni | Use American English from December 2025 | Use mdy dates from May 2025 | Washington Commanders owners | Wharton School alumni"
00-0020436,Josh Heupel,QB,Josh Heupel,https://en.wikipedia.org/wiki/Josh_Heupel,"Joshua Kenneth Heupel ( HYPE-əl; born March 22, 1978) is an American college football coach and former player who is the head football coach at the University of Tennessee. Previously he was head coach at the University of Central Florida, where he compiled a 28–8 record.
Heupel played college football as a quarterback, most notably for the Oklahoma Sooners. During his playing career at Oklahoma, he was recognized as a consensus All-American, won numerous awards, and led Oklahoma to the 2000 BCS National Championship. After two years unsuccessfully trying to make an NFL roster (featuring brief stints with the Miami Dolphins and the Green Bay Packers), Heupel became a coach. He served as co-offensive coordinator for Oklahoma until January 6, 2015, when he was let go in a restructuring of the program.  He was named the assistant head coach, offensive coordinator, and quarterbacks coach for the Utah State University Aggies on January 23, 2015. After one season at USU, he was hired on Barry Odom's staff at Missouri, where he was the offensive coordinator before being hired for his first head coaching position at UCF. In December 2017, Heupel was named the UCF head coach. On January 27, 2021, Heupel was named the 27th head coach at Tennessee.","1978 births | All-American college football players | All Wikipedia articles written in American English | American football quarterbacks | Arizona Wildcats football coaches | Articles with short description | Barcelona Dragons (NFL Europe) players | Central High School (Aberdeen, South Dakota) alumni | Coaches of American football from South Dakota | Commons category link from Wikidata | Living people | Miami Dolphins players | Missouri Tigers football coaches | Oklahoma Sooners football coaches | Oklahoma Sooners football players | People from Aberdeen, South Dakota | Players of American football from South Dakota | Short description is different from Wikidata | Snow Badgers football players | Sportspeople from Aberdeen, South Dakota | Tennessee Volunteers football coaches | UCF Knights football coaches | Use American English from November 2025 | Use mdy dates from February 2025 | Utah State Aggies football coaches | Walter Camp Award winners | Weber State Wildcats football players"
00-0026300,Josh Johnson,QB,Josh Johnson (quarterback),https://en.wikipedia.org/wiki/Josh_Johnson_(quarterback),"Joshua Javon Johnson (born May 15, 1986) is an American professional football quarterback for the Cincinnati Bengals of the National Football League (NFL). Johnson has been a member of 14 different NFL teams, the most in league history among quarterbacks. He also played in the United Football League (UFL) and XFL.
Johnson played college football for the San Diego Toreros and was selected by the Tampa Bay Buccaneers in the fifth round of the 2008 NFL draft. Primarily a backup during his career, Johnson has started games for the Buccaneers, Washington Redskins / Commanders, and Baltimore Ravens, while also seeing playing time with the Cleveland Browns, New York Jets, San Francisco 49ers, and Bengals. His longest stint has been with the Buccaneers, where he spent his first four years, and his tenures with other teams have mostly lasted no longer than one season.","1986 births | 21st-century African-American sportsmen | 21st-century American sportsmen | All Wikipedia articles written in American English | All articles with dead external links | American football quarterbacks | Articles with dead external links from April 2024 | Articles with short description | Baltimore Ravens players | Buffalo Bills players | Cincinnati Bengals currentteam parameter articles | Cincinnati Bengals players | Cleveland Browns players | Commons category link from Wikidata | Denver Broncos players | Detroit Lions players | Houston Texans players | Indianapolis Colts players | Living people | Los Angeles Wildcats (XFL) players | New York Giants players | New York Jets players | Oakland Raiders players | Oakland Technical High School alumni | Players of American football from Oakland, California | Sacramento Mountain Lions players | San Diego Fleet players | San Diego Toreros football players | San Francisco 49ers players | Short description is different from Wikidata | Tampa Bay Buccaneers players | Use American English from December 2025 | Use mdy dates from December 2024 | Washington Commanders players | Washington Redskins players"
00-0035937,Josh Love,QB,Josh Love,https://en.wikipedia.org/wiki/Josh_Love,"Joshua Michael Love (born September 12, 1996) is an American professional football quarterback for the Calgary Stampeders of the Canadian Football League (CFL). He played college football for San Jose State. He also played for the Los Angeles Rams and Carolina Panthers of the National Football League (NFL) and the Pittsburgh Maulers of the United States Football League (USFL).","1996 births | American football quarterbacks | Articles with short description | Calgary Stampeders players | Canadian football quarterbacks | Carolina Panthers players | Commons category link from Wikidata | Living people | Long Beach Polytechnic High School alumni | Los Angeles Rams players | Memphis Showboats (2022) players | Michigan Panthers (2022) players | Pittsburgh Maulers (2022) players | Players of American football from Long Beach, California | Players of American football from Mission Viejo, California | Players of Canadian football from California | San Jose State Spartans football players | Short description is different from Wikidata | Use mdy dates from August 2021"
00-0021206,Josh McCown,QB,Josh McCown,https://en.wikipedia.org/wiki/Josh_McCown,"Joshua Treadwell McCown (born July 4, 1979) is an American professional football coach and former quarterback. He is the offensive passing game coordinator and quarterbacks coach for the Minnesota Vikings of the National Football League (NFL). McCown played three seasons of college football for the SMU Mustangs, throwing for 27 touchdowns and 34 interceptions. He then transferred to play his final season of college football for the Sam Houston State Bearkats. In his only season with the Bearkats, he threw for 3,481 yards, 32 touchdowns and 12 interceptions, earning Southland Football League Player of the Year and third-team Division I-AA All-American honors. McCown was selected by the Arizona Cardinals in the third round of the 2002 NFL draft. A journeyman quarterback, McCown was in the NFL for eighteen seasons and was a member of twelve different franchises. He also played one year in the United Football League (UFL).
While a backup for the majority of his NFL career, McCown re-emerged into a starting quarterback role after throwing for 1,829 yards, 13 touchdowns, and one interception with the Chicago Bears in 2013 in relief of the injured Jay Cutler. Overall, McCown was the primary starter for the Cardinals in 2004, the Oakland Raiders in 2007, the Tampa Bay Buccaneers in 2014, the Cleveland Browns in 2015, and the New York Jets in 2017. With the Jets, he set single-season career highs with 267 completions, a 67.3 completion percentage, 2,926 passing yards, 18 passing touchdowns and 5 rushing touchdowns. 
After the 2018 season, McCown retired from the NFL and briefly joined ESPN as an NFL analyst. However, he came out of retirement to sign with the Philadelphia Eagles in August 2019. In the Wild Card Round of the 2019–20 NFL playoffs, McCown replaced an injured Carson Wentz and played the majority of the game at the age of 40, becoming the oldest quarterback in NFL history to make his postseason debut. In 2020 with the Eagles, McCown became the oldest practice squad player in NFL history and the first NFL player to work remotely. In 2023, he was hired by the Panthers to be their quarterbacks coach under head coach Frank Reich. McCown was fired by the Panthers after a 1–10 start to the season. He became the Vikings' quarterbacks coach in 2024.","1979 births | 21st-century American sportsmen | All Wikipedia articles written in American English | American football quarterbacks | American football wide receivers | Arizona Cardinals players | Articles with short description | CS1 maint: deprecated archival service | Carolina Panthers coaches | Carolina Panthers players | Chicago Bears players | Cleveland Browns players | Coaches of American football from Texas | Commons category link is on Wikidata | Detroit Lions players | ESPN people | Good articles | Hartford Colonials players | High school football coaches in North Carolina | Houston Texans players | Living people | McCown family | Miami Dolphins players | Minnesota Vikings coaches | Minnesota Vikings currentteam parameter articles | New York Jets players | Oakland Raiders players | Philadelphia Eagles players | Players of American football from Cherokee County, Texas | SMU Mustangs football players | Sam Houston Bearkats football players | San Francisco 49ers players | Short description is different from Wikidata | Sportspeople from Jacksonville, Texas | Tampa Bay Buccaneers players | Template:NFL predraft has unconvertable input | Use American English from December 2025 | Use mdy dates from December 2022"
00-0028446,Josh Portis,QB,Clinton Portis,https://en.wikipedia.org/wiki/Clinton_Portis,"Clinton Earl Portis (born September 1, 1981) is an American college football coach and former professional football running back who played in the National Football League (NFL) for nine seasons. He is currently the running backs coach at Delaware State University (DSU). He played college football for the Miami Hurricanes. He was selected by the Denver Broncos in the second round of the 2002 NFL draft. Portis was best known for being the starting running back for the Washington Redskins for seven seasons, in which he gained an average of 81.2 yards rushing per game, for which a select panel of celebrities included him as one of the 80 Greatest Redskins.","1981 births | 20th-century African-American sportsmen | 20th-century American sportsmen | 21st-century African-American sportsmen | 21st-century American sportsmen | 21st-century prisoners and detainees of the United States federal government | All BLP articles lacking sources | All Wikipedia articles written in American English | All articles containing potentially dated statements | All articles needing additional references | All articles with dead external links | All articles with unsourced statements | American Conference Pro Bowl players | American football running backs | American people convicted of fraud | American sportspeople convicted of crimes | Articles containing potentially dated statements from 2025 | Articles needing additional references from November 2024 | Articles with dead external links from July 2024 | Articles with short description | Articles with unsourced statements from November 2024 | BLP articles lacking sources from October 2008 | Commons category link from Wikidata | Denver Broncos players | Gainesville High School (Florida) alumni | Living people | Miami Hurricanes football players | NFL Offensive Rookie of the Year winners | Players of American football from Gainesville, Florida | Players of American football from Laurel, Mississippi | Short description is different from Wikidata | Use American English from May 2022 | Use mdy dates from November 2023 | Washington Redskins players"
00-0034343,Josh Rosen,QB,Josh Rosen,https://en.wikipedia.org/wiki/Josh_Rosen,"Joshua Ballinger Lippincott Rosen (born February 10, 1997) is an American former professional football player who was a quarterback for four seasons in the National Football League (NFL). He played college football for the UCLA Bruins, receiving Freshman All-American and Pac-12 Freshman Offensive Player of the Year honors in 2015. As a junior, Rosen set the school's record for single-season passing yards and earned second-team all-conference honors in the Pac-12 Conference.
Rosen was selected 10th overall in the 2018 NFL draft by the Arizona Cardinals. Following an unsuccessful rookie season, he was traded to the Miami Dolphins, where he also struggled and was released after a year. Rosen spent his last two seasons as a backup for the San Francisco 49ers and Atlanta Falcons.","1997 births | All Wikipedia articles written in American English | American atheists | American football quarterbacks | Arizona Cardinals players | Articles with short description | Atlanta Falcons players | Cleveland Browns players | Commons category link from Wikidata | Cornell family | Jewish American atheists | Jewish American players of American football | Jews from California | Living people | Miami Dolphins players | Minnesota Vikings players | People from Manhattan Beach, California | Players of American football from Los Angeles County, California | San Francisco 49ers players | Short description matches Wikidata | Sigma Alpha Epsilon members | St. John Bosco High School alumni | Tampa Bay Buccaneers players | UCLA Bruins football players | Under Armour All-American football players | Use American English from July 2022 | Use mdy dates from March 2024 | Wharton School alumni | Wikipedia pending changes protected pages"
00-0032658,Josh Woodrum,QB,Josh Woodrum,https://en.wikipedia.org/wiki/Josh_Woodrum,"Josh Woodrum (born November 7, 1992) is an American former professional football quarterback. He played college football at Liberty University and signed with the New York Giants as an undrafted free agent in 2016.","1992 births | American football quarterbacks | Articles with short description | Baltimore Ravens players | Buffalo Bills players | Chicago Bears players | Cleveland Browns players | Commons category link from Wikidata | Indianapolis Colts players | Liberty Flames football players | Living people | New York Giants players | Players of American football from Roanoke, Virginia | Salt Lake Stallions players | Short description matches Wikidata | Use mdy dates from June 2024 | Washington Redskins players"
00-0033949,Joshua Dobbs,QB,Joshua Dobbs,https://en.wikipedia.org/wiki/Joshua_Dobbs,"Robert Joshua Dobbs (born January 26, 1995), nicknamed ""the Passtronaut"", is an American professional football quarterback. He played college football for the Tennessee Volunteers and was drafted by the Pittsburgh Steelers in the fourth round of the 2017 NFL draft. Dobbs has been a member of nine NFL teams during his career, including as the starter for the Tennessee Titans, Arizona Cardinals, Minnesota Vikings, San Francisco 49ers, and New England Patriots.","1995 births | Aerospace engineers | American football quarterbacks | Arizona Cardinals players | Articles with short description | Cleveland Browns players | Commons category link from Wikidata | Detroit Lions players | Jacksonville Jaguars players | Living people | Minnesota Vikings players | New England Patriots players | People with autoimmune disease | Pittsburgh Steelers players | Players of American football from Alpharetta, Georgia | San Francisco 49ers players | Short description matches Wikidata | Tennessee Titans players | Tennessee Volunteers football players | Use mdy dates from December 2024 | Webarchive template wayback links"
00-0036945,Justin Fields,QB,Justin Fields,https://en.wikipedia.org/wiki/Justin_Fields,"Justin Skyler Fields (born March 5, 1999) is an American professional football quarterback for the Kansas City Chiefs of the National Football League (NFL). Following a stint with the Georgia Bulldogs, he played college football for the Ohio State Buckeyes, where he was twice named the Big Ten Offensive Player of the Year and appeared in the 2021 National Championship Game.
Fields was selected in the first round of the 2021 NFL draft by the Chicago Bears, with whom he set the single-game regular season record for quarterback rushing yards and became the third NFL quarterback ever to have a 1,000-yard rushing season. He has also played for the Pittsburgh Steelers and New York Jets.","1999 births | 21st-century African-American sportsmen | 21st-century American sportsmen | All Wikipedia articles written in American English | All articles with dead external links | American football quarterbacks | Articles with dead external links from January 2026 | Articles with short description | CS1 maint: bot: original URL status unknown | CS1 maint: url-status | Chicago Bears players | Commons category link from Wikidata | Georgia Bulldogs football players | Kansas City Chiefs currentteam parameter articles | Kansas City Chiefs players | Living people | New York Jets players | Ohio State Buckeyes football players | People with epilepsy | Pittsburgh Steelers players | Players of American football from Kennesaw, Georgia | Short description matches Wikidata | Use American English from January 2023 | Use mdy dates from December 2024"
00-0036355,Justin Herbert,QB,Justin Herbert,https://en.wikipedia.org/wiki/Justin_Herbert,"Justin Patrick Herbert (born March 10, 1998) is an American professional football quarterback for the Los Angeles Chargers of the National Football League (NFL). He played college football for the Oregon Ducks, where he won the 2019 Pac-12 Championship, and was selected by the Chargers as the sixth overall pick in the 2020 NFL draft.
Herbert became the Chargers' starting quarterback in the second game of his rookie season. He remained the starter for the rest of the season and set several rookie statistical records, including the most touchdown passes and 300-yard games. He was named the AP NFL Offensive Rookie of the Year for his performance. In 2021, he became the first quarterback in Chargers history to throw for over 5,000 yards and was named to his first Pro Bowl. He signed a five-year, $262.5 million contract extension ahead of the 2023 season.","1998 births | All Wikipedia articles written in American English | American Conference Pro Bowl players | American football quarterbacks | Articles with short description | Commons category link from Wikidata | Living people | Los Angeles Chargers currentteam parameter articles | Los Angeles Chargers players | NFL Offensive Rookie of the Year winners | Oregon Ducks football players | Players of American football from Eugene, Oregon | Sheldon High School (Eugene, Oregon) alumni | Short description matches Wikidata | Use American English from September 2020 | Use mdy dates from December 2024 | Wikipedia semi-protected pages | William V. Campbell Trophy winners"
00-0036468,Kai Locksley,QB,Kai Locksley,https://en.wikipedia.org/wiki/Kai_Locksley,"Kai Locksley (born November 17, 1996) is an American professional football quarterback and wide receiver for the Houston Gamblers of the United Football League (UFL). He most recently played for the Hamilton Tiger-Cats of the Canadian Football League (CFL). Locksley played college football at Texas, Arizona Western College, Iowa Western Community College, and the University of Texas at El Paso.","1996 births | All articles with dead external links | American football quarterbacks | Articles with dead external links from February 2025 | Articles with permanently dead external links | Articles with short description | CS1 maint: numeric names: authors list | Canadian football quarterbacks | Canadian football wide receivers | Edmonton Elks players | Gilman School alumni | Houston Gamblers (UFL) players | Iowa Western Reivers football players | Living people | Memphis Showboats (2022) players | Miami Dolphins players | Players of American football from Prince George's County, Maryland | Players of Canadian football from Maryland | Short description is different from Wikidata | Sportspeople from Fort Washington, Maryland | Texas Longhorns football players | UTEP Miners football players | Use mdy dates from June 2024"
00-0039577,Kedon Slovis,QB,Kedon Slovis,https://en.wikipedia.org/wiki/Kedon_Slovis,"Kedon Slovis (born April 11, 2001) is an American professional football quarterback for the Arizona Cardinals  of the National Football League (NFL). He played college football for the USC Trojans, the Pittsburgh Panthers and the BYU Cougars.","2001 births | 21st-century American sportsmen | All Wikipedia articles written in American English | American football quarterbacks | Arizona Cardinals currentteam parameter articles | Arizona Cardinals players | Articles with short description | BYU Cougars football players | Houston Texans players | Indianapolis Colts players | Living people | Pittsburgh Panthers football players | Players of American football from Scottsdale, Arizona | Short description is different from Wikidata | USC Trojans football players | Use American English from September 2019 | Use mdy dates from March 2024"
00-0027131,Keith Null,QB,Keith Null,https://en.wikipedia.org/wiki/Keith_Null,"Keith Aaron Null (born September 24, 1985) is an American former professional football player who was a quarterback in the National Football League (NFL). He played college football for the West Texas A&M Buffaloes and was selected by the St. Louis Rams in the sixth round of the 2009 NFL draft. Null was also a member of the Jacksonville Jaguars and Carolina Panthers.","1985 births | All Wikipedia articles written in American English | American football quarterbacks | Articles with short description | Carolina Panthers players | Jacksonville Jaguars players | Living people | People from Lampasas, Texas | Players of American football from Texas | Short description is different from Wikidata | St. Louis Rams players | Use American English from April 2025 | Use mdy dates from June 2024 | West Texas A&M Buffaloes football players"
00-0030998,Keith Wenning,QB,Keith Wenning,https://en.wikipedia.org/wiki/Keith_Wenning,"Keith Wenning (born February 14, 1991) is an American former professional football quarterback. He was selected by the Baltimore Ravens in the sixth round of the 2014 NFL draft. He played college football at Ball State.","1991 births | American football quarterbacks | Articles with short description | Ball State Cardinals football players | Baltimore Ravens players | Buffalo Bills players | CS1 maint: archived copy as title | Canadian football quarterbacks | Cincinnati Bengals players | Living people | New York Giants players | People from Coldwater, Ohio | Players of American football from Mercer County, Ohio | Players of Canadian football from Ohio | Short description matches Wikidata | Toronto Argonauts players | Use mdy dates from May 2023"
00-0024264,Kellen Clemens,QB,Kellen Clemens,https://en.wikipedia.org/wiki/Kellen_Clemens,"Kellen Vincent Clemens (born June 7, 1983) is an American former professional football player who was a quarterback for 11 seasons in the National Football League (NFL). He played college football for the Oregon Ducks and was selected by the New York Jets in the second round of the 2006 NFL draft. He was also been a member of the Washington Redskins, Houston Texans, St. Louis Rams, and San Diego / Los Angeles Chargers.","1983 births | 21st-century American sportsmen | All Wikipedia articles written in American English | American football quarterbacks | Articles with short description | Catholics from New Jersey | Catholics from Oregon | Commons category link from Wikidata | Houston Texans players | Living people | Los Angeles Chargers players | New York Jets players | Oregon Ducks football players | People from Burns, Oregon | People from Hanover Township, New Jersey | Players of American football from Morris County, New Jersey | Players of American football from Oregon | Ranchers from Oregon | San Diego Chargers players | Short description is different from Wikidata | St. Louis Rams players | Use American English from February 2024 | Use mdy dates from March 2024 | Washington Redskins players"
00-0036946,Kellen Mond,QB,Kellen Mond,https://en.wikipedia.org/wiki/Kellen_Mond,"Kellen Louis Mond (born June 22, 1999) is an American professional football quarterback. He played college football for the Texas A&M Aggies, where he was a four-year starter and became one of three SEC quarterbacks to record over 9,000 career passing yards with 1,500 rushing yards. Mond was selected by the Minnesota Vikings in the third round of the 2021 NFL draft.",1999 births | American football quarterbacks | Articles with short description | Cleveland Browns players | Commons category link from Wikidata | IMG Academy alumni | Indianapolis Colts players | Living people | Minnesota Vikings players | New Orleans Saints players | Players of American football from San Antonio | San Antonio Brahmas players | Short description is different from Wikidata | Texas A&M Aggies football players | Use mdy dates from June 2023
00-0029234,Kellen Moore,QB,Kellen Moore,https://en.wikipedia.org/wiki/Kellen_Moore,"Kellen Christopher Moore (born July 5, 1988) is an American professional football coach and former quarterback who is the head coach for the New Orleans Saints of the National Football League (NFL). He played college football for the Boise State Broncos, setting the Football Bowl Subdivision (FBS) record for quarterback wins. Moore spent most of his professional career from 2012 to 2017 as a backup, seeing playing time with the Dallas Cowboys in 2015.
After retiring as a player, Moore began a coaching career. He served as the offensive coordinator for the Philadelphia Eagles in 2024, winning Super Bowl LIX. Moore was named the Saints' head coach the following season.","1988 births | All Wikipedia articles written in American English | All articles with dead external links | American football quarterbacks | Articles with dead external links from August 2024 | Articles with permanently dead external links | Articles with short description | Boise State Broncos football players | Coaches of American football from Washington (state) | Commons category link is on Wikidata | Dallas Cowboys coaches | Dallas Cowboys players | Detroit Lions players | Living people | Los Angeles Chargers coaches | NFL offensive coordinators | New Orleans Saints currentteam parameter articles | New Orleans Saints head coaches | People from Prosser, Washington | Philadelphia Eagles coaches | Players of American football from Washington (state) | Short description is different from Wikidata | Use American English from March 2023 | Use mdy dates from January 2019 | Webarchive template wayback links"
00-0007576,Kelly Holcomb,QB,Kelly Holcomb,https://en.wikipedia.org/wiki/Kelly_Holcomb,"Bryan Kelly Holcomb (born July 9, 1973) is an American former professional football player who was a quarterback in the National Football League (NFL). He played college football for the Middle Tennessee Blue Raiders. Holcomb was signed by the Tampa Bay Buccaneers as an undrafted free agent after the 1995 NFL draft. He was also a member of the Indianapolis Colts, Cleveland Browns, Buffalo Bills, Philadelphia Eagles, and Minnesota Vikings.","1973 births | All Wikipedia articles written in American English | American football quarterbacks | Articles with short description | Barcelona Dragons (NFL Europe) players | Buffalo Bills players | Cleveland Browns players | Indianapolis Colts players | Living people | Middle Tennessee Blue Raiders football players | Minnesota Vikings players | Philadelphia Eagles players | Players of American football from Tennessee | Short description is different from Wikidata | Sportspeople from Fayetteville, Tennessee | Tampa Bay Buccaneers players | Use American English from February 2024 | Use mdy dates from January 2019"
00-0022039,Ken Dorsey,QB,Ken Dorsey,https://en.wikipedia.org/wiki/Ken_Dorsey,"Kenneth Simon Dorsey (born April 22, 1981) is an American professional football coach and former quarterback who is the passing game specialist for the Dallas Cowboys of the National Football League (NFL). He played college football for the Miami Hurricanes, where he won the national championship and the Maxwell Award in 2001. He was selected by the San Francisco 49ers in the seventh round of the 2003 NFL draft, later playing for the Cleveland Browns and the Toronto Argonauts of the Canadian Football League (CFL), before retiring in 2010.
Dorsey became a coach in 2013, serving as the quarterbacks coach for the Carolina Panthers, after serving as a pro scout for the team from 2011 to 2012. He later became a coach with the Buffalo Bills, serving as their quarterbacks coach and eventually offensive coordinator. In 2024, Dorsey was hired as offensive coordinator for the Cleveland Browns. On February 10, 2025, the Dallas Cowboys hired Dorsey as passing game specialist.

","1981 births | All Wikipedia articles written in American English | American football quarterbacks | Articles with short description | Buffalo Bills coaches | Canadian football quarterbacks | Carolina Panthers coaches | Carolina Panthers scouts | Cleveland Browns coaches | Cleveland Browns players | Coaches of American football from California | Commons category link from Wikidata | Dallas Cowboys currentteam parameter articles | Living people | Maxwell Award winners | Miami Hurricanes football players | Miramonte High School alumni | NFL offensive coordinators | Players of American football from Contra Costa County, California | Players of Canadian football from California | San Francisco 49ers players | Short description matches Wikidata | Sportspeople from Orinda, California | Toronto Argonauts players | Use American English from January 2026 | Use mdy dates from January 2024"
00-0036549,Kenji Bahar,QB,Kenji Bahar,https://en.wikipedia.org/wiki/Kenji_Bahar,"Kenji Bahar (born September 21, 1997) is an American professional football quarterback for the Rhein Fire of the European League of Football (ELF). He played college football for the Monmouth Hawks.","1997 births | 21st-century American sportsmen | American football quarterbacks | Articles with short description | Baltimore Ravens players | CS1 German-language sources (de) | Calvert Hall College High School alumni | Canadian football quarterbacks | Date of birth not in Wikidata | Houston Gamblers (2022) players | Houston Gamblers (UFL) players | Living people | Massachusetts Pirates players | Monmouth Hawks football players | Players of American football from Baltimore County, Maryland | Players of Canadian football from Baltimore | Rhein Fire (ELF) players | Short description is different from Wikidata | Sportspeople from Towson, Maryland | Toronto Argonauts players | Use mdy dates from January 2024"
00-0038102,Kenny Pickett,QB,Kenny Pickett,https://en.wikipedia.org/wiki/Kenny_Pickett,"Kenneth Pickett  (born June 6, 1998) is an American professional football quarterback for the Carolina Panthers of the National Football League (NFL). He played college football for the Pittsburgh Panthers, winning the Johnny Unitas Golden Arm Award in 2021, and was selected by the Pittsburgh Steelers in the first round of the 2022 NFL draft. Pickett spent two seasons as the Steelers' primary starter, helping lead the team to a playoff appearance in 2023. Due to inconsistent play, he was traded to the Philadelphia Eagles, where he spent one season as a backup and was a member of the team that won Super Bowl LIX.","1998 births | All-American college football players | All Wikipedia articles written in American English | American football quarterbacks | Articles with short description | Carolina Panthers currentteam parameter articles | Carolina Panthers players | Cleveland Browns players | Commons category link from Wikidata | Las Vegas Raiders players | Living people | Ocean Township High School alumni | Philadelphia Eagles players | Pittsburgh Panthers football players | Pittsburgh Steelers players | Players of American football from Monmouth County, New Jersey | Short description matches Wikidata | Sportspeople from Ocean Township, Monmouth County, New Jersey | Use American English from January 2026 | Use mdy dates from September 2023"
00-0006212,Kent Graham,QB,Kent Graham,https://en.wikipedia.org/wiki/Kent_Graham,"Kent Douglas Graham (born November 1, 1968) is an American former professional football player who was a quarterback in the National Football League (NFL).  He played college football for the Notre Dame Fighting Irish before transferring to the Ohio State Buckeyes.  After college, Graham had a lengthy career in the NFL with the New York Giants in two separate stints, as well as starting for the Arizona Cardinals and the Pittsburgh Steelers.  He finished his career in 2002 with the Jacksonville Jaguars.","1968 births | 20th-century American sportsmen | 21st-century American sportsmen | All Wikipedia articles written in American English | American football quarterbacks | Arizona Cardinals players | Articles with short description | Detroit Lions players | Houston Texans players | Jacksonville Jaguars players | Living people | New York Giants players | Notre Dame Fighting Irish football players | Ohio State Buckeyes football players | Pittsburgh Steelers players | Players of American football from Wheaton, Illinois | Short description is different from Wikidata | Use American English from February 2024 | Use mdy dates from January 2019 | Washington Redskins players"
00-0003292,Kerry Collins,QB,Kerry Collins,https://en.wikipedia.org/wiki/Kerry_Collins,"Kerry Michael Collins (born December 30, 1972) is an American former professional football quarterback who played in the National Football League (NFL) for 17 seasons. Collins was a member of six NFL teams, most notably the Carolina Panthers, New York Giants, and Tennessee Titans. He played college football for the Penn State Nittany Lions, winning the Maxwell Award, Davey O'Brien Award, and Sammy Baugh Trophy in 1994.
Selected by the Panthers fifth overall in the 1995 NFL draft, Collins was the franchise's first draft selection. In his second season, he helped the Panthers become the youngest NFL expansion team to clinch their division and appear in a conference championship, also earning him Pro Bowl honors. Collins served as the Giants starting quarterback from 1999 to 2003, leading them to an appearance in Super Bowl XXXV. Following a period of limited success, Collins earned a second Pro Bowl selection after helping the Titans obtain a league-best 13–3 record in 2008. He saw less playing time in his final three years and retired after the 2011 season. Collins was inducted to the College Football Hall of Fame in 2018.","1972 births | All-American college football players | All Wikipedia articles written in American English | All articles containing potentially dated statements | American football quarterbacks | Articles containing potentially dated statements from 2017 | Articles containing potentially dated statements from 2018 | Articles with short description | Carolina Panthers players | College Football Hall of Fame inductees | Commons category link from Wikidata | Indianapolis Colts players | Living people | Maxwell Award winners | New Orleans Saints players | New York Giants players | Oakland Raiders players | Penn State Nittany Lions football players | Players of American football from Lebanon County, Pennsylvania | Short description is different from Wikidata | Sportspeople from Lebanon, Pennsylvania | Tennessee Titans players | Use American English from February 2023 | Use mdy dates from January 2024"
00-0003819,Kevin Daft,QB,Kevin Daft,https://en.wikipedia.org/wiki/Kevin_Daft,"Kevin Daft (born November 19, 1975) is an American college football coach and former quarterback. He is the tight ends coach for Dartmouth College. He was selected by the Tennessee Titans in the fifth round of the 1999 NFL draft. He played college football at UC Davis.
Daft was also a member of the Scottish Claymores, San Diego Chargers, Atlanta Falcons, San Francisco 49ers, Amsterdam Admirals, San Jose SaberCats and Indiana Firebirds.","1975 births | All articles with dead external links | American football quarterbacks | Amsterdam Admirals players | Articles with dead external links from December 2023 | Articles with permanently dead external links | Articles with short description | Atlanta Falcons players | California Golden Bears football coaches | Coaches of American football from California | Dartmouth Big Green football coaches | Indiana Firebirds players | Living people | Omaha Nighthawks coaches | Players of American football from Orange County, California | San Diego Chargers players | San Francisco 49ers players | San Jose SaberCats players | Scottish Claymores players | Short description is different from Wikidata | Sportspeople from Tustin, California | Tennessee Titans players | UC Davis Aggies football coaches | UC Davis Aggies football players | Use mdy dates from June 2024 | Webarchive template wayback links"
00-0036112,Kevin Davidson,QB,Kevin Davidson,https://en.wikipedia.org/wiki/Kevin_Davidson,"Kevin Davidson (born August 1, 1997) is an American former college football player who was a quarterback for the Princeton Tigers.","1997 births | All Wikipedia articles written in American English | All stub articles | American football quarterback stubs | American football quarterbacks | Articles with short description | Cleveland Browns players | Living people | Players of American football from Danville, California | Princeton Tigers football players | Short description is different from Wikidata | Use American English from August 2025 | Use mdy dates from June 2024"
00-0032784,Kevin Hogan,QB,Chris Hogan (American football),https://en.wikipedia.org/wiki/Chris_Hogan_(American_football),"Christopher James Hogan (born October 24, 1987) is an American former football wide receiver who played in the National Football League (NFL) for 10 seasons. He played college football for the Monmouth Hawks following three years of college lacrosse with the Penn State Nittany Lions. Hogan was a member of five NFL teams, most notably the New England Patriots.
Joining the NFL as an undrafted free agent, Hogan made his first roster spot in 2012 with the Buffalo Bills, where he spent four years. After signing a three-year contract with the Patriots in 2016, Hogan made consecutive Super Bowl appearances each season and won two. Hogan spent his final three seasons with the Carolina Panthers, New York Jets, and New Orleans Saints. He was also a lacrosse midfielder for the Cannons and Whipsnakes Lacrosse Club of the Premier Lacrosse League (PLL) in 2021.","1987 births | All Wikipedia articles written in American English | American football wide receivers | Articles with short description | Buffalo Bills players | Carolina Panthers players | Commons category link from Wikidata | Lacrosse players from New Jersey | Living people | Miami Dolphins players | Monmouth Hawks football players | Monmouth University alumni | New England Patriots players | New Orleans Saints players | New York Giants players | New York Jets players | Penn State Nittany Lions men's lacrosse players | Players of American football from Bergen County, New Jersey | Premier Lacrosse League players | Ramapo High School (New Jersey) alumni | San Francisco 49ers players | Short description matches Wikidata | Sportspeople from Wyckoff, New Jersey | Use American English from November 2023 | Use mdy dates from February 2024"
00-0025423,Kevin Kolb,QB,Kevin Kolb,https://en.wikipedia.org/wiki/Kevin_Kolb,"Kevin Benjamin Kolb ( kahb; born August 24, 1984) is an American former professional football player who was a quarterback in the National Football League (NFL). He played college football for the Houston Cougars and was selected by the Philadelphia Eagles in the second round of the 2007 NFL draft. He was also a member of the Arizona Cardinals and the Buffalo Bills.
Kolb attended Stephenville High School in Stephenville, Texas, where he was a three-year starter at quarterback. He moved on to the University of Houston where he earned Conference USA Offensive Most Valuable Player of the Year honors in 2006. Kolb started for two games in place of the injured Donovan McNabb during the 2009 NFL season for the Eagles, and earned NFC Player of the Week honors following his week 3 performance against the Kansas City Chiefs. Following McNabb's trade to the Washington Redskins in April 2010, Kolb became the starting quarterback for the Eagles. However, after suffering a concussion in week 1 against the Green Bay Packers, Kolb was replaced at quarterback by Michael Vick. Vick suffered a rib cartilage injury in week four and Kolb was named the starter. When Vick returned after week eight, Kolb was relegated to a backup role. Kolb was traded to the Arizona Cardinals prior to the start of the 2011 season. Kolb was released by the Cardinals on March 15, 2013.","1984 births | All Wikipedia articles written in American English | All articles with dead external links | American football quarterbacks | Arizona Cardinals players | Articles with dead external links from June 2021 | Articles with short description | Buffalo Bills players | Commons category link from Wikidata | Good articles | Houston Cougars football players | Living people | Philadelphia Eagles players | Players of American football from Victoria, Texas | Short description matches Wikidata | Sportspeople from Stephenville, Texas | Use American English from February 2024 | Use mdy dates from January 2019"
00-0026234,Kevin O'Connell,QB,Kevin O'Connell (American football),https://en.wikipedia.org/wiki/Kevin_O%27Connell_(American_football),"Kevin William O'Connell (born May 25, 1985), nicknamed ""KO"", is an American professional football coach and former quarterback who is the head coach for the Minnesota Vikings of the National Football League (NFL). He played college football for the San Diego State Aztecs from 2004 to 2007 and in the NFL for five seasons from 2008 to 2012, with his longest tenure (2009–2011) as a player with the New York Jets.
O'Connell was born in Knoxville, Tennessee. His father, Bill, was an FBI agent, and the family lived in Tennessee, New York, and California. He attended high school in Carlsbad, California, at La Costa Canyon High School. After graduation from high school in 2004, O'Connell enrolled at San Diego State University and played quarterback for the Aztecs, starting for three seasons.
The New England Patriots selected O'Connell in the third round of the 2008 NFL draft. He played five years as a quarterback in the NFL, with New England in 2008, the Detroit Lions in 2009, the New York Jets from 2009 to 2011, the Miami Dolphins and the San Diego Chargers in 2012.
From 2013 to 2014, while just retiring from the NFL, O'Connell served as a private instructor for quarterbacks. O'Connell's NFL coaching career began in 2015; he held various assistant coaching roles on the Cleveland Browns, San Francisco 49ers, Washington Redskins, and Los Angeles Rams (where he won Super Bowl LVI as offensive coordinator, in the 2021 season). Immediately afterward, O'Connell signed a deal as head coach of the Minnesota Vikings, where he led the team to the NFC North division title in his first season with the franchise, and made the postseason in two out of the first three seasons as head coach. O'Connell was also honored as the 2024 AP NFL Coach of the Year.","1985 births | American Roman Catholics | American football quarterbacks | Articles with short description | CS1 maint: deprecated archival service | Cleveland Browns coaches | Coaches of American football from Tennessee | Detroit Lions players | La Costa Canyon High School alumni | Living people | Los Angeles Rams coaches | Miami Dolphins players | Minnesota Vikings currentteam parameter articles | Minnesota Vikings head coaches | NFL Coach of the Year winners | NFL offensive coordinators | New England Patriots players | New York Jets players | Players of American football from Carlsbad, California | Players of American football from Knoxville, Tennessee | San Diego Chargers players | San Diego State Aztecs football players | San Francisco 49ers coaches | Short description matches Wikidata | Use mdy dates from November 2024 | Washington Redskins coaches"
00-0019278,Kevin Thompson,QB,Kevin Thompson (American football),https://en.wikipedia.org/wiki/Kevin_Thompson_(American_football),"Kevin James Thompson (born July 27, 1977) is an American former professional football player who was a quarterback in the National Football League (NFL), NFL Europe, and the Arena Football League (AFL). He was a two-year starter playing college football for the Penn State Nittany Lions. He signed as a free agent with the Cleveland Browns following the 2000 NFL draft and played there for one season.","1977 births | All BLP articles lacking sources | American expatriate sportspeople in Germany | American football quarterbacks | Articles with short description | BLP articles lacking sources from January 2024 | Buffalo Bills players | CS1: unfit URL | Cincinnati Bengals players | Cleveland Browns players | Cologne Centurions (NFL Europe) players | Frankfurt Galaxy players | Living people | Los Angeles Avengers players | Minnesota Vikings players | New York Giants players | Penn State Nittany Lions football players | People from Damascus, Maryland | Players of American football from Gaithersburg, Maryland | Short description is different from Wikidata | Use mdy dates from June 2024"
00-0029604,Kirk Cousins,QB,Kirk Cousins,https://en.wikipedia.org/wiki/Kirk_Cousins,"Kirk Daniel Cousins (born August 19, 1988) is an American professional football quarterback for the Las Vegas Raiders of the National Football League (NFL). He played college football for the Michigan State Spartans and was selected by the Washington Redskins in the fourth round of the 2012 NFL draft. Cousins ranks sixth all-time in completion percentage with at least 1,500 pass attempts and is 11th in the NFL's all-time regular season career passer rating.
Cousins spent his first three seasons with the Redskins as a backup to Robert Griffin III before replacing an injured Griffin in 2015 and leading the team to a division title. With Washington, Cousins set several franchise records and was named to the 2017 Pro Bowl. After two years of signing franchise tags and being unable to agree with the team on a long-term deal, Cousins signed a fully guaranteed three-year US$84 million contract with the Minnesota Vikings as a free agent in 2018. In six seasons with the Vikings, he earned three Pro Bowl selections and ranks third in the Vikings' all-time passing yards list. He later played two seasons with the Atlanta Falcons.","1988 births | 21st-century evangelicals | All Wikipedia articles written in American English | All articles with unsourced statements | American evangelicals | American football quarterbacks | Articles with short description | Articles with unsourced statements from December 2019 | Articles with unsourced statements from September 2024 | Atlanta Falcons players | Christians from Illinois | Commons category link is on Wikidata | Las Vegas Raiders currentteam parameter articles | Las Vegas Raiders players | Living people | Michigan State Spartans football players | Minnesota Vikings players | National Conference Pro Bowl players | Players of American football from Cook County, Illinois | Players of American football from Lake County, Illinois | Players of American football from Ottawa County, Michigan | Short description matches Wikidata | Sportspeople from Barrington, Illinois | Sportspeople from Holland, Michigan | Use American English from November 2025 | Use mdy dates from January 2025 | Washington Redskins players"
00-0021822,Kirk Farmer,QB,Kirk Farmer,https://en.wikipedia.org/wiki/Kirk_Farmer,"Kirk Farmer (born August 27, 1979) is an American former football quarterback. He played college football for the Missouri Tigers from 1999 to 2002. He was signed by the St. Louis Rams as an Undrafted free agent in 2003. He also played for the Kansas City Chiefs and the Frankfurt Galaxy.","1979 births | American expatriate sportspeople in Germany | American football quarterbacks | Articles with short description | Frankfurt Galaxy players | Living people | Missouri Tigers football players | Players of American football from Missouri | Short description matches Wikidata | Sportspeople from Jefferson City, Missouri | Use mdy dates from March 2024"
00-0022027,Kliff Kingsbury,QB,Kliff Kingsbury,https://en.wikipedia.org/wiki/Kliff_Kingsbury,"Kliff Timothy Kingsbury (born August 9, 1979) is an American professional football coach and former quarterback who is the assistant head coach for the Los Angeles Rams of the National Football League (NFL). He played college football for the Texas Tech Red Raiders, finishing in the top three in several school passing records before being selected in the sixth round of the 2003 NFL draft by the New England Patriots. Kingsbury was a member of several other NFL and CFL teams before entering coaching in 2008. He is also a co-founder of the American Vodka brand Amnisia Vodka along with former NFL Wide Receiver Danny Amendola.
Kingsbury was the offensive coordinator of the 2011 Houston Cougars that led the NCAA in nearly all offensive statistics that season, averaging 50 points and nearly 600 yards per game. He was later the head coach of Texas Tech (2013–2018) and the Arizona Cardinals (2019–2022). Kingsbury has been cited for his work in developing quarterbacks Case Keenum, Johnny Manziel, Baker Mayfield, Patrick Mahomes, Kyler Murray, Caleb Williams, and Jayden Daniels.","1979 births | 21st-century American sportsmen | All Wikipedia articles written in American English | All articles with dead external links | All articles with unsourced statements | American expatriate sportspeople in Germany | American football quarterbacks | Arizona Cardinals head coaches | Articles with dead external links from June 2025 | Articles with dead external links from March 2026 | Articles with dead external links from May 2023 | Articles with dead external links from October 2010 | Articles with permanently dead external links | Articles with short description | Articles with unsourced statements from December 2025 | Articles with unsourced statements from September 2014 | Buffalo Bills players | CS1 maint: deprecated archival service | Canadian football quarterbacks | Coaches of American football from Texas | Cologne Centurions (NFL Europe) players | Commons category link from Wikidata | Denver Broncos players | Houston Cougars football coaches | Living people | Los Angeles Rams coaches | Los Angeles Rams currentteam parameter articles | Montreal Alouettes players | NFL offensive coordinators | New Braunfels High School alumni | New England Patriots players | New Orleans Saints players | New York Jets players | Players of American football from New Braunfels, Texas | Players of American football from San Antonio | Players of Canadian football from San Antonio | Rawls College of Business alumni | Short description matches Wikidata | Texas A&M Aggies football coaches | Texas Tech Red Raiders football coaches | Texas Tech Red Raiders football players | USC Trojans football coaches | Use American English from January 2023 | Use mdy dates from January 2025 | Washington Commanders coaches | Winnipeg Blue Bombers players"
00-0015700,Kordell Stewart,QB,Kordell Stewart,https://en.wikipedia.org/wiki/Kordell_Stewart,"Kordell Stewart (born October 16, 1972) is an American former professional football quarterback who played in the National Football League (NFL) for 11 seasons, primarily with the Pittsburgh Steelers. Nicknamed ""Slash"", he played college football for the Colorado Buffaloes and achieved recognition in 1994 for the ""Miracle at Michigan"", a Hail Mary pass he completed to defeat the Michigan Wolverines. He was selected by the Steelers in the second round of the 1995 NFL draft.
Stewart held a variety of roles for the Steelers before becoming their starting quarterback in 1997, which saw him help guide the team to an AFC Championship Game appearance. His most successful season was in 2001 when he led Pittsburgh to the conference's top seed and a return to the conference championship, while earning Pro Bowl honors. Stewart's performance declined the following year, resulting in him being released by the Steelers. Afterwards, Stewart played one season for the Chicago Bears and held a backup role during two seasons with the Baltimore Ravens. He ranks eighth in quarterback rushing touchdowns at 38.","1972 births | 20th-century African-American sportsmen | 20th-century American sportsmen | 21st-century African-American sportsmen | 21st-century American sportsmen | All BLP articles lacking sources | All Wikipedia articles written in American English | All articles with dead external links | All articles with unsourced statements | All articles with vague or ambiguous time | American Conference Pro Bowl players | American football quarterbacks | American football wide receivers | American sports radio personalities | Articles with dead external links from February 2026 | Articles with short description | Articles with unsourced statements from February 2018 | Articles with unsourced statements from March 2013 | Articles with unsourced statements from September 2015 | BLP articles lacking sources from February 2018 | Baltimore Ravens players | Chicago Bears players | College football announcers | Colorado Buffaloes football players | John Ehret High School alumni | Living people | NFL announcers | Pittsburgh Steelers players | Players of American football from Atlanta | Players of American football from Marrero, Louisiana | Players of American football from New Orleans | Radio personalities from Atlanta | Short description is different from Wikidata | United Football League broadcasters | University of Colorado Boulder alumni | Use American English from February 2023 | Use mdy dates from January 2019 | Vague or ambiguous time from September 2015"
00-0004229,Koy Detmer,QB,Koy Detmer,https://en.wikipedia.org/wiki/Koy_Detmer,"Koy Dennis Detmer (born July 5, 1973) is an American former professional football player who was a quarterback in the National Football League (NFL). He played college football for the Colorado Buffaloes. Detmer was selected by the Philadelphia Eagles in the seventh round of the 1997 NFL draft. He is the younger brother of former NFL quarterback and Heisman Trophy winner Ty Detmer. His son, Koy Detmer Jr., is the quarterbacks coach for the Michigan Wolverines.","1973 births | All Wikipedia articles written in American English | American football quarterbacks | Articles with short description | Coaches of American football from Texas | Colorado Buffaloes football players | Commons category link is on Wikidata | High school football coaches in Texas | Living people | People from Mission, Texas | Philadelphia Eagles players | Players of American football from Hidalgo County, Texas | Players of American football from San Antonio | Short description is different from Wikidata | Use American English from February 2024 | Use mdy dates from April 2023"
00-0034131,Kurt Benkert,QB,Kurt Benkert,https://en.wikipedia.org/wiki/Kurt_Benkert,"Kurt Benkert (born July 17, 1995) is an American former professional football player who was a quarterback in the National Football League (NFL). He played college football for the East Carolina Pirates and Virginia Cavaliers. He signed with the Atlanta Falcons of the National Football League (NFL) as an undrafted free agent following the 2018 NFL draft; he was also a member of the Green Bay Packers and San Francisco 49ers. After being assigned to the Houston Roughnecks, he announced he would not play for the league, but was traded to the San Antonio Brahmas midway through the season.","1995 births | All Wikipedia articles written in American English | American Football YouTubers | American Twitch (service) streamers | American football quarterbacks | Articles with hCards | Articles with short description | Atlanta Falcons players | East Carolina Pirates football players | Green Bay Packers players | Living people | No local image but image on Wikidata | Players of American football from Lee County, Florida | San Antonio Brahmas players | San Francisco 49ers players | Short description matches Wikidata | Sportspeople from Cape Coral, Florida | Use American English from April 2025 | Use mdy dates from March 2024 | Virginia Cavaliers football players"
00-0021271,Kurt Kittner,QB,Kurt Kittner,https://en.wikipedia.org/wiki/Kurt_Kittner,"Kurt Kittner (born January 23, 1980) is an American former professional football player who was a quarterback for the Atlanta Falcons of the National Football League (NFL). He played college football for the Illinois Fighting Illini and was selected by the Atlanta Falcons in the fifth round of the 2002 NFL draft.

","1980 births | All BLP articles lacking sources | American football quarterbacks | Amsterdam Admirals players | Articles with short description | Atlanta Falcons players | BLP articles lacking sources from July 2021 | CS1 maint: deprecated archival service | Chicago Bears players | Cincinnati Bengals players | Illinois Fighting Illini football players | Living people | New England Patriots players | New York Giants players | Pittsburgh Steelers players | Players of American football from Cook County, Illinois | Short description is different from Wikidata | Sportspeople from Schaumburg, Illinois | Use mdy dates from March 2024 | World Bowl MVPs"
00-0017200,Kurt Warner,QB,Kurt Warner,https://en.wikipedia.org/wiki/Kurt_Warner,"Kurtis Eugene Warner (born June 22, 1971) is an American former professional football quarterback who played in the National Football League (NFL) for 12 seasons, primarily with the St. Louis Rams and Arizona Cardinals. His career, which saw him ascend from an undrafted free agent to a two-time Most Valuable Player and Super Bowl MVP, is widely regarded as one of the greatest Cinderella stories in NFL history.
After playing college football for the Northern Iowa Panthers from 1990 to 1993, Warner spent four years without being named to an NFL roster. He was signed by the Green Bay Packers in 1994, but released before the regular season and instead played three seasons for the Iowa Barnstormers of the Arena Football League (AFL). Warner landed his first NFL roster spot in 1998 with the Rams, holding a backup position until he was thrust into becoming St. Louis's starter the following season. During his first season as an NFL starting quarterback, Warner led The Greatest Show on Turf offense to the Rams' first Super Bowl title in Super Bowl XXXIV, earning him league and Super Bowl MVP honors. He won his second league MVP award two years later en route to an appearance in Super Bowl XXXVI. Released from St. Louis in 2004 amid a performance decline, Warner spent one season with the New York Giants before revitalizing his career in Arizona. His most successful season with the Cardinals was in 2008 when he led them to the franchise's first Super Bowl appearance in Super Bowl XLIII.
Considered the NFL's greatest undrafted player, Warner is the only undrafted player to be named NFL MVP and Super Bowl MVP and the only undrafted quarterback to lead his team to a Super Bowl victory. He was also the first quarterback to win a Super Bowl during his first season as the primary starter. Warner was inducted to the Pro Football Hall of Fame in 2017. He is the only player inducted to both the Pro Football Hall of Fame and the Arena Football Hall of Fame.","1971 births | All Wikipedia articles written in American English | All articles with dead external links | Alliance of American Football announcers | American Christians | American football quarterbacks | American philanthropists | Amsterdam Admirals players | Arena football announcers | Arizona Cardinals players | Articles with dead external links from June 2024 | Articles with permanently dead external links | Articles with short description | CS1 maint: deprecated archival service | Commons category link is on Wikidata | Green Bay Packers players | Iowa Barnstormers players | Living people | NFL Most Valuable Player winners | NFL Network people | NFL announcers | National Conference Pro Bowl players | New York Giants players | Northern Iowa Panthers football coaches | Northern Iowa Panthers football players | People from Burlington, Iowa | Players of American football from Cedar Rapids, Iowa | Pro Football Hall of Fame inductees | Short description matches Wikidata | St. Louis Rams players | Super Bowl MVPs | Use American English from June 2022 | Use mdy dates from March 2024 | Walter Payton NFL Man of the Year winners | Webarchive template wayback links"
00-0034577,Kyle Allen,QB,Kyle Allen (American football),https://en.wikipedia.org/wiki/Kyle_Allen_(American_football),"Kyle James Allen (born March 8, 1996) is an American professional football quarterback for the Buffalo Bills of the National Football League (NFL). He played college football for the Texas A&M Aggies and the Houston Cougars.
Allen signed with the Carolina Panthers as an undrafted free agent in 2018. That same year, he started the final game of the season following injuries to both Cam Newton and Taylor Heinicke, as well as for the majority of the 2019 season after Newton suffered another injury. He was traded to Washington in 2020 and started four games before breaking his ankle and missing the rest of the season. Allen has also played with the Houston Texans, Detroit Lions, and Pittsburgh Steelers.","1996 births | 21st-century American sportsmen | American football quarterbacks | Articles with short description | Buffalo Bills currentteam parameter articles | Buffalo Bills players | Carolina Panthers players | Commons category link from Wikidata | Detroit Lions players | Houston Cougars football players | Houston Texans players | Living people | Pittsburgh Steelers players | Players of American football from Scottsdale, Arizona | Short description is different from Wikidata | Texas A&M Aggies football players | Use mdy dates from January 2023 | Washington Football Team players"
00-0022164,Kyle Boller,QB,Kyle Boller,https://en.wikipedia.org/wiki/Kyle_Boller,"Kyle Bryan Boller (born June 17, 1981) is an American former professional football player who was a quarterback in the National Football League (NFL). After playing college football for the California Golden Bears, he was selected by the Baltimore Ravens in the first round of the 2003 NFL draft. He was a member of the Ravens from 2003 to 2008, the St. Louis Rams in 2009, and the Oakland Raiders from 2010 to 2011.","1981 births | All Wikipedia articles written in American English | American football quarterbacks | Articles with short description | Baltimore Ravens players | California Golden Bears football players | Commons category link from Wikidata | Living people | Oakland Raiders players | Players of American football from Burbank, California | Players of American football from Santa Clarita, California | San Diego Chargers players | Short description is different from Wikidata | St. Louis Rams players | Use American English from November 2023 | Use mdy dates from March 2024 | Webarchive template wayback links | William S. Hart High School alumni"
00-0034369,Kyle Lauletta,QB,Kyle Lauletta,https://en.wikipedia.org/wiki/Kyle_Lauletta,"Kyle James Lauletta (born March 17, 1995) is an American former professional football player who was a quarterback in the National Football League (NFL). He played college football for the Richmond Spiders and was selected by the New York Giants in the fourth round of the 2018 NFL draft. He was also a member of the NFL's Philadelphia Eagles, Atlanta Falcons, Cleveland Browns and Jacksonville Jaguars. He also played in the United States Football League (USFL) for the Pittsburgh Maulers and New Jersey Generals.","1995 births | All Wikipedia articles written in American English | American football quarterbacks | Articles with short description | Atlanta Falcons players | Cleveland Browns players | Commons category link from Wikidata | Jacksonville Jaguars players | Living people | New Jersey Generals (2022) players | New York Giants players | Philadelphia Eagles players | Pittsburgh Maulers (2022) players | Players of American football from Chester County, Pennsylvania | Richmond Spiders football players | Short description is different from Wikidata | Use American English from February 2024 | Use mdy dates from September 2020"
00-0023541,Kyle Orton,QB,Kyle Orton,https://en.wikipedia.org/wiki/Kyle_Orton,"Kyle Raymond Orton (born November 14, 1982) is an American former professional football player who was a quarterback in the National Football League (NFL). He played college football for Purdue, where he started four straight bowl games. He was selected by the Chicago Bears in the fourth round of the 2005 NFL draft.  After an injury to Bears starter Rex Grossman, Orton was pressed into service as the starting quarterback during his rookie year, starting the first 14 games of the 2005 season, but was replaced by Grossman for the playoffs that year.  Orton did not play at all in 2006, and sparingly in 2007. He regained his starting job from Grossman in 2008, but the team finished a disappointing 9–7 and out of the playoffs. In the offseason of that year, he was traded to the Denver Broncos.
Orton spent the next three seasons with Broncos, where he amassed a 12–21 record as a starting quarterback over three seasons. He lost his starting role to Tim Tebow during the 2011 season and was released by the team. Orton was claimed off waivers by the Kansas City Chiefs. He spent the next three seasons as a back-up quarterback for the Dallas Cowboys and Buffalo Bills. Orton became the Bills' starting quarterback in 2014, where he went 7–5. He retired after the season.","1982 births | All Wikipedia articles written in American English | All articles containing potentially dated statements | All articles with dead external links | American football quarterbacks | Articles containing potentially dated statements from 2017 | Articles with dead external links from July 2022 | Articles with dead external links from June 2016 | Articles with dead external links from November 2016 | Articles with permanently dead external links | Articles with short description | Buffalo Bills players | CS1 maint: deprecated archival service | Chicago Bears players | Commons category link is on Wikidata | Dallas Cowboys players | Denver Broncos players | Kansas City Chiefs players | Living people | People from Altoona, Iowa | Players of American football from Iowa | Purdue Boilermakers football players | Short description is different from Wikidata | Sportspeople from Polk County, Iowa | Use American English from September 2024 | Use mdy dates from March 2024 | Webarchive template wayback links"
00-0035163,Kyle Shurmur,QB,Kyle Shurmur,https://en.wikipedia.org/wiki/Kyle_Shurmur,"Kyle Shurmur (born November 6, 1996) is an American football coach and former quarterback who is the assistant quarterbacks coach for the Buffalo Bills of the National Football League (NFL). He played quarterback in college football at Vanderbilt, and signed with the Kansas City Chiefs as an undrafted free agent in 2019.","1996 births | All Wikipedia articles written in American English | American football quarterbacks | Articles with short description | Buffalo Bills coaches | Buffalo Bills currentteam parameter articles | Cincinnati Bengals players | Coaches of American football from Michigan | Commons category link from Wikidata | Kansas City Chiefs players | Living people | Players of American football from Michigan | Players of American football from Philadelphia | Short description is different from Wikidata | Sportspeople from East Lansing, Michigan | Use American English from September 2019 | Use mdy dates from January 2019 | Vanderbilt Commodores football coaches | Vanderbilt Commodores football players | Washington Football Team players"
00-0033672,Kyle Sloter,QB,Kyle Sloter,https://en.wikipedia.org/wiki/Kyle_Sloter,"Kyle Joseph Sloter (born February 7, 1994) is an American former professional football quarterback. He played college football for the Southern Miss Golden Eagles before transferring to the Northern Colorado Bears. He signed as an undrafted free agent with the Denver Broncos of the National Football League (NFL) in 2017. He was also a member of the Minnesota Vikings, Arizona Cardinals, Detroit Lions, Chicago Bears, Las Vegas Raiders, and Jacksonville Jaguars. He also played for the New Orleans Breakers of the USFL and the Arlington Renegades of the XFL.",1994 births | American football quarterbacks | Arizona Cardinals players | Articles with short description | Birmingham Stallions (2022) players | Chicago Bears players | Commons category link from Wikidata | Dallas Renegades players | Denver Broncos players | Detroit Lions players | Jacksonville Jaguars players | Las Vegas Raiders players | Living people | Minnesota Vikings players | New Orleans Breakers (2022) players | Northern Colorado Bears football players | Players of American football from Atlanta | Short description is different from Wikidata | Southern Miss Golden Eagles football players | Use mdy dates from May 2020
00-0036928,Kyle Trask,QB,Kyle Trask,https://en.wikipedia.org/wiki/Kyle_Trask,"Kyle Jacob Trask (born March 6, 1998) is an American professional football quarterback. He played college football for the Florida Gators and was selected by the Tampa Bay Buccaneers in the second round of the 2021 NFL draft.","1998 births | American football quarterbacks | Articles with short description | Atlanta Falcons players | Florida Gators football players | Living people | Players of American football from Brazoria County, Texas | Short description matches Wikidata | Tampa Bay Buccaneers players | Use mdy dates from January 2025"
00-0035228,Kyler Murray,QB,Kyler Murray,https://en.wikipedia.org/wiki/Kyler_Murray,"Kyler Cole Murray (born August 7, 1997) is an American professional football quarterback for the Minnesota Vikings of the National Football League (NFL). Following one season of college football with the Texas A&M Aggies, Murray played for the Oklahoma Sooners, winning the Heisman Trophy in 2018. Murray was selected first overall by the Arizona Cardinals in the 2019 NFL draft. He was also selected ninth overall by the Oakland Athletics of Major League Baseball (MLB) in the 2018 draft, making him the first player drafted in the first round of both sports.
In his first season, Murray was named NFL Offensive Rookie of the Year after setting several Cardinals franchise rookie quarterback records. He received consecutive Pro Bowl selections during his next two seasons, along with leading the Cardinals to the playoffs in 2021, their first appearance since 2015. Murray ranks fifth all-time in completion percentage with at least 1,500 pass attempts.","1997 births | African-American Christians | African-American baseball players | All Wikipedia articles written in American English | American football quarterbacks | American people of South Korean descent | American players of American football of Asian descent | Arizona Cardinals players | Articles with short description | Baseball outfielders | Baseball players from Collin County, Texas | Baseball players from Tarrant County, Texas | Commons category link from Wikidata | First overall NFL draft picks | Harwich Mariners players | Heisman Trophy winners | Living people | Minnesota Vikings currentteam parameter articles | NFL Offensive Rookie of the Year winners | National Conference Pro Bowl players | Oklahoma Sooners baseball players | Oklahoma Sooners football players | People from Bedford, Texas | Players of American football from Allen, Texas | Players of American football from Tarrant County, Texas | Short description is different from Wikidata | Sportspeople of Korean descent | Texas A&M Aggies football players | Under Armour All-American football players | Use American English from December 2025 | Use mdy dates from December 2024"
00-0034796,Lamar Jackson,QB,Lamar Jackson,https://en.wikipedia.org/wiki/Lamar_Jackson,"Lamar Demeatrice Jackson Jr. (born January 7, 1997) is an American professional football quarterback for the Baltimore Ravens of the National Football League (NFL). He played college football for the Louisville Cardinals, winning the Heisman Trophy in 2016, and was selected by the Ravens with the final pick in the first round of the 2018 NFL draft. A two-time recipient of the NFL Most Valuable Player (MVP) award and the all-time leader in quarterback rushing yards, Jackson is regarded as one of the best quarterbacks of his generation, and by some analysts as one of the greatest dual-threat quarterbacks of all time.
Jackson became the Ravens' starting quarterback during his rookie season after an injury to Joe Flacco, leading the team to a division title and becoming the youngest quarterback to start a playoff game at 21. In his first full season, he led the NFL in touchdown passes and set the single-season rushing record for a quarterback, earning unanimous NFL MVP honors and becoming the fourth Black quarterback to win the award. In 2020, he became the first quarterback with multiple 1,000-yard rushing seasons and led the Ravens to a third straight playoff appearance. He secured a second MVP award in 2023 while taking the Ravens to their first AFC Championship Game since 2012. Jackson currently ranks first on the NFL's all-time regular-season career passer rating list. In 2024, Jackson set career highs in passing, became the all-time leader in quarterback rushing yards, and tied the record for most perfect passer rating games with four.","1997 births | 21st-century African-American sportsmen | 21st-century American sportsmen | African-American Christians | All-American college football players | All Wikipedia articles written in American English | American Conference Pro Bowl players | American football quarterbacks | Articles with short description | Baltimore Ravens currentteam parameter articles | Baltimore Ravens players | CS1 maint: bot: original URL status unknown | CS1 maint: url-status | Heisman Trophy winners | Living people | Louisville Cardinals football players | Maxwell Award winners | NFL Most Valuable Player winners | Players of American football from Boynton Beach, Florida | Players of American football from Pompano Beach, Florida | Short description matches Wikidata | Use American English from November 2025 | Use mdy dates from December 2024 | Walter Camp Award winners | Wikipedia indefinitely semi-protected biographies of living people"
00-0030524,Landry Jones,QB,Landry Jones,https://en.wikipedia.org/wiki/Landry_Jones,"Matthew Landry Jones (born April 4, 1989) is an American former professional football player who was a quarterback in the National Football League (NFL) and XFL. He played college football for the Oklahoma Sooners and was selected by the Pittsburgh Steelers in the fourth round of the 2013 NFL draft. Jones was also a member of the Jacksonville Jaguars, Oakland Raiders, and Dallas Renegades.","1989 births | All Wikipedia articles written in American English | All articles with failed verification | American Christians | American football quarterbacks | Articles with failed verification from February 2024 | Articles with short description | CS1 maint: bot: original URL status unknown | Coaches of American football from New Mexico | Commons category link from Wikidata | Dallas Renegades players | Jacksonville Jaguars players | Living people | Oakland Raiders players | Oklahoma Sooners football players | People from Artesia, New Mexico | Pittsburgh Steelers players | Players of American football from New Mexico | Short description is different from Wikidata | Tennessee Volunteers football coaches | Under Armour All-American football players | Use American English from July 2025 | Use mdy dates from February 2024"
00-0023306,Lang Campbell,QB,Lang Campbell,https://en.wikipedia.org/wiki/Lang_Campbell,"Lang Campbell (born September 25, 1981) is an American former professional football quarterback who played in the Arena Football League (AFL) and NFL Europe. He was signed by the Cleveland Browns as an undrafted free agent in 2005. He played college football for the William & Mary Tribe.","1981 births | American football quarterbacks | American men's basketball players | Arizona Cardinals players | Arizona Rattlers players | Articles with short description | Atlanta Falcons players | Austin Wranglers players | Berlin Thunder players | Cleveland Browns players | Living people | People from Winchester, Virginia | Players of American football from Virginia | Short description is different from Wikidata | Use mdy dates from June 2024 | Walter Payton Award winners | Webarchive template wayback links | William & Mary Tribe football players | William & Mary Tribe men's basketball players"
00-0027804,Levi Brown,QB,Levi Brown (offensive tackle),https://en.wikipedia.org/wiki/Levi_Brown_(offensive_tackle),"Levi James Brown III (born March 16, 1984) is an American former professional football player who was an offensive tackle in the National Football League (NFL). He was selected by the Arizona Cardinals fifth overall in the 2007 NFL draft. He played college football for the Penn State Nittany Lions.","1984 births | All Wikipedia articles written in American English | American football offensive tackles | Arizona Cardinals players | Articles with short description | Commons category link from Wikidata | Living people | Penn State Nittany Lions football players | Pittsburgh Steelers players | Players of American football from Norfolk, Virginia | Short description matches Wikidata | Use American English from April 2024 | Use mdy dates from June 2024"
00-0031260,Logan Thomas,QB,Logan Thomas,https://en.wikipedia.org/wiki/Logan_Thomas,"Logan Lamont Thomas Sr. (born July 1, 1991) is an American former professional football tight end. He was the starting quarterback while playing college football for the Virginia Tech Hokies in the early 2010s, where he finished as the school's all-time leader in passing yards and touchdowns before being selected by the Arizona Cardinals in the fourth round of the 2014 NFL draft.
Thomas spent time as a reserve quarterback for the Cardinals, Miami Dolphins and New York Giants. He switched to tight end, a position he last played in high school, with the Detroit Lions in 2016 and continued the role with the Buffalo Bills and Washington Football Team / Commanders.","1991 births | American football quarterbacks | American football tight ends | Arizona Cardinals players | Articles with short description | Buffalo Bills players | Commons category link from Wikidata | Detroit Lions players | Living people | Miami Dolphins players | NFL Free agent currentteam parameter articles | New York Giants players | Players of American football from Lynchburg, Virginia | San Francisco 49ers players | Short description is different from Wikidata | Use mdy dates from September 2020 | Virginia Tech Hokies football players | Washington Commanders players | Washington Football Team players"
00-0034438,Logan Woodside,QB,Logan Woodside,https://en.wikipedia.org/wiki/Logan_Woodside,"Logan Miles Woodside (born January 27, 1995) is an American professional football quarterback. He played college football for the Toledo Rockets and was selected by the Cincinnati Bengals in the seventh round of the 2018 NFL draft. Woodside was also previously a member of the Tennessee Titans, Atlanta Falcons, and Pittsburgh Steelers, as well as the San Antonio Commanders of the Alliance of American Football (AAF).","1995 births | All articles with dead external links | American football quarterbacks | Arizona Cardinals players | Articles with dead external links from June 2024 | Articles with permanently dead external links | Articles with short description | Atlanta Falcons players | Cincinnati Bengals players | Commons category link from Wikidata | Living people | People from Frankfort, Kentucky | Pittsburgh Steelers players | Players of American football from Kentucky | San Antonio Commanders players | Short description matches Wikidata | Tennessee Titans players | Toledo Rockets football players | Use mdy dates from February 2024"
00-0034737,Luis Perez,QB,Luis Perez (American football),https://en.wikipedia.org/wiki/Luis_Perez_(American_football),"Luis Francisco Perez (born August 26, 1994) is an American professional football quarterback for the St. Louis Battlehawks of the United Football League (UFL). Nicknamed the ""Spring King"", he played college football for the Texas A&M–Commerce Lions from 2015 to 2017. Prior to that, he played junior college football for the Southwestern Jaguars. He was awarded the Harlon Hill Trophy in 2017 as the best football player in NCAA Division II and led the Lions to their second national championship in football during the 2017 season, their first since 1972. 
Perez was not drafted in the 2018 NFL draft, but was signed as an undrafted free agent by the Los Angeles Rams. He has played in the Alliance of American Football, the 2020 iteration of the XFL, the 2022 iteration of the United States Football League, the 2023 iteration of the XFL, and the current United Football League. The longest tenured spring football quarterback to have never started an NFL game, he is widely considered to be one of the greatest spring football players of all time. He is best known for winning the 2023 XFL Championship with the Arlington Renegades, in which Perez was named MVP of the Championship Game after leading the Renegades to a 35–26 victory over the D.C. Defenders.",1994 births | American football quarterbacks | American people of Mexican descent | Articles with short description | Birmingham Iron players | CS1: unfit URL | CS1 Spanish-language sources (es) | Commons category link from Wikidata | Dallas Renegades players | Detroit Lions players | East Texas A&M Lions football players | Hispanic and Latino American players of American football | Living people | Los Angeles Chargers players | Los Angeles Rams players | Los Angeles Wildcats (XFL) players | New Jersey Generals (2022) players | New York Guardians players | Philadelphia Eagles players | Players of American football from San Diego | San Antonio Commanders players | Short description matches Wikidata | Southwestern Jaguars football players | Sportspeople of Mexican descent | St. Louis Battlehawks players | The Spring League players | Use mdy dates from January 2019 | Vegas Vipers players
00-0034412,Luke Falk,QB,Luke Falk,https://en.wikipedia.org/wiki/Luke_Falk,"Lucas Andrew Falk (born December 28, 1994) is an American former professional football player who was a quarterback in the National Football League (NFL). He played college football for the Washington State Cougars, and was selected by the Tennessee Titans in the sixth round of the 2018 NFL draft. Falk was also a member of the Miami Dolphins, New York Jets and Saskatchewan Roughriders.
Falk started the 2019 season as the third quarterback on the roster of the Jets and played in three games, due to an illness affecting starting quarterback Sam Darnold and an injury to Trevor Siemian sustained in Week 2 of the regular season. Falk struggled with the Jets and was released mid-season following Darnold's return.","1994 births | All Wikipedia articles written in American English | American football quarterbacks | Articles with short description | Canadian football quarterbacks | Coaches of American football from Utah | Commons category link from Wikidata | Living people | Miami Dolphins players | New York Jets players | Northern Iowa Panthers football coaches | Oaks Christian School alumni | Players of American football from Logan, Utah | Players of Canadian football from Utah | Saskatchewan Roughriders players | Short description is different from Wikidata | Tennessee Titans players | Use American English from July 2025 | Use mdy dates from March 2024 | Washington State Cougars football players | Wingate Bulldogs football coaches"
00-0022864,Luke McCown,QB,Luke McCown,https://en.wikipedia.org/wiki/Luke_McCown,"Lucas Patrick McCown (born July 12, 1981) is an American former professional football player who was a quarterback in the National Football League (NFL). He played college football for the  Louisiana Tech Bulldogs and was selected by the Cleveland Browns in the fourth round of the 2004 NFL draft. He played in the NFL for the Browns, Tampa Bay Buccaneers, Jacksonville Jaguars, Atlanta Falcons, and New Orleans Saints.","1981 births | All Wikipedia articles written in American English | American football quarterbacks | Articles with short description | Atlanta Falcons players | CS1 maint: bot: original URL status unknown | Cleveland Browns players | Commons category link from Wikidata | Dallas Cowboys players | Jacksonville Jaguars players | Living people | Louisiana Tech Bulldogs football players | McCown family | New Orleans Saints players | Players of American football from Cherokee County, Texas | Short description is different from Wikidata | Sportspeople from Jacksonville, Texas | Tampa Bay Buccaneers players | Use American English from February 2024 | Use mdy dates from January 2019"
00-0036972,Mac Jones,QB,Mac Jones,https://en.wikipedia.org/wiki/Mac_Jones,"Michael McCorkle ""Mac"" Jones (born September 5, 1998) is an American professional football quarterback for the San Francisco 49ers of the National Football League (NFL). He played college football for the Alabama Crimson Tide, setting the NCAA season records for passer rating and completion percentage as a junior en route to winning the 2021 College Football Playoff National Championship. Jones also received Johnny Unitas Golden Arm, Davey O'Brien, and Manning awards. He was selected by the New England Patriots in the first round of the 2021 NFL draft.
Jones had a successful rookie season, leading the Patriots to a playoff berth and earning Pro Bowl honors. After struggling during his next two seasons, Jones lost his starting position in 2023 and was traded to the Jacksonville Jaguars the following year. Jones signed with the 49ers in 2025.","1998 births | Alabama Crimson Tide football players | All-American college football players | All Wikipedia articles written in American English | American football quarterbacks | Articles with short description | Bolles School alumni | Commons category link from Wikidata | Jacksonville Jaguars players | Living people | New England Patriots players | Players of American football from Jacksonville, Florida | San Francisco 49ers currentteam parameter articles | San Francisco 49ers players | Short description matches Wikidata | Use American English from February 2026 | Use mdy dates from December 2024"
00-0038911,Malik Cunningham,QB,Malik Cunningham,https://en.wikipedia.org/wiki/Malik_Cunningham,"Micale Malik Cunningham (born October 6, 1998) is an American professional football wide receiver for the Detroit Lions of the National Football League (NFL). He played college football for the Louisville Cardinals as a quarterback. He has also played in the NFL for the New England Patriots.","1998 births | American football quarterbacks | American football wide receivers | Articles with short description | Baltimore Ravens players | Detroit Lions currentteam parameter articles | Detroit Lions players | Living people | Louisville Cardinals football players | New England Patriots players | Players of American football from Montgomery, Alabama | Short description is different from Wikidata | Use mdy dates from November 2023"
00-0038128,Malik Willis,QB,Malik Willis,https://en.wikipedia.org/wiki/Malik_Willis,"Malik Antonio Willis ( mə-LEEK; born May 25, 1999) is an American professional football quarterback for the Miami Dolphins of the National Football League (NFL). He played college football for the Auburn Tigers and Liberty Flames, winning the 2020 Dudley Award with the latter. Willis was selected by the Tennessee Titans in the third round of the 2022 NFL draft and was traded to the Green Bay Packers in 2024.",1999 births | 21st-century African-American sportsmen | 21st-century American sportsmen | African-American Christians | All Wikipedia articles written in American English | American football quarterbacks | Articles with short description | Auburn Tigers football players | Commons category link from Wikidata | Green Bay Packers players | Liberty Flames football players | Living people | Miami Dolphins currentteam parameter articles | Players of American football from Atlanta | Short description is different from Wikidata | Tennessee Titans players | Use American English from December 2025 | Use mdy dates from May 2026
00-0035077,Manny Wilkins,QB,Manny Wilkins,https://en.wikipedia.org/wiki/Manny_Wilkins,"Manny Wilkins Jr. (born November 5, 1995) is an American professional football quarterback. He played college football for Arizona State. After going undrafted in the 2019 NFL draft, Wilkins signed with the Green Bay Packers of the National Football League (NFL), but was released the following year, in 2020. After a three-year hiatus, in 2023, Wilkins was picked up by the St. Louis Battlehawks, then of the XFL, now of the UFL, where he began as a backup and eventually progressed to the team's starting quarterback.","1995 births | All articles with unsourced statements | American football quarterbacks | Arizona State Sun Devils football players | Articles with short description | Articles with unsourced statements from April 2025 | Green Bay Packers players | Living people | Players of American football from Marin County, California | San Marin High School alumni | Short description is different from Wikidata | Sportspeople from Novato, California | St. Louis Battlehawks players | Use mdy dates from April 2020"
00-0019599,Marc Bulger,QB,Marc Bulger,https://en.wikipedia.org/wiki/Marc_Bulger,"Marc Robert Bulger (; born April 5, 1977) is an American former professional football quarterback who played in the National Football League (NFL) for nine seasons with the St. Louis Rams. He made his first roster spot with the Rams in 2001 after signing with them the previous year, becoming the starter by his third season. Bulger led the Rams to two consecutive playoff appearances and one division title, while earning two Pro Bowl selections. Following his St. Louis tenure, Bulger spent a year as a backup for the Baltimore Ravens before retiring.",1977 births | All Wikipedia articles written in American English | All articles containing potentially dated statements | All articles with dead external links | All articles with unsourced statements | American football quarterbacks | Articles containing potentially dated statements from 2017 | Articles using sports links with data from Wikidata | Articles with dead external links from July 2022 | Articles with dead external links from June 2017 | Articles with permanently dead external links | Articles with short description | Articles with unsourced statements from June 2018 | Atlanta Falcons players | Baltimore Ravens players | CS1: unfit URL | Central Catholic High School (Pittsburgh) alumni | Commons category link from Wikidata | Living people | National Conference Pro Bowl players | New Orleans Saints players | Players of American football from Pittsburgh | Players of American football from St. Louis | Short description is different from Wikidata | St. Louis Rams players | Use American English from February 2023 | Use mdy dates from January 2019 | West Virginia Mountaineers football players
00-0032268,Marcus Mariota,QB,Marcus Mariota,https://en.wikipedia.org/wiki/Marcus_Mariota,"Marcus Ardel Taulauniu Mariota (born October 30, 1993) is an American professional football quarterback for the Washington Commanders of the National Football League (NFL). He played college football for the Oregon Ducks and won the 2014 Heisman Trophy, the only player in his state's history to do so.
Mariota was selected second overall by the Tennessee Titans in the 2015 NFL draft and led the team to three consecutive winning seasons from 2016 to 2018. He was replaced as starting quarterback by Ryan Tannehill after six games in the 2019 season. In 2020, Mariota signed with the Las Vegas Raiders, where he was a backup for two seasons before signing with the Atlanta Falcons in 2022, where he started for most of the season. Mariota spent the 2023 season as a backup for the Philadelphia Eagles before joining the Commanders in 2024.

",1993 births | 21st-century American sportsmen | All-American college football players | All Wikipedia articles written in American English | American football quarterbacks | American people of German-Samoan descent | American people of German descent | American people of Samoan descent | Articles with short description | Atlanta Falcons players | CS1 maint: deprecated archival service | Christians from Hawaii | Commons category link from Wikidata | Heisman Trophy winners | Las Vegas Raiders players | Living people | Maxwell Award winners | Oregon Ducks football players | Philadelphia Eagles players | Players of American football from Honolulu | Saint Louis School alumni | Samoan people of German descent | Second overall NFL draft picks | Short description matches Wikidata | Sportspeople of Samoan descent | Tennessee Titans players | Use American English from December 2025 | Use mdy dates from May 2024 | Walter Camp Award winners | Washington Commanders currentteam parameter articles | Washington Commanders players
00-0023145,Marcus Randall,QB,Marcus Randall,https://en.wikipedia.org/wiki/Marcus_Randall,"Marcus Keith Randall (born March 14, 1982) is an American former professional football player. Randall played quarterback for LSU, Tennessee Titans and Green Bay Packers of the National Football League (NFL).","1982 births | 20th-century African-American sportsmen | 20th-century American sportsmen | 21st-century African-American sportsmen | 21st-century American sportsmen | All articles with unsourced statements | American football quarterbacks | American football safeties | Articles with short description | Articles with unsourced statements from August 2016 | Green Bay Packers players | LSU Tigers football players | Living people | Players of American football from Baton Rouge, Louisiana | Short description is different from Wikidata | Tennessee Titans players | Use mdy dates from June 2024"
00-0002110,Mark Brunell,QB,Mark Brunell,https://en.wikipedia.org/wiki/Mark_Brunell,"Mark Allen Brunell (born September 17, 1970) is an American professional football coach and former quarterback who is the quarterbacks coach for the Detroit Lions of the National Football League (NFL). He previously played in the NFL for 19 seasons, most notably with the Jacksonville Jaguars. For his accomplishments in Jacksonville, he was inducted to the Pride of the Jaguars in 2013.
Brunell played college football for the Washington Huskies and was selected by the Green Bay Packers in the fifth round of the 1993 NFL draft. After two seasons, Brunell was traded to the expansion Jaguars for their inaugural 1995 season. Within their second season, he helped the team obtain the franchise's first winning record, playoff berth, postseason victory, and AFC Championship Game appearance. Brunell went on to guide Jacksonville to four consecutive playoff runs within their first five seasons, making them the first NFL expansion team to do so, and clinched the franchise's first division title in 1999 en route to a second AFC Championship appearance. He also received three Pro Bowl selections with the Jaguars.
Following his 2004 departure from Jacksonville, Brunell played for the Washington Redskins, New Orleans Saints, and New York Jets until retiring in 2011. With the Saints, he was part of the team that won the franchise's first Super Bowl title in Super Bowl XLIV, where he served as a backup and holder. Since retiring, he has pursued a coaching career and became the Lions' quarterbacks coach in 2021.","1970 births | American Christians | American Conference Pro Bowl players | American football quarterbacks | Articles with short description | CS1 maint: deprecated archival service | Coaches of American football from California | Commons category link from Wikidata | Detroit Lions coaches | Detroit Lions currentteam parameter articles | Green Bay Packers players | High school football coaches in Florida | Jacksonville Jaguars players | Living people | New Orleans Saints players | New York Jets players | Players of American football from Los Angeles | Players of American football from Santa Barbara County, California | Short description matches Wikidata | Sportspeople from Santa Maria, California | St. Joseph High School (Santa Maria, California) alumni | Use mdy dates from January 2019 | Washington Huskies football players | Washington Redskins players | Webarchive template wayback links"
00-0007059,Mark Hartsell,QB,Hartsell,https://en.wikipedia.org/wiki/Hartsell,"Hartsell is a surname. Notable people with the surname include:

Danielle Hartsell (born 1980), American pair skater
Fletcher L. Hartsell Jr. (born 1947), American politician
Harry Hartsell (1890–1955), American football, basketball and baseball player, coach and athletics administrator
Mark Hartsell (born 1973), American football player
Steve Hartsell (born 1978), American pair skater",All set index articles | Articles with short description | Short description is different from Wikidata | Surnames
00-0014234,Mark Rypien,QB,Mark Rypien,https://en.wikipedia.org/wiki/Mark_Rypien,"Mark Robert Rypien (born October 2, 1962) is a Canadian-born former professional football quarterback who played in the National Football League (NFL) for 14 seasons. He played college football for the Washington State Cougars and was selected by the Washington Redskins in the sixth round of the 1986 NFL draft. He was named Super Bowl MVP, doing so in Super Bowl XXVI with the Redskins. He also played for several other NFL teams. His nephew Brett plays in the NFL as a quarterback.","1962 births | All Wikipedia articles written in Canadian English | All articles with unsourced statements | American football quarterbacks | American people of Finnish descent | American people of Polish descent | Articles with short description | Articles with unsourced statements from February 2018 | Articles with unsourced statements from February 2024 | Atlanta Falcons players | Canadian emigrants to the United States | Canadian expatriate American football people in the United States | Canadian football people from Calgary | Canadian football quarterbacks | Canadian people of Finnish descent | Canadian people of Polish descent | Cleveland Browns players | Commons category link from Wikidata | Indianapolis Colts players | Living people | NASCAR team owners | National Conference Pro Bowl players | Philadelphia Eagles players | Players of American football from Spokane, Washington | Rochester Raiders players | Seattle Seahawks players | Short description matches Wikidata | St. Louis Rams players | Super Bowl MVPs | Use Canadian English from February 2023 | Use mdy dates from March 2024 | Washington Redskins players | Washington State Cougars football players"
00-0026898,Mark Sanchez,QB,Mark Sanchez,https://en.wikipedia.org/wiki/Mark_Sanchez,"Mark Travis John Sanchez (born November 11, 1986) is an American former professional football player who was a quarterback in the National Football League (NFL) for 10 seasons. He played college football for the USC Trojans and was selected by the New York Jets in the first round (fifth overall) of the 2009 NFL draft.
A backup quarterback during his first three years at the University of Southern California, Sanchez rose to prominence in 2007 due to injuries suffered by starting quarterback John David Booty; he also became popular within the Los Angeles community due to his Mexican-American heritage. Sanchez was named the starter in 2008, and led USC to a 12–1 record and won the Rose Bowl against Penn State. Although USC coach Pete Carroll and many scouts considered him too inexperienced, Sanchez entered the 2009 NFL draft and was selected by the Jets in the first round.
Despite a subpar first season, Sanchez led the Jets to the AFC Championship Game, a losing effort to the Indianapolis Colts, becoming the fourth rookie quarterback in NFL history to win his first playoff game and the second to win two playoff games. In his second season, Sanchez again led the Jets to the AFC Championship Game, losing to the Pittsburgh Steelers; he joined Ben Roethlisberger as the only two quarterbacks in NFL history to reach the conference championship in their first two seasons in the league.
The next two seasons would be a regression for both the team and Sanchez as they failed to reach the playoffs and he was eventually replaced towards the end of the 2012 season by Greg McElroy. Sanchez suffered a season-ending shoulder injury during the preseason in 2013; he was released after the season concluded and was subsequently signed by the Philadelphia Eagles. After Eagles starter Nick Foles went down with an injury, Sanchez started the second half of the season and set career highs in completion percentage and passer rating. Nevertheless, Sanchez was unable to reestablish himself as a starter and spent one season each as a backup for the Dallas Cowboys, Chicago Bears, and Washington Redskins before retiring after the 2018 season.
After his playing career, Sanchez worked as an analyst for ESPN from 2019 to 2021 and for Fox Sports from 2021 until his firing in 2025.","1986 births | All Wikipedia articles written in American English | American football quarterbacks | American people of Mexican descent | American philanthropists | American television sports commentators | Articles with short description | CS1 maint: deprecated archival service | CS1 maint: url-status | Chicago Bears players | College football announcers | Commons category link from Wikidata | Dallas Cowboys players | Denver Broncos players | ESPN people | Fox Sports 1 people | Good articles | Hispanic and Latino American players of American football | Living people | Mission Viejo High School alumni | NFL announcers | New York Jets players | Participants in American reality television series | Philadelphia Eagles players | Players of American football from Long Beach, California | Players of American football from Mission Viejo, California | Santa Margarita Catholic High School alumni | Short description matches Wikidata | Sportspeople from Rancho Santa Margarita, California | Sportspeople of Mexican descent | USC Trojans football players | Use American English from March 2023 | Use mdy dates from February 2024 | Washington Redskins players | Wikipedia indefinitely semi-protected biographies of living people"
00-0021720,Marquel Blackwell,QB,Marquel Blackwell,https://en.wikipedia.org/wiki/Marquel_Blackwell,"Marquel Blackwell (born July 29, 1979) is a former American football quarterback and the former running backs coach for the University of South Carolina.",1979 births | All articles with dead external links | All articles with unsourced statements | American football quarterbacks | Articles with dead external links from November 2025 | Articles with short description | Articles with unsourced statements from June 2010 | Dixie Hollins High School alumni | Florida Gators football coaches | High school football coaches in Florida | Houston Cougars football coaches | Living people | New York Jets players | Ole Miss Rebels football coaches | Short description is different from Wikidata | South Florida Bulls football coaches | South Florida Bulls football players | Toledo Rockets football coaches | Use mdy dates from January 2019 | West Virginia Mountaineers football coaches | Western Kentucky Hilltoppers football coaches
00-0020405,Marques Tuiasosopo,QB,Marques Tuiasosopo,https://en.wikipedia.org/wiki/Marques_Tuiasosopo,"Marques Tavita Tuiasosopo (born March 22, 1979) is an American college football coach and former player. He played as a quarterback for eight seasons in the National Football League (NFL) with the Oakland Raiders and the New York Jets. Tuiasosopo played college football for the Washington Huskies and was selected by the Raiders in the second round of the 2001 NFL draft.
In 2013, he returned to his alma mater as the quarterbacks coach and later served as interim head coach for the Fight Hunger Bowl. He also held the position of tight ends coach for the California Golden Bears.","1979 births | All Wikipedia articles written in American English | American football quarterbacks | American people of Samoan descent | Articles with short description | California Golden Bears football coaches | Coaches of American football from Washington (state) | Detroit Lions coaches | Detroit Lions currentteam parameter articles | Living people | New York Jets players | Oakland Raiders players | Players of American football from King County, Washington | Players of American football from Long Beach, California | Players of American football from Seattle | Rice Owls football coaches | Short description is different from Wikidata | Sportspeople from Woodinville, Washington | Sportspeople of Samoan descent | UCLA Bruins football coaches | USC Trojans football coaches | Use American English from April 2026 | Use mdy dates from March 2024 | Washington Huskies football coaches | Washington Huskies football players | Webarchive template wayback links"
00-0033071,Marquise Williams,QB,Marquise Williams,https://en.wikipedia.org/wiki/Marquise_Williams,"Marquise Javon Williams (born October 5, 1992) is an American former professional football quarterback. He played college football for the North Carolina Tar Heels. Williams was signed by the Green Bay Packers of the National Football League (NFL) as an undrafted free agent in 2016, later playing for the Saskatchewan Roughriders of the Canadian Football League (CFL), the San Antonio Commanders of the Alliance of American Football (AAF), and the New York Guardians of the XFL.","1992 births | All Wikipedia articles written in American English | American football quarterbacks | Articles with short description | Atlanta Legends players | Canadian football quarterbacks | Green Bay Packers players | Living people | Mallard Creek High School alumni | New York Guardians players | North Carolina Tar Heels football players | Players of American football from Shelby, North Carolina | Players of Canadian football from North Carolina | San Antonio Commanders players | Saskatchewan Roughriders players | Short description is different from Wikidata | Use American English from April 2025 | Use mdy dates from June 2024 | Webarchive template wayback links"
00-0034771,Mason Rudolph,QB,Mason Rudolph (American football),https://en.wikipedia.org/wiki/Mason_Rudolph_(American_football),"Brett Mason Rudolph III (born July 17, 1995) is an American professional football quarterback for the Pittsburgh Steelers of the National Football League (NFL). He played college football for the Oklahoma State Cowboys, winning the Johnny Unitas Golden Arm Award during his last year before being drafted by the Steelers in the third round of the 2018 NFL draft. Rudolph has also played for the Tennessee Titans.
From 2018 to 2022, Rudolph primarily served as a backup, making occasional starts. He re-signed with the Steelers in 2023 and spent most of the season as the third-string quarterback before being named the starter late in the season. Rudolph led the Steelers to three consecutive wins, setting a franchise record for completion percentage in the final regular-season game and started in the Wild Card Round against the Buffalo Bills. After one season in Tennessee, Rudolph returned to Pittsburgh in 2025.","1995 births | All Wikipedia articles written in American English | All articles with dead external links | American football quarterbacks | American people of German descent | Articles with dead external links from January 2026 | Articles with short description | CS1 maint: deprecated archival service | Commons category link from Wikidata | Living people | Oklahoma State Cowboys football players | Pittsburgh Steelers currentteam parameter articles | Pittsburgh Steelers players | Players of American football from Rock Hill, South Carolina | Short description matches Wikidata | Tennessee Titans players | Use American English from November 2025 | Use mdy dates from March 2024"
00-0030533,Matt Barkley,QB,Matt Barkley,https://en.wikipedia.org/wiki/Matt_Barkley,"Matthew Montgomery Barkley (born September 8, 1990) is an American former professional football quarterback who played in the National Football League (NFL). He played college football for the USC Trojans, setting the Pac-12 Conference season record for touchdown passes as a junior. Due to suffering a shoulder injury as a senior, Barkley was not selected until the fourth round of the 2013 NFL draft by the Philadelphia Eagles. He has been a member of 11 different NFL teams, mostly as a backup. Barkley had his most notable stint with the Chicago Bears in 2016 where he served as the team's starter.","1990 births | 21st-century American sportsmen | American football quarterbacks | Arizona Cardinals players | Articles with short description | Atlanta Falcons players | Buffalo Bills players | CS1 maint: bot: original URL status unknown | CS1 maint: deprecated archival service | Carolina Panthers players | Chicago Bears players | Christians from California | Cincinnati Bengals players | Commons category link from Wikidata | Jacksonville Jaguars players | Living people | Mater Dei High School (Santa Ana, California) alumni | New York Giants players | Philadelphia Eagles players | Players of American football from Newport Beach, California | San Francisco 49ers players | Short description matches Wikidata | Tennessee Titans players | USC Trojans football players | Under Armour All-American football players | Use mdy dates from February 2024"
00-0023662,Matt Cassel,QB,Matt Cassel,https://en.wikipedia.org/wiki/Matt_Cassel,"Matthew Brennan Cassel (born May 17, 1982) is an American former professional football quarterback who played in the National Football League (NFL) for 14 seasons. He was a member of seven NFL teams, most notably the New England Patriots and Kansas City Chiefs. Cassel played college football for the USC Trojans and was selected by the Patriots in the seventh round of the 2005 NFL draft. Since retiring, he has served as a television football analyst on NBC Sports Boston, as well as Big Ten and Notre Dame college football games on NBC and Peacock.
Cassel began his career as a backup to Tom Brady until Brady suffered a season-ending injury in the first game of 2008. During his one season as the Patriots' starter, Cassel helped them obtain a 11–5 record, but missed the playoffs. He was traded to the Chiefs the following year, playing there from 2009 to 2012. Cassel's most successful season was in 2010 when he led the Chiefs to their first division title since 2003 and earned Pro Bowl honors. After leaving Kansas City, Cassel joined the Minnesota Vikings before spending the rest of his career as a backup for the Buffalo Bills, Dallas Cowboys, Tennessee Titans, and Detroit Lions.","1982 births | All Wikipedia articles written in American English | All articles with dead external links | American Conference Pro Bowl players | American football quarterbacks | Articles with dead external links from December 2023 | Articles with permanently dead external links | Articles with short description | Buffalo Bills players | CS1 maint: bot: original URL status unknown | Commons category link is on Wikidata | Dallas Cowboys players | Detroit Lions players | Kansas City Chiefs players | Living people | Minnesota Vikings players | New England Patriots players | People from Chatsworth, Los Angeles | People from Northridge, Los Angeles | Players of American football from Los Angeles | Short description is different from Wikidata | Tennessee Titans players | USC Trojans baseball players | USC Trojans football players | Use American English from February 2023 | Use mdy dates from February 2024"
00-0038132,Matt Corral,QB,Matt Corral,https://en.wikipedia.org/wiki/Matt_Corral,"Matthew Anthony Corral (born January 31, 1999) is an American professional football quarterback for the Orlando Storm of the United Football League (UFL). He played college football for the Ole Miss Rebels and was selected by the Carolina Panthers in the third round of the 2022 NFL draft.","1999 births | All Wikipedia articles written in American English | American football quarterbacks | American people of Mexican descent | Articles with short description | Birmingham Stallions (2022) players | Carolina Panthers players | Commons category link from Wikidata | Hispanic and Latino American players of American football | Living people | Long Beach Polytechnic High School alumni | Michigan Panthers (2022) players | Minnesota Vikings players | New England Patriots players | Oaks Christian School alumni | Ole Miss Rebels football players | Orlando Storm players | Players of American football from Ventura, California | Short description is different from Wikidata | Sportspeople of Mexican descent | Use American English from September 2019 | Use mdy dates from March 2024"
00-0026349,Matt Flynn,QB,Matt Flynn (American football),https://en.wikipedia.org/wiki/Matt_Flynn_(American_football),"Matthew Clayton Flynn (born June 20, 1985) is an American former professional football player who was a quarterback in the National Football League (NFL). He played college football for the LSU Tigers and was selected by the Green Bay Packers in the seventh round of the 2008 NFL draft. Flynn was a member of the Packers when they won Super Bowl XLV over the Pittsburgh Steelers. He also played for the Seattle Seahawks, Oakland Raiders, Buffalo Bills, New England Patriots, New York Jets, and New Orleans Saints.","1985 births | All Wikipedia articles written in American English | All articles with dead external links | American football quarterbacks | Articles with dead external links from October 2010 | Articles with short description | Buffalo Bills players | CS1 maint: deprecated archival service | Commons category link from Wikidata | Green Bay Packers players | LSU Tigers football players | Living people | New England Patriots players | New Orleans Saints players | New York Jets players | Oakland Raiders players | Players of American football from Tyler, Texas | Seattle Seahawks players | Short description is different from Wikidata | Use American English from February 2024 | Use mdy dates from April 2025 | Webarchive template wayback links"
00-0024824,Matt Gutierrez,QB,Matt Gutierrez,https://en.wikipedia.org/wiki/Matt_Gutierrez,"Matthew Paul Gutierrez (born June 9, 1984) is an American former professional football player who was a quarterback in the National Football League (NFL) and Arena Football League (AFL). He was signed by the New England Patriots as an undrafted free agent in 2007. He played college football for the Idaho State Bengals.
He was also a member of the Kansas City Chiefs, Chicago Bears, Omaha Nighthawks, Washington Redskins, St. Louis Rams, Arizona Rattlers and Kansas City Command.","1984 births | All Wikipedia articles written in American English | All articles with dead external links | American football quarterbacks | Arizona Rattlers players | Articles with dead external links from March 2020 | Articles with permanently dead external links | Articles with short description | CS1: unfit URL | Chicago Bears players | Commons category link from Wikidata | De La Salle High School (Concord, California) alumni | Idaho State Bengals football players | Kansas City Chiefs players | Kansas City Command players | Living people | Michigan Wolverines football players | New England Patriots players | Omaha Nighthawks players | Players of American football from Contra Costa County, California | Short description is different from Wikidata | Sportspeople from Concord, California | St. Louis Rams players | Use American English from July 2025 | Use mdy dates from June 2024 | Washington Redskins players | Webarchive template wayback links"
00-0007091,Matt Hasselbeck,QB,Matt Hasselbeck,https://en.wikipedia.org/wiki/Matt_Hasselbeck,"Matthew Michael Hasselbeck (born September 25, 1975) is an American former professional football quarterback who played in the National Football League (NFL) for 18 seasons, primarily with the Seattle Seahawks. He played college football for the Boston College Eagles and was selected in the sixth round of the 1998 NFL draft by the Green Bay Packers. After a season on the practice squad and two seasons backing up Brett Favre, he was traded to the Seattle Seahawks in 2001, where he spent the majority of his career. Hasselbeck led Seattle to six playoff appearances, including the franchise's first Super Bowl appearance during the 2005 season. He was selected to three Pro Bowls in his career. Hasselbeck also played for the Tennessee Titans and Indianapolis Colts. He is a former analyst for ESPN's Sunday NFL Countdown and Monday Night Countdown. 
In 2024, Hasselbeck was hired by The Ensworth School in Nashville, Tennessee to serve as the offensive coordinator of the high school’s football team, led by his brother and head Ensworth football coach Tim Hasselbeck.","1975 births | All Wikipedia articles written in American English | All articles with dead external links | American football quarterbacks | Articles with dead external links from June 2017 | Articles with dead external links from March 2013 | Articles with permanently dead external links | Articles with short description | Boston College Eagles football players | CS1: unfit URL | CS1 maint: deprecated archival service | Commons category link is on Wikidata | ESPN people | Green Bay Packers players | Indianapolis Colts players | Living people | NFL announcers | National Conference Pro Bowl players | Official website different in Wikidata and Wikipedia | People from Norfolk, Massachusetts | People from Westwood, Massachusetts | Players of American football from Boulder, Colorado | Players of American football from Middlesex County, Massachusetts | Players of American football from Seattle | Seattle Seahawks players | Short description is different from Wikidata | Sportspeople from Weston, Massachusetts | Tennessee Titans players | Use American English from November 2022 | Use mdy dates from April 2026 | Webarchive template wayback links | Xaverian Brothers High School alumni"
00-0024225,Matt Leinart,QB,Matt Leinart,https://en.wikipedia.org/wiki/Matt_Leinart,"Matthew Stephen Leinart (born May 11, 1983) is an American former professional football quarterback who played in the National Football League (NFL) for seven seasons. He played college football for the USC Trojans, winning the Heisman Trophy and leading the team to a perfect season in 2004. Selected 10th overall by the Arizona Cardinals in the 2006 NFL draft, Leinart primarily served as Kurt Warner's backup for four seasons. He spent his final three seasons in a backup role for the Houston Texans and the Oakland Raiders. Leinart was inducted to the College Football Hall of Fame in 2017.","1983 births | 21st-century American sportsmen | All-American college football players | All Wikipedia articles written in American English | All articles with unsourced statements | American football quarterbacks | American podcasters on American football | American television sports commentators | Arizona Cardinals players | Articles with short description | Articles with unsourced statements from August 2014 | Articles with unsourced statements from December 2023 | Buffalo Bills players | College Football Hall of Fame inductees | College football announcers | Commons category link from Wikidata | Fox Sports 1 people | Heisman Trophy winners | Houston Texans players | Living people | Mater Dei High School (Santa Ana, California) alumni | Oakland Raiders players | People from Chandler, Arizona | Players of American football from Santa Ana, California | Short description matches Wikidata | USC Trojans football players | Use American English from November 2022 | Use mdy dates from February 2024 | Walter Camp Award winners | Webarchive template wayback links"
00-0010206,Matt Lytle,QB,Matt Lytle,https://en.wikipedia.org/wiki/Matt_Lytle,"Matthew Robert Lytle (born September 4, 1975) is an American former professional football player who was a quarterback for the Carolina Panthers and Seattle Seahawks of the National Football League (NFL). He played college football for the Pittsburgh Panthers. Lytle was also a member of the Rhein Fire, Montreal Alouettes, Baltimore Ravens, and Colorado Crush.","1975 births | American football quarterbacks | Articles with short description | Baltimore Ravens players | Canadian football quarterbacks | Carolina Panthers players | Colorado Crush players | Living people | Montreal Alouettes players | People from Wyomissing, Pennsylvania | Pittsburgh Panthers football players | Players of American football from Berks County, Pennsylvania | Players of American football from Lancaster, Pennsylvania | Players of Canadian football from Pennsylvania | Rhein Fire players | Seattle Seahawks players | Short description is different from Wikidata | Use mdy dates from June 2024"
00-0022768,Matt Mauck,QB,Matt Mauck,https://en.wikipedia.org/wiki/Matt_Mauck,"Matthew Ryan Mauck (born February 12, 1979) is an American former professional football player who was a quarterback in the National Football League (NFL) for the Denver Broncos and Tennessee Titans. He played college football for the LSU Tigers, winning the national championship in 2003.","1979 births | All BLP articles lacking sources | American dentists | American football quarterbacks | Arizona League Cubs players | Articles with short description | BLP articles lacking sources from September 2012 | Denver Broncos players | LSU Tigers football players | Lansing Lugnuts players | Living people | People from Dubois County, Indiana | People from Jasper, Indiana | Players of American football from Indiana | Short description is different from Wikidata | Tennessee Titans players | Use mdy dates from March 2024"
00-0025708,Matt Moore,QB,Matt Moore (American football),https://en.wikipedia.org/wiki/Matt_Moore_(American_football),"Matthew Erickson Moore (born August 9, 1984) is an American former professional quarterback in the National Football League (NFL). He played college football for the UCLA Bruins and Oregon State Beavers before signing with the Dallas Cowboys as an undrafted free agent in 2007.
Moore was cut by the Cowboys before the start of the 2007 regular season, and subsequently joined the Carolina Panthers, where he spent the first four seasons of his professional career primarily as a backup. He joined the Miami Dolphins in 2011 where he would spend the majority of his career at eight seasons. He started the most games of his career at 12 during his first year with the Dophins before returning to a backup role for the rest of his tenure with the team. He signed with the Kansas City Chiefs in 2019, where spent his final two seasons as a backup. He was notably part of the team that won Super Bowl LIV and spent most of the 2020 season on the practice squad.","1984 births | All Wikipedia articles written in American English | All articles with dead external links | American football quarterbacks | Articles with dead external links from October 2010 | Articles with short description | Carolina Panthers players | Commons category link from Wikidata | Dallas Cowboys players | Hispanic and Latino American players of American football | Kansas City Chiefs players | Living people | Miami Dolphins players | Miami Dolphins scouts | Oregon State Beavers football players | People from Van Nuys, Los Angeles | Players of American football from Santa Clarita, California | Short description is different from Wikidata | UCLA Bruins football players | Use American English from September 2024 | Use mdy dates from November 2022 | William S. Hart High School alumni"
00-0026143,Matt Ryan,QB,Matt Ryan (American football),https://en.wikipedia.org/wiki/Matt_Ryan_(American_football),"Matthew Thomas Ryan (born May 17, 1985) is an American professional football executive and former player who is the president of football for the Atlanta Falcons of the National Football League (NFL). He played as a quarterback for 15 seasons, primarily with the Falcons. Nicknamed ""Matty Ice"", he ranks among the league's all-time top 10 in pass attempts, pass completions, passing yards, and passing touchdowns. Ryan played college football for the Boston College Eagles, winning the Manning and Johnny Unitas Golden Arm Awards in 2007. He was selected third overall by the Falcons in the 2008 NFL draft.
Ryan made an impact in his first season by taking the Falcons to the playoffs, earning him Offensive Rookie of the Year. During his Atlanta tenure, Ryan led the team to six playoff appearances and three division titles, while receiving four Pro Bowl selections and one first-team All-Pro selection. His most successful season was in 2016 when he was named the NFL Most Valuable Player (MVP) and led the Falcons to an appearance in Super Bowl LI. In his final season, Ryan played for the Indianapolis Colts. After retiring, he served as an analyst for CBS Sports. In January 2026, Ryan would leave his job as an analyst to become the president of football for the Falcons.","1985 births | All-American college football players | All Wikipedia articles written in American English | All articles with dead external links | American football quarterbacks | American people of Irish descent | American philanthropists | American sports executives and administrators | Articles with dead external links from January 2018 | Articles with permanently dead external links | Articles with short description | Atlanta Falcons currentteam parameter articles | Atlanta Falcons executives | Atlanta Falcons players | Boston College Eagles football players | CS1 maint: deprecated archival service | Catholics from Pennsylvania | Commons category link is on Wikidata | Indianapolis Colts players | Living people | NFL Most Valuable Player winners | NFL Offensive Player of the Year winners | NFL Offensive Rookie of the Year winners | NFL announcers | National Conference Pro Bowl players | Players of American football from Atlanta | Players of American football from Chester County, Pennsylvania | Players of American football from Philadelphia | Short description is different from Wikidata | Unconferenced Pro Bowl players | Use American English from November 2025 | Use mdy dates from May 2024 | William Penn Charter School alumni"
00-0022787,Matt Schaub,QB,Matt Schaub,https://en.wikipedia.org/wiki/Matt_Schaub,"Matthew Rutledge Schaub (SHOB; born June 25, 1981) is an American professional football coach and former quarterback who is the quarterbacks coach for the Arizona Cardinals of the National Football League (NFL). He played college football for the Virginia Cavaliers and was selected by the Atlanta Falcons in the third round of the 2004 NFL draft.
After spending his first three professional seasons with the Atlanta Falcons as a backup, Schaub was traded to the Houston Texans in 2007, where he spent the next seven seasons as a starter and was selected to two Pro Bowls. He then had stints as a backup with the Oakland Raiders and Baltimore Ravens in 2014 and 2015, respectively. He then returned to the Falcons in 2016, where he remained a backup for his final five seasons in the NFL. Schaub began his NFL coaching career in 2023 an analyst for the Atlanta Falcons and was hired by the Cardinals as their quarterbacks coach in 2026.","1981 births | 21st-century American sportsmen | All Wikipedia articles written in American English | American Conference Pro Bowl players | American football quarterbacks | Arizona Cardinals coaches | Arizona Cardinals currentteam parameter articles | Articles with short description | Atlanta Falcons coaches | Atlanta Falcons players | Baltimore Ravens players | Commons link from Wikidata | Houston Texans players | Living people | Oakland Raiders players | Players of American football from Pittsburgh | Players of American football from West Chester, Pennsylvania | Short description is different from Wikidata | Use American English from February 2023 | Use mdy dates from February 2024 | Virginia Cavaliers football players"
00-0029151,Matt Simms,QB,Matt Simms (American football),https://en.wikipedia.org/wiki/Matt_Simms_(American_football),"Matthew Phillip Simms (born September 27, 1988) is an American former professional football player who was a quarterback in the National Football League (NFL). He played college football for the Tennessee Volunteers, before being signed by the New York Jets as an undrafted free agent in 2012. Simms is the son of former New York Giants quarterback and Super Bowl XXI MVP Phil Simms and younger brother of former NFL quarterback Chris Simms. He currently runs a non-NFL-sponsored private quarterback training camp and podcast under the name ""Simms Complete.""","1988 births | All Wikipedia articles written in American English | American football quarterbacks | Articles with short description | Atlanta Falcons players | Atlanta Legends players | Buffalo Bills players | Don Bosco Preparatory High School alumni | El Camino Warriors football players | Living people | Louisville Cardinals football players | Memphis Express (American football) players | New York Jets players | Players of American football from Bergen County, New Jersey | Short description matches Wikidata | Sportspeople from Franklin Lakes, New Jersey | Tennessee Volunteers football players | Use American English from July 2025 | Use mdy dates from October 2023"
00-0030419,Matthew McGloin,QB,Matt McGloin,https://en.wikipedia.org/wiki/Matt_McGloin,"Matthew James McGloin (born December 2, 1989) is an American former professional football player who was a quarterback in the National Football League (NFL). He played college football as the starting quarterback for the Penn State Nittany Lions from 2010 to 2012 and was the first walk-on quarterback to start at Penn State since scholarships were reinstated in 1949. McGloin was signed by the Oakland Raiders as an undrafted free agent in 2013. 
Prior to his college career, McGloin was a Pennsylvania all-state quarterback while attending West Scranton High School. McGloin is currently an analyst for the Big Ten Network. 
From 2024 to 2025, McGloin was a member of the Lackawanna County Board of Commissioners.","1989 births | 21st-century American sportsmen | American football quarterbacks | Articles with short description | CS1 maint: deprecated archival service | Commons category link from Wikidata | Houston Texans players | Kansas City Chiefs players | Living people | New York Guardians players | Oakland Raiders players | Penn State Nittany Lions football players | Philadelphia Eagles players | Players of American football from Scranton, Pennsylvania | Short description is different from Wikidata | Use mdy dates from March 2024 | Webarchive template wayback links"
00-0026498,Matthew Stafford,QB,Matthew Stafford,https://en.wikipedia.org/wiki/Matthew_Stafford,"John Matthew Stafford (born February 7, 1988) is an American professional football quarterback for the Los Angeles Rams of the National Football League (NFL). He played college football for the Georgia Bulldogs, receiving first-team All-American honors in 2008, and was selected first overall by the Detroit Lions in the 2009 NFL draft. Ranking in the top 10 of all time in pass attempts, pass completions, passing yards, and passing touchdowns, Stafford is currently sixth all time in passing yards per game and the fastest player in NFL history to have reached 40,000 career passing yards.
As the Lions' primary starter from 2009 to 2020, Stafford had a breakout year in 2011 when he became the fourth quarterback in NFL history to throw for more than 5,000 yards in a single season, while also leading Detroit to their first playoff appearance since 1999. He helped the Lions reach the playoffs two more times in 2014 and 2016, earning Pro Bowl honors during the former and setting the NFL season record for comeback wins in the latter. After mutually agreeing to part ways with the Lions, Stafford was traded to the Rams in 2021 and led them to victory in Super Bowl LVI. In 2025, Stafford led the league in passing yards and touchdowns for the first time in his career, earning him NFL Most Valuable Player (MVP) honors.","1988 births | All articles with dead external links | American football quarterbacks | American philanthropists | Articles with dead external links from June 2024 | Articles with short description | Commons category link from Wikidata | Detroit Lions players | First overall NFL draft picks | Georgia Bulldogs football players | Highland Park High School (University Park, Texas) alumni | Living people | Los Angeles Rams currentteam parameter articles | Los Angeles Rams players | NFL Comeback Player of the Year winners | NFL Most Valuable Player winners | National Conference Pro Bowl players | People from Dunwoody, Georgia | People from Highland Park, Texas | People from University Park, Texas | Players of American football from Dallas | Players of American football from DeKalb County, Georgia | Players of American football from Tampa, Florida | Short description matches Wikidata | Unconferenced Pro Bowl players | Use mdy dates from December 2024"
00-0038637,Max Duggan,QB,Max Duggan,https://en.wikipedia.org/wiki/Max_Duggan,"Maxwell Duggan (born March 12, 2001) is an American professional football quarterback for the Ottawa Redblacks of the Canadian Football League (CFL). He played college football for the TCU Horned Frogs, winning several national awards after being part of the team that made it to the 2023 College Football Playoff National Championship game. He was selected by the Los Angeles Chargers in the seventh round of the 2023 NFL draft.","2001 births | 21st-century American sportsmen | American football quarterbacks | Articles with short description | Canadian football quarterbacks | Living people | Los Angeles Chargers players | Ottawa Redblacks players | Players of American football from Iowa | Players of Canadian football from Iowa | Short description is different from Wikidata | Sportspeople from Council Bluffs, Iowa | St. Louis Battlehawks players | TCU Horned Frogs football players | Toronto Argonauts players | Use mdy dates from May 2024"
00-0027347,Max Hall,QB,Max Hall (gridiron football),https://en.wikipedia.org/wiki/Max_Hall_(gridiron_football),"Max Hall (born October 1, 1985) is an American former professional football player who was a quarterback in the National Football League (NFL) and Canadian Football League (CFL). After playing college football for the BYU Cougars, he was signed by the Arizona Cardinals as an undrafted free agent in 2010. Hall played in a total of six NFL games for the Cardinals. Hall spent 2012 as an assistant coach for BYU. He then played the 2013 CFL season for the Winnipeg Blue Bombers.","1985 births | American football quarterbacks | Arizona Cardinals players | Arizona State Sun Devils football players | Articles with short description | BYU Cougars football coaches | BYU Cougars football players | CS1 maint: numeric names: authors list | Canadian football quarterbacks | Coaches of American football from Arizona | Commons category link from Wikidata | Latter Day Saints from Arizona | Living people | Players of American football from Mesa, Arizona | Players of Canadian football from Arizona | Short description is different from Wikidata | Use mdy dates from January 2019 | Winnipeg Blue Bombers players"
00-0032527,Max Wittek,QB,Max Wittek,https://en.wikipedia.org/wiki/Max_Wittek,"Max Nolan Wittek (born July 31, 1993) is an American former football quarterback. He played at USC from 2011 to 2013, and transferred to Hawaii, sitting out the 2014 season.","1993 births | American football quarterbacks | Articles with short description | CS1 maint: deprecated archival service | Hawaii Rainbow Warriors football players | Jacksonville Jaguars players | Living people | Mater Dei High School (Santa Ana, California) alumni | Players of American football from Contra Costa County, California | Players of American football from Fairfield County, Connecticut | Players of American football from Newport Beach, California | Short description is different from Wikidata | Sportspeople from Norwalk, Connecticut | Sportspeople from San Ramon, California | USC Trojans football players | Use mdy dates from March 2024"
00-0028359,McLeod Bethel-Thompson,QB,McLeod Bethel-Thompson,https://en.wikipedia.org/wiki/McLeod_Bethel-Thompson,"McLeod John Baltazar Bethel-Thompson (born July 3, 1988) is an American professional football quarterback. He most recently played for the Montreal Alouettes of the Canadian Football League (CFL). He was a member of the Toronto Argonauts, winning two Grey Cup championships with the team: one as a back-up quarterback in 2017, another as the team's starter in 2022. He played college football at UCLA and Sacramento State. He is the grandson of the 1948 Olympic shot put champion Wilbur 'Moose' Thompson. Bethel-Thompson is a journeyman quarterback having been a member of five different NFL teams, three CFL teams, and one team in the Arena Football League (AFL), United Football League (UFL), and United States Football League (USFL).",1988 births | 21st-century American sportsmen | All Wikipedia articles written in American English | American football quarterbacks | American people of Salvadoran descent | Articles with short description | CS1 maint: bot: original URL status unknown | Canadian football quarterbacks | Commons category link from Wikidata | Edmonton Elks players | Hispanic and Latino American players of American football | Living people | Miami Dolphins players | Minnesota Vikings players | New England Patriots players | New Orleans Breakers (2022) players | Philadelphia Eagles players | Players of American football from San Francisco | Players of Canadian football from San Francisco | Sacramento Mountain Lions players | Sacramento State Hornets football players | San Francisco 49ers players | San Jose SaberCats players | Short description is different from Wikidata | Sportspeople of Salvadoran descent | The Spring League players | Toronto Argonauts players | UCLA Bruins football players | Use American English from November 2022 | Use mdy dates from December 2023 | Webarchive template wayback links | Winnipeg Blue Bombers players
00-0001272,Michael Bishop,QB,Michael Bishop (gridiron football),https://en.wikipedia.org/wiki/Michael_Bishop_(gridiron_football),"Michael Paul Bishop (born May 15, 1976) is an American former professional football player who was a quarterback in the National Football League (NFL), Canadian Football League (CFL), Arena Football League (AFL), and NFL Europe. He played college football for the Kansas State Wildcats, earning consensus All-American honors in 1998. He was selected by the New England Patriots in the seventh round of the 1999 NFL draft.
Bishop was a member of the CFL's Toronto Argonauts from 2002 to 2008. He also previously played with the NFL's New England Patriots during the 2000 season.
Bishop was one of the best college quarterbacks in the country at Kansas State, beating out UCLA's Cade McNown for the 1998 Davey O'Brien Award. Bishop was elected to the College Football Hall of Fame in 2023.","1976 births | 20th-century African-American sportsmen | 20th-century American sportsmen | 21st-century African-American sportsmen | 21st-century American sportsmen | All-American college football players | All Wikipedia articles written in American English | All articles with dead external links | All articles with unsourced statements | American football quarterbacks | Articles with dead external links from April 2026 | Articles with short description | Articles with unsourced statements from December 2008 | Articles with unsourced statements from January 2026 | Articles with unsourced statements from November 2025 | Blinn Buccaneers baseball players | Blinn Buccaneers football players | CS1 maint: bot: original URL status unknown | Calgary Stampeders players | Canadian football quarterbacks | Chicago Rush players | College Football Hall of Fame inductees | Commons category link is on Wikidata | Corpus Christi Hammerheads players | Frankfurt Galaxy players | Grand Rapids Rampage players | Green Bay Packers players | Kansas City Brigade players | Kansas State Wildcats football players | Living people | New England Patriots players | Players of American football from Galveston, Texas | Players of Canadian football from Texas | Saskatchewan Roughriders players | Short description is different from Wikidata | Southern Indoor Football League players | Toronto Argonauts players | Use American English from June 2023 | Use mdy dates from January 2019 | Webarchive template wayback links | Winnipeg Blue Bombers players"
00-0039917,Michael Penix Jr.,QB,Michael Penix Jr.,https://en.wikipedia.org/wiki/Michael_Penix_Jr.,"Michael Tarrence Penix Jr. ( PENN-iks; born May 8, 2000) is an American professional football quarterback for the Atlanta Falcons of the National Football League (NFL). After three seasons of college football with the Indiana Hoosiers that were limited by injury, Penix had a breakout year with the Washington Huskies in 2022 when he led the FBS in yards per game and set the school season record for passing yards. The following year, he won the Maxwell Award after leading the NCAA in passing yards en route to an appearance in the 2024 College Football Playoff National Championship. Penix was selected by the Falcons eighth overall in the 2024 NFL draft. Penix is one of just three left-handed quarterbacks in the NFL.

","2000 births | 21st-century American sportsmen | All Wikipedia articles written in American English | American football quarterbacks | Articles with short description | Atlanta Falcons currentteam parameter articles | Atlanta Falcons players | Commons category link from Wikidata | Indiana Hoosiers football players | Living people | Maxwell Award winners | People from Cookeville, Tennessee | People from Dade City, Florida | Players of American football from Tampa, Florida | Players of American football from Tennessee | Short description matches Wikidata | Use American English from November 2025 | Use mdy dates from January 2025 | Washington Huskies football players"
00-0039238,Michael Pratt,QB,Michael Pratt (American football),https://en.wikipedia.org/wiki/Michael_Pratt_(American_football),"Michael Wayne Pratt (born September 30, 2001) is an American professional football quarterback. He played college football for the Tulane Green Wave, where he was named the 2023 AAC Offensive Player of the Year. Pratt was selected by the Green Bay Packers in the seventh round of the 2024 NFL draft.","2001 births | 21st-century American sportsmen | American football quarterbacks | Articles with short description | Boca Raton Community High School alumni | Date of birth not in Wikidata | Deerfield Beach High School alumni | Green Bay Packers players | Living people | Players of American football from Boca Raton, Florida | Players of American football from Miami | Short description is different from Wikidata | St. Louis Battlehawks players | Tampa Bay Buccaneers players | Tulane Green Wave football players | Use mdy dates from April 2024"
00-0032901,Mike Bercovici,QB,Mike Bercovici,https://en.wikipedia.org/wiki/Mike_Bercovici,"Michael Bercovici (born February 9, 1993) is an American football coach and former quarterback who currently serves as an offensive pass game coordinator for the Carolina Panthers of the National Football League (NFL). He played college football for the Arizona State Sun Devils. He signed with the San Diego Chargers as an undrafted free agent after the 2016 NFL draft and has also spent time with the Arizona Cardinals and San Diego Fleet.","1993 births | 21st-century American Jews | American football quarterbacks | American people of Romanian-Jewish descent | Arizona Cardinals coaches | Arizona Cardinals players | Arizona Hotshots players | Arizona State Sun Devils football coaches | Arizona State Sun Devils football players | Articles with short description | Carolina Panthers currentteam parameter articles | Coaches of American football from California | Commons category link from Wikidata | Jewish American coaches of American football | Jewish American players of American football | Jews from California | Living people | Los Angeles Chargers players | People from Northridge, Los Angeles | Players of American football from Los Angeles | San Diego Chargers players | San Diego Fleet players | Short description matches Wikidata | Sports coaches from Los Angeles | Sportspeople from Calabasas, California | Use mdy dates from May 2020 | William Howard Taft Charter High School alumni"
00-0002930,Mike Cherry,QB,Mike Cherry (American football),https://en.wikipedia.org/wiki/Mike_Cherry_(American_football),"Mike Cherry (born December 15, 1973) is an American former professional football quarterback. He was selected by the New York Giants in the sixth round of the 1997 NFL draft. He played college football at Murray State University.","1973 births | American football quarterbacks | Arkansas Razorbacks football players | Articles with short description | Living people | Murray State Racers football players | New York Giants players | Players of American football from Arkansas | Short description matches Wikidata | Sportspeople from Texarkana, Arkansas | Use mdy dates from June 2024"
00-0030520,Mike Glennon,QB,Mike Glennon,https://en.wikipedia.org/wiki/Mike_Glennon,"Michael Joseph Glennon (born December 12, 1989) is an American former professional football player who was a  quarterback in the National Football League (NFL). He played college football for the NC State Wolfpack and was selected by the Tampa Bay Buccaneers in the third round of the 2013 NFL draft. He was also a member of the Chicago Bears, Arizona Cardinals, Oakland Raiders, Jacksonville Jaguars, New York Giants, and Miami Dolphins.","1989 births | All Wikipedia articles written in American English | All articles with dead external links | American football quarterbacks | Arizona Cardinals players | Articles with dead external links from January 2018 | Articles with permanently dead external links | Articles with short description | CS1 maint: bot: original URL status unknown | Chicago Bears players | Commons category link from Wikidata | Jacksonville Jaguars players | Living people | Miami Dolphins players | NC State Wolfpack football players | New York Giants players | Oakland Raiders players | People from Centreville, Virginia | Players of American football from Fairfax County, Virginia | Players of American football from Virginia | Short description matches Wikidata | Tampa Bay Buccaneers players | Use American English from February 2024 | Use mdy dates from March 2024"
00-0027722,Mike Kafka,QB,Mike Kafka,https://en.wikipedia.org/wiki/Mike_Kafka,"Michael John Kafka (born July 25, 1987) is an American professional football coach and former quarterback who is the passing game coordinator for the Detroit Lions of the National Football League (NFL). After attending St. Rita of Cascia High School in Chicago, Illinois, he played college football for the Northwestern Wildcats, receiving second-team All-Big Ten Conference honors as a senior. He was drafted by the Philadelphia Eagles in the fourth round of the 2010 NFL draft, and spent six seasons in the NFL as a journeyman quarterback. Kafka became the quarterbacks coach for the Kansas City Chiefs in 2018, and Patrick Mahomes, the starting quarterback for the Chiefs, earned the NFL Most Valuable Player award that season. Kafka helped the team win Super Bowl LIV the following season. He was the New York Giants' interim head coach in 2025.
Despite being the backup quarterback in 2008 for Northwestern, Kafka finished second on the team in rushing yards with 321. Following C. J. Bachér's graduation, Kafka became the starter for 2009. Against Syracuse, he set the school record for most consecutive pass completions with 16. In the same game, he became the first Big Ten Conference player to score a passing, receiving, and rushing touchdown since Zack Mills from Penn State in 2004. He was named Big Ten Co-Offensive Player of the Week for his performance. In the 2010 Outback Bowl against Auburn, Kafka set the all-time bowl record with 47 completions and 78 passing attempts. He set Northwestern and Outback Bowl records with 532 passing yards and an Outback Bowl record with five interceptions.
Kafka spent two seasons as a member of the Eagles. In 2010, he was the third-string quarterback behind Michael Vick and Kevin Kolb but did not see playing time. He was mainly the third-string quarterback again in 2011 behind Vick and Vince Young, but saw some playing time in two games early in the season, both of which resulted in losses. He was expected to be the backup quarterback behind Vick in 2012 but a broken hand caused him to miss time in the preseason and was ultimately released in favor of rookie Nick Foles and veteran Trent Edwards. Kafka spent time on offseason rosters with the New England Patriots and Jacksonville Jaguars in 2013, on the Tampa Bay Buccaneers' practice squad in 2014, on the preseason roster with the Minnesota Vikings in 2015, and on the practice squad for the Tennessee Titans and Cincinnati Bengals in 2015.
Kafka became a graduate assistant with the Northwestern football team in 2016, and was hired by the Chiefs as an offensive quality control coach in 2017. He was promoted to quarterbacks coach in 2018, and helped the team win the Super Bowl during the 2019 season, his first as a player or coach. He was given an additional title of passing game coordinator in 2020. After the 2021 season, he joined the New York Giants as their offensive coordinator. He added the title of assistant head coach with the Giants in 2024, and became the team's interim head coach in 2025. He joined the Lions as the team's passing game coordinator in 2026.",1987 births | All articles with dead external links | American football quarterbacks | Articles with dead external links from December 2023 | Articles with dead external links from January 2020 | Articles with dead external links from July 2015 | Articles with dead external links from May 2019 | Articles with dead external links from September 2010 | Articles with permanently dead external links | Articles with short description | CS1 maint: bot: original URL status unknown | CS1 maint: deprecated archival service | CS1 maint: others | Cincinnati Bengals players | Coaches of American football from Illinois | Detroit Lions coaches | Detroit Lions currentteam parameter articles | Good articles | Jacksonville Jaguars players | Kansas City Chiefs coaches | Living people | Minnesota Vikings players | NFL offensive coordinators | New England Patriots players | New York Giants head coaches | Northwestern Wildcats football coaches | Northwestern Wildcats football players | Philadelphia Eagles players | Players of American football from Chicago | Short description matches Wikidata | Tampa Bay Buccaneers players | Tennessee Titans players | Use mdy dates from May 2023
00-0020308,Mike McMahon,QB,Mike McMahon (American football),https://en.wikipedia.org/wiki/Mike_McMahon_(American_football),"Michael Edward McMahon (born February 8, 1979) is an American former professional football player who was a quarterback for five seasons in the National Football League (NFL), mostly serving in a backup role. He spent one season in the Canadian Football League (CFL), and one season in the United Football League (UFL). After playing college football for the Rutgers Scarlet Knights, he was selected by the Detroit Lions in the fifth round of the 2001 NFL draft.
McMahon played for the Lions for four seasons from 2001 to 2004, and for the Philadelphia Eagles in 2005. McMahon played for the Toronto Argonauts and Montreal Alouettes of the CFL in 2007. He signed with the California Redwoods of the UFL in 2009 and played for the Virginia Destroyers from 2011 to 2012. He last played in Europe for the Uppsala 86ers of the Swedish Superserien in 2013.",1979 births | All Wikipedia articles written in American English | American expatriate players of American football | American football quarterbacks | Articles with short description | Canadian football quarterbacks | Detroit Lions players | Living people | Philadelphia Eagles players | Players of American football from Pittsburgh | Players of Canadian football from California | Rutgers Scarlet Knights football players | Sacramento Mountain Lions players | Short description matches Wikidata | Toronto Argonauts players | Use American English from February 2024 | Use mdy dates from March 2024 | Virginia Destroyers players
00-0013341,Mike Quinn,QB,Dan Quinn (American football),https://en.wikipedia.org/wiki/Dan_Quinn_(American_football),"Daniel Patrick Quinn (born September 11, 1970) is an American professional football coach who is the head coach for the Washington Commanders of the National Football League (NFL). He came to prominence as the defensive coordinator of the Seattle Seahawks from 2013 to 2014, coaching a defense later known as the Seattle Cover 3 that featured the Legion of Boom secondary. In both years under Quinn, Seattle's defense led the NFL in total defense and made consecutive Super Bowl appearances, winning the franchise's first in Super Bowl XLVIII.
Quinn then served six seasons as the head coach of the Atlanta Falcons from 2015 to 2020, with the team appearing in Super Bowl LI at the end of the 2016 season. Quinn would make the playoffs only once more in Atlanta, resulting in his firing early in the 2020 season. Quinn was hired as defensive coordinator of the Dallas Cowboys in 2021, with his unit leading the league in takeaways for three consecutive seasons. Quinn was named head coach of the Commanders in 2024, leading them to an appearance in the NFC Championship Game in his first year.","1970 births | 20th-century American sportsmen | 21st-century American sportsmen | All Wikipedia articles written in American English | American football defensive linemen | American men hammer throwers | Articles with short description | Atlanta Falcons head coaches | Catholics from New Jersey | Coaches of American football from New Jersey | Commons category link is on Wikidata | Dallas Cowboys coaches | Florida Gators football coaches | Hofstra Pride football coaches | Living people | Miami Dolphins coaches | Morristown High School (Morristown, New Jersey) alumni | NFL defensive coordinators | New York Jets coaches | People from Morris Township, New Jersey | Players of American football from Morris County, New Jersey | Salisbury Sea Gulls football players | Salisbury Sea Gulls men's track and field athletes | Salisbury University alumni | San Francisco 49ers coaches | Seattle Seahawks coaches | Short description is different from Wikidata | Track and field athletes from Morris County, New Jersey | Use American English from November 2025 | Use mdy dates from June 2025 | VMI Keydets football coaches | Washington Commanders currentteam parameter articles | Washington Commanders head coaches | William & Mary Tribe football coaches"
00-0026567,Mike Reilly,QB,Mike Reilly,https://en.wikipedia.org/wiki/Mike_Reilly,Mike or Michael Reilly may refer to:,All article disambiguation pages | All disambiguation pages | Human name disambiguation pages | Short description is different from Wikidata
00-0026927,Mike Teel,QB,Mike Teel,https://en.wikipedia.org/wiki/Mike_Teel,"Mike Teel (born January 6, 1986) is an American former professional football quarterback. He played college football for the Rutgers Scarlet Knights, and was selected by the Seattle Seahawks in the sixth round of the 2009 NFL draft. Teel spent time with the Seahawks, New England Patriots, and Chicago Bears in the span of three years. After serving as the quarterbacks coach for the Kean Cougars of Kean University in 2011, he was the quarterbacks coach for Wagner College in 2012 and departed after one year. In 2014, Teel resumed coaching as a graduate assistant at Rutgers. Teel is formerly the head coach for the Don Bosco Prep Ironmen football team.","1986 births | American football quarterbacks | Articles with short description | Chicago Bears players | Coaches of American football from New Jersey | Don Bosco Preparatory High School alumni | High school football coaches in New Jersey | Kean Cougars football coaches | Las Vegas Locomotives players | Living people | New England Patriots players | People from Oakland, New Jersey | Players of American football from Bergen County, New Jersey | Rutgers Scarlet Knights football coaches | Rutgers Scarlet Knights football players | Seattle Seahawks players | Short description is different from Wikidata | Use mdy dates from June 2024 | Wagner Seahawks football coaches"
00-0016538,Mike Tomczak,QB,Mike Tomczak,https://en.wikipedia.org/wiki/Mike_Tomczak,"Michael John Tomczak (born October 23, 1962) is an American former professional football player who was a quarterback in National Football League (NFL) from 1985 through 1999. He played college football for the Ohio State Buckeyes. He played in the NFL for the Chicago Bears, Green Bay Packers, Cleveland Browns, and Pittsburgh Steelers.
Tomczak was the offensive coordinator for the Pittsburgh Power of the Arena Football League (AFL) until 2014 when they ceased operations. He is sometimes described as one of the more successful NFL quarterbacks produced by Ohio State University.","1962 births | 20th-century American sportsmen | All Wikipedia articles written in American English | American football quarterbacks | American people of Polish descent | Articles with short description | Chicago Bears players | Cleveland Browns players | College football announcers | Detroit Lions players | Green Bay Packers players | Living people | Ohio Dominican Panthers football coaches | Ohio State Buckeyes football players | People from Calumet City, Illinois | Pittsburgh Power coaches | Pittsburgh Steelers players | Players of American football from Cook County, Illinois | Short description is different from Wikidata | Use American English from January 2024 | Use mdy dates from October 2023 | Youngstown State Penguins football coaches"
00-0020245,Mike Vick,QB,Michael Vick,https://en.wikipedia.org/wiki/Michael_Vick,"Michael Dwayne Vick (born June 26, 1980) is an American college football coach and former professional football player who is the head coach for the Norfolk State Spartans. He played in the National Football League (NFL) for 13 seasons and was the all-time leader in quarterback rushing yards at the time of his retirement. Vick played college football at Virginia Tech, winning the Archie Griffin Award as a freshman, and was selected first overall by the Atlanta Falcons in the 2001 NFL draft. During his six years with the Falcons, he was named to three Pro Bowls and led the team to two playoff runs, one division title, and an NFC Championship Game appearance.
Vick's NFL career broke off in 2007 after he pleaded guilty for his involvement in a dog fighting ring and spent 21 months in federal prison. His arrest and subsequent conviction garnered Vick notoriety with the general public, which lasted throughout the rest of his career. He was released by the Falcons shortly before leaving prison.
After serving his sentence, Vick signed with the Philadelphia Eagles for the 2009 season. As a member of the Eagles for five years, he had his greatest statistical season and led the team to a division title in 2010, earning him Comeback Player of the Year and a fourth Pro Bowl selection. In his final two seasons, Vick played for the New York Jets and Pittsburgh Steelers, primarily as a backup. He officially retired in 2017 after spending the 2016 season as a free agent. After retiring as a player, Vick pursued a coaching career. He served as an advisor for the Atlanta Legends of the Alliance of American Football (AAF) in 2019. Near the end of the 2024 season, Vick was named the head football coach at Norfolk State.","1980 births | 21st-century American criminals | African-American coaches of American football | African-American sports commentators | All Wikipedia articles written in American English | All articles with dead external links | All articles with unsourced statements | American Flag Football League players | American football quarterbacks | American male criminals | American people convicted of cruelty to animals | American sportspeople convicted of crimes | American television sports commentators | Articles with dead external links from January 2018 | Articles with dead external links from March 2017 | Articles with permanently dead external links | Articles with short description | Articles with unsourced statements from April 2016 | Atlanta Falcons players | CS1 maint: deprecated archival service | Coaches of American football from Virginia | College Football Hall of Fame inductees | Criminals from Virginia | First overall NFL draft picks | Fox Sports 1 people | Good articles | Living people | NFL Comeback Player of the Year winners | NFL announcers | NFL controversies | National Conference Pro Bowl players | New York Jets players | Norfolk State Spartans football coaches | Pages using Sister project links with hidden wikidata | Pages using Sister project links with wikidata namespace mismatch | Philadelphia Eagles players | Pittsburgh Steelers players | Players of American football from Newport News, Virginia | Short description is different from Wikidata | Use American English from December 2019 | Use mdy dates from February 2024 | Virginia Tech Hokies football players | Warwick High School (Virginia) alumni | Wikipedia semi-protected pages"
00-0034401,Mike White,QB,Mike White (American football coach),https://en.wikipedia.org/wiki/Mike_White_(American_football_coach),"Michael Kavanaugh White (January 4, 1936 – December 14, 2025) was an American football player and coach. He had 16 years' experience as a head coach, including stints at the University of California, Berkeley (1972–1977), the University of Illinois at Urbana–Champaign (1980–1987) and the Oakland Raiders of the National Football League (NFL) (1995–1996).","1936 births | 2025 deaths | 20th-century American sportsmen | American football ends | American football halfbacks | Articles with short description | California Golden Bears football coaches | California Golden Bears football players | Delta Upsilon members | Illinois Fighting Illini football coaches | Kansas City Chiefs executives | Los Angeles Raiders coaches | Oakland Raiders head coaches | Pages using CFB Yearly Record End with extrafootnotes | Players of American football from Berkeley, California | San Francisco 49ers coaches | Short description is different from Wikidata | St. Louis Rams coaches | Stanford Cardinal football coaches | Use mdy dates from July 2024"
00-0034044,Mitch Leidner,QB,Mitch Leidner,https://en.wikipedia.org/wiki/Mitch_Leidner,"Mitchell Leidner (born January 17, 1994) is an American former college football player who was a quarterback for the Minnesota Golden Gophers. He was signed by the Minnesota Vikings of the National Football League (NFL) as an undrafted free agent.",1994 births | All Wikipedia articles written in American English | American football quarterbacks | Articles with short description | Commons category link from Wikidata | Living people | Minnesota Golden Gophers football players | Minnesota Vikings players | Players of American football from Minnesota | Short description matches Wikidata | Use American English from April 2025 | Use mdy dates from January 2019
00-0033869,Mitchell Trubisky,QB,Mitchell Trubisky,https://en.wikipedia.org/wiki/Mitchell_Trubisky,"Mitchell David Trubisky ( troo-BISS-kee; born August 20, 1994) is an American professional football quarterback for the Tennessee Titans of the National Football League (NFL). He played college football for the North Carolina Tar Heels and was selected second overall by the Chicago Bears in the 2017 NFL draft.
Trubisky's most successful season was in 2018 when he led the Bears to their first division title since 2010, earning him Pro Bowl honors. Due to inconsistent play, he was not re-signed by the Bears after his rookie contract expired in 2021 and spent one season as a backup with the Buffalo Bills. He joined the Pittsburgh Steelers the following year, alternating as the starter and backup for two seasons, before rejoining the Bills in 2024.","1994 births | American football quarterbacks | Articles with short description | Buffalo Bills players | Chicago Bears players | Commons category link from Wikidata | Living people | Mentor High School alumni | National Conference Pro Bowl players | North Carolina Tar Heels football players | Pittsburgh Steelers players | Players of American football from Lake County, Ohio | Second overall NFL draft picks | Short description matches Wikidata | Sportspeople from Mentor, Ohio | Tennessee Titans currentteam parameter articles | Tennessee Titans players | Use mdy dates from February 2024 | Wikipedia indefinitely semi-protected biographies of living people"
00-0011640,Moses Moreno,QB,Moses Moreno,https://en.wikipedia.org/wiki/Moses_Moreno,"Moses Nathaniel Moreno (born September 5, 1975) is an American former professional football player who was a quarterback in the National Football League (NFL). He played college football for the Colorado State Rams and was selected by the Chicago Bears in the seventh round of the 1998 NFL draft. He attended Castle Park High School, where he became a two-time all-conference selection.","1975 births | All Wikipedia articles written in American English | American football quarterbacks | American people of Mexican descent | Articles with short description | CS1: unfit URL | Chicago Bears players | Colorado State Rams football players | Hispanic and Latino American players of American football | Living people | Players of American football from Chula Vista, California | Players of American football from San Diego | San Diego Chargers players | Short description is different from Wikidata | Sportspeople of Mexican descent | Use American English from February 2024 | Use mdy dates from June 2024"
00-0027118,Nate Davis,QB,Nate Davis,https://en.wikipedia.org/wiki/Nate_Davis,"Nate Davis may refer to:

Nate Davis (quarterback) (born 1987), American football quarterback
Nate Davis (offensive lineman) (born 1996), American football offensive lineman
Nathan Davis (gridiron football) (born 1974), American football defensive tackle",All article disambiguation pages | All disambiguation pages | Human name disambiguation pages | Short description is different from Wikidata
00-0021592,Nate Hybl,QB,Nate Hybl,https://en.wikipedia.org/wiki/Nate_Hybl,"Nate Hybl (born June 19, 1979) is an American former professional football player who was a quarterback in the National Football League (NFL).  He played  college football for the Oklahoma Sooners as their starting quarterback in 2001 and 2002.  He subsequently spent time in the NFL with the Cleveland Browns and Jacksonville Jaguars. During his time with the Browns, he was allocated for development in NFL Europe.  Hybl is the founder of gusto! in Atlanta.","1979 births | All Wikipedia articles written in American English | American football quarterbacks | Articles with short description | Cleveland Browns players | Jacksonville Jaguars players | Living people | Oklahoma Sooners football players | People from Hazlehurst, Georgia | Players of American football from Georgia (U.S. state) | Scottish Claymores players | Short description is different from Wikidata | Use American English from April 2025 | Use mdy dates from March 2024"
00-0036279,Nate Stanley,QB,Nate Stanley,https://en.wikipedia.org/wiki/Nate_Stanley,"Nathan Stanley (born August 26, 1997) is an American former football quarterback. He played college football for the Iowa Hawkeyes and was selected by the Minnesota Vikings in the seventh round of the 2020 NFL draft, with whom he spent two seasons.","1997 births | American football quarterbacks | Articles with short description | CS1: unfit URL | Iowa Hawkeyes football players | Living people | Minnesota Vikings players | People from Menomonie, Wisconsin | Players of American football from Wisconsin | Short description matches Wikidata | Use mdy dates from March 2024"
00-0032792,Nate Sudfeld,QB,Nate Sudfeld,https://en.wikipedia.org/wiki/Nate_Sudfeld,"Nathan Michael Sudfeld (born October 7, 1993) is an American professional football quarterback. He played college football for the Indiana Hoosiers and was selected by the Washington Redskins in the sixth round in the 2016 NFL draft. Sudfeld also spent four seasons with the Philadelphia Eagles as a backup quarterback, seeing occasional playing time and was a part of their Super Bowl LII-winning team.","1993 births | American football quarterbacks | Articles with short description | Commons category link from Wikidata | Detroit Lions players | Indiana Hoosiers football players | Living people | Modesto Christian School alumni | Philadelphia Eagles players | Players of American football from Modesto, California | San Francisco 49ers players | Short description matches Wikidata | Use mdy dates from June 2023 | Washington Redskins players"
00-0028098,Nathan Enderle,QB,Nathan Enderle,https://en.wikipedia.org/wiki/Nathan_Enderle,"Nathan William Enderle (born January 12, 1988) is an American former professional football quarterback. He played college football at Idaho, where he was a four-year starter. Enderle was selected in the fifth round of the 2011 NFL draft by the Chicago Bears. He was a member of the Jacksonville Jaguars, Tennessee Titans, San Diego Chargers, Montreal Alouettes and Portland Thunder.","1988 births | American football quarterbacks | Articles with short description | Canadian football quarterbacks | Chicago Bears players | Idaho Vandals football players | Jacksonville Jaguars players | Living people | Montreal Alouettes players | Players of American football from Nebraska | Players of Canadian football from Nebraska | Portland Thunder players | San Diego Chargers players | Short description is different from Wikidata | Sportspeople from North Platte, Nebraska | Tennessee Titans players | Use mdy dates from June 2024 | Webarchive template wayback links"
00-0033958,Nathan Peterman,QB,Nathan Peterman,https://en.wikipedia.org/wiki/Nathan_Peterman,"Nathan Michael Peterman (born May 4, 1994) is an American professional football quarterback. He played college football for the Pittsburgh Panthers following a stint with the Tennessee Volunteers and was selected by the Buffalo Bills in the fifth round of the 2017 NFL draft.
Peterman struggled early in the NFL, throwing five interceptions during the first half of his starting debut and posting a 0.0 passer rating in the 2018 season opener. Peterman's 11 interceptions between 2017 and 2018 are the most for a quarterback with fewer than 100 passing attempts. After being released by the Bills during the 2018 season, Peterman was a member of the Oakland / Las Vegas Raiders, Chicago Bears, New Orleans Saints, and Atlanta Falcons.","1994 births | All Wikipedia articles written in American English | American Christians | American football quarterbacks | Articles with short description | Atlanta Falcons players | Buffalo Bills players | CS1 maint: bot: original URL status unknown | Chicago Bears players | Commons category link from Wikidata | Las Vegas Raiders players | Living people | New Orleans Saints players | Oakland Raiders players | Pittsburgh Panthers football players | Players of American football from Jacksonville, Florida | Short description matches Wikidata | Tennessee Volunteers football players | Use American English from December 2025 | Use mdy dates from February 2024"
00-0038150,Nathan Rourke,QB,Nathan Rourke,https://en.wikipedia.org/wiki/Nathan_Rourke,"Nathan Rourke (born May 24, 1998) is a Canadian professional football quarterback for the BC Lions of the Canadian Football League (CFL). He was named a CFL All-Star and the CFL's Most Outstanding Player in 2025 and is a two-time winner of the CFL's Most Outstanding Canadian Award. Nicknamed ""Kid Canada,"" Rourke set the single-season CFL record for completion percentage (78.7%) during the 2022 CFL season. Rourke played college football for the Ohio Bobcats.","1998 births | All Wikipedia articles written in Canadian English | American football quarterbacks | Articles with short description | Atlanta Falcons players | BC Lions players | CS1 maint: numeric names: authors list | Canadian Football League Most Outstanding Canadian Award winners | Canadian football people from Victoria, British Columbia | Canadian football quarterbacks | Commons category link from Wikidata | Fort Scott Greyhounds football players | Jacksonville Jaguars players | Jon Cornish Trophy winners | Living people | New England Patriots players | New York Giants players | Ohio Bobcats football players | Players of American football from British Columbia | Players of Canadian football from British Columbia | Players of Canadian football from Ontario | Short description matches Wikidata | Use Canadian English from June 2021 | Use mdy dates from June 2024"
00-0012261,Neil O'Donnell,QB,Neil O'Donnell,https://en.wikipedia.org/wiki/Neil_O%27Donnell,"Neil Kennedy O'Donnell (born July 3, 1966) is an American former professional football quarterback who played in the National Football League (NFL) for 14 seasons. He played college football for the Maryland Terrapins and was selected by the Pittsburgh Steelers in the third round of the 1990 NFL draft. During his six seasons with the Steelers, O'Donnell received Pro Bowl honors and helped lead them to a Super Bowl appearance in Super Bowl XXX. After leaving Pittsburgh, he was a member of the New York Jets for two seasons and the Cincinnati Bengals for one. O'Donnell spent his last five seasons mostly as a backup with the Tennessee Titans.","1966 births | 20th-century American sportsmen | All Wikipedia articles written in American English | American Conference Pro Bowl players | American football quarterbacks | Articles with short description | Cincinnati Bengals players | Commons category link from Wikidata | Living people | Madison High School (New Jersey) alumni | Maryland Terrapins football players | New York Jets players | Pittsburgh Steelers players | Players of American football from Morristown, New Jersey | Short description is different from Wikidata | Sportspeople from Madison, New Jersey | Tennessee Titans players | Use American English from May 2022 | Use mdy dates from January 2019"
00-0034574,Nic Shimonek,QB,Nic Shimonek,https://en.wikipedia.org/wiki/Nic_Shimonek,"Nic Shimonek (born August 22, 1994) is an American former football quarterback. He played college football for the Iowa Hawkeyes and Texas Tech Red Raiders.",1994 births | American football quarterbacks | Articles with short description | Iowa Hawkeyes football players | Living people | Short description matches Wikidata | Texas Tech Red Raiders football players | Use mdy dates from July 2025
00-0035471,Nick Fitzgerald,QB,Nick Fitzgerald (American football),https://en.wikipedia.org/wiki/Nick_Fitzgerald_(American_football),"Nicholas Dylan Fitzgerald (born January 14, 1996) is an American former football quarterback. He played college football for the Mississippi State Bulldogs.","1996 births | All Wikipedia articles written in American English | American football quarterbacks | Articles with short description | Living people | Mississippi State Bulldogs football players | People from Bryan County, Georgia | Players of American football from Georgia (U.S. state) | Short description is different from Wikidata | St. Louis Battlehawks players | Tampa Bay Buccaneers players | The Spring League players | Use American English from April 2025 | Use mdy dates from June 2024"
00-0029567,Nick Foles,QB,Nick Foles,https://en.wikipedia.org/wiki/Nick_Foles,"Nicholas Edward Foles (born January 20, 1989) is an American former professional football quarterback who played in the National Football League (NFL) for 11 seasons. A member of six teams, he achieved his greatest success with the Philadelphia Eagles, leading them to the franchise's first Super Bowl title.
Foles played college football for the Arizona Wildcats and was selected by the Eagles in the third round of the 2012 NFL draft. He had a breakout season in 2013 when he set the NFL season record for the best touchdown–interception ratio and led the Eagles to a division title, earning him Pro Bowl honors. Foles was traded to the St. Louis Rams after being unable to duplicate his success the following year and struggled during his one season. He spent the 2016 season as a backup with the Kansas City Chiefs.
Foles returned to the Eagles in 2017 as Carson Wentz's backup, but was promoted to starter when Wentz was injured near the end of the season. He led the Eagles throughout their playoff run, which culminated with a victory in Super Bowl LII and him earning the game's MVP award. Initially returning to his backup role in 2018, Foles guided Philadelphia on another postseason run after Wentz was again lost to injury. Foles opted out of his contract with the Eagles to join the Jacksonville Jaguars in 2019, but suffered an injury during the season opener that caused him to miss most of the year. He played his last three seasons as a backup and starter with the Chicago Bears and Indianapolis Colts.","1989 births | All Wikipedia articles written in American English | American Christians | American football quarterbacks | American philanthropists | Arizona Wildcats football players | Articles with short description | CS1: unfit URL | CS1 maint: others | Chicago Bears players | Commons category link is on Wikidata | Indianapolis Colts players | Jacksonville Jaguars players | Kansas City Chiefs players | Liberty University alumni | Living people | Michigan State Spartans football players | People from Glencoe, Illinois | Philadelphia Eagles players | Players of American football from Austin, Texas | Players of American football from Camden County, New Jersey | Players of American football from Cook County, Illinois | Short description matches Wikidata | Sportspeople from Haddonfield, New Jersey | St. Louis Rams players | Super Bowl MVPs | Unconferenced Pro Bowl players | Use American English from February 2018 | Use mdy dates from May 2024 | Westlake High School (Texas) alumni"
00-0033319,Nick Mullens,QB,Nick Mullens,https://en.wikipedia.org/wiki/Nick_Mullens,"Nicholas Clayton Mullens (born March 21, 1995) is an American professional football quarterback for the Jacksonville Jaguars of the National Football League (NFL). He played college football for the Southern Miss Golden Eagles, where he surpassed Brett Favre's single-season school records for passing yardage (4,476) and touchdown passes (38). Mullens was signed by the San Francisco 49ers as an undrafted free agent in 2018 and has also been a member of the Philadelphia Eagles, Cleveland Browns, Las Vegas Raiders, and Minnesota Vikings.","1995 births | All Wikipedia articles written in American English | All articles with unsourced statements | American football quarterbacks | Articles with short description | Articles with unsourced statements from November 2022 | Cleveland Browns players | Commons category link from Wikidata | Jacksonville Jaguars currentteam parameter articles | Jacksonville Jaguars players | Las Vegas Raiders players | Living people | Minnesota Vikings players | Philadelphia Eagles players | Players of American football from Alabama | San Francisco 49ers players | Short description matches Wikidata | Southern Miss Golden Eagles football players | Sportspeople from Hoover, Alabama | Use American English from January 2026 | Use mdy dates from March 2024"
00-0028453,Pat Devlin,QB,Pat Devlin (American football),https://en.wikipedia.org/wiki/Pat_Devlin_(American_football),"Patrick Ryan Devlin (born April 12, 1988) is an American former professional football quarterback. Following a stint with Penn State, he played college football at Delaware, and was signed by the Miami Dolphins of the National Football League (NFL) as an undrafted free agent in 2011.
Devlin went on to join the Minnesota Vikings, where he was a member of the practice squad, and trained with the Chicago Bears and the Cleveland Browns in 2015, before signing with the Browns as a back-up later that year. In his five seasons in the NFL, he did not take a single snap.","1988 births | American football quarterbacks | Articles with short description | Chicago Bears players | Cleveland Browns players | Commons category link is on Wikidata | Delaware Fightin' Blue Hens football players | Living people | Miami Dolphins players | Minnesota Vikings players | Penn State Nittany Lions football players | Players of American football from Chester County, Pennsylvania | Short description is different from Wikidata | Sportspeople from Downingtown, Pennsylvania | Use mdy dates from January 2019 | Webarchive template wayback links"
00-0027020,Pat White,QB,Pat White,https://en.wikipedia.org/wiki/Pat_White,"Patrick Christian White (born February 25, 1986) is an American former football quarterback. He played college football for the West Virginia Mountaineers, and set the FBS record for career rushing yards by a quarterback. He was selected by the Miami Dolphins in the second round of the 2009 NFL draft. White was a backup for the Dolphins in 2009, and for the Washington Redskins in 2013. He finished his playing career as a backup for the Edmonton Eskimos of the Canadian Football League (CFL) in 2014. He is currently an assistant coach for the West Virginia Mountaineers.","1986 births | 21st-century African-American sportsmen | 21st-century American sportsmen | African-American baseball players | Alabama State Hornets football coaches | Alcorn State Braves football coaches | All articles needing additional references | All articles with dead external links | American football quarterbacks | American football wide receivers | Articles needing additional references from January 2026 | Articles with dead external links from February 2022 | Articles with dead external links from March 2018 | Articles with permanently dead external links | Articles with short description | Baseball outfielders | Baseball players from Alabama | CS1 maint: bot: original URL status unknown | Campbell Fighting Camels football coaches | Canadian football quarterbacks | Coaches of American football from Alabama | Commons category link is on Wikidata | Edmonton Elks players | Living people | Los Angeles Chargers coaches | Miami Dolphins players | Minor league baseball players | Pages with broken reference names | Pages with reference errors | Players of American football from Daphne, Alabama | Players of Canadian football from Alabama | Short description matches Wikidata | Use mdy dates from February 2024 | Virginia Destroyers players | Washington Redskins players | Webarchive template wayback links | West Virginia Mountaineers football players"
00-0033873,Patrick Mahomes,QB,Patrick Mahomes,https://en.wikipedia.org/wiki/Patrick_Mahomes,"Patrick Lavon Mahomes II ( mə-HOHMZ; born September 17, 1995) is an American professional football quarterback for the Kansas City Chiefs of the National Football League (NFL). After becoming the Chiefs' starting quarterback in 2018, he led the team to seven consecutive AFC Championship Game appearances and five Super Bowl appearances, winning three. He is one of only five quarterbacks in NFL history to win three or more Super Bowls as a starter. Mahomes is widely regarded as one of the greatest quarterbacks of all time. He is often considered the best quarterback of his generation, with many outlets ranking him as the league's top player at the position.
Mahomes played college football for the Texas Tech Red Raiders, winning the Sammy Baugh Trophy as a junior after leading the FBS in passing yards and total touchdowns. He was selected 10th overall by the Kansas City Chiefs in the 2017 NFL draft and spent his rookie season as the backup to Alex Smith. In 2018, after the Chiefs traded Smith, Mahomes became the starter and threw for 5,097 yards, 50 touchdowns, and 12 interceptions. He became the first quarterback to achieve over 5,000 passing yards in both college and the NFL, and joined Peyton Manning as the only players to record 5,000 passing yards and 50 touchdowns in an NFL season. For his performance in his first season as a starter, he won the NFL Offensive Player of the Year and NFL Most Valuable Player awards, becoming one of four black quarterbacks to win the AP MVP award.
In the 2019 season, Mahomes led the Chiefs to their first Super Bowl in 50 years, winning Super Bowl LIV. Mahomes was awarded the Super Bowl MVP for his performance, becoming the youngest quarterback and the second Black quarterback to earn the honor. In 2020, Mahomes signed a 10-year contract extension worth over $450 million, making it one of the largest contracts in sports history. That season, the Chiefs returned to the Super Bowl but lost in Super Bowl LV. In the 2022 season, Mahomes led the league in passing yards and touchdowns, won NFL MVP, and earned Super Bowl MVP after winning Super Bowl LVII. He won his third Super Bowl MVP after winning Super Bowl LVIII the following year, leading the Chiefs to back-to-back titles. In the 2024 season, he led the Chiefs to their third straight Super Bowl but lost Super Bowl LIX, falling short of a historic three-peat.","1995 births | 21st-century African-American sportsmen | African-American Christians | African-American baseball players | All Wikipedia articles written in American English | American Conference Pro Bowl players | American football quarterbacks | American philanthropists | Articles with short description | Baseball pitchers | Baseball players from Smith County, Texas | CS1 maint: deprecated archival service | Christians from Texas | Commons category link from Wikidata | Kansas City Chiefs currentteam parameter articles | Kansas City Chiefs players | Kansas City Current owners | Kansas City Royals owners | Laureus World Sports Awards winners | Living people | NFL Most Valuable Player winners | NFL Offensive Player of the Year winners | Patrick Mahomes | People from Whitehouse, Texas | Players of American football from Tyler, Texas | Short description matches Wikidata | Super Bowl MVPs | Texas Tech Red Raiders baseball players | Texas Tech Red Raiders football players | Use American English from August 2019 | Use mdy dates from March 2026 | Wikipedia indefinitely semi-protected biographies of living people"
00-0021379,Patrick Ramsey,QB,Patrick (given name),https://en.wikipedia.org/wiki/Patrick_(given_name),"Patrick is a male given name of Latin origin. It is derived from the Roman name Patricius (meaning patrician, i.e. 'father', 'nobleman').",All set index articles | Articles with short description | English masculine given names | French masculine given names | German masculine given names | Given names | Irish masculine given names | Masculine given names | Pages with German IPA | Short description is different from Wikidata
00-0008970,Paul Justin,QB,Justin Wilcox (American football),https://en.wikipedia.org/wiki/Justin_Wilcox_(American_football),"Justin Draper Wilcox (born November 12, 1976) is an American college football coach and former player. He was the head football coach of the California Golden Bears from 2017 through 2025.","1976 births | American football defensive backs | Articles with short description | Boise State Broncos football coaches | CS1 maint: bot: original URL status unknown | California Golden Bears football coaches | Coaches of American football from Oregon | Living people | Oregon Ducks football coaches | Oregon Ducks football players | People from Junction City, Oregon | Players of American football from Eugene, Oregon | Short description is different from Wikidata | Tennessee Volunteers football coaches | USC Trojans football coaches | Use mdy dates from November 2025 | Washington Huskies football coaches | Wikipedia indefinitely semi-protected pages"
00-0026443,Paul Smith,QB,Paul Smith,https://en.wikipedia.org/wiki/Paul_Smith,Paul Smith is the name of:,All article disambiguation pages | All disambiguation pages | Human name disambiguation pages | Short description is different from Wikidata
00-0033108,Paxton Lynch,QB,Paxton Lynch,https://en.wikipedia.org/wiki/Paxton_Lynch,"Paxton James Lynch (born February 12, 1994) is an American professional football quarterback for the Colorado Spartans of the National Arena League (NAL). He played college football for the Memphis Tigers, and was selected in the first round of the 2016 NFL draft by the Denver Broncos. Lynch played just two seasons in Denver and made four starts before being released prior to the 2018 season. Lynch was also a member of the Seattle Seahawks and Pittsburgh Steelers of the NFL, the Saskatchewan Roughriders of the Canadian Football League (CFL), the Michigan Panthers of the United States Football League (USFL), and the Orlando Guardians and San Antonio Brahmas of the XFL.","1994 births | American football quarterbacks | Articles with short description | Canadian football quarterbacks | Commons category link from Wikidata | Denver Broncos players | Living people | Memphis Tigers football players | Michigan Panthers (2022) players | National Arena League players | Orlando Guardians players | People from Deltona, Florida | Pittsburgh Steelers players | Players of American football from San Antonio | Players of American football from Volusia County, Florida | Players of Canadian football from Florida | Players of Canadian football from San Antonio | San Antonio Brahmas players | Saskatchewan Roughriders players | Seattle Seahawks players | Short description is different from Wikidata | Use mdy dates from May 2023"
00-0034219,Peter Pujals,QB,Peter Pujals,https://en.wikipedia.org/wiki/Peter_Pujals,"Peter Enrique Pujals (born January 23, 1995) is an American former football quarterback. He played college football for the Holy Cross Crusaders. After going undrafted in the 2018 NFL draft, he signed with the Minnesota Vikings of the National Football League (NFL). He also played for the Atlanta Legends of the Alliance of American Football (AAF).","1995 births | American football quarterbacks | Articles with short description | Atlanta Legends players | Holy Cross Crusaders football players | Living people | Loyola Academy alumni | Minnesota Vikings players | People from Glenview, Illinois | Players of American football from Cook County, Illinois | Short description matches Wikidata | Use mdy dates from June 2024"
00-0010346,Peyton Manning,QB,Cooper Manning,https://en.wikipedia.org/wiki/Cooper_Manning,"Cooper Archibald Manning (born March 6, 1974) is an American entrepreneur and television personality who is the host of the television show The Manning Hour for Fox Sports as well as principal and senior managing director of investor relations for AJ Capital Partners. He is the eldest son of former professional football quarterback Archie Manning, the older brother of former professional football quarterbacks Peyton Manning and Eli Manning, and the father of Texas Longhorns quarterback Arch Manning.",1974 births | All Wikipedia articles written in American English | All articles with unsourced statements | American Roman Catholics | American golf podcasters | American investors | American television hosts | Articles with hCards | Articles with short description | Articles with unsourced statements from February 2026 | Isidore Newman School alumni | Living people | Manning family | Players of American football from New Orleans | Short description matches Wikidata | University of Mississippi alumni | Use American English from November 2025 | Use mdy dates from January 2019
00-0019359,Phil Stambaugh,QB,Phil Stambaugh,https://en.wikipedia.org/wiki/Phil_Stambaugh,"Philip Michael Stambaugh (born August 10, 1978) is an American football coach and former quarterback. He is the current head coach for Notre Dame High School in Easton, Pennsylvania. He played college football for the Lehigh Mountain Hawks. After going undrafted in the 2000 NFL draft, he signed with the Buffalo Bills of the National Football League (NFL). He also had stints with the New Orleans Saints, Jacksonville Jaguars, New York Giants, Pittsburgh Steelers, and Philadelphia Eagles, alongside stints with the Rhein Fire and Berlin Thunder of NFL Europe, and the New Haven Ninjas of af2. He previously coached at his alma mater, Pius X High School.","1978 births | American expatriate sportspeople in Germany | American football quarterbacks | Articles with short description | Berlin Thunder players | Buffalo Bills players | Coaches of American football from Pennsylvania | High school football coaches in Pennsylvania | Jacksonville Jaguars players | Lehigh Mountain Hawks football players | Living people | New Haven Ninjas players | New Orleans Saints players | New York Giants players | Philadelphia Eagles players | Pittsburgh Steelers players | Players of American football from Northampton County, Pennsylvania | Rhein Fire players | Short description matches Wikidata | Use mdy dates from June 2024"
00-0022942,Philip Rivers,QB,Philip Rivers,https://en.wikipedia.org/wiki/Philip_Rivers,"Philip Michael Rivers (born December 8, 1981) is an American former professional football quarterback who played in the National Football League (NFL) for 18 seasons, primarily with the Chargers franchise. He played college football for the NC State Wolfpack, winning ACC Player of the Year and ACC Athlete of the Year between 2003 and 2004. Rivers was selected fourth overall in the 2004 NFL draft by the New York Giants, who traded him to the San Diego Chargers during the draft.
After spending his first two seasons as a backup, Rivers served as the Chargers' starting quarterback from 2006 to 2019. During his tenure, Rivers received eight Pro Bowl selections while leading the team to six postseason appearances and four division titles. Rivers also helped the franchise win their first playoff game since 1994 and reach the AFC Championship Game during the 2007 season. He joined the Colts in 2020, making a seventh playoff appearance before retiring. Following four years away from the NFL, Rivers re-signed with the Colts near the end of the 2025 season, where he played his final three games.
Rivers retired a second time after the 2025 season, ranking sixth in career passing touchdowns and eighth in career passing yards (previously ranking fifth in both categories as of his first retirement). Both stats remain the highest-ranking among quarterbacks without Super Bowl appearances. He is also second all-time in consecutive regular season starts by a quarterback, having started every regular season game between 2006 and 2020. Rivers is considered among the greatest quarterbacks to have never played in a Super Bowl.","1981 births | All Wikipedia articles written in American English | All articles needing additional references | All articles with specifically marked weasel-worded phrases | All articles with unsourced statements | American Conference Pro Bowl players | American football quarterbacks | Articles needing additional references from April 2025 | Articles with short description | Articles with specifically marked weasel-worded phrases from January 2017 | Articles with unsourced statements from April 2026 | CS1: unfit URL | CS1 maint: others | Catholics from Alabama | Commons link from Wikidata | High school football coaches in Alabama | Indianapolis Colts players | Living people | Los Angeles Chargers players | NC State Wolfpack football players | NFL Comeback Player of the Year winners | Players of American football from Decatur, Alabama | San Diego Chargers players | Short description matches Wikidata | Sportspeople from Athens, Alabama | Unconferenced Pro Bowl players | Use American English from July 2021 | Use mdy dates from January 2026"
00-0033275,Phillip Walker,QB,P. J. Walker,https://en.wikipedia.org/wiki/P._J._Walker,"Phillip Joseph ""P. J."" Walker Jr. (born February 26, 1995) is an American former professional football quarterback who played in the National Football League (NFL), XFL, and Canadian Football League (CFL). He played college football for the Temple Owls, and was signed as an undrafted free agent by the Indianapolis Colts in 2017. After two seasons on the Colts' practice squad, Walker played for the Houston Roughnecks XFL in 2020. He led the XFL in passing yards and touchdowns before the league suspended operations due to the COVID-19 pandemic. He started games in the NFL for the Carolina Panthers from 2020 to 2022 and the Cleveland Browns in 2023, as well as one game for the Calgary Stampeders of the CFL.","1995 births | 21st-century American sportsmen | All articles with unsourced statements | American football quarterbacks | Articles with short description | Articles with unsourced statements from June 2020 | Calgary Stampeders players | Canadian football quarterbacks | Carolina Panthers players | Chicago Bears players | Cleveland Browns players | Commons category link from Wikidata | Elizabeth High School (New Jersey) alumni | Houston Roughnecks players | Indianapolis Colts players | Living people | Players of American football from Elizabeth, New Jersey | Players of Canadian football from New Jersey | Seattle Seahawks players | Short description is different from Wikidata | Temple Owls football players | Use mdy dates from December 2024"
00-0021062,Preston Parsons,QB,Preston Parsons,https://en.wikipedia.org/wiki/Preston_Parsons,"Preston Thomas Parsons (born February 19, 1979) is an American former football quarterback. He was originally signed by the Arizona Cardinals as an undrafted free agent in 2002. He played college football at Northern Arizona.
Parsons was also a member of the Houston Texans, Denver Broncos, and Tennessee Titans.","1979 births | 21st-century American sportsmen | American football quarterbacks | Arizona Cardinals players | Articles with short description | Denver Broncos players | Houston Texans players | Jesuit High School (Beaverton, Oregon) alumni | Living people | Northern Arizona Lumberjacks football players | Players of American football from Portland, Oregon | Short description matches Wikidata | Tennessee Titans players | Use mdy dates from June 2024"
00-0020404,Quincy Carter,QB,Quincy Carter,https://en.wikipedia.org/wiki/Quincy_Carter,"LaVonya Quintelle ""Quincy"" Carter (born October 13, 1977) is an American former professional football player who was a quarterback in the National Football League (NFL). He played college football for the Georgia Bulldogs and was selected in the second round of the 2001 NFL draft. Carter played in the NFL for the Dallas Cowboys and New York Jets. Outside the NFL, he also was a member of the Bossier–Shreveport Battle Wings, Kansas City Brigade and Abilene Ruff Riders. Additionally, from 1996 to 1999, he was in the Chicago Cubs minor league baseball organization.","1977 births | Abilene Ruff Riders players | African-American baseball players | All Wikipedia articles written in American English | American football quarterbacks | Articles with short description | Baseball outfielders | Baseball players from Georgia (U.S. state) | Bossier–Shreveport Battle Wings players | Corpus Christi Fury players | Dallas Cowboys players | Daytona Cubs players | Georgia Bulldogs football players | Gulf Coast Cubs players | Kansas City Brigade players | Living people | New York Jets players | Players of American football from Decatur, Georgia | Rockford Cubbies players | Short description is different from Wikidata | Sportspeople from Decatur, Georgia | Use American English from February 2024 | Use mdy dates from January 2019"
00-0020613,Quinn Gray,QB,Quinn Gray,https://en.wikipedia.org/wiki/Quinn_Gray,"Quinn Fordham Gray Sr. (born May 21, 1979) is an American college football coach and former player. He is the head football coach for Florida A&M University, a position he has held since 2025. Gray played professionally as a quarterback four seasons in the National Football League (NFL) and one season each in the United Football League (UFL) and NFL Europe. He played college football at Florida A&M University.
Gray was signed by the Jacksonville Jaguars as an undrafted free agent in 2002. He played for the Frankfurt Galaxy in 2003 and the Jaguars from 2005 to 2007. During the 2008 off-season, Gray signed with both the Houston Texans and Indianapolis Colts before joining the Kansas City Chiefs for the 2008 season. He ended his professional football career playing for the New York Sentinels of the UFL in 2009.","1979 births | 21st-century American sportsmen | Albany State Golden Rams football coaches | Alcorn State Braves football coaches | American football quarterbacks | Articles with short description | Florida A&M Rattlers football coaches | Florida A&M Rattlers football players | Frankfurt Galaxy players | Houston Texans players | Indianapolis Colts players | Jacksonville Jaguars players | Kansas City Chiefs players | Living people | New York Sentinels players | Players of American football from Fort Lauderdale, Florida | Short description matches Wikidata | Use mdy dates from June 2024"
00-0024059,Quinton Porter,QB,Quinton Porter,https://en.wikipedia.org/wiki/Quinton_Porter,"Quinton George Porter (born December 28, 1982) is an American former professional football quarterback. He was on the practice squad for the Carolina Panthers of the National Football League (NFL). He was originally signed by the Houston Texans as an undrafted free agent in 2006. He played college football at Boston College. Porter has also been a player with the Hamilton Tiger-Cats of the CFL.","1982 births | 21st-century American sportsmen | All articles with dead external links | American football quarterbacks | Articles with dead external links from July 2016 | Articles with permanently dead external links | Articles with short description | Boston College Eagles football players | Canadian football quarterbacks | Carolina Panthers players | Cologne Centurions (NFL Europe) players | Hamilton Tiger-Cats players | Houston Texans players | Living people | Players of American football from Cumberland County, Maine | Players of Canadian football from Maine | Portland High School (Maine) alumni | Short description is different from Wikidata | Sportspeople from Portland, Maine | Use mdy dates from June 2024 | Webarchive template wayback links"
00-0027384,R.J. Archer,QB,R. J. Archer,https://en.wikipedia.org/wiki/R._J._Archer,"Rush James ""R. J."" Archer II (born August 5, 1987) is an American former professional football quarterback who played in the Arena Football League (AFL) and Canadian Football League (CFL). He played college football for the William & Mary Tribe. Archer went undrafted in the 2010 NFL draft, afterwards signing with the Minnesota Vikings of the National Football League (NFL).","1987 births | Albemarle High School (Virginia) alumni | All Wikipedia articles written in American English | All articles with dead external links | American football quarterbacks | American football wide receivers | Articles with dead external links from June 2024 | Articles with permanently dead external links | Articles with short description | BC Lions players | Canadian football quarterbacks | Commons category link from Wikidata | Detroit Lions players | Georgia Force players | Jacksonville Sharks players | Living people | Milwaukee Mustangs (2009–2012) players | Minnesota Vikings players | Players of American football from Charlottesville, Virginia | Players of Canadian football from Virginia | Seattle Seahawks players | Short description is different from Wikidata | Use American English from April 2025 | Use mdy dates from January 2019 | Webarchive template wayback links | William & Mary Tribe football players | Winnipeg Blue Bombers players"
00-0003761,Randall Cunningham,QB,Randall Cunningham,https://en.wikipedia.org/wiki/Randall_Cunningham,"Randall Wade Cunningham Sr. (born March 27, 1963) is an American pastor and former professional football quarterback who played in the National Football League (NFL) for 16 seasons. He spent the majority of his career with the Philadelphia Eagles and is also known for his Minnesota Vikings tenure. A four-time Pro Bowl selection, Cunningham is fourth in NFL quarterback rushing yards, which he led at the time of his retirement.
Cunningham played college football for the UNLV Rebels, earning first-team All-American honors in 1983 and 1984 as a punter. He was selected in the second round of the 1985 NFL draft by the Eagles, where he spent his first 11 seasons. He retired after the 1995 season, but returned a year later to join the Vikings. In 1998, he enjoyed the strongest season of his career and helped the team set the NFL record for the most regular season points scored en route to an NFC Championship Game appearance. Cunningham lost his starting position during the 1999 season due to a performance decline and was released afterwards. In his final two seasons, he held a backup role with the Dallas Cowboys and Baltimore Ravens.
Upon retiring a second and final time, Cunningham became an ordained Protestant minister and served as the team chaplain for the Las Vegas Raiders from 2020 to 2022. He was inducted to the College Football Hall of Fame in 2016.

","1963 births | 21st-century African-American clergy | 21st-century American Christian clergy | African-American Christian clergy | African-American coaches of American football | African-American game show hosts | All-American college football players | All Wikipedia articles written in American English | American Protestant ministers and clergy | American football punters | American football quarterbacks | American game show hosts | Articles with short description | Baltimore Ravens players | Coaches of American football from California | College Football Hall of Fame inductees | Dallas Cowboys players | High school football coaches in Nevada | Living people | Minnesota Vikings players | NFL Comeback Player of the Year winners | National Conference Pro Bowl players | Philadelphia Eagles players | Players of American football from Las Vegas | Players of American football from Philadelphia | Players of American football from Santa Barbara, California | Santa Barbara High School alumni | Short description is different from Wikidata | UNLV Rebels football players | Use American English from September 2021 | Use mdy dates from May 2024"
00-0021254,Randy Fasani,QB,Randy Fasani,https://en.wikipedia.org/wiki/Randy_Fasani,"Randy Fasani (born September 18, 1978) is an American former professional football player who was a quarterback for the Carolina Panthers of the National Football League (NFL). He played college football for the Stanford Cardinal.","1978 births | All Wikipedia articles written in American English | American football quarterbacks | American people of Italian descent | Articles with short description | Buffalo Bills players | CS1 maint: deprecated archival service | Carolina Panthers players | Living people | People from Loomis, California | Players of American football from Roseville, California | Players of American football from Sacramento, California | Short description matches Wikidata | Stanford Cardinal football players | Use American English from July 2025 | Use mdy dates from January 2019"
00-0010137,Ray Lucas,QB,Ray Lucas,https://en.wikipedia.org/wiki/Ray_Lucas,"Raymond J. Lucas (born August 6, 1972)  is an American former professional football player who was a quarterback in the National Football League (NFL). He played college football for the Rutgers Scarlet Knights. He played in the NFL for the New England Patriots, New York Jets and the Miami Dolphins during his seven-year career from 1996 to 2002. He is currently a studio analyst for the show Jets Nation on New York City-based sports network SportsNet New York.","1972 births | 20th-century African-American sportsmen | 20th-century American sportsmen | 21st-century African-American sportsmen | 21st-century American sportsmen | All Wikipedia articles written in American English | American football quarterbacks | Articles with short description | Baltimore Ravens players | Harrison High School (New Jersey) alumni | Living people | Miami Dolphins players | NFL announcers | New England Patriots players | New York Jets players | Players of American football from Hudson County, New Jersey | Rutgers Scarlet Knights football announcers | Rutgers Scarlet Knights football players | Short description is different from Wikidata | SportsNet New York people | Sportspeople from Harrison, New Jersey | Use American English from February 2024 | Use mdy dates from June 2024"
00-0036052,Reid Sinnett,QB,Reid Sinnett,https://en.wikipedia.org/wiki/Reid_Sinnett,"Reid Sinnett (born February 5, 1997) is an American former professional football quarterback. He played college football for the San Diego Toreros.","1997 births | All articles with dead external links | American football quarterbacks | Articles with dead external links from June 2024 | Articles with permanently dead external links | Articles with short description | CS1 German-language sources (de) | CS1 maint: numeric names: authors list | Cincinnati Bengals players | Houston Gamblers (UFL) players | Living people | Madrid Bravos players | Miami Dolphins players | People from Johnston, Iowa | Philadelphia Eagles players | Players of American football from Iowa | San Antonio Brahmas players | San Diego Toreros football players | Short description matches Wikidata | Sportspeople from Polk County, Iowa | Tampa Bay Buccaneers players | Use mdy dates from June 2024"
00-0022121,Rex Grossman,QB,Rex Grossman,https://en.wikipedia.org/wiki/Rex_Grossman,"Rex Daniel Grossman III (born August 23, 1980) is an American former professional football quarterback who played in the National Football League (NFL) for 11 seasons, most notably with the Chicago Bears. Grossman played college football for the Florida Gators, winning AP College Football Player of the Year and SEC Player of the Year in 2001 en route to a victory in the 2002 Orange Bowl. He was selected by the Bears in the first round of the 2003 NFL draft.
Grossman's most successful season was in 2006 when he helped lead the Bears to a conference title and appearance in Super Bowl XLI. Due to inconsistent play, Grossman lost his starting position the following season. He spent the remainder of his career mostly as a backup, last playing as a starter with the Washington Redskins in 2011.","1980 births | 21st-century American sportsmen | All-American college football players | All Wikipedia articles written in American English | All articles with dead external links | American football quarterbacks | Articles with dead external links from August 2024 | Articles with dead external links from January 2017 | Articles with dead external links from June 2016 | Articles with dead external links from June 2021 | Articles with dead external links from June 2024 | Articles with permanently dead external links | Articles with short description | Atlanta Falcons players | CS1 maint: deprecated archival service | Chicago Bears players | Cleveland Browns players | Commons category link from Wikidata | Florida Gators football players | Good articles | Houston Texans players | Living people | Players of American football from Bloomington, Indiana | Players of American football from Chicago | Short description matches Wikidata | Use American English from July 2023 | Use mdy dates from March 2024 | Washington Redskins players | Webarchive template wayback links"
00-0026916,Rhett Bomar,QB,Rhett Bomar,https://en.wikipedia.org/wiki/Rhett_Bomar,"Rhett Matthew Bomar (born June 2, 1985) is an American former professional football quarterback. He was selected by the New York Giants in the fifth round of the 2009 NFL draft. He played college football at the University of Oklahoma and Sam Houston State University. He was also a member of the Minnesota Vikings and Oakland Raiders.","1985 births | American football quarterbacks | Articles with short description | CS1 maint: deprecated archival service | Coaches of American football from Texas | Commons category link from Wikidata | Grand Prairie High School alumni | High school football coaches in Texas | Living people | Minnesota Vikings players | New York Giants players | Oakland Raiders players | Oklahoma Sooners football players | People from Groesbeck, Texas | Players of American football from Dallas County, Texas | Players of American football from Limestone County, Texas | Sam Houston Bearkats football players | Short description is different from Wikidata | Use mdy dates from June 2024"
00-0005741,Rich Gannon,QB,Rich Gannon,https://en.wikipedia.org/wiki/Rich_Gannon,"Richard Joseph Gannon (born December 20, 1965) is an American former professional football player who was a quarterback for 17 seasons in the National Football League (NFL). Subsequently, he was a sports commentator with CBS Sports for 16 years.
Gannon was born in Philadelphia, Pennsylvania, and played college football for the Delaware Fightin' Blue Hens in coach Tubby Raymond's Wing-T offense. He recorded at least 2,000 offensive yards for three straight seasons at Delaware and was Yankee Conference Offensive Player of the Year as a senior. In the 1987 NFL draft, the New England Patriots selected Gannon in the fourth round intent upon converting Gannon to running back. He was soon traded to the Minnesota Vikings and would play with the Vikings until 1992. Gannon began his career as a backup for Wade Wilson. Gannon started his first games in 1990 in relief of an injured Wilson and would start many games in 1991. In 1992, he formally became the starting quarterback for the Vikings and led the Vikings to an 11–5 season and the playoffs after two consecutive losing seasons.
Gannon played for the Washington Redskins in 1993, the Kansas City Chiefs from 1995 to 1998, and the Oakland Raiders from 1999 to 2004. With the Raiders, he achieved his greatest successes, including four consecutive seasons making the Pro Bowl (1999–2002), three consecutive postseason appearances for the Raiders (2000–2002), two All-Pro selections (2000, 2002), one MVP, and an appearance in Super Bowl XXXVII. However, Gannon spent much of his final two seasons (2003 and 2004) with injuries, and the Raiders had losing records in those seasons. After retiring from football before the 2005 season, Gannon began a career in sports broadcasting. He served as a sports analyst for NFL on CBS through the 2020 NFL season.",1965 births | All Wikipedia articles written in American English | All articles with dead YouTube links | All articles with unsourced statements | American Conference Pro Bowl players | American football punters | American football quarterbacks | Articles with dead YouTube links from February 2022 | Articles with short description | Articles with unsourced statements from November 2014 | CBS Sports people | Catholics from Minnesota | Catholics from Pennsylvania | Delaware Fightin' Blue Hens football players | Kansas City Chiefs players | Las Vegas Raiders announcers | Living people | Minnesota Vikings players | NFL Most Valuable Player winners | Oakland Raiders players | Players of American football from Minnesota | Players of American football from Philadelphia | Short description is different from Wikidata | St. Joseph's Preparatory School alumni | Television personalities from Philadelphia | Use American English from November 2022 | Use mdy dates from March 2024 | Washington Redskins players | Webarchive template wayback links
00-0025749,Richard Bartel,QB,Richard Bartel,https://en.wikipedia.org/wiki/Richard_Bartel,"Richard John Bartel (born February 3, 1983) is an American former professional football player who was a quarterback in the National Football League (NFL) for the Arizona Cardinals. He played college football for the Tarleton State Texans. He also played baseball in the Cincinnati Reds minor league organization.","1983 births | All Wikipedia articles written in American English | American football quarterbacks | Arizona Cardinals players | Articles with short description | Atlanta Legends coaches | Baseball pitchers | Baseball players from San Antonio | Cleveland Browns players | Dallas Cowboys players | Gulf Coast Reds players | High school football coaches in Texas | Jacksonville Jaguars players | Living people | Players of American football from Grapevine, Texas | SMU Mustangs football players | Sacramento Mountain Lions players | Short description is different from Wikidata | Tarleton State Texans football players | Use American English from April 2025 | Use mdy dates from March 2024 | Washington Redskins players"
00-0011378,Rick Mirer,QB,Rick Mirer,https://en.wikipedia.org/wiki/Rick_Mirer,"Richard Franklin Mirer (born March 19, 1970) is an American former professional football quarterback who played in the National Football League (NFL) for 12 seasons. He played college football for the Notre Dame Fighting Irish, winning Quarterback of the Year in 1992. Mirer was selected second overall by the Seattle Seahawks in the 1993 NFL draft.
In his first season, Mirer set the rookie records for passing yards, attempts, and completions, earning him UPI Rookie of the Year. Unable to duplicate his success, Mirer would leave the Seahawks after four seasons. He spent the remainder of his career with the Chicago Bears, New York Jets, San Francisco 49ers, Oakland Raiders, and Detroit Lions, mostly as a backup.","1970 births | All Wikipedia articles written in American English | American football quarterbacks | Articles with short description | Chicago Bears players | Detroit Lions players | Green Bay Packers players | Living people | New York Jets players | Notre Dame Fighting Irish football players | Oakland Raiders players | People from Goshen, Indiana | Players of American football from Indiana | San Francisco 49ers players | Seattle Seahawks players | Second overall NFL draft picks | Short description is different from Wikidata | Use American English from February 2024 | Use mdy dates from March 2024"
00-0020511,Ricky Ray,QB,Ricky Ray,https://en.wikipedia.org/wiki/Ricky_Ray,"Richard Junior Ray (born October 22, 1979) is an American former professional football player who was a quarterback in the Canadian Football League (CFL) for the Edmonton Eskimos and Toronto Argonauts. He also briefly spent time in the af2, as well as with the San Francisco 49ers and New York Jets of the National Football League (NFL). Ray is the all-time leader in passing yardage, pass completions, and passing touchdowns for both the Edmonton Elks and Toronto Argonauts. He won the Grey Cup championship a record four times as a starting quarterback, in 2003, 2005, 2012, and 2017. He was inducted into the Canadian Football Hall of Fame in 2022.","1979 births | All Wikipedia articles written in American English | American football quarterbacks | Articles with short description | CS1 maint: archived copy as title | CS1 maint: bot: original URL status unknown | Canadian Football Hall of Fame inductees | Canadian football quarterbacks | Commons category link from Wikidata | Edmonton Elks players | Fresno Frenzy players | Living people | New York Jets players | People from Happy Camp, California | Players of American football from Siskiyou County, California | Players of Canadian football from California | Sacramento State Hornets football players | San Francisco 49ers players | Shasta Knights football players | Short description is different from Wikidata | Toronto Argonauts players | Use American English from September 2024 | Use mdy dates from February 2024 | Webarchive template wayback links"
00-0028073,Ricky Stanzi,QB,Ricky Stanzi,https://en.wikipedia.org/wiki/Ricky_Stanzi,"Richard Joseph Stanzi (born September 3, 1987) is an American former football quarterback. He played college football for the Iowa Hawkeyes and was selected by the Kansas City Chiefs in the fifth round of the 2011 NFL draft. He was on the active rosters of both the Chiefs and Jacksonville Jaguars but did not appear in a game. Stanzi later played for the Calgary Stampeders of the Canadian Football League (CFL).","1987 births | 21st-century American sportsmen | All Wikipedia articles written in American English | American football quarterbacks | Articles with short description | Calgary Stampeders players | Canadian football quarterbacks | Commons category link from Wikidata | Detroit Lions players | Houston Texans players | Iowa Hawkeyes football players | Jacksonville Jaguars players | Kansas City Chiefs players | Living people | NFL empty currentteam parameter articles | New York Giants players | People from Kirtland, Ohio | Players of American football from Lake County, Ohio | Players of Canadian football from Ohio | Short description is different from Wikidata | Sportspeople from Greater Cleveland | Sportspeople from Mentor, Ohio | The Spring League players | Use American English from July 2025 | Use mdy dates from March 2024"
00-0008612,Rob Johnson,QB,Rob Johnson (American football),https://en.wikipedia.org/wiki/Rob_Johnson_(American_football),"Robert Garland Johnson (born March 18, 1973) is an American former professional football player who was a quarterback in the National Football League (NFL). He played college football for the USC Trojans and was a fourth-round pick in the 1995 NFL draft by the expansion team Jacksonville Jaguars.
With USC, Johnson won the 1995 Cotton Bowl Classic. In the Jaguars' opening game of 1997, Johnson started for an injured Mark Brunell and had a breakout performance that set a record for the best completion percentage by a debuting starting quarterback. Johnson signed a $25 million contract with the Buffalo Bills the following season and was named starting quarterback by coach Wade Phillips. Johnson had a tumultuous, injury-ridden run with the Bills and a reputation for frequently being sacked (140 in his career, including 49 in 2000), the inspiration for the nickname ""Robo-sack"". Johnson's injuries and poor performance led Phillips to replace Johnson with the more experienced Doug Flutie as starter. Controversially, Phillips started Johnson over Flutie for the 2000 Wild Card playoff game that the Bills lost to eventual AFC champion Tennessee Titans, after Flutie helped the Bills to an 11–5 record in the 1999 season. Phillips later said that Bills' owner Ralph Wilson had instructed the head coach to start Johnson over Flutie.
After two losing seasons with the Bills, Johnson joined the Tampa Bay Buccaneers for 2002 and won a Super Bowl title with the team as a backup to Brad Johnson (no relation). Rob Johnson played his final games with the Washington Redskins and Oakland Raiders in 2003. He also tried out in 2006 for the New York Giants and in 2008 for the Tennessee Titans. In 2004, Johnson became an assistant football coach at Mission Viejo High School with his brother, both under their father as head coach.","1973 births | All Wikipedia articles written in American English | All articles with dead external links | American football quarterbacks | Articles with dead external links from September 2018 | Articles with permanently dead external links | Articles with short description | Buffalo Bills players | CS1 maint: deprecated archival service | El Toro High School alumni | High school football coaches in California | Jacksonville Jaguars players | Living people | New York Giants players | Oakland Raiders players | Players of American football from Lake Forest, California | Players of American football from Newport Beach, California | Short description is different from Wikidata | Tampa Bay Buccaneers players | USC Trojans football players | Use American English from November 2023 | Use mdy dates from January 2019 | Washington Redskins players"
00-0029665,Robert Griffin,QB,Robert Griffin III,https://en.wikipedia.org/wiki/Robert_Griffin_III,"Robert Lee Griffin III (born February 12, 1990), nicknamed RGIII or RG3, is an  American former professional football quarterback who played in the National Football League (NFL) for eight seasons, most notably with the Washington Redskins. He played college football for the Baylor Bears, winning the Heisman Trophy as a senior, and was selected second overall by the Redskins in the 2012 NFL draft.
Griffin set league records for the highest rookie passer rating and touchdown–interception ratio, while leading the Redskins to their first division title since 1999, earning him Offensive Rookie of the Year and Pro Bowl honors. Following a severe knee injury he suffered in the playoffs, Griffin was unable to match his early success and lost his starting position in 2015 to Kirk Cousins. He signed with the Cleveland Browns in 2016, but his tenure was also afflicted by injuries, resulting in his release at the end of the season. After a year in free agency, he joined the Baltimore Ravens in 2018 and played his last three seasons as a backup.","1990 births | 21st-century American sportsmen | African-American Christians | African-American track and field athletes | All-American college football players | All Wikipedia articles written in American English | All articles with dead external links | American evangelicals | American football quarterbacks | American men hurdlers | American philanthropists | Articles with dead external links from August 2017 | Articles with permanently dead external links | Articles with short description | Baltimore Ravens players | Baylor Bears football players | Baylor Bears men's track and field athletes | CS1 European Spanish-language sources (es-es) | CS1 maint: deprecated archival service | Christians from Texas | Cleveland Browns players | College football announcers | Commons category link from Wikidata | ESPN people | Heisman Trophy winners | Living people | NFL Offensive Rookie of the Year winners | NFL announcers | National Conference Pro Bowl players | People from Copperas Cove, Texas | People from Montgomery, Texas | Players of American football from Bell County, Texas | Players of American football from Coryell County, Texas | Players of American football from Montgomery County, Texas | Players of American football from Waco, Texas | Players of American football from Washington, D.C. | Second overall NFL draft picks | Short description matches Wikidata | Sportspeople from Leesburg, Virginia | Sportspeople from Okinawa Prefecture | Track and field athletes from Texas | Use American English from February 2023 | Use mdy dates from December 2024 | Washington Redskins players"
00-0039633,Rocky Lombardi,QB,Rocky Lombardi,https://en.wikipedia.org/wiki/Rocky_Lombardi,"Rocky Lombardi (born July 30, 1998) is an American professional football quarterback for the Dresden Monarchs of the German Football League (GFL). He played college football for the Michigan State Spartans and the Northern Illinois Huskies and was signed as an undrafted free agent in 2024 by the Cincinnati Bengals.","1998 births | American football quarterbacks | Articles with short description | Cincinnati Bengals players | Living people | Michigan Panthers (2022) players | Michigan State Spartans football players | Northern Illinois Huskies football players | Players of American football from Iowa | Short description is different from Wikidata | Sportspeople from Polk County, Iowa | Use mdy dates from June 2024"
00-0013901,Rod Robinson,QB,Eugene Robinson (American football),https://en.wikipedia.org/wiki/Eugene_Robinson_(American_football),"Eugene Keefe Robinson (born May 28, 1963) is an American former professional football safety who played in the National Football League (NFL) for 16 seasons. He spent the majority of his career with the Seattle Seahawks, who signed him as an undrafted free agent in 1985. In addition to his 11 seasons with the Seahawks, he was a member of the Green Bay Packers and Atlanta Falcons for two seasons each and the Carolina Panthers for one season.
During his Seattle tenure, Robinson was named to two Pro Bowls and led the league in interceptions in 1993. Robinson's two seasons with the Packers saw him reach the Super Bowl in both years and win Super Bowl XXXI. With the Falcons, he earned a third Pro Bowl selection and made a third consecutive Super Bowl appearance.","1963 births | 20th-century American sportsmen | All Wikipedia articles written in American English | American Conference Pro Bowl players | American football safeties | Articles with short description | Atlanta Falcons players | Carolina Panthers announcers | Carolina Panthers players | Colgate Raiders football players | Green Bay Packers players | High school football coaches in North Carolina | High school wrestling coaches in the United States | Living people | National Conference Pro Bowl players | Pages using navbox columns without the first column | Players of American football from Hartford, Connecticut | Seattle Seahawks players | Short description is different from Wikidata | Sportspeople from Hartford, Connecticut | Use American English from March 2023 | Use mdy dates from March 2024"
00-0022373,Rod Rutherford,QB,Rod Rutherford,https://en.wikipedia.org/wiki/Rod_Rutherford,"Rod Rutherford (born December 12, 1980) is an American football coach and former quarterback. Rutherford spent time on both the Pittsburgh Steelers and the Carolina Panthers rosters, mostly as a practice squad player. Rutherford entered the National Football League (NFL) when he was signed by the Panthers as an undrafted free agent in 2004. He won a Super Bowl ring with the Steelers the following year in Super Bowl XL as a practice team player.",1980 births | American football quarterbacks | Articles with short description | CS1 maint: bot: original URL status unknown | CS1 maint: deprecated archival service | Carolina Panthers players | Erie RiverRats players | IUP Crimson Hawks football coaches | Living people | Pittsburgh Panthers football coaches | Pittsburgh Panthers football players | Pittsburgh Steelers players | Players of American football from Pittsburgh | Saint Vincent Bearcats football coaches | Short description is different from Wikidata | Use mdy dates from March 2024 | Western Pennsylvania Sting players | Wheeling Wildcats players
00-0012732,Rodney Peete,QB,Rodney Peete,https://en.wikipedia.org/wiki/Rodney_Peete,"Rodney Peete Sr. (born March 16, 1966) is an American former professional football player who was a quarterback in the National Football League (NFL). He played college football for the USC Trojans, earning first-team All-American honors in 1988. Peete was selected in the sixth round of the 1989 NFL draft. He played in the NFL for the Detroit Lions, Dallas Cowboys, Philadelphia Eagles, Washington Redskins, Oakland Raiders, and Carolina Panthers.","1966 births | 20th-century African-American sportsmen | 20th-century American sportsmen | 21st-century African-American sportsmen | 21st-century American sportsmen | All-American college football players | All Wikipedia articles written in American English | All articles with unsourced statements | American football quarterbacks | American radio personalities | Articles with short description | Articles with unsourced statements from October 2020 | Carolina Panthers players | Dallas Cowboys players | Detroit Lions players | Living people | Oakland Raiders players | Philadelphia Eagles players | Players of American football from Mesa, Arizona | Sahuaro High School alumni | Short description matches Wikidata | USC Trojans baseball players | USC Trojans football players | Use American English from July 2023 | Use mdy dates from May 2023 | Washington Redskins players"
00-0021238,Rohan Davey,QB,Rohan Davey,https://en.wikipedia.org/wiki/Rohan_Davey,"Rohan St. Patrick Davey (born April 14, 1978) is a Jamaican-born former professional American football quarterback. He won two Super Bowl rings with the New England Patriots, as the backup to Tom Brady in 2003 and 2004.","1978 births | American expatriate sportspeople in Germany | American football quarterbacks | Arizona Cardinals players | Articles with short description | Berlin Thunder players | CS1 maint: bot: original URL status unknown | Cleveland Gladiators players | Jamaican expatriate sportspeople in Germany | Jamaican players of American football | LSU Tigers football players | Living people | New England Patriots players | New York Dragons players | San Antonio Talons players | Short description is different from Wikidata | Sportspeople from Clarendon Parish, Jamaica | Use mdy dates from January 2019 | Webarchive template wayback links"
00-0020246,Romaro Miller,QB,Romaro Miller,https://en.wikipedia.org/wiki/Romaro_Miller,"Romaro Miller (born September 12, 1978) is an American former professional football player who was a quarterback in the National Football League (NFL) and Canadian Football League (CFL).  He was a three-year starter playing college football for the Ole Miss Rebels.","1978 births | 21st-century American sportsmen | All Wikipedia articles written in American English | American football quarterbacks | Articles with short description | Canadian football quarterbacks | Coaches of American football from Mississippi | Living people | Millsaps Majors football coaches | Minnesota Vikings players | Ole Miss Rebels football players | Ottawa Renegades players | Players of American football from DeSoto County, Mississippi | Players of Canadian football from Mississippi | Rhein Fire players | Short description is different from Wikidata | Sportspeople from Lee County, Mississippi | Toronto Argonauts players | Use American English from April 2025 | Use mdy dates from August 2021"
00-0013186,Ron Powlus,QB,Ron Powlus,https://en.wikipedia.org/wiki/Ron_Powlus,"Ronald Lee Powlus (born July 16, 1974) is an American former professional football player who was a quarterback in NFL Europe. He played college football for the Notre Dame Fighting Irish. After his playing career, he was a quarterbacks coach for the Fighting Irish, Akron Zips, and Kansas Jayhawks.","1974 births | Akron Zips football coaches | All Wikipedia articles written in American English | American football quarterbacks | Amsterdam Admirals players | Articles with short description | Detroit Lions players | Kansas Jayhawks football coaches | Living people | Notre Dame Fighting Irish football coaches | Notre Dame Fighting Irish football players | People from Berwick, Pennsylvania | Philadelphia Eagles players | Players of American football from Columbia County, Pennsylvania | Short description is different from Wikidata | Sportspeople from Columbia County, Pennsylvania | Tennessee Oilers players | Use American English from February 2024 | Use mdy dates from June 2024"
00-0021337,Ronald Curry,QB,Ronald Curry,https://en.wikipedia.org/wiki/Ronald_Curry,"Ronald Antonio Curry (born May 28, 1979) is an American football coach and former wide receiver who is the wide receivers coach for the Denver Broncos of the National Football League (NFL). He has previously served as an assistant coach for the San Francisco 49ers, New Orleans Saints, and Buffalo Bills.
Curry played college football as a quarterback at North Carolina and was selected by the Oakland Raiders in the seventh round of the 2002 NFL draft. He played eight seasons in the NFL for the Raiders, Detroit Lions, and St. Louis Rams.","1979 births | 20th-century African-American sportsmen | 20th-century American sportsmen | 21st-century African-American sportsmen | 21st-century American sportsmen | African-American coaches of American football | All articles with dead external links | American football quarterbacks | American football wide receivers | American men's basketball players | Articles with dead external links from June 2016 | Articles with short description | Basketball players from Hampton, Virginia | Buffalo Bills coaches | Coaches of American football from Virginia | Denver Broncos coaches | Denver Broncos currentteam parameter articles | Detroit Lions players | Hampton High School (Virginia) alumni | Living people | McDonald's High School All-Americans | New Orleans Saints coaches | North Carolina Tar Heels football players | North Carolina Tar Heels men's basketball players | Oakland Raiders players | Parade High School All-Americans (boys' basketball) | Players of American football from Hampton, Virginia | San Francisco 49ers coaches | Short description matches Wikidata | St. Louis Rams players | Use mdy dates from January 2019"
00-0026775,Rudy Carpenter,QB,Rudy Carpenter,https://en.wikipedia.org/wiki/Rudy_Carpenter,"Rudy Carpenter (born April 15, 1986) is an American former professional football player who was a quarterback for the Tampa Bay Buccaneers of the National Football League (NFL). He was signed by the Dallas Cowboys as an undrafted free agent in 2009. He played college football for the Arizona State Sun Devils.","1986 births | All BLP articles lacking sources | All Wikipedia articles written in American English | All articles with unsourced statements | American football quarterbacks | Arizona State Sun Devils football players | Articles with short description | Articles with unsourced statements from March 2022 | BC Lions players | BLP articles lacking sources from March 2009 | CS1 maint: archived copy as title | Canadian football quarterbacks | Dallas Cowboys players | Living people | Players of American football from Thousand Oaks, California | Players of American football from Westlake Village, California | Players of Canadian football from California | Short description is different from Wikidata | Tampa Bay Buccaneers players | Use American English from November 2025 | Use mdy dates from July 2024 | Westlake High School (California) alumni"
00-0029263,Russell Wilson,QB,Russell Wilson,https://en.wikipedia.org/wiki/Russell_Wilson,"Russell Carrington Wilson (born November 29, 1988) is an American professional football quarterback. He has primarily played for the Seattle Seahawks. With the Seahawks, Wilson was named to the Pro Bowl nine times and helped Seattle win their first Super Bowl championship in Super Bowl XLVIII. He is regarded as one of the greatest dual-threat quarterbacks of all time. He is also a former professional baseball player.
Wilson played both college football and baseball for the NC State Wolfpack from 2008 to 2010 before transferring to the Wisconsin Badgers in 2011, where he set the single-season FBS record for passer rating and led them to a Big Ten title and the 2012 Rose Bowl. He also played minor league baseball for the Tri-City Dust Devils in 2010 and the Asheville Tourists in 2011 as a second baseman. The Seattle Seahawks selected Wilson in the third round (75th overall) of the 2012 NFL draft. He tied the rookie record for most passing touchdowns and was named Pepsi NFL Rookie of the Year. Wilson led the Seahawks to consecutive Super Bowl appearances over the next two seasons, winning Super Bowl XLVIII and losing Super Bowl XLIX after he was intercepted at the goal line by Malcolm Butler.  He led the team to eight total playoff appearances with four division titles.
Wilson holds the record for most wins by an NFL quarterback through nine seasons and is one of five quarterbacks with a career passer rating over 99. In 2019, he signed a four-year, $140 million contract extension with the Seahawks, becoming the highest-paid NFL player at the time. In 2020, he became the third quarterback in NFL history to throw 30 touchdowns in four consecutive seasons. Wilson was traded to the Broncos in 2022 and later signed a five-year, $245 million extension. His time with the Broncos was largely unsuccessful, with the Broncos having the league's worst scoring offense in 2022. Wilson was benched near the end of the 2023 season and was released in the offseason, later signing a one-year deal with the Pittsburgh Steelers for 2024 where he earned his tenth Pro Bowl selection. The next season he signed a one-year contract with the New York Giants.
Noted for his philanthropy, Wilson was named the Walter Payton Man of the Year in 2020 and was the recipient of the Bart Starr Award in 2022. Wilson is also part owner of the Seattle Sounders FC of Major League Soccer (MLS). After he purchased his minority stake, the Sounders won MLS Cup 2019 and the 2022 CONCACAF Champions League.

","1988 births | African-American Christians | African-American baseball players | All Wikipedia articles written in American English | All articles with unsourced statements | American football quarterbacks | American philanthropists | American soccer chairmen and investors | Articles using infobox templates with no data rows | Articles with short description | Articles with unsourced statements from September 2024 | Asheville Tourists players | Baseball players from Cincinnati | Baseball players from Richmond, Virginia | Baseball players from Seattle | Baseball second basemen | CS1 maint: url-status | Commons category link is on Wikidata | Denver Broncos players | Living people | Major League Soccer owners | NC State Wolfpack baseball players | NC State Wolfpack football players | National Conference Pro Bowl players | New York Giants players | North Carolina State University alumni | Pittsburgh Steelers players | Players of American football from Bellevue, Washington | Players of American football from Cincinnati | Players of American football from Richmond, Virginia | Players of American football from Seattle | Seattle Seahawks players | Short description is different from Wikidata | Short description matches Wikidata | Tri-City Dust Devils players | Unconferenced Pro Bowl players | Use American English from April 2026 | Use mdy dates from January 2026 | Walter Payton NFL Man of the Year winners | Wikipedia indefinitely semi-protected biographies of living people | Wisconsin Badgers football players"
00-0027775,Rusty Smith,QB,Rusty Smith (American football),https://en.wikipedia.org/wiki/Rusty_Smith_(American_football),"Russell Edgar Smith (born January 28, 1987) is an American former professional football player who was a quarterback in the National Football League (NFL). He played college football for the Florida Atlantic Owls and was selected by the Tennessee Titans in the sixth round of the 2010 NFL draft.
Smith was with the Titans for four years as a backup, playing in three regular season games with one start. In 2014, he had offseason stints with the New York Giants and later the Calgary Stampeders of the Canadian Football League (CFL). After his playing career ended, he began a career as a high school football coach.","1987 births | American football quarterbacks | Articles with short description | Calgary Stampeders players | Canadian football quarterbacks | Coaches of American football from Florida | Commons category link from Wikidata | Florida Atlantic Owls football players | High school football coaches in Tennessee | Living people | New York Giants players | Players of American football from Jacksonville, Florida | Players of Canadian football from Jacksonville, Florida | Sandalwood High School alumni | Short description is different from Wikidata | Tennessee Titans players | Use mdy dates from April 2024 | Webarchive template wayback links"
00-0035652,Ryan Finley,QB,Ryan Finley (American football),https://en.wikipedia.org/wiki/Ryan_Finley_(American_football),"Ryan Finley (born December 26, 1994) is an American former professional football player who was a quarterback for two seasons in the National Football League (NFL). He played college football for the Boise State Broncos and NC State Wolfpack and was selected by the Cincinnati Bengals in the fourth round of the 2019 NFL draft.","1994 births | 21st-century American sportsmen | All articles with dead external links | American football quarterbacks | Articles with dead external links from June 2024 | Articles with short description | Boise State Broncos football players | Cincinnati Bengals players | Commons link is the pagename | Houston Texans players | Living people | NC State Wolfpack football players | Players of American football from Phoenix, Arizona | Short description matches Wikidata | Use mdy dates from May 2024"
00-0023682,Ryan Fitzpatrick,QB,Ryan Fitzpatrick,https://en.wikipedia.org/wiki/Ryan_Fitzpatrick,"Ryan Joseph Fitzpatrick (born November 24, 1982) is an American former professional football quarterback who played in the National Football League (NFL) for 17 seasons. He started at quarterback for nine teams, the most in league history. Fitzpatrick is also the only NFL player to have a passing touchdown with eight different teams. Since retiring, he has served as an analyst for Thursday Night Football on NFL on Prime Video.
Fitzpatrick played college football for the Harvard Crimson, becoming the school's first quarterback to have over 1,000 rushing yards, and was selected by the St. Louis Rams in the seventh round of the 2005 NFL draft. Fitzpatrick's longest stint was with the Buffalo Bills for four seasons, while his only two winning seasons were with the 2015 New York Jets and the 2020 Miami Dolphins. As a member of the Tampa Bay Buccaneers in 2018, Fitzpatrick became the first NFL quarterback to throw for over 400 yards in three consecutive games. He holds the most career passing yards and passing touchdowns among NFL quarterbacks without a postseason appearance.","1982 births | 21st-century American sportsmen | All Wikipedia articles written in American English | American football quarterbacks | American podcasters on American football | American sports podcasters | Articles with short description | Buffalo Bills players | Cincinnati Bengals players | Commons category link is on Wikidata | Harvard Crimson football players | Houston Texans players | Living people | Miami Dolphins players | NFL announcers | New York Jets players | Players of American football from Gilbert, Arizona | Short description is different from Wikidata | St. Louis Rams players | Tampa Bay Buccaneers players | Tennessee Titans players | Use American English from November 2023 | Use mdy dates from February 2024 | Washington Football Team players | Webarchive template wayback links"
00-0029857,Ryan Griffin,QB,Ryan Griffin (quarterback),https://en.wikipedia.org/wiki/Ryan_Griffin_(quarterback),"Ryan Walsh Griffin (born November 17, 1989) is an American former professional football player who was a quarterback in the National Football League (NFL). He played college football for the Tulane Green Wave. He was signed by the New Orleans Saints as an undrafted free agent in 2013.  Griffin earned a Super Bowl ring with the Tampa Bay Buccaneers for the 2020 season. He was signed by the Skorpions Varese of the Italian Football League (IFL) as quarterback/Offensive Coordinator in the spring of 2024. After the season Griffin joined the Chicago Bears coaching staff as an Offensive Assistant QB/WR Coach.","1989 births | American expatriate players of American football | American football quarterbacks | Articles with short description | Chaminade College Preparatory School (California) alumni | Chicago Bears coaches | Coaches of American football from California | Commons category link from Wikidata | Italian Football League players | Living people | New Orleans Saints players | Players of American football from Santa Monica, California | Short description is different from Wikidata | Tampa Bay Buccaneers players | Tulane Green Wave football players | Use mdy dates from July 2020"
00-0009715,Ryan Leaf,QB,Ryan Leaf,https://en.wikipedia.org/wiki/Ryan_Leaf,"Ryan David Leaf (born May 15, 1976) is an American former professional football player who was a quarterback for four seasons in the National Football League (NFL). He played for the San Diego Chargers and the Dallas Cowboys between 1998 and 2001.
Leaf played college football with the Washington State Cougars, finishing as a finalist for the Heisman Trophy after his junior year. He was selected as the second overall pick by the Chargers in the 1998 NFL draft after Peyton Manning, but his career was shortened due to poor play, bad behavior, injuries, and struggles with his work ethic.
After his NFL career ended, Leaf completed his degree at Washington State. He had legal troubles involving drugs beginning in 2010 when a Texas judge sentenced him to 10 years’ probation. From 2012 to 2014, Leaf served time in Montana state prison after pleading guilty to felony burglary and drug possession, a sentence that simultaneously counted towards time served for a probation violation in Texas. In 2020, he pled guilty to a misdemeanor domestic violence charge in California and was sentenced to probation.
Leaf has worked as a Program Ambassador for Transcend Recovery Community, a group of sober living houses in Los Angeles, Houston, and New York. He also hosts a radio show and works as a college football analyst on television.","1976 births | 21st-century American criminals | All Wikipedia articles written in American English | American expatriate sportspeople in Canada | American football quarterbacks | American fraudsters | American male criminals | American people convicted of burglary | American people convicted of drug offenses | American prisoners and detainees | American sportspeople convicted of crimes | Articles with short description | CS1 maint: deprecated archival service | Charles M. Russell High School alumni | Coaches of American football from Montana | Criminals from Montana | Dallas Cowboys players | Good articles | Living people | Players of American football from Montana | Prisoners and detainees of Montana | San Diego Chargers players | Seattle Seahawks players | Second overall NFL draft picks | Short description is different from Wikidata | Sportspeople from Great Falls, Montana | Tampa Bay Buccaneers players | Use American English from November 2023 | Use mdy dates from March 2024 | Washington State Cougars football players | Webarchive template wayback links | West Texas A&M Buffaloes football coaches"
00-0029531,Ryan Lindley,QB,Ryan Lindley,https://en.wikipedia.org/wiki/Ryan_Lindley,"Ryan George Lindley (born June 22, 1989) is an American football coach and former quarterback who is currently the senior offensive analyst at San Diego State University. He played college football for the San Diego State Aztecs, and was selected by the Arizona Cardinals in the sixth round of the 2012 NFL draft. Lindley also played for the Indianapolis Colts of the NFL, and the Ottawa Redblacks of the Canadian Football League (CFL).",1989 births | American football quarterbacks | Arizona Cardinals players | Articles with short description | CS1 maint: numeric names: authors list | Canadian football quarterbacks | Cleveland Browns coaches | Coaches of American football from California | Commons category link from Wikidata | Indianapolis Colts players | Living people | Mississippi State Bulldogs football coaches | New England Patriots players | Ottawa Redblacks players | Players of American football from San Diego | Players of Canadian football from San Diego | San Diego Chargers players | San Diego State Aztecs football coaches | San Diego State Aztecs football players | Short description is different from Wikidata | Use mdy dates from January 2019 | Utah Utes football coaches | Webarchive template wayback links
00-0028012,Ryan Mallett,QB,Ryan Mallett,https://en.wikipedia.org/wiki/Ryan_Mallett,"Ryan Michael Mallett (June 5, 1988 – June 27, 2023) was an American professional football quarterback who played in the National Football League (NFL) for the New England Patriots, Houston Texans, and Baltimore Ravens.
Mallett played college football for the Michigan Wolverines and Arkansas Razorbacks. While with Arkansas, he was a two-time, second-team all-conference selection in the Southeastern Conference (SEC). He was selected by the Patriots in the third round of the 2011 NFL draft. After his playing career, Mallett served as the head football coach at White Hall High School in White Hall, Arkansas.","1988 births | 2023 deaths | 21st-century American sportsmen | All Wikipedia articles written in American English | All articles with dead external links | American football quarterbacks | Arkansas Razorbacks football players | Articles with dead external links from July 2024 | Articles with short description | Baltimore Ravens players | Coaches of American football from Arkansas | Commons category link from Wikidata | Deaths by drowning in Florida | High school football coaches in Arkansas | Houston Texans players | Michigan Wolverines football players | New England Patriots players | People from Batesville, Arkansas | Players of American football from Texarkana, Texas | Short description is different from Wikidata | Texas High School alumni | The Spring League players | Use American English from June 2023 | Use mdy dates from June 2023"
00-0030586,Ryan Nassib,QB,Ryan Nassib,https://en.wikipedia.org/wiki/Ryan_Nassib,"Ryan Paul Nassib (born March 10, 1990) is an American former professional football player who was a quarterback in the National Football League (NFL). He played college football for the Syracuse Orange. He was selected by the New York Giants in the fourth round of the 2013 NFL draft. He was also a member of the Jacksonville Jaguars.","1990 births | All Wikipedia articles written in American English | All articles with unsourced statements | American football quarterbacks | Articles with short description | Articles with unsourced statements from September 2013 | CS1 maint: bot: original URL status unknown | Commons category link from Wikidata | Jacksonville Jaguars players | Living people | Malvern Preparatory School alumni | New Orleans Saints players | New York Giants players | Players of American football from West Chester, Pennsylvania | Short description matches Wikidata | Syracuse Orange football players | Use American English from September 2021 | Use mdy dates from January 2019"
00-0029701,Ryan Tannehill,QB,Ryan Tannehill,https://en.wikipedia.org/wiki/Ryan_Tannehill,"Ryan Timothy Tannehill III (born July 27, 1988) is an American former professional football quarterback who played in the National Football League (NFL) for 12 seasons with the Miami Dolphins and Tennessee Titans. He played college football for the Texas A&M Aggies and was selected eighth overall by the Dolphins in the 2012 NFL draft.
In his first seven seasons, Tannehill served as the Dolphins' primary starter. He was traded to the Titans in 2019, becoming the starter midway through the season and leading the team to the AFC Championship Game. Tannehill was also named NFL Comeback Player of the Year and received Pro Bowl honors. During his next two seasons, Tannehill helped the Titans clinch consecutive division titles.","1988 births | All articles with unsourced statements | American Christians | American Conference Pro Bowl players | American football quarterbacks | American football wide receivers | American philanthropists | Articles with short description | Articles with unsourced statements from August 2016 | Commons category link is on Wikidata | Living people | Miami Dolphins players | NFL Comeback Player of the Year winners | Players of American football from Howard County, Texas | Players of American football from Lubbock, Texas | Short description matches Wikidata | Sportspeople from Big Spring, Texas | Tennessee Titans players | Texas A&M Aggies football players | Use mdy dates from February 2024"
00-0037028,Ryan Willis,QB,Ryan Willis,https://en.wikipedia.org/wiki/Ryan_Willis,"Ryan Willis (born September 28, 1996) is an American former professional football quarterback. He played college football for the Virginia Tech Hokies.","1996 births | American football quarterbacks | Articles with short description | Bishop Miege High School alumni | Chicago Bears players | Kansas Jayhawks football players | Living people | Memphis Showboats (2022) players | Players of American football from Overland Park, Kansas | Short description is different from Wikidata | St. Louis Battlehawks players | The Spring League players | Use mdy dates from January 2019 | Virginia Tech Hokies football players"
00-0020480,Sage Rosenfels,QB,Sage Rosenfels,https://en.wikipedia.org/wiki/Sage_Rosenfels,"Sage Jamen Rosenfels (born March 6, 1978) is an American former professional football player who was a quarterback in the National Football League (NFL). He played college football for the Iowa State Cyclones and was selected by the Washington Redskins in the fourth round of the 2001 NFL draft. He also played in the NFL with the Miami Dolphins from 2002 to 2005, the Houston Texans from 2006 to 2008, the Minnesota Vikings in 2009, and the New York Giants in 2010. He spent portions of the 2011 season with the Vikings and Dolphins, after being released by the Giants during preseason.","1978 births | 21st-century American Jews | 21st-century American sportsmen | All Wikipedia articles written in American English | All articles with dead external links | American football quarterbacks | Articles with dead external links from July 2024 | Articles with short description | Commons category link from Wikidata | Houston Texans players | Iowa State Cyclones football players | Jewish American players of American football | Jews from Iowa | Living people | Miami Dolphins players | Minnesota Vikings players | New York Giants players | People from Maquoketa, Iowa | Players of American football from Iowa | Short description matches Wikidata | Use American English from February 2024 | Use mdy dates from January 2019 | Washington Redskins players"
00-0027854,Sam Bradford,QB,Sam Bradford,https://en.wikipedia.org/wiki/Sam_Bradford,"Samuel Jacob Bradford (born November 8, 1987) is an American former professional football player who was a quarterback for nine seasons in the National Football League (NFL).
Bradford attended Putnam City North High School, where he starred in football, basketball and golf. As a senior quarterback in 2005, he threw for 2,029 yards and 17 touchdowns in 12 games. Bradford was not highly recruited coming out of high school, but he received a scholarship offer from the University of Oklahoma, which he accepted. After a redshirt season in 2006, Bradford threw for 3,121 yards and 36 touchdowns as a redshirt freshman with the Oklahoma Sooners. In 2008, Bradford became only the second sophomore to win the Heisman Trophy as he led the highest-scoring offense in NCAA history, passing for 4,720 yards with 50 touchdowns and just eight interceptions. He again led the nation in passing and also added five rushing touchdowns as the Sooners went 12–1 and advanced to the BCS national title game.
Bradford declared for the NFL draft following the 2009 season and was selected by the St. Louis Rams with the first overall selection in the 2010 NFL draft. That year, Bradford set the record for most completions by a rookie in NFL history, which helped earn him the NFL Offensive Rookie of the Year award. Prior to the start of the 2015 season, the Rams traded Bradford along with a 2015 fifth-round pick to the Philadelphia Eagles in exchange for quarterback Nick Foles, a 2015 fourth-round pick, and a 2016 second-round pick. Following his 2015 campaign with the Eagles, in which he set career-highs in passing yards (3,725), completion percentage (65%) and yards per attempt (7.0), the Minnesota Vikings acquired Bradford after their starting quarterback Teddy Bridgewater was lost to a season-ending knee injury before the start of the season. Bradford signed with the Arizona Cardinals in 2018 and started three games, but was replaced by rookie Josh Rosen and eventually released.","1987 births | 21st-century American sportsmen | 21st-century Native American people | All-American college football players | All Wikipedia articles written in American English | All articles with dead external links | American Christians | American football quarterbacks | Arizona Cardinals players | Articles with dead external links from August 2025 | Articles with permanently dead external links | Articles with short description | Cherokee Nation sportspeople | Commons category link from Wikidata | First overall NFL draft picks | Good articles | Heisman Trophy winners | Living people | Minnesota Vikings players | NFL Offensive Rookie of the Year winners | Native American players of American football | Oklahoma Sooners football players | Philadelphia Eagles players | Players of American football from Norman, Oklahoma | Players of American football from Oklahoma City | Short description matches Wikidata | St. Louis Rams players | Use American English from March 2023 | Use mdy dates from March 2024"
00-0034869,Sam Darnold,QB,Sam Darnold,https://en.wikipedia.org/wiki/Sam_Darnold,"Samuel Richard Darnold (born June 5, 1997) is an American professional football quarterback for the Seattle Seahawks of the National Football League (NFL). He played college football for the USC Trojans, becoming the first freshman to win the Archie Griffin Award.
Darnold was selected third overall in the first round of the 2018 NFL draft by the New York Jets, where he spent his first three seasons. After injuries and inconsistent play, Darnold was traded to the Carolina Panthers, alternating as a starter and backup for two seasons, and spent one season as a backup with the San Francisco 49ers. Darnold had a breakout year in 2024 with the Minnesota Vikings when he led them to the playoffs and earned Pro Bowl honors. He joined the Seahawks the following season, leading them to their conference's top seed and a victory in Super Bowl LX while earning a second Pro Bowl selection.
Darnold was widely considered a draft bust before signing with the Vikings, and his turnaround to a Super Bowl–winning starting quarterback is regarded as one of the greatest comeback stories in NFL history.","1997 births | All Wikipedia articles written in American English | American football quarterbacks | Articles with short description | Carolina Panthers players | Commons category link from Wikidata | Living people | Minnesota Vikings players | National Conference Pro Bowl players | New York Jets players | People from Dana Point, California | Players of American football from Orange County, California | San Clemente High School (California) alumni | San Francisco 49ers players | Seattle Seahawks currentteam parameter articles | Seattle Seahawks players | Short description matches Wikidata | Sportspeople from San Clemente, California | USC Trojans football players | Use American English from January 2026 | Use mdy dates from February 2026"
00-0036879,Sam Ehlinger,QB,Sam Ehlinger,https://en.wikipedia.org/wiki/Sam_Ehlinger,"Samuel George Ehlinger ( EL-in-gər; born September 30, 1998) is an American professional football quarterback for the Denver Broncos of the National Football League (NFL). He previously played for the Indianapolis Colts. He played college football for the Texas Longhorns, where he led the team to the 2018 Big 12 Championship Game and two bowl games. The Indianapolis Colts selected him in the sixth round of the 2021 NFL draft.","1998 births | American football quarterbacks | American people of German descent | Articles with short description | Christians from Texas | Commons category link from Wikidata | Denver Broncos currentteam parameter articles | Denver Broncos players | Indianapolis Colts players | Living people | Players of American football from Austin, Texas | Short description is different from Wikidata | Texas Longhorns football players | Use mdy dates from January 2026 | Westlake High School (Texas) alumni"
00-0039677,Sam Hartman,QB,Sam Hartman,https://en.wikipedia.org/wiki/Sam_Hartman,"Samuel Hartman (born July 29, 1999) is an American professional football quarterback for the Washington Commanders of the National Football League (NFL). He played five seasons of college football for the Wake Forest Demon Deacons, setting several school records and finishing as the all-time passing touchdowns leader in Atlantic Coast Conference (ACC) history. He played with the Notre Dame Fighting Irish in 2023 before signing with the Commanders as an undrafted free agent in 2024.","1999 births | 21st-century American sportsmen | American football quarterbacks | Articles with short description | Commons category link from Wikidata | Living people | Notre Dame Fighting Irish football players | Players of American football from Charlotte, North Carolina | Short description is different from Wikidata | Use mdy dates from December 2024 | Wake Forest Demon Deacons football players | Washington Commanders currentteam parameter articles | Washington Commanders players"
00-0024560,Sam Hollenbach,QB,Sam Hollenbach,https://en.wikipedia.org/wiki/Sam_Hollenbach,"Samuel Hollenbach (; born September 9, 1983) is an American former professional football quarterback. He was signed by the Washington Redskins as an undrafted free agent in 2007. He played college football for the Maryland Terrapins.","1983 births | All articles lacking in-text citations | American football quarterbacks | Articles lacking in-text citations from August 2024 | Articles with short description | Living people | Maryland Terrapins football players | Players of American football from Bucks County, Pennsylvania | Short description is different from Wikidata | Sportspeople from Doylestown, Pennsylvania | Use mdy dates from July 2024 | Washington Redskins players"
00-0037077,Sam Howell,QB,Sam Howell,https://en.wikipedia.org/wiki/Sam_Howell,"Samuel Duke Howell (born September 16, 2000) is an American professional football quarterback for the Dallas Cowboys of the National Football League (NFL). He played college football for the North Carolina Tar Heels, setting school records for most touchdown passes in a single season (38) as well as career passing yards (10,283) and touchdown passes (92).
Howell was selected by the Washington Commanders in the fifth round of the 2022 NFL draft, starting the final game of the season. In 2023, he threw for 3,900 yards while leading the league in interceptions and sacks. Howell was traded to the Seattle Seahawks in 2024, and then to the Minnesota Vikings in April 2025 before being traded to the Philadelphia Eagles in August 2025. He signed with the Cowboys in the following offseason.","2000 births | 21st-century American sportsmen | All Wikipedia articles written in American English | American football quarterbacks | American people of Korean descent | American players of American football of Asian descent | Articles with hCards | Articles with short description | Christians from North Carolina | Commons category link from Wikidata | Dallas Cowboys currentteam parameter articles | Dallas Cowboys players | Living people | Minnesota Vikings players | North Carolina Tar Heels football players | People from Waynesville, North Carolina | Philadelphia Eagles players | Players of American football from Union County, North Carolina | Seattle Seahawks players | Short description matches Wikidata | Sportspeople of Korean descent | Use American English from January 2026 | Use mdy dates from September 2023 | Washington Commanders players"
00-0003557,Scott Covington,QB,Scott Covington,https://en.wikipedia.org/wiki/Scott_Covington,"Scott Campbell Covington (born January 17, 1976) is an American former professional football player who was a quarterback in the National Football League (NFL). He played college football for the Miami Hurricanes. He played five seasons in the NFL for the Cincinnati Bengals and St. Louis Rams and one season in the Canadian Football League (CFL) for the Toronto Argonauts.","1976 births | All BLP articles lacking sources | American football quarterbacks | Articles with short description | BLP articles lacking sources from August 2010 | Canadian football quarterbacks | Cincinnati Bengals players | Dana Hills High School alumni | Living people | Miami Hurricanes football players | Players of American football from Fresno, California | Players of American football from Orange County, California | Players of Canadian football from California | Short description is different from Wikidata | St. Louis Rams players | Toronto Argonauts players | Use mdy dates from July 2024"
00-0004527,Scott Dreisbach,QB,Scott Dreisbach,https://en.wikipedia.org/wiki/Scott_Dreisbach,"Scott Thomas Dreisbach Jr. (born December 16, 1975) is an American former professional football player who was a quarterback in the National Football League (NFL). He played college football for the Michigan Wolverines.
Originally from Mishawaka, Indiana, Dreisbach played college football as a quarterback at the University of Michigan from 1995 to 1998. He began the 1995 and 1996 seasons as Michigan's starting quarterback, but had both seasons cut short by injury. In 15 games as a starter, Dreisbach led the Wolverines to a 12–3 record and completed 205 of 375 passes for 2,875 yards and 15 touchdowns. He is best remembered leading Michigan to last-second, come-from-behind victory in his first game as a Wolverine, the 1995 Pigskin Classic.
Dreisbach played professional football for the Oakland Raiders from 1999 to 2000, but he was injured prior to the start of the regular season each year.  He was the starting quarterback for the Scottish Claymores during the 2002 NFL Europe season and later played five seasons in the Arena Football League (AFL) for the Los Angeles Avengers (2003), Dallas Desperados (2004), Austin Wranglers (2005), Georgia Force (2006) and Columbus Destroyers (2007).","1975 births | All articles with unsourced statements | American football quarterbacks | Articles with short description | Articles with unsourced statements from April 2015 | Austin Wranglers players | Buffalo Bills players | Columbus Destroyers players | Dallas Desperados players | Detroit Lions players | Georgia Force players | High school football coaches in Texas | Living people | Los Angeles Avengers players | Michigan Wolverines football players | Oakland Raiders players | Players of American football from South Bend, Indiana | Scottish Claymores players | Short description is different from Wikidata | Sportspeople from Mishawaka, Indiana | Use mdy dates from June 2024"
00-0011434,Scott Mitchell,QB,Scott Mitchell,https://en.wikipedia.org/wiki/Scott_Mitchell,Scott Mitchell may refer to:,All article disambiguation pages | All disambiguation pages | Human name disambiguation pages | Short description is different from Wikidata
00-0028595,Scott Tolzien,QB,Scott Tolzien,https://en.wikipedia.org/wiki/Scott_Tolzien,"Scott Jeffery Tolzien (born September 4, 1987) is an American former professional football quarterback and coach who currently serves the quarterbacks coach for the New Orleans Saints of the National Football League (NFL). He played college football for the Wisconsin Badgers. He was signed by the San Diego Chargers as an undrafted free agent in 2011. He was also a member of the San Francisco 49ers, Green Bay Packers, and Indianapolis Colts.","1987 births | All articles with dead external links | American football quarterbacks | Articles with dead external links from August 2023 | Articles with permanently dead external links | Articles with short description | Birmingham Iron players | Coaches of American football from Illinois | Commons category link from Wikidata | Dallas Cowboys coaches | Green Bay Packers players | Indianapolis Colts players | Living people | New Orleans Saints currentteam parameter articles | People from Rolling Meadows, Illinois | Players of American football from Cook County, Illinois | San Diego Chargers players | San Francisco 49ers players | Short description is different from Wikidata | Use mdy dates from March 2024 | Wisconsin Badgers football coaches | Wisconsin Badgers football players"
00-0027830,Sean Canfield,QB,Sean Canfield,https://en.wikipedia.org/wiki/Sean_Canfield,"Sean Canfield (born November 12, 1986) is an American former professional football player who was a quarterback in the National Football League (NFL). He played college football for the Oregon State Beavers and was selected by the New Orleans Saints in the seventh round of the 2010 NFL draft.","1986 births | All Wikipedia articles written in American English | American football quarterbacks | Articles with short description | Carlsbad High School (California) alumni | Commons category link from Wikidata | Living people | New Orleans Saints players | Oregon State Beavers football players | Players of American football from Carlsbad, California | Short description is different from Wikidata | Use American English from March 2025 | Use mdy dates from July 2024"
00-0038391,Sean Clifford,QB,Sean Clifford,https://en.wikipedia.org/wiki/Sean_Clifford,"Sean Burke Clifford (born July 14, 1998) is an American professional football quarterback for the Cincinnati Bengals of the National Football League (NFL). He played college football for the Penn State Nittany Lions. He was the starting quarterback and team captain for the Nittany Lions from 2019 through 2022.","1998 births | American football quarterbacks | Articles with short description | Cincinnati Bengals currentteam parameter articles | Cincinnati Bengals players | Commons category link from Wikidata | Green Bay Packers players | Living people | Penn State Nittany Lions football players | Players of American football from Cincinnati | Players of American football from Cook County, Illinois | Short description is different from Wikidata | Sportspeople from Barrington, Illinois | St. Xavier High School (Ohio) alumni | Use mdy dates from March 2024"
00-0019295,Sean Keenan,QB,Sean Keenan,https://en.wikipedia.org/wiki/Sean_Keenan,"Sean Keenan may refer to:

Sean Keenan (actor) (born 1993), Australian actor
Sean Keenan (American football) (born 1977), American football player
Seán Keenan (died 1993), Irish republican from Derry, Northern Ireland
Shaun Keenan (comic creator/publisher) (born 1981), Australian comic creator and publisher",All article disambiguation pages | All disambiguation pages | Human name disambiguation pages | Short description is different from Wikidata
00-0032245,Sean Mannion,QB,Sean Mannion (American football),https://en.wikipedia.org/wiki/Sean_Mannion_(American_football),"Sean Thomas Mannion (born April 25, 1992) is an American professional football coach and former quarterback who is the offensive coordinator for the Philadelphia Eagles of the National Football League (NFL). He previously served as the quarterbacks coach for the Green Bay Packers in 2025.
Mannion played college football for the Oregon State Beavers and was their starting quarterback from 2011 to 2014. He was selected by the St. Louis Rams in the third round of the 2015 NFL draft and he was also a member of the Minnesota Vikings and Seattle Seahawks.","1992 births | American football quarterbacks | Articles with short description | Coaches of American football from California | Commons category link from Wikidata | Foothill High School (Pleasanton, California) alumni | Green Bay Packers coaches | Living people | Los Angeles Rams players | Minnesota Vikings players | NFL offensive coordinators | Oregon State Beavers football players | Philadelphia Eagles coaches | Philadelphia Eagles currentteam parameter articles | Players of American football from Pleasanton, California | Players of American football from San Jose, California | Seattle Seahawks players | Short description is different from Wikidata | St. Louis Rams players | Use mdy dates from May 2023"
00-0030569,Sean Renfree,QB,Sean Renfree,https://en.wikipedia.org/wiki/Sean_Renfree,"Sean Patrick Renfree (born April 28, 1990) is an American former professional football player who was a quarterback in the National Football League (NFL). After playing college football for the Duke Blue Devils, he was selected by the Atlanta Falcons in the seventh round of the 2013 NFL draft.","1990 births | All articles with dead external links | American football quarterbacks | Articles with dead external links from June 2023 | Articles with short description | Atlanta Falcons players | CS1 errors: generic title | CS1 maint: bot: original URL status unknown | Commons category link from Wikidata | Duke Blue Devils football players | Living people | Players of American football from Scottsdale, Arizona | Short description is different from Wikidata | Tampa Bay Buccaneers players | Use mdy dates from January 2019"
00-0033429,Sefo Liufau,QB,Sefo Liufau,https://en.wikipedia.org/wiki/Sefo_Liufau,"Iosefo Sua Liufau (born October 29, 1994) is an American former professional football player who was a quarterback in the National Football League (NFL). He played college football for the Colorado Buffaloes.","1994 births | American football quarterbacks | American people of Samoan descent | Articles with short description | Colorado Buffaloes football players | Living people | Players of American football from Tacoma, Washington | Short description is different from Wikidata | Sportspeople of Samoan descent | Tampa Bay Buccaneers players | Use mdy dates from January 2019"
00-0022055,Seneca Wallace,QB,Seneca Wallace,https://en.wikipedia.org/wiki/Seneca_Wallace,"Seneca Sinclair Wallace (born August 6, 1980) is an American former professional football player who was a quarterback in the National Football League (NFL). He recently served as the quarterbacks coach for the St. Louis Battlehawks of the United Football League (UFL). He played college football for the Iowa State Cyclones and was selected by the Seattle Seahawks in the fourth round of the 2003 NFL draft. Wallace was also a member of the Cleveland Browns, New Orleans Saints, San Francisco 49ers, and Green Bay Packers. He became a coach after his playing career.","1980 births | 20th-century African-American sportsmen | 20th-century American sportsmen | 21st-century African-American sportsmen | 21st-century American sportsmen | African-American coaches of American football | All Wikipedia articles written in American English | American Flag Football League players | American football quarterbacks | American football wide receivers | Articles with short description | Cleveland Browns players | Coaches of American football from California | Commons category link from Wikidata | Dallas Cowboys coaches | Green Bay Packers players | High school football coaches in Texas | Iowa State Cyclones football players | Living people | NFL empty currentteam parameter articles | New Orleans Saints players | Players of American football from Sacramento County, California | Sacramento City Panthers football players | San Francisco 49ers players | Seattle Seahawks players | Short description is different from Wikidata | Sportspeople from Rancho Cordova, California | Use American English from February 2024 | Use mdy dates from March 2024"
00-0021322,Seth Burford,QB,Seth Burford,https://en.wikipedia.org/wiki/Seth_Burford,"Seth Burford (born March 11, 1979) is an American former professional football quarterback, playing for the National Football League (NFL)'s then-San Diego Chargers in 2002. He played college football at Idaho State and then Cal Poly.","1979 births | American football quarterbacks | Articles with short description | Barcelona Dragons (NFL Europe) players | Cal Poly Mustangs football players | Idaho State Bengals football players | Kansas City Chiefs players | Living people | People from Oakdale, California | Players of American football from Stanislaus County, California | San Diego Chargers players | Short description is different from Wikidata | Use mdy dates from July 2024"
00-0023126,Shane Boyd,QB,Shane Boyd,https://en.wikipedia.org/wiki/Shane_Boyd,"Shane Anthony Boyd (born September 18, 1982) is an American former professional football quarterback who played in the Arena Football League (AFL), United Football League (UFL), and NFL Europe. He played college football for the Kentucky Wildcats, and signed with the Tennessee Titans of the National Football League (NFL) as an undrafted free agent in 2005. Boyd was on the active rosters of both the Arizona Cardinals and Houston Texans during his time in the NFL.","1982 births | 20th-century American sportsmen | 21st-century American sportsmen | All articles with unsourced statements | American football quarterbacks | Arizona Cardinals players | Arizona Rattlers players | Articles with short description | Articles with unsourced statements from July 2019 | Baltimore Brigade players | Bluegrass Warhorses players | CS1 maint: bot: original URL status unknown | Canadian football quarterbacks | Cleveland Gladiators players | Cologne Centurions (NFL Europe) players | Commons category link from Wikidata | Houston Texans players | Indianapolis Colts players | Kentucky Wildcats football players | Living people | Milwaukee Mustangs (2009–2012) players | Montreal Alouettes players | Pittsburgh Steelers players | Players of American football from Arizona | Players of American football from Lexington, Kentucky | Players of Canadian football from Arizona | Players of Canadian football from Kentucky | Portland Thunder players | Sacramento Mountain Lions players | San Antonio Talons players | Short description is different from Wikidata | Tampa Bay Storm players | Tennessee Titans players | Use mdy dates from March 2024"
00-0036679,Shane Buechele,QB,Shane Buechele,https://en.wikipedia.org/wiki/Shane_Buechele,"Shane Buechele (born January 8, 1998) is an American professional football quarterback for the Buffalo Bills of the National Football League (NFL). He played college football for the Texas Longhorns and SMU Mustangs, then signing with the Kansas City Chiefs as an undrafted free agent in 2021.","1998 births | All articles with unsourced statements | American football quarterbacks | American people of German descent | Articles with short description | Articles with unsourced statements from October 2018 | Buffalo Bills currentteam parameter articles | Buffalo Bills players | Kansas City Chiefs players | Lamar High School (Arlington, Texas) alumni | Living people | Players of American football from Arlington, Texas | SMU Mustangs football players | Short description matches Wikidata | Texas Longhorns football players | Use mdy dates from March 2024"
00-0010560,Shane Matthews,QB,Shane Matthews,https://en.wikipedia.org/wiki/Shane_Matthews,"Michael Shane Matthews (born June 1, 1970) is an American former professional football player who was a quarterback in the National Football League (NFL) for all or part of fourteen seasons during the 1990s and 2000s.  He played college football for the Florida Gators, where he was both a second-team All-American and SEC player of the year in 1991 and 1992. Thereafter, he played professionally for the Chicago Bears, Washington Redskins, and four other NFL teams.
Since retiring as a player, Matthews has lived near his college alma mater in  North Central Florida, where he has hosted a sports talk radio program and coached high school football. In 2017, Matthews was incarcerated for three months in a federal prison upon pleading guilty to a federal misdemeanor charge of causing a drug to be misbranded, after playing a small part in a large health care fraud conspiracy organized by former Florida teammate Monty Grow.","1970 births | All Wikipedia articles written in American English | American football quarterbacks | Articles with short description | Buffalo Bills players | CS1 maint: numeric names: authors list | Chicago Bears players | Florida Gators football players | High school football coaches in Florida | Living people | Orlando Guardians coaches | People from Pascagoula, Mississippi | Players of American football from Bolivar County, Mississippi | Short description is different from Wikidata | Use American English from July 2019 | Use mdy dates from January 2019 | Washington Redskins players | Webarchive template wayback links"
00-0020679,Shaun Hill,QB,Shaun Hill,https://en.wikipedia.org/wiki/Shaun_Hill,"Shaun Christopher Hill (born January 9, 1980) is an American former professional football player who was a quarterback for 15 seasons in the National Football League (NFL). He played college football for the Maryland Terrapins. Hill was signed by the Minnesota Vikings as an undrafted free agent in 2002. He also played for the Amsterdam Admirals, San Francisco 49ers, Detroit Lions, and St. Louis Rams.","1980 births | All Wikipedia articles written in American English | American football quarterbacks | Amsterdam Admirals players | Articles with short description | Commons category link from Wikidata | Detroit Lions players | Hutchinson Blue Dragons football players | Living people | Maryland Terrapins football players | Minnesota Vikings players | People from Parsons, Kansas | Players of American football from Kansas | San Francisco 49ers players | Short description is different from Wikidata | St. Louis Rams players | Use American English from February 2024 | Use mdy dates from March 2024 | Webarchive template wayback links"
00-0009266,Shaun King,QB,Shaun King (American football),https://en.wikipedia.org/wiki/Shaun_King_(American_football),"Shaun Earl King (born May 29, 1977) is an American former professional football player who was a quarterback in the National Football League (NFL). He played college football for the Tulane Green Wave and was selected in the second round of the 1999 NFL draft by the Tampa Bay Buccaneers. King was also a member of the NFL's Arizona Cardinals, Indianapolis Colts, and Detroit Lions, as well as the Las Vegas Gladiators of the Arena Football League (AFL) and Hamilton Tiger-Cats of the Canadian Football League (CFL).
After his playing career, he was an assistant college coach for the South Florida Bulls. He later became an afternoon co-host on the Las Vegas sports wagering channel, VSiN.","1977 births | 20th-century African-American sportsmen | 20th-century American sportsmen | 21st-century African-American sportsmen | 21st-century American sportsmen | African-American sports commentators | African-American sports journalists | All Wikipedia articles written in American English | All articles with dead external links | American football quarterbacks | Arena football announcers | Arizona Cardinals players | Articles with dead external links from April 2017 | Articles with permanently dead external links | Articles with short description | CS1 maint: deprecated archival service | College football announcers | Detroit Lions players | ESPN people | Hamilton Tiger-Cats players | High school football coaches in Florida | Indianapolis Colts players | Las Vegas Gladiators players | Living people | NFL announcers | Players of American football from St. Petersburg, Florida | Players of Canadian football from St. Petersburg, Florida | Short description is different from Wikidata | South Florida Bulls football coaches | Tampa Bay Buccaneers players | Tulane Green Wave football players | Use American English from February 2024 | Use mdy dates from January 2019 | Webarchive template wayback links"
00-0037327,Skylar Thompson,QB,Skylar Thompson,https://en.wikipedia.org/wiki/Skylar_Thompson,"Skylar John Thompson (born June 4, 1997) is an American professional football quarterback for the Baltimore Ravens of the National Football League (NFL). He played college football for the Kansas State Wildcats and was drafted by the Miami Dolphins in the seventh round of the 2022 NFL draft.","1997 births | All Wikipedia articles written in American English | All articles lacking reliable references | American football quarterbacks | Articles lacking reliable references from July 2024 | Articles with short description | Baltimore Ravens currentteam parameter articles | Commons category link from Wikidata | Kansas State Wildcats football players | Living people | Miami Dolphins players | People from Marion County, Missouri | Pittsburgh Steelers players | Players of American football from Missouri | Short description matches Wikidata | Sportspeople from Independence, Missouri | Use American English from June 2021 | Use mdy dates from March 2024"
00-0039376,Spencer Rattler,QB,Spencer Rattler,https://en.wikipedia.org/wiki/Spencer_Rattler,"Spencer Michael Rattler (born September 28, 2000) is an American professional football quarterback for the New Orleans Saints of the National Football League (NFL). He played his first three seasons of college football for the Oklahoma Sooners, receiving first-team All-Big 12 honors in 2020. In his final two seasons, Rattler was a member of the South Carolina Gamecocks. He was selected by the Saints in the fifth round of the 2024 NFL draft.","2000 births | 21st-century American sportsmen | American football quarterbacks | Articles with short description | Commons category link from Wikidata | Living people | New Orleans Saints currentteam parameter articles | New Orleans Saints players | Oklahoma Sooners football players | Players of American football from Phoenix, Arizona | Short description matches Wikidata | South Carolina Gamecocks football players | Use mdy dates from December 2024"
00-0019553,Spergon Wynn,QB,Spergon Wynn,https://en.wikipedia.org/wiki/Spergon_Wynn,"Spergon Wynn III (born August 10, 1978) is an American former professional football player who was a quarterback in the National Football League (NFL) and Canadian Football League (CFL).  He played college football for the Southwest Texas State Bobcats and was selected by the Cleveland Browns in the sixth round of the 2000 NFL draft. Wynn also played for the Amsterdam Admirals, Minnesota Vikings, BC Lions, Winnipeg Blue Bombers and Toronto Argonauts.",1978 births | 20th-century African-American sportsmen | 20th-century American sportsmen | 21st-century African-American sportsmen | 21st-century American sportsmen | All Wikipedia articles written in American English | American football quarterbacks | Amsterdam Admirals players | Articles with short description | BC Lions players | Canadian football quarterbacks | Cleveland Browns players | Living people | Minnesota Golden Gophers football players | Minnesota Vikings players | Players of American football from Houston | Players of Canadian football from Houston | Short description is different from Wikidata | Texas State Bobcats football players | Toronto Argonauts players | Use American English from February 2024 | Use mdy dates from January 2019 | Webarchive template wayback links | Winnipeg Blue Bombers players
00-0023555,Stefan LeFors,QB,Stefan LeFors,https://en.wikipedia.org/wiki/Stefan_LeFors,"Stefan LeFors (born June 7, 1981) is an American college football coach and former professional quarterback. He is the head football coach for Gallaudet University, a position he has held since 2025. He played college football for Louisville and was drafted in the fourth round of the 2005 NFL draft to the Carolina Panthers. He also played for the Edmonton Eskimos and Winnipeg Blue Bombers of the Canadian Football League (CFL).
After LeFors' players career ended he served as the head football coach for Christian Academy of Louisville from 2011 to 2018 and Parkview Baptist High School from 2019 to 2024.","1981 births | All BLP articles lacking sources | All Wikipedia articles written in American English | All articles with dead external links | American football quarterbacks | Articles with dead external links from March 2018 | Articles with permanently dead external links | Articles with short description | BLP articles lacking sources from September 2025 | CS1 maint: deprecated archival service | Cajun sportspeople | Canadian football quarterbacks | Carolina Panthers players | Coaches of American football from Louisiana | Commons category link from Wikidata | Edmonton Elks players | Gallaudet Bison football coaches | High school football coaches in Kentucky | High school football coaches in Louisiana | Living people | Louisville Cardinals football players | Players of American football from Baton Rouge, Louisiana | Players of Canadian football from Louisiana | Short description is different from Wikidata | Use American English from February 2024 | Use mdy dates from January 2019 | Winnipeg Blue Bombers players"
00-0027071,Stephen McGee,QB,Stephen McGee,https://en.wikipedia.org/wiki/Stephen_McGee,"Stephen Richard McGee (born September 27, 1985) is an American former professional football player who was a quarterback for the Dallas Cowboys of the National Football League (NFL). He played college football for the Texas A&M Aggies. McGee was selected by the Cowboys in the fourth round of the 2009 NFL draft. He also was a member of the Houston Texans of the NFL, and the Hamilton Tiger-Cats of the Canadian Football League (CFL).","1985 births | 21st-century American sportsmen | All Wikipedia articles written in American English | All articles with dead external links | American football quarterbacks | Articles with dead external links from July 2024 | Articles with short description | CS1 maint: deprecated archival service | Canadian football quarterbacks | Commons category link from Wikidata | Dallas Cowboys players | Hamilton Tiger-Cats players | Houston Texans players | Living people | Players of American football from Burnet County, Texas | Players of American football from Round Rock, Texas | Players of Canadian football from Texas | Short description matches Wikidata | Texas A&M Aggies football players | Use American English from February 2024 | Use mdy dates from May 2023"
00-0030825,Stephen Morris,QB,Stephen Morris (American football),https://en.wikipedia.org/wiki/Stephen_Morris_(American_football),"Stephen Morris (born August 27, 1992) is an American former football quarterback. He played college football at the University of Miami, and signed with the Jacksonville Jaguars as an undrafted free agent in 2014. Morris was also a member of the Philadelphia Eagles, Indianapolis Colts, Washington Redskins, Seattle Seahawks, Houston Texans, and Orlando Apollos.",1992 births | 21st-century American sportsmen | American football quarterbacks | Articles with short description | Houston Texans players | Indianapolis Colts players | Jacksonville Jaguars players | Living people | Miami Hurricanes football players | Monsignor Edward Pace High School alumni | Orlando Apollos players | Philadelphia Eagles players | Players of American football from Miami | Seattle Seahawks players | Short description is different from Wikidata | Use mdy dates from January 2024 | Washington Redskins players
00-0039107,Stetson Bennett,QB,Stetson Bennett,https://en.wikipedia.org/wiki/Stetson_Bennett,"Stetson Fleming Bennett IV (born October 28, 1997) is an American professional football quarterback for the Los Angeles Rams of the National Football League (NFL). He played college football for the Jones College Bobcats and Georgia Bulldogs. Nicknamed ""The Mailman"", he started his career as a walk-on at Georgia before transferring to Jones College. Bennett transferred back to Georgia where he won consecutive national championships in 2021 and 2022, joining A. J. McCarron, Tommie Frazier, Jerry Tagge, and Steve Davis as the only quarterbacks to win consecutive NCAA national championships.","1997 births | All Wikipedia articles written in American English | American football quarterbacks | Articles with short description | Commons category link from Wikidata | Georgia Bulldogs football players | Jones County Bobcats football players | Living people | Los Angeles Rams currentteam parameter articles | Los Angeles Rams players | People from Blackshear, Georgia | Players of American football from Atlanta | Short description matches Wikidata | Use American English from November 2025 | Use mdy dates from March 2024"
00-0001218,Steve Beuerlein,QB,Steve Beuerlein,https://en.wikipedia.org/wiki/Steve_Beuerlein,"Stephen Taylor Beuerlein (born March 7, 1965) is an American former professional football player who was a quarterback in the National Football League (NFL). He played college football for the Notre Dame Fighting Irish. After his playing career, he became an NFL and college football analyst for CBS.

","1965 births | All Wikipedia articles written in American English | All articles containing potentially dated statements | All articles with dead external links | American football quarterbacks | Arizona Cardinals players | Articles containing potentially dated statements from August 2017 | Articles with dead external links from May 2025 | Articles with permanently dead external links | Articles with short description | CS1: unfit URL | CS1 maint: deprecated archival service | Carolina Panthers players | College football announcers | Dallas Cowboys players | Denver Broncos players | Jacksonville Jaguars players | Living people | Los Angeles Raiders players | NFL announcers | National Conference Pro Bowl players | Notre Dame Fighting Irish football players | Phoenix Cardinals players | Players of American football from Anaheim, California | Servite High School alumni | Short description is different from Wikidata | Sportspeople from Hollywood, Los Angeles | Use American English from February 2023 | Use mdy dates from March 2024"
00-0011024,Steve McNair,QB,Steve McNair,https://en.wikipedia.org/wiki/Steve_McNair,"Stephen LaTreal McNair (February 14, 1973 – July 4, 2009), nicknamed ""Air McNair"", was an American professional football quarterback who played in the National Football League (NFL) for 14 seasons. He started his first two seasons with the Houston Oilers before the team relocated to Nashville, Tennessee, becoming the first franchise quarterback of the Tennessee Titans. McNair also played for two seasons with the Baltimore Ravens.
McNair played college football for the Alcorn State Braves, with whom he won the 1994 Walter Payton Award as the top player in NCAA Division I-AA. McNair was selected third overall by the Oilers in the 1995 NFL draft. He started six games in his first two seasons combined before becoming the team's regular starting quarterback for the 1997 season, and remained the starting quarterback for the Titans through 2005. After the 2005 season, McNair was traded to the Ravens, with whom he played for two seasons before retiring.
McNair appeared in the playoffs four times with the Titans, including their run to Super Bowl XXXIV in 2000, and made his final playoff appearance in 2006 with the Ravens. He was selected to the Pro Bowl thrice, and was an All-Pro and Co-MVP in 2003. McNair was the first African-American quarterback to win AP NFL MVP and remains, along with Cam Newton, Patrick Mahomes, and Lamar Jackson, only one of four to win the award. In 2009, McNair was shot and killed by his mistress in a murder–suicide.","1973 births | 2009 deaths | 2009 murders in the United States | 20th-century African-American sportsmen | 20th-century American sportsmen | 21st-century African-American sportsmen | 21st-century American sportsmen | Alcorn State Braves football players | All Wikipedia articles written in American English | American Conference Pro Bowl players | American football quarterbacks | American murder victims | Articles with short description | Baltimore Ravens players | College Football Hall of Fame inductees | Deaths by firearm in Tennessee | Houston Oilers players | Murdered African-American people | Murder–suicides in Tennessee | NFL Most Valuable Player winners | NFL players with retired numbers | People from Mount Olive, Mississippi | People murdered in Tennessee | Players of American football from Mississippi | Players of American football from Tennessee | Short description matches Wikidata | Tennessee Oilers players | Tennessee Titans players | Use American English from July 2020 | Use mdy dates from January 2024 | Violence against men in the United States | Walter Payton Award winners | Webarchive template wayback links | Wikipedia indefinitely semi-protected pages"
00-0036022,Steven Montez,QB,Steven Montez,https://en.wikipedia.org/wiki/Steven_Montez,"Steven Montez (born January 14, 1997) is an American former professional football player who played quarterback in the National Football League (NFL). He played college football for the Colorado Buffaloes and signed with the Washington Football Team as an undrafted free agent in 2020.","1997 births | All Wikipedia articles written in American English | American football quarterbacks | Articles with short description | Canadian football quarterbacks | Colorado Buffaloes football players | Commons category link from Wikidata | Detroit Lions players | Edmonton Elks players | Living people | Players of American football from El Paso, Texas | Players of American football from Oakland, California | Players of Canadian football from California | Seattle Sea Dragons players | Short description is different from Wikidata | Sigma Pi members | Use American English from September 2019 | Use mdy dates from January 2019 | Washington Football Team players"
00-0002787,Stoney Case,QB,Stoney Case,https://en.wikipedia.org/wiki/Stoney_Case,"Stoney Jarrod Case (born July 7, 1972) is an American former professional football player who was a quarterback for three teams in the National Football League (NFL) and three teams in the Arena Football League (AFL). He played college football for the New Mexico Lobos.","1972 births | All BLP articles lacking sources | All Wikipedia articles written in American English | American football quarterbacks | Arizona Cardinals players | Articles with short description | BLP articles lacking sources from March 2010 | Baltimore Ravens players | Barcelona Dragons (NFL Europe) players | Detroit Lions players | Living people | New Mexico Lobos football players | Permian High School alumni | Players of American football from Odessa, Texas | San Jose SaberCats players | Short description is different from Wikidata | Tampa Bay Storm players | Use American English from February 2024 | Use mdy dates from March 2024"
00-0028090,T.J. Yates,QB,T. J. Yates,https://en.wikipedia.org/wiki/T._J._Yates,"Taylor Jonathan Yates (born May 28, 1987) is an American professional football coach and former player who currently serves as the passing game coordinator for the Tampa Bay Buccaneers of the National Football League (NFL). He played professionally as a quarterback for seven seasons in the NFL. After playing college football for the North Carolina Tar Heels, Yates was selected by the Houston Texans in the fifth round of the 2011 NFL draft. He was also a member of the Atlanta Falcons, Miami Dolphins, and Buffalo Bills. Since retiring from play, Yates has served as an assistant coach for both the Texans and Falcons.","1987 births | 21st-century American sportsmen | All Wikipedia articles written in American English | American football quarterbacks | Articles with short description | Atlanta Falcons coaches | Atlanta Falcons players | Buffalo Bills players | Coaches of American football from Indiana | Commons category link from Wikidata | Houston Texans coaches | Houston Texans players | Living people | Miami Dolphins players | North Carolina Tar Heels football players | Players of American football from Marietta, Georgia | Short description is different from Wikidata | Sportspeople from Marietta, Georgia | Tampa Bay Buccaneers coaches | Tampa Bay Buccaneers currentteam parameter articles | Use American English from February 2024 | Use mdy dates from March 2024"
00-0034416,Tanner Lee,QB,Tanner Lee,https://en.wikipedia.org/wiki/Tanner_Lee,"Tanner Joseph Lee (born February 14, 1995) is an American former professional football player who was a quarterback for the Jacksonville Jaguars of the National Football League (NFL). He played college football for the  Tulane Green Wave and Nebraska Cornhuskers.","1995 births | All Wikipedia articles written in American English | American football quarterbacks | Articles with short description | Commons category link from Wikidata | Jacksonville Jaguars players | Jesuit High School (New Orleans) alumni | Living people | Nebraska Cornhuskers football players | People from Destrehan, Louisiana | Players of American football from St. Charles Parish, Louisiana | Short description matches Wikidata | Tulane Green Wave football players | Use American English from April 2025 | Use mdy dates from January 2019"
00-0038400,Tanner McKee,QB,Tanner McKee,https://en.wikipedia.org/wiki/Tanner_McKee,"Tanner Jeremie McKee (born April 27, 2000) is an American professional football quarterback for the Philadelphia Eagles of the National Football League (NFL). He played college football for the Stanford Cardinal and was selected by the Eagles in the sixth round of the 2023 NFL draft.","2000 births | 21st-century American sportsmen | American Mormon missionaries in Brazil | American football quarterbacks | Articles with hCards | Articles with short description | Centennial High School (Corona, California) alumni | Latter Day Saints from California | Living people | Philadelphia Eagles currentteam parameter articles | Philadelphia Eagles players | Players of American football from Corona, California | Short description is different from Wikidata | Stanford Cardinal football players | Use mdy dates from March 2024"
00-0039699,Tanner Mordecai,QB,Tanner Mordecai,https://en.wikipedia.org/wiki/Tanner_Mordecai,"Tanner Mordecai (born November 8, 1999) is an American professional football quarterback. He played college football for the Oklahoma Sooners, SMU Mustangs and Wisconsin Badgers. He signed with the San Francisco 49ers as an undrafted free agent after the 2024 NFL draft.","1999 births | American football quarterbacks | Articles with short description | Date of birth not in Wikidata | Living people | Oklahoma Sooners football players | Players of American football from Waco, Texas | SMU Mustangs football players | San Francisco 49ers players | Short description is different from Wikidata | Use mdy dates from December 2024 | Wisconsin Badgers football players"
00-0038744,Tanner Morgan,QB,Tanner Morgan,https://en.wikipedia.org/wiki/Tanner_Morgan,"Tanner Morgan (born April 17, 1999) is an American former professional football quarterback. He played college football for the Minnesota Golden Gophers.","1999 births | American football quarterbacks | Articles with short description | Date of birth not in Wikidata | Hazard High School alumni | Living people | Minnesota Golden Gophers football players | Minnesota Vikings players | People from Boone County, Kentucky | Pittsburgh Steelers players | Players of American football from Kentucky | Ryle High School alumni | Short description matches Wikidata | Use mdy dates from October 2023"
00-0024279,Tarvaris Jackson,QB,Tarvaris Jackson,https://en.wikipedia.org/wiki/Tarvaris_Jackson,"Tarvaris D'Andre Jackson (April 21, 1983 – April 12, 2020) was an American professional football player who was a quarterback in the National Football League (NFL). Jackson played college football for the Arkansas Razorbacks and the Alabama State Hornets. He was selected by the Minnesota Vikings in the second round of the 2006 NFL draft.
A reserve quarterback for much of his time with the Vikings, Jackson was starting quarterback for the 2007 season and part of the 2008 season, after which Jackson started the Vikings' Wild Card playoff game. In 2011, Jackson signed with the Seattle Seahawks and was starting quarterback for the 2011 season. Jackson was then traded to the Buffalo Bills before the 2012 season, but never played a game. Jackson returned to the Seahawks in 2013. He was the backup quarterback for Russell Wilson during their Super Bowl XLVIII win.","1983 births | 2020 deaths | 20th-century African-American sportsmen | 20th-century American sportsmen | 21st-century African-American sportsmen | 21st-century American sportsmen | African-American coaches of American football | Alabama State Hornets football coaches | Alabama State Hornets football players | All Wikipedia articles written in American English | All articles lacking reliable references | All articles with dead external links | All articles with unsourced statements | American football quarterbacks | Arkansas Razorbacks football players | Articles lacking reliable references from November 2022 | Articles with dead external links from February 2026 | Articles with dead external links from March 2018 | Articles with permanently dead external links | Articles with short description | Articles with unsourced statements from November 2022 | Buffalo Bills players | CS1: unfit URL | CS1 maint: deprecated archival service | Coaches of American football from Alabama | Commons category link from Wikidata | Minnesota Vikings players | Players of American football from Montgomery, Alabama | Road incident deaths in Alabama | Seattle Seahawks players | Short description is different from Wikidata | Sidney Lanier High School alumni | Tennessee State Tigers football coaches | Use American English from April 2020 | Use mdy dates from April 2024 | Webarchive template wayback links"
00-0035087,Taryn Christion,QB,Taryn Christion,https://en.wikipedia.org/wiki/Taryn_Christion,"Taryn Christion (born February 6, 1997) is an American former professional football quarterback. He played college football at South Dakota State.","1997 births | American football quarterbacks | Articles with short description | Canadian football quarterbacks | Dallas Cowboys players | Living people | Ottawa Redblacks players | Pittsburgh Steelers players | Players of American football from Sioux Falls, South Dakota | Players of Canadian football from South Dakota | Seattle Seahawks players | Short description is different from Wikidata | South Dakota State Jackrabbits football players | Use mdy dates from June 2024"
00-0031800,Taylor Heinicke,QB,Taylor Heinicke,https://en.wikipedia.org/wiki/Taylor_Heinicke,"Taylor Heinicke ( HIGH-nih-kee; born March 15, 1993) is an American former professional football quarterback. He played college football for the Old Dominion Monarchs and joined the NFL as an undrafted free agent in 2015, having played with Minnesota Vikings, New England Patriots, Houston Texans, Carolina Panthers, Washington Football Team / Commanders, Atlanta Falcons, and Los Angeles Chargers.
Heinicke saw play for three seasons with Washington. In 2020, he replaced an injured Alex Smith by starting during the Wild Card Round against the Tampa Bay Buccaneers. Heinicke later started most of the 2021 season following an injury to Ryan Fitzpatrick, setting an unofficial NFL record for most completions by a quarterback in his first three starts. Heinicke also started the majority of the 2022 season after an injury to Carson Wentz. Heinicke was cited as an underdog due to his ability to lead teams to wins despite the perceived lack of prototypical size and arm talent.",1993 births | 21st-century American sportsmen | All Wikipedia articles written in American English | American football quarterbacks | American people of German descent | Articles with short description | Atlanta Falcons players | Carolina Panthers players | Collins Hill High School alumni | Commons category link from Wikidata | Houston Texans players | Living people | Los Angeles Chargers players | Minnesota Vikings players | New England Patriots players | Old Dominion Monarchs football players | Players of American football from Atlanta | Short description matches Wikidata | St. Louis Battlehawks players | Use American English from November 2025 | Use mdy dates from February 2024 | Walter Payton Award winners | Washington Commanders players | Washington Football Team players
00-0033357,Taysom Hill,QB,Taysom Hill,https://en.wikipedia.org/wiki/Taysom_Hill,"Taysom Shawn Hill (born August 23, 1990) is an American professional football tight end. He played college football for the BYU Cougars as a quarterback and signed with the Green Bay Packers as an undrafted free agent in 2017. Hill was released during final roster cuts and signed with the Saints shortly afterwards. Noted for his versatility, Hill has held the official positions of quarterback and tight end while also performing various other offensive and special teams roles. He is known as ""the Human Swiss Army Knife"" by the media.","1990 births | 21st-century Mormon missionaries | All Wikipedia articles written in American English | All articles with unsourced statements | American Mormon missionaries in Australia | American football quarterbacks | American football tight ends | Articles with short description | Articles with unsourced statements from October 2022 | BYU Cougars football players | CS1 maint: bot: original URL status unknown | Commons category link from Wikidata | Green Bay Packers players | Latter Day Saints from Idaho | Living people | New Orleans Saints players | Players of American football from Idaho | Short description is different from Wikidata | Sportspeople from Pocatello, Idaho | Use American English from December 2025 | Use mdy dates from December 2024"
00-0031237,Teddy Bridgewater,QB,Teddy Bridgewater,https://en.wikipedia.org/wiki/Teddy_Bridgewater,"Theodore Edmond Bridgewater Jr. (born November 10, 1992) is an American professional football quarterback for the Detroit Lions of the National Football League (NFL). He played college football for the Louisville Cardinals, winning the 2013 Sugar Bowl, and was selected as the final first-round pick of the 2014 NFL draft by the Minnesota Vikings. During his second season, Bridgewater led the Vikings to a division title and earned Pro Bowl honors.
Upon suffering a severe leg injury the 2016 offseason, Bridgewater appeared in only one game over the next two years. He joined the New York Jets in 2018, but was traded to the New Orleans Saints shortly afterwards. Bridgewater served as the team's starter in relief of Drew Brees in 2019 for five games and helped contribute to them winning their division. Bridgewater later held starting roles with the Carolina Panthers and Denver Broncos for one season each and spent his last two seasons as a backup for the Miami Dolphins and Detroit Lions. After initially retiring from the NFL in 2023, Bridgewater became the head football coach at Miami Northwestern, his former high school. Bridgewater returned to the Lions in 2024 after leading Miami Northwestern to a state championship and signed with the Buccaneers in 2025.",1992 births | African-American coaches of American football | All Wikipedia articles written in American English | American football quarterbacks | Articles with short description | Carolina Panthers players | Coaches of American football from Florida | Commons category link from Wikidata | Denver Broncos players | Detroit Lions currentteam parameter articles | Detroit Lions players | High school football coaches in Florida | Living people | Louisville Cardinals football players | Miami Dolphins players | Miami Northwestern Senior High School alumni | Minnesota Vikings players | New Orleans Saints players | New York Jets players | Players of American football from Miami | Short description is different from Wikidata | Tampa Bay Buccaneers players | Unconferenced Pro Bowl players | Use American English from March 2024 | Use mdy dates from March 2024
00-0019633,Tee Martin,QB,Tee Martin,https://en.wikipedia.org/wiki/Tee_Martin,"Tamaurice Nigel ""Tee"" Martin (born July 25, 1978) is an American football coach and former quarterback who is currently an offensive analyst for LSU. He previously served as an assistant coach at the University of Tennessee, University of Southern California, University of Kentucky, University of New Mexico, North Atlanta HS, North Cobb HS, and Morehouse College.
Martin played college football for the Tennessee Volunteers, leading their 1998 team to a national championship, and he was selected by the Pittsburgh Steelers in the fifth round of the 2000 NFL draft. During his six seasons of playing in the NFL and the Canadian Football League (CFL), Martin played for the Pittsburgh Steelers, Rhein Fire, Philadelphia Eagles, Oakland Raiders, and Winnipeg Blue Bombers.","1978 births | 20th-century African-American sportsmen | 20th-century American sportsmen | 21st-century African-American sportsmen | 21st-century American sportsmen | African-American coaches of American football | American expatriate sportspeople in Germany | American football quarterbacks | Articles with short description | Baltimore Ravens coaches | Canadian football quarterbacks | Coaches of American football from Alabama | Commons category link from Wikidata | High school football coaches in Georgia (U.S. state) | Kentucky Wildcats football coaches | Living people | Morehouse Maroon Tigers football coaches | New Mexico Lobos football coaches | Oakland Raiders players | Philadelphia Eagles players | Pittsburgh Steelers players | Players of American football from Mobile, Alabama | Rhein Fire players | Short description is different from Wikidata | Tennessee Volunteers football coaches | Tennessee Volunteers football players | USC Trojans football coaches | Use mdy dates from March 2024 | Winnipeg Blue Bombers players"
00-0028825,Terrelle Pryor,QB,Terrelle Pryor,https://en.wikipedia.org/wiki/Terrelle_Pryor,"Terrelle Pryor Sr. (born June 20, 1989) is an American former professional football player who was a wide receiver and quarterback in the National Football League (NFL). Considered the most recruited high school football-basketball athlete in southwestern Pennsylvania since Tom Clements, Pryor was widely regarded as the nation's top football prospect of 2008 and was named ""Junior of the Year"" by Rivals.com. Pryor had originally hoped to be a two-sport athlete, as he was also one of the nation's most recruited high school basketball players, but he later chose football.
He was the starting quarterback for the Ohio State Buckeyes from 2008 to 2010, winning the Big Ten championship twice. His college career was marred by several suspensions and accusations of selling memorabilia and led to his eventual withdrawal from the university. Pryor was drafted by the Oakland Raiders in the third round of the 2011 NFL supplemental draft. He then played quarterback for the Raiders from 2011 to 2013 and later spent time with the Seattle Seahawks, Kansas City Chiefs, and Cincinnati Bengals. He converted full-time to wide receiver with the Cleveland Browns in 2015 and played that position for the Washington Redskins, New York Jets, Buffalo Bills, and Jacksonville Jaguars.","1989 births | All Wikipedia articles written in American English | All articles with unsourced statements | American football quarterbacks | American football wide receivers | Articles with short description | Articles with unsourced statements from April 2023 | Buffalo Bills players | CS1 errors: bare URL | CS1 errors: missing title | Cincinnati Bengals players | Cleveland Browns players | Commons category link from Wikidata | Jacksonville Jaguars players | Kansas City Chiefs players | Living people | New York Jets players | Oakland Raiders players | Ohio State Buckeyes football players | Parade High School All-Americans (boys' basketball) | People from Jeannette, Pennsylvania | Players of American football from Westmoreland County, Pennsylvania | Seattle Seahawks players | Short description is different from Wikidata | Sportspeople from the Pittsburgh metropolitan area | Use American English from December 2019 | Use mdy dates from February 2024 | Washington Redskins players"
00-0027253,Thaddeus Lewis,QB,Thaddeus,https://en.wikipedia.org/wiki/Thaddeus,"Thaddeus (Latin: Thaddaeus, Ancient Greek: Θαδδαῖος, romanized: Thaddaĩos, from Imperial Aramaic: תדי, romanized: Ṯaday) is a masculine given name.
As of the 1990 Census, Thaddeus was the 611th most popular male name in the United States, while Thad, its diminutive version, was the 846th.",All set index articles | Articles containing Ancient Greek (to 1453)-language text | Articles containing Imperial Aramaic (700-300 BCE)-language text | Articles containing Latin-language text | Articles with short description | CS1 Russian-language sources (ru) | Danish masculine given names | Dutch masculine given names | English masculine given names | German masculine given names | Given names | Greek masculine given names | Hebrew masculine given names | Latin masculine given names | Masculine given names | Norwegian masculine given names | Pages with non-English text lacking appropriate markup and no ISO hint | Pages with non-English text lacking appropriate markup from January 2024 | Short description is different from Wikidata | Swedish masculine given names
00-0034177,Tim Boyle,QB,Tim Boyle (American football),https://en.wikipedia.org/wiki/Tim_Boyle_(American_football),"Timothy Kevin Boyle (born October 3, 1994) is an American professional football quarterback. He played college football for the UConn Huskies and Eastern Kentucky Colonels and signed with the Green Bay Packers as an undrafted free agent in 2018. Boyle has also played for the Detroit Lions, Chicago Bears, New York Jets, Miami Dolphins, and New York Giants.","1994 births | 21st-century American sportsmen | American football quarterbacks | Articles with short description | Chicago Bears players | Commons category link from Wikidata | Detroit Lions players | Eastern Kentucky Colonels football players | Green Bay Packers players | Houston Texans players | Living people | Miami Dolphins players | New York Giants players | New York Jets players | People from Middlefield, Connecticut | Players of American football from Hartford, Connecticut | Short description matches Wikidata | Tennessee Titans players | UConn Huskies football players | Use mdy dates from February 2024"
00-0003535,Tim Couch,QB,Tim Couch,https://en.wikipedia.org/wiki/Tim_Couch,"Timothy Scott Couch (born July 31, 1977) is an American former professional football quarterback who played in the National Football League (NFL) for five seasons with the Cleveland Browns. He played college football for the Kentucky Wildcats, winning Quarterback of the Year in 1998 after setting the Southeastern Conference record for single-season passing yards. Selected first overall by the Browns in the 1999 NFL draft, Couch was the franchise's first draft pick following their reactivation as an expansion team.
Couch threw for over 11,000 passing yards and helped the Browns qualify for the postseason in 2002, but his career would be cut short by injuries. Following attempted comebacks with the Green Bay Packers and Jacksonville Jaguars, he retired after failing to make the final roster for either team. Although Couch was unable to duplicate his college success, he was the first quarterback to lead the Browns to the playoffs since their NFL return and the only to do so between 2002 and 2019. He was inducted to the College Football Hall of Fame in 2024.","1977 births | All-American college football players | All Wikipedia articles written in American English | American football quarterbacks | American people of Cornish descent | Articles with short description | CS1 errors: bare URL | CS1 errors: missing title | Cleveland Browns players | College Football Hall of Fame inductees | College football announcers | Commons category link from Wikidata | First overall NFL draft picks | Green Bay Packers players | Jacksonville Jaguars players | Kentucky Wildcats football players | Living people | People from Hyden, Kentucky | Players of American football from Lexington, Kentucky | Short description matches Wikidata | Southeastern Conference Athlete of the Year winners | Use American English from December 2023 | Use mdy dates from January 2019"
00-0019816,Tim Hasselbeck,QB,Tim Hasselbeck,https://en.wikipedia.org/wiki/Tim_Hasselbeck,"Timothy Thomas Hasselbeck (born April 6, 1978) is an American sports journalist and former professional football player who is an analyst for ESPN. He played as a quarterback for eight seasons in the National Football League (NFL) with the New York Giants, Washington Redskins, Philadelphia Eagles, Buffalo Bills, Baltimore Ravens, and Arizona Cardinals as well as the Berlin Thunder of NFL Europe. He played college football for the Boston College Eagles. He is the younger brother of former NFL quarterback Matt Hasselbeck.","1978 births | 21st-century American journalists | All BLP articles lacking sources | All Wikipedia articles written in American English | American football quarterbacks | American sports commentators | American sports journalists | Arizona Cardinals players | Articles with short description | BLP articles lacking sources from June 2024 | Berlin Thunder players | Boston College Eagles football players | CS1 maint: deprecated archival service | College football announcers | ESPN people | Journalists from Massachusetts | Journalists from New York (state) | Living people | NFL announcers | New York Giants players | People from Norfolk, Massachusetts | Philadelphia Eagles players | Players of American football from Norfolk County, Massachusetts | Short description matches Wikidata | Use American English from November 2023 | Use mdy dates from January 2019 | Washington Redskins players | Webarchive template wayback links | Xaverian Brothers High School alumni"
00-0019623,Tim Rattay,QB,Tim Rattay,https://en.wikipedia.org/wiki/Tim_Rattay,"Timothy F. Rattay (; born March 15, 1977) is an American football coach and former player who is the passing game coordinator and receivers coach for the South Alabama Jaguars. Prior to becoming a coach, Rattay played as a quarterback in the National Football League (NFL) and United Football League (UFL). He played college football for the Louisiana Tech Bulldogs, and was selected by the San Francisco 49ers in the seventh round of the 2000 NFL draft.
Rattay was also a member of the Tampa Bay Buccaneers, Tennessee Titans, Arizona Cardinals, and Las Vegas Locomotives.","1977 births | All Wikipedia articles written in American English | American football quarterbacks | Arizona Cardinals players | Articles with short description | CS1 maint: deprecated archival service | Coaches of American football from Ohio | LSU Tigers football coaches | Las Vegas Locomotives coaches | Las Vegas Locomotives players | Living people | Louisiana Tech Bulldogs football coaches | Louisiana Tech Bulldogs football players | Oklahoma State Cowboys football coaches | Players of American football from Lorain County, Ohio | San Francisco 49ers players | Scottsdale Fighting Artichokes football players | Short description is different from Wikidata | South Alabama Jaguars football coaches | Sportspeople from Elyria, Ohio | Tampa Bay Buccaneers players | Tennessee Titans players | Use American English from February 2024 | Use mdy dates from January 2019 | Washington Redskins coaches"
00-0027876,Tim Tebow,QB,Tim Tebow,https://en.wikipedia.org/wiki/Tim_Tebow,"Timothy Richard Tebow (; born August 14, 1987) is an American former professional football quarterback who played in the National Football League (NFL) for three seasons, primarily with the Denver Broncos. Tebow played college football for the Florida Gators, becoming the first underclassman to win the Heisman Trophy and leading the team to two BCS National Championship titles in 2006 and 2008. At the conclusion of his collegiate career, Tebow held the Southeastern Conference's records for career passing efficiency and rushing touchdowns. He was selected by the Broncos in the first round of the 2010 NFL draft.
Tebow became the Broncos' starter during the 2011 season and revitalized a struggling team, bringing them to the franchise's first division title and playoff victory since 2005. His frequent comeback victories and outspoken Christian faith made him a cultural phenomenon, with his habit of dropping to one knee in prayer on the field becoming known as ""Tebowing"". Due to questions over Tebow's potential as an NFL quarterback, he was traded after the season to the New York Jets, where he spent one year as a backup.
After failing to make the regular season roster of the New England Patriots and Philadelphia Eagles, Tebow pursued a minor league baseball career with the New York Mets organization from 2016 to 2021. The same year he retired from baseball, he returned to the NFL as a tight end for the Jacksonville Jaguars, but was released after one preseason game. Since 2017, he has been a regular contributor and co-host for college football programming on SEC Network and ESPN. Tebow was inducted in the College Football Hall of Fame in 2023.","1987 births | 21st-century Baptists | All-American college football players | All Wikipedia articles written in American English | All articles with unsourced statements | American anti-abortion activists | American evangelicals | American evangelists | American football quarterbacks | American football tight ends | American people of Belgian descent | American philanthropists | American soccer chairmen and investors | Articles with short description | Articles with unsourced statements from June 2023 | Baptist missionaries in the Philippines | Baseball outfielders | Baseball players from St. Johns County, Florida | Binghamton Rumble Ponies players | CS1 maint: deprecated archival service | Chairmen and investors of soccer clubs in the United States | College Football Hall of Fame inductees | Columbia Fireflies players | Commons category link from Wikidata | Denver Broncos players | ESPN people | Florida Gators football players | Heisman Trophy winners | Homeschooling advocates | Jacksonville Jaguars players | James E. Sullivan Award recipients | Leaders of the Fellowship of Christian Athletes | Living people | Maxwell Award winners | Multisport professional athletes | New England Patriots players | New York Jets players | Philadelphia Eagles players | Players of American football from Jacksonville, Florida | Scottsdale Scorpions players | Short description is different from Wikidata | Short description matches Wikidata | Southeastern Conference Athlete of the Year winners | Southern Baptists | Sporting Club Jacksonville | Sportspeople from Makati | Sportspeople with dyslexia | St. Lucie Mets players | Syracuse Mets players | Use American English from July 2023 | Use mdy dates from February 2024 | Webarchive template wayback links | Wikipedia articles needing clarification from July 2012 | Wikipedia indefinitely move-protected pages | Wikipedia indefinitely semi-protected biographies of living people | William V. Campbell Trophy winners"
00-0001545,Todd Bouman,QB,Todd Bouman,https://en.wikipedia.org/wiki/Todd_Bouman,"Todd Matthew Bouman (; born August 1, 1972) is an American former professional football player who was a quarterback in the National Football League (NFL). He was signed by the Minnesota Vikings as an undrafted free agent in 1997 after playing college football for the St. Cloud State Huskies. Bouman was also a member of the New Orleans Saints, Green Bay Packers, Jacksonville Jaguars, St. Louis Rams, and Baltimore Ravens.","1972 births | 20th-century American sportsmen | All articles with dead external links | American football quarterbacks | American men's basketball players | Articles with dead external links from July 2024 | Articles with short description | Baltimore Ravens players | Barcelona Dragons (NFL Europe) players | CS1 maint: deprecated archival service | Green Bay Packers players | Jacksonville Jaguars players | Living people | Minnesota Vikings players | New Orleans Saints players | People from Pipestone County, Minnesota | Players of American football from Minnesota | Short description matches Wikidata | South Dakota State University alumni | St. Cloud State Huskies football players | St. Cloud State Huskies men's basketball players | St. Louis Rams players | Use mdy dates from July 2024 | Webarchive template wayback links"
00-0003315,Todd Collins,QB,Todd Collins,https://en.wikipedia.org/wiki/Todd_Collins,"Todd Collins may refer to:

Todd Collins (linebacker) (born 1970), American football linebacker
Todd Collins (quarterback) (born 1971), American football quarterback
Todd Collins (producer), music producer and member of American band Peace of Mind",All article disambiguation pages | All disambiguation pages | Human name disambiguation pages | Short description is different from Wikidata
00-0019622,Todd Husak,QB,Todd Husak,https://en.wikipedia.org/wiki/Todd_Husak,"Todd Larkin Husak (born July 6, 1978) is an American former professional football player who was a quarterback in the National Football League (NFL). He played college football for the Stanford Cardinal. He played his only NFL game for the Washington Redskins.","1978 births | All Wikipedia articles written in American English | American football quarterbacks | Articles with short description | Berlin Thunder players | CS1: unfit URL | Cleveland Browns players | Living people | Players of American football from Bellflower, California | Players of American football from Long Beach, California | Short description is different from Wikidata | Stanford Cardinal football coaches | Stanford Cardinal football players | Use American English from February 2024 | Use mdy dates from January 2019 | Washington Redskins players"
00-0019596,Tom Brady,QB,Tom Brady,https://en.wikipedia.org/wiki/Tom_Brady,"Thomas Edward Patrick  Brady Jr. (born August 3, 1977) is an American former professional football quarterback who played in the National Football League (NFL) for 23 seasons. He spent his first 20 seasons with the New England Patriots and was a central contributor to the franchise's dynasty from 2001 to 2019. In his final three seasons, he played for the Tampa Bay Buccaneers. Brady is widely regarded as the greatest quarterback of all time.
After playing college football for the Michigan Wolverines, Brady was selected 199th overall by the Patriots in the sixth round of the 2000 NFL draft, later earning him a reputation as the NFL's biggest draft steal. He became the starting quarterback during his second season, which saw the Patriots win their first Super Bowl title in Super Bowl XXXVI. As the team's primary starter for 18 seasons, Brady led the Patriots to 17 division titles (including 11 consecutive from 2009 to 2019), 13 AFC Championship Games (including eight consecutive from 2011 to 2018), nine Super Bowl appearances, and six Super Bowl titles, all NFL records for a player and franchise. He joined the Buccaneers in 2020 and won Super Bowl LV, extending his individual records to ten Super Bowl appearances and seven victories. In 2024, Brady became the lead color commentator for the NFL on Fox and a partial owner of the Las Vegas Raiders.
Brady holds many major quarterback records, including most career passing yards, completions, touchdown passes, and games started. He is the NFL leader in career quarterback wins, quarterback regular season wins, quarterback playoff wins, and Super Bowl Most Valuable Player (MVP) Awards, and the only Super Bowl MVP for two different franchises. Additional accolades held by Brady include the most Pro Bowl selections and the first unanimous NFL MVP. The only quarterback to win a Super Bowl in three separate decades, Brady is also noted for the longevity of his success. He was the oldest NFL MVP at age 40, the oldest Super Bowl MVP at age 43, and the oldest quarterback selected to the Pro Bowl at age 44. Brady is the only NFL quarterback named to two all-decade teams (2000s and 2010s) and was unanimously named to the 100th Anniversary All-Time Team in 2019.","1977 births | 20th-century American sportsmen | 21st-century American philanthropists | 21st-century American sportsmen | All Wikipedia articles written in American English | All articles that may be too long | All pages needing factual verification | American Conference Pro Bowl players | American football quarterbacks | American people of German descent | American people of Irish descent | American people of Norwegian descent | American people of Polish descent | American people of Swedish descent | American soccer chairmen and investors | Articles that may be too long from November 2025 | Articles with hCards | Articles with short description | Biography with signature | Catholics from California | Commons link from Wikidata | Florida Republicans | Junípero Serra High School (San Mateo, California) alumni | Las Vegas Aces owners | Las Vegas Raiders owners | Laureus World Sports Awards winners | Living people | Merrill (company) people | Michigan Wolverines football players | NFL Comeback Player of the Year winners | NFL Most Valuable Player winners | NFL Offensive Player of the Year winners | NFL announcers | NFL players with retired numbers | National Conference Pro Bowl players | New England Patriots players | Official website different in Wikidata and Wikipedia | People from Indian Creek, Florida | Players of American football from San Mateo, California | Short description is different from Wikidata | Sportspeople who have authored non-fiction books | Super Bowl MVPs | Tampa Bay Buccaneers players | Tom Brady | Unconferenced Pro Bowl players | Use American English from May 2024 | Use mdy dates from March 2026 | Wikipedia articles needing factual verification from February 2026 | Wikipedia articles with inappropriate overview sections from June 2025 | Wikipedia indefinitely semi-protected pages"
00-0027121,Tom Brandstater,QB,Tom Brandstater,https://en.wikipedia.org/wiki/Tom_Brandstater,"Thomas Brandstater (born October 21, 1984) is an American former professional football player who was a quarterback in the National Football League (NFL). He played college football for the Fresno State Bulldogs. He was selected by the Denver Broncos in the sixth round of the 2009 NFL draft.
He was also a member of the Indianapolis Colts, Miami Dolphins, Dallas Cowboys, and St. Louis Rams.","1984 births | All articles to be expanded | All articles with dead external links | American football quarterbacks | Articles to be expanded from June 2008 | Articles with dead external links from July 2024 | Articles with short description | CS1 maint: deprecated archival service | Dallas Cowboys players | Denver Broncos players | Fresno State Bulldogs football players | Indianapolis Colts players | Living people | Miami Dolphins players | Players of American football from Stanislaus County, California | Short description is different from Wikidata | Sportspeople from Turlock, California | St. Louis Rams players | Turlock High School alumni | Use mdy dates from July 2020"
00-0031064,Tom Savage,QB,Tom Savage (American football),https://en.wikipedia.org/wiki/Tom_Savage_(American_football),"Thomas Benjamin Savage (born April 26, 1990) is an American former professional football player who was a quarterback in the National Football League (NFL). He played college football for the Rutgers Scarlet Knights, Arizona Wildcats, and Pittsburgh Panthers, and was selected by the Houston Texans in the fourth round of the 2014 NFL draft.
Savage spent the first four seasons of his career with the Texans; during his first three seasons, Savage was primarily a backup and missed the entire 2015 season due to injury. In 2017, he started the most games of his career at seven. After an offseason stint with the New Orleans Saints in 2018, Savage spent parts of the regular season with the San Francisco 49ers and Cincinnati Bengals without seeing any game action before having an offseason stint with the Detroit Lions in 2019.","1990 births | 21st-century American sportsmen | All articles with dead external links | American football quarterbacks | Arizona Wildcats football players | Articles with dead external links from August 2024 | Articles with permanently dead external links | Articles with short description | CS1 maint: bot: original URL status unknown | Cincinnati Bengals players | Commons category link from Wikidata | Detroit Lions players | Houston Texans players | Living people | New Orleans Saints players | People from Springfield Township, Delaware County, Pennsylvania | Pittsburgh Panthers football players | Players of American football from Delaware County, Pennsylvania | Rutgers Scarlet Knights football players | San Francisco 49ers players | Short description matches Wikidata | Use mdy dates from June 2023"
00-0038476,Tommy DeVito,QB,Tommy DeVito (American football),https://en.wikipedia.org/wiki/Tommy_DeVito_(American_football),"Thomas DeVito (born August 7, 1998) is an American professional football quarterback for the New England Patriots of the National Football League (NFL). He played five seasons of college football for the Syracuse Orange and one with the Illinois Fighting Illini before signing with the New York Giants as an undrafted free agent in 2023.","1998 births | All Wikipedia articles written in American English | All articles lacking reliable references | American football quarterbacks | American people of Italian descent | Articles lacking reliable references from January 2025 | Articles with short description | Commons category link from Wikidata | Don Bosco Preparatory High School alumni | Illinois Fighting Illini football players | Living people | New England Patriots currentteam parameter articles | New York Giants players | People from Cedar Grove, New Jersey | Players of American football from Essex County, New Jersey | Short description is different from Wikidata | Sportspeople from Livingston, New Jersey | Syracuse Orange football players | Under Armour All-American football players | Use American English from December 2025 | Use mdy dates from March 2024"
00-0010261,Tommy Maddox,QB,Tommy Maddox,https://en.wikipedia.org/wiki/Tommy_Maddox,"Thomas Alfred Maddox (born September 2, 1971) is an American former professional football quarterback who played in the National Football League (NFL) for nine seasons, most notably with the Pittsburgh Steelers. He also played one season each for the New Jersey Red Dogs of the Arena Football League (AFL) and the Los Angeles Xtreme of the XFL. In the XFL's only season, Maddox was the league's most valuable player (MVP) while leading the Xtreme to victory in the league's championship.
Maddox played college football for the UCLA Bruins and was selected by the Denver Broncos in the first round of the 1992 NFL draft. His first four seasons with the Broncos, Los Angeles Rams, and New York Giants saw limited playing time and minimal success, resulting in him being out of the NFL by 1997. Maddox became an insurance agent before pursuing a professional comeback in the AFL and XFL between 2000 and 2001. His MVP season with the latter saw him lead the league in passing yards and touchdowns, while being the only quarterback to start all 10 regular season games.
Following his XFL success, Maddox signed with the Steelers the same year. He became the team's starting quarterback during the 2002 season, helping lead them to the playoffs and earning Comeback Player of the Year. Maddox lost his starting position to rookie Ben Roethlisberger in 2004, although he was part of the team that won Super Bowl XL. He was released by Pittsburgh after the championship, leading to his final professional retirement. Maddox is one of four players on the Xtreme's championship-winning team who were also on a Super Bowl-winning team.","1971 births | All Wikipedia articles written in American English | All articles with unsourced statements | American football quarterbacks | Arena football announcers | Articles with short description | Articles with unsourced statements from March 2017 | Commons category link from Wikidata | Denver Broncos players | Living people | Los Angeles Rams players | Los Angeles Xtreme players | NFL Comeback Player of the Year winners | New Jersey Red Dogs players | New York Giants players | People from Hurst, Texas | Pittsburgh Steelers players | Players of American football from Shreveport, Louisiana | Players of American football from Tarrant County, Texas | Short description matches Wikidata | UCLA Bruins football players | Use American English from February 2024 | Use mdy dates from January 2019"
00-0036433,Tommy Stevens,QB,Tommy Stevens,https://en.wikipedia.org/wiki/Tommy_Stevens,"Thomas Mason Stevens (born December 15, 1996) is an American professional football quarterback for the Saskatchewan Roughriders of the Canadian Football League (CFL). He played college football at Mississippi State and was drafted by the New Orleans Saints in the seventh round of the 2020 NFL draft as a quarterback. Stevens initially played football at Penn State before transferring to Mississippi State. Stevens has also been a member of the Carolina Panthers, New York Giants, and Calgary Stampeders.",1996 births | American football quarterbacks | American football tight ends | Articles with short description | Calgary Stampeders players | Canadian football quarterbacks | Carolina Panthers players | Commons category link from Wikidata | Living people | Mississippi State Bulldogs football players | New Orleans Saints players | New York Giants players | Penn State Nittany Lions football players | Players of American football from Indianapolis | Players of Canadian football from Indianapolis | Saskatchewan Roughriders players | Short description is different from Wikidata | Use mdy dates from March 2024
00-0000722,Tony Banks,QB,Tony Banks (American football),https://en.wikipedia.org/wiki/Tony_Banks_(American_football),"Anthony Lamar Banks (born April 5, 1973) is an American former professional football player who was a quarterback for 10 seasons in the National Football League (NFL). He is currently the wide receivers coach for the Louisville Kings of the United Football League (UFL). He played college football for the Michigan State Spartans. Selected by the St. Louis Rams in the second round of the 1996 NFL draft, Banks also was a member of the Baltimore Ravens, Washington Redskins, and Houston Texans. With the Ravens, he was part of the team that won the franchise's first Super Bowl title in Super Bowl XXXV.",1973 births | 20th-century African-American sportsmen | 20th-century American sportsmen | 21st-century African-American sportsmen | 21st-century American sportsmen | All Wikipedia articles written in American English | American football quarterbacks | Articles with short description | Baltimore Ravens players | Dallas Cowboys players | Houston Texans players | Living people | Louisville Kings coaches | Michigan State Spartans football players | Players of American football from San Diego | San Diego Mesa Olympians football players | Short description is different from Wikidata | St. Louis Rams players | Use American English from February 2024 | Use mdy dates from March 2024 | Washington Redskins players
00-0006299,Tony Graziani,QB,Tony Graziani,https://en.wikipedia.org/wiki/Tony_Graziani,"Anthony Robert Graziani (born December 23, 1973) is an American former professional football player who was a quarterback for the Atlanta Falcons of the National Football League (NFL), and the Los Angeles Avengers and Philadelphia Soul of the Arena Football League (AFL). He played college football for the Oregon Ducks.
Graziani was the highest-paid player in the history of the AFL, earning over $200,000 for the 2007 season.",1973 births | All Wikipedia articles written in American English | American football quarterbacks | American people of Italian descent | Articles with short description | Atlanta Falcons players | Barcelona Dragons (NFL Europe) players | Cleveland Browns players | Living people | Los Angeles Avengers players | NFL announcers | Oregon Ducks football players | Philadelphia Soul players | Players of American football from Las Vegas | Short description is different from Wikidata | Use American English from February 2024 | Use mdy dates from June 2024
00-0027801,Tony Pike,QB,Tony Pike,https://en.wikipedia.org/wiki/Tony_Pike,"Anthony Steven Pike (born March 10, 1986) is an American former professional football player who was a quarterback for the Carolina Panthers of the National Football League (NFL). He played college football for the Cincinnati Bearcats and was selected by the Panthers in the sixth round of the 2010 NFL draft.",1986 births | All Wikipedia articles written in American English | All articles needing additional references | American football quarterbacks | Articles needing additional references from August 2025 | Articles with short description | Carolina Panthers players | Cincinnati Bearcats football players | Living people | Players of American football from Cincinnati | Short description is different from Wikidata | Use American English from April 2025 | Use mdy dates from July 2024 | Webarchive template wayback links
00-0021678,Tony Romo,QB,Tony Romo,https://en.wikipedia.org/wiki/Tony_Romo,"Antonio Ramiro Romo (born April 21, 1980) is an American former professional football quarterback who played in the National Football League (NFL) for 13 seasons with the Dallas Cowboys. He played college football for the Eastern Illinois Panthers, where he made an Ohio Valley Conference championship appearance in 2001 and won the Walter Payton Award the following year. Romo signed with the Cowboys as an undrafted free agent in 2003.
Beginning his career in a backup role, Romo served as the Cowboys' primary starter from 2006 to 2015. He led the Cowboys to four postseason appearances during his tenure, while also receiving Pro Bowl honors amid each playoff run. Romo retired after the 2016 season after a preseason back injury caused him to lose his starting position to rookie backup Dak Prescott. Upon retiring, Romo was hired by CBS Sports to become the lead color analyst for its NFL telecasts.
Romo holds several Cowboys team records, including passing touchdowns, passing yards, most games with at least 300 passing yards, and games with three or more touchdown passes. He also held a higher passer rating in the fourth quarter than any other NFL quarterback from 2006 to 2013. Romo was less successful in the postseason, winning only two of the six playoff games he appeared in and never advancing beyond the divisional round. He was inducted into the College Football Hall of Fame in 2021.

","1980 births | 21st-century American sportsmen | All BLP articles lacking sources | All Wikipedia articles written in American English | All articles containing potentially dated statements | American Christians | American football quarterbacks | American people of German descent | American people of Mexican descent | American people of Polish descent | American philanthropists | American television sports commentators | Articles containing potentially dated statements from 2013 | Articles with short description | BLP articles lacking sources from February 2018 | CS1 maint: bot: original URL status unknown | CS1 maint: deprecated archival service | College Football Hall of Fame inductees | Commons category link from Wikidata | Dallas Cowboys players | Eastern Illinois Panthers football players | Hispanic and Latino American players of American football | Living people | NFL announcers | National Conference Pro Bowl players | People from Burlington, Wisconsin | Players of American football from Dallas | Players of American football from San Diego | Players of American football from Wisconsin | S-aft: 'after' parameter includes the word 'incumbent' | Short description is different from Wikidata | Sigma Pi members | Sportspeople from Racine County, Wisconsin | Sportspeople of Mexican descent | Template:Succession box: 'after' parameter includes the word 'incumbent' | Unconferenced Pro Bowl players | Use American English from February 2023 | Use mdy dates from May 2024 | Walter Payton Award winners | Wikipedia pages semi-protected against vandalism"
00-0020126,Tory Woodbury,QB,Tory Woodbury,https://en.wikipedia.org/wiki/Tory_Woodbury,"Tory Woodbury (born July 12, 1978) is an American football coach and former player who is the head coach for the Winston-Salem State Rams. He played professionally as a quarterback for the New York Jets of the National Football League (NFL).
Woodbury played college football for the Winston-Salem State Rams and was signed as an undrafted free agent by the Jets in 2001. He won Super Bowl LVI as a coach of the Los Angeles Rams in 2021.","1978 births | 20th-century African-American sportsmen | 20th-century American sportsmen | 21st-century African-American sportsmen | 21st-century American sportsmen | African-American coaches of American football | American football quarterbacks | American football wide receivers | Articles with short description | Buffalo Bills players | Coaches of American football from North Carolina | Cologne Centurions (NFL Europe) players | Delaware State Hornets football coaches | Houston Roughnecks coaches | Howard Bison football coaches | Johnson C. Smith Golden Bulls football coaches | Living people | Los Angeles Rams coaches | Morgan State Bears football coaches | New Orleans Saints players | New Orleans VooDoo players | New York Jets players | Norfolk State Spartans football coaches | Players of American football from Winston-Salem, North Carolina | Short description is different from Wikidata | St. Louis Battlehawks coaches | Use mdy dates from August 2021 | Winston-Salem State Rams football players"
00-0035146,Trace McSorley,QB,Trace McSorley,https://en.wikipedia.org/wiki/Trace_McSorley,"Richard Thomas ""Trace"" McSorley III (born August 23, 1995) is an American football coach and former professional football quarterback. He is currently an offensive assistant for the Buffalo Bills of the National Football League (NFL). He played college football for Penn State, where he holds school records in single-season passing yards, touchdowns, and career total yards. McSorley was drafted by the Baltimore Ravens in the sixth round of the 2019 NFL draft.","1995 births | 21st-century American sportsmen | All articles with unsourced statements | American football quarterbacks | Arizona Cardinals players | Articles with short description | Articles with unsourced statements from September 2017 | Articles with unsourced statements from September 2018 | Baltimore Ravens players | Buffalo Bills currentteam parameter articles | Buffalo Bills personnel | Chicago Bears players | Christians from Virginia | Commons category link from Wikidata | Living people | New England Patriots players | Pages containing links to subscription-only content | Penn State Nittany Lions football coaches | Penn State Nittany Lions football players | Pittsburgh Steelers players | Players of American football from Ashburn, Virginia | Short description matches Wikidata | Use mdy dates from March 2024 | Washington Commanders players"
00-0019192,Travis Brown,QB,Travis Brown,https://en.wikipedia.org/wiki/Travis_Brown,"Travis Brown may refer to:

Travis Brown (quarterback) (born 1977), American football quarterback
Travis Brown (wide receiver) (born 1986), American football wide receiver
Travis Brown (linebacker) (born 1990), American player of Canadian football
Travis Brown (cyclist) (born 1969), American cyclist riding for the Trek Volkswagen Mountain Bike team",All article disambiguation pages | All disambiguation pages | Human name disambiguation pages | Short description is different from Wikidata
00-0004293,Trent Dilfer,QB,Trent Dilfer,https://en.wikipedia.org/wiki/Trent_Dilfer,"Trent Farris Dilfer (born March 13, 1972) is an American football coach and former quarterback who played in the National Football League (NFL) for 14 seasons. Dilfer achieved his greatest professional success as the starting quarterback of the Baltimore Ravens during their Super Bowl-winning season in 2000. Following his playing career, he served as the head coach for the UAB Blazers from 2023 to 2025.
Dilfer played college football for the Fresno State Bulldogs, winning the Sammy Baugh Trophy in 1993. He was selected sixth overall by the Tampa Bay Buccaneers in the 1994 NFL draft. Dilfer spent his first six seasons with Tampa Bay, earning Pro Bowl honors in 1997, but was released due to inconsistent play. He signed with the Ravens in 2000 as a backup before becoming the team's starter midway through the year, which concluded with the franchise's first Super Bowl victory in Super Bowl XXXV. Despite the championship, Dilfer was not re-signed by the Ravens, becoming the first starting quarterback to be released after a Super Bowl win. His next four seasons were spent primarily as a backup with the Seattle Seahawks and he had stints with the Cleveland Browns and the San Francisco 49ers before retiring in 2008.
Shortly after announcing his retirement, Dilfer was hired by ESPN as an NFL analyst, a position he held until 2017. He is also the head coach of the quarterback camp Elite 11. In 2023, Dilfer was named the head coach of the Blazers, but was fired during his third season.","1972 births | All Wikipedia articles written in American English | All articles with dead external links | American Christians | American football quarterbacks | Articles with dead external links from August 2023 | Articles with permanently dead external links | Articles with short description | Baltimore Ravens players | CS1 maint: deprecated archival service | Cleveland Browns players | Coaches of American football from California | Commons category link from Wikidata | Commons category link is on Wikidata | ESPN people | Fresno State Bulldogs football players | High school football coaches in Tennessee | Living people | NFL announcers | National Conference Pro Bowl players | People from Aptos, California | Players of American football from Santa Cruz, California | San Francisco 49ers players | Seattle Seahawks players | Short description is different from Wikidata | Tampa Bay Buccaneers players | UAB Blazers football coaches | Use American English from February 2023 | Use mdy dates from March 2024 | Webarchive template wayback links"
00-0025479,Trent Edwards,QB,Trent Edwards,https://en.wikipedia.org/wiki/Trent_Edwards,"Trent Edwards (born October 30, 1983) is an American former professional football player who was a quarterback in the National Football League (NFL). He played college football for the Stanford Cardinal and was selected by the Buffalo Bills in the third round of the 2007 NFL draft. As a rookie, Edwards took over the starting position after an injury to incumbent starter J. P. Losman, leading Buffalo to a 5–1 start in 2008 before injuries and declining play resulted in his own demotion and eventual release from the team in 2010.
He was also a member of the Jacksonville Jaguars, Oakland Raiders, Philadelphia Eagles, and Chicago Bears.","1983 births | All Wikipedia articles written in American English | American football quarterbacks | American people of Armenian descent | Articles with short description | Buffalo Bills players | Chicago Bears players | Commons category link from Wikidata | Ethnic Armenian sportspeople | Jacksonville Jaguars players | Living people | Oakland Raiders players | Philadelphia Eagles players | Players of American football from Los Gatos, California | Short description is different from Wikidata | Sportspeople of Armenian descent | Stanford Cardinal football players | Use American English from February 2024 | Use mdy dates from March 2024"
00-0006355,Trent Green,QB,Trent Green,https://en.wikipedia.org/wiki/Trent_Green,"Trent Jason Green (born July 9, 1970) is an American former professional football quarterback who played in the National Football League (NFL) for 15 seasons. He was a member of five teams during his career, most notably the Kansas City Chiefs.
Green played college football for the Indiana Hoosiers and was selected by the San Diego Chargers in the eighth round of the 1993 NFL draft. He did not see any significant playing time until his fifth season in 1998 with the Washington Redskins when he became the team's starter. The following year, Green joined the St. Louis Rams to become their starter, but after suffering a season-ending injury during the preseason, he was replaced by Kurt Warner, leading to the team winning Super Bowl XXXIV. He spent one more season in St. Louis as Warner's backup before joining the Chiefs.
During his six seasons as Kansas City's starter, Green led the team to one division title and two playoff appearances while earning two Pro Bowl selections. Green held his last starting position with the Miami Dolphins and returned to the Rams for his final season.","1970 births | All Wikipedia articles written in American English | All articles with dead external links | Alliance of American Football announcers | American Conference Pro Bowl players | American football quarterbacks | Articles with dead external links from November 2016 | Articles with permanently dead external links | Articles with short description | BC Lions players | CS1 Italian-language sources (it) | Commons category link from Wikidata | Indiana Hoosiers football players | Kansas City Chiefs players | Living people | Miami Dolphins players | NFL announcers | Players of American football from Cedar Rapids, Iowa | Players of American football from St. Louis | Players of Canadian football from St. Louis | San Diego Chargers players | Short description is different from Wikidata | St. Louis Rams players | Use American English from June 2024 | Use mdy dates from January 2019 | Washington Redskins players | Webarchive template wayback links"
00-0032462,Trevone Boykin,QB,Trevone Boykin,https://en.wikipedia.org/wiki/Trevone_Boykin,"Trevone Dequan Boykin (born August 22, 1993) is an American professional football quarterback for the Dinos de Saltillo of the Mexican Liga de Fútbol Americano Profesional (LFA). He played college football for the TCU Horned Frogs, twice earning second-team All-American honors. He was signed by the Seattle Seahawks of the National Football League (NFL) as an undrafted free agent in 2016.",1993 births | American expatriate sportspeople in Mexico | American football quarterbacks | American football wide receivers | Articles with short description | CS1 Mexican Spanish-language sources (es-mx) | CS1 Spanish-language sources (es) | Dinos de Saltillo players | Expatriate players of American football | Galgos de Tijuana players | Living people | Massachusetts Pirates players | Players of American football from Dallas | Seattle Seahawks players | Short description is different from Wikidata | TCU Horned Frogs football players | Use mdy dates from March 2024
00-0033607,Trevor Knight,QB,Trevor Knight (Canadian football),https://en.wikipedia.org/wiki/Trevor_Knight_(Canadian_football),"Trevor Knight (born December 13, 1995) is an American former professional football quarterback who played for the Winnipeg Blue Bombers of the Canadian Football League (CFL). He played high school football at Nashua High School South in Nashua, New Hampshire, where he was named the New Hampshire Player of the Year as a senior. He played college football for the New Hampshire Wildcats and won the 2017 New England Football Writers Division I Season Gold Helmet Award, given to the Division I FBS or FCS player of the year in New England. After going undrafted in the 2019 NFL draft, Knight played one year in the CFL where he was a member of the 107th Grey Cup-winning Blue Bombers. He has also worked as a private quarterbacks coach and, in 2024, became the head football coach at Dracut High School.","1995 births | American football quarterbacks | Articles with short description | Canadian football quarterbacks | Coaches of American football from New Hampshire | High school football coaches in New Hampshire | Living people | New Hampshire Wildcats football players | Pages where birth or death is being automatically determined | People from Amherst, New Hampshire | Players of American football from New Hampshire | Players of Canadian football from New Hampshire | Short description is different from Wikidata | Use mdy dates from May 2026 | Winnipeg Blue Bombers players"
00-0036971,Trevor Lawrence,QB,Trevor Lawrence,https://en.wikipedia.org/wiki/Trevor_Lawrence,"William Trevor Lawrence (born October 6, 1999) is an American professional football quarterback for the Jacksonville Jaguars of the National Football League (NFL). Considered among the highest-touted college football prospects, he won the 2019 National Championship Game as a freshman with the Clemson Tigers and set the school's record for quarterback wins. Lawrence was selected first overall by the Jaguars in the 2021 NFL draft. In his second season, Lawrence led the Jaguars to their first division title since 2017 and earned Pro Bowl honors. He led the team to another division title in 2025.","1999 births | All-American college football players | All Wikipedia articles written in American English | American Conference Pro Bowl players | American football quarterbacks | Articles with short description | Baptists from Georgia (U.S. state) | CS1 maint: numeric names: authors list | Clemson Tigers football players | Commons category link is on Wikidata | First overall NFL draft picks | Jacksonville Jaguars currentteam parameter articles | Jacksonville Jaguars players | Living people | Players of American football from Bartow County, Georgia | Players of American football from Knoxville, Tennessee | Short description matches Wikidata | Sportspeople from Cartersville, Georgia | Use American English from September 2019 | Use mdy dates from December 2024"
00-0032156,Trevor Siemian,QB,Trevor Siemian,https://en.wikipedia.org/wiki/Trevor_Siemian,"Trevor John Siemian (born December 26, 1991) is an American professional football quarterback for the Atlanta Falcons of the National Football League (NFL). He played college football for the Northwestern Wildcats and was selected by the Denver Broncos in the seventh round of the 2015 NFL draft. Siemian was part of the Broncos when they won Super Bowl 50, serving as the third-string quarterback behind starter Peyton Manning and backup Brock Osweiler. He has also been a member of the Minnesota Vikings, New York Jets, Tennessee Titans, New Orleans Saints, Chicago Bears, and Cincinnati Bengals","1991 births | All articles with dead external links | American football quarterbacks | Articles with dead external links from March 2023 | Articles with permanently dead external links | Articles with short description | Atlanta Falcons currentteam parameter articles | Atlanta Falcons players | CS1 maint: bot: original URL status unknown | Chicago Bears players | Cincinnati Bengals players | Commons category link from Wikidata | Denver Broncos players | Living people | Minnesota Vikings players | New Orleans Saints players | New York Jets players | Northwestern Wildcats football players | Players of American football from Fairfield County, Connecticut | Players of American football from Orange County, Florida | Short description matches Wikidata | Sportspeople from Danbury, Connecticut | Sportspeople from Windermere, Florida | Tennessee Titans players | Use mdy dates from March 2024"
00-0037012,Trey Lance,QB,Trey Lance,https://en.wikipedia.org/wiki/Trey_Lance,"Trey Aubrey Lance (born May 9, 2000) is an American professional football quarterback for the Los Angeles Chargers of the National Football League (NFL). He played college football for the North Dakota State Bison, winning the Walter Payton and Jerry Rice Awards as a freshman en route to a victory in the 2020 NCAA Division I Football Championship Game. Lance was selected third overall by the San Francisco 49ers in the 2021 NFL draft, but limited play and injuries led to him being traded after two seasons to the Dallas Cowboys. Lance spent two seasons as a backup with the Cowboys before signing with the Chargers in 2025.","2000 births | 21st-century American sportsmen | African-American Christians | All Wikipedia articles written in American English | American football quarterbacks | Articles with short description | Christians from Minnesota | Dallas Cowboys players | Living people | Los Angeles Chargers currentteam parameter articles | Los Angeles Chargers players | North Dakota State Bison football players | People from Marshall, Minnesota | Players of American football from Minnesota | San Francisco 49ers players | Short description matches Wikidata | Use American English from January 2025 | Use mdy dates from January 2024 | Walter Payton Award winners"
00-0000104,Troy Aikman,QB,Troy Aikman,https://en.wikipedia.org/wiki/Troy_Aikman,"Troy Kenneth Aikman (; born November 21, 1966) is an American former professional football quarterback who played in the National Football League (NFL) for 12 seasons with the Dallas Cowboys. After transferring from the Oklahoma Sooners, he played college football for the UCLA Bruins and won the Davey O'Brien Award as a senior. Aikman was selected first overall in the 1989 NFL draft by the Cowboys, where he was named to six Pro Bowls and won three Super Bowls. He was also named MVP of Super Bowl XXVII, the franchise's first title in over a decade. Aikman was inducted to the Pro Football Hall of Fame in 2006 and the College Football Hall of Fame in 2008.
After retiring in 2000, Aikman served as the color commentator of NFL on Fox from 2001 to 2021 and has served as the color commentator of Monday Night Football on ESPN and ABC since 2022. He and his partner play-by-play announcer Joe Buck are the longest tenured announcer pairing in NFL history. Aikman was a co-owner of the now defunct NASCAR Sprint Cup Series team Hall of Fame Racing from 2005 to 2009, along with fellow former Cowboys quarterback Roger Staubach, and is also a part-owner of the San Diego Padres in Major League Baseball (MLB).","1966 births | All-American college football players | All Wikipedia articles written in American English | American color commentators | American football quarterbacks | American philanthropists | American sports radio personalities | American television sports commentators | Articles with short description | CS1 maint: url-status | College Football Hall of Fame inductees | Commons category link from Wikidata | Dallas Cowboys players | ESPN people | First overall NFL draft picks | Fox Sports 1 people | Living people | NASCAR team owners | NFL Europe broadcasters | NFL announcers | National Conference Pro Bowl players | Oklahoma Sooners football players | People from Henryetta, Oklahoma | Players of American football from Dallas | Players of American football from Los Angeles County, California | Players of American football from Oklahoma | Pro Football Hall of Fame inductees | Radio personalities from California | Radio personalities from Oklahoma | San Diego Padres owners | Short description is different from Wikidata | Sigma Alpha Epsilon members | Sportspeople from Cerritos, California | Sportspeople from Okmulgee County, Oklahoma | Sportspeople from West Covina, California | Super Bowl MVPs | Television personalities from California | UCLA Bruins football players | UCLA Extension alumni | Use American English from November 2019 | Use mdy dates from July 2024 | Walter Payton NFL Man of the Year winners | Webarchive template wayback links"
00-0025561,Troy Smith,QB,Troy Smith,https://en.wikipedia.org/wiki/Troy_Smith,"Troy James Smith (born July 20, 1984) is an American former professional football quarterback who played four seasons in the National Football League (NFL). He played college football for the Ohio State Buckeyes, earning unanimous All-American honors and winning the Heisman Trophy in 2006. He was selected by the Baltimore Ravens in the fifth round of the 2007 NFL draft, and also played for the San Francisco 49ers, the Omaha Nighthawks of the United Football League (UFL), and the Montreal Alouettes of the Canadian Football League (CFL).","1984 births | 20th-century African-American sportsmen | 20th-century American sportsmen | 21st-century African-American sportsmen | 21st-century American sportsmen | All-American college football players | All BLP articles lacking sources | All Wikipedia articles written in American English | All articles with dead external links | American football quarterbacks | Articles with dead external links from December 2016 | Articles with dead external links from February 2023 | Articles with dead external links from July 2018 | Articles with permanently dead external links | Articles with short description | BLP articles lacking sources from April 2018 | Baltimore Ravens players | CS1 maint: deprecated archival service | Canadian football quarterbacks | Commons category link from Wikidata | Glenville High School alumni | Heisman Trophy winners | Living people | Montreal Alouettes players | Ohio State Buckeyes football players | Omaha Nighthawks players | Pittsburgh Steelers players | Players of American football from Cleveland | Players of American football from Columbus, Ohio | Players of Canadian football from Columbus, Ohio | San Francisco 49ers players | Short description is different from Wikidata | Use American English from June 2023 | Use mdy dates from December 2023 | Walter Camp Award winners"
00-0036212,Tua Tagovailoa,QB,Tua Tagovailoa,https://en.wikipedia.org/wiki/Tua_Tagovailoa,"Tuanigamanuolepola Donny Tagovailoa ( TUNG-oh-vy-LOH-ə; born March 2, 1998) is an American professional football quarterback for the Atlanta Falcons of the National Football League (NFL). He played college football for the Alabama Crimson Tide and was named the Offensive MVP of the 2018 College Football Playoff National Championship during his freshman season. As a sophomore, Tagovailoa won the Maxwell and Walter Camp awards en route to an appearance in the 2019 National Championship.
After his junior season was cut short by a hip injury, Tagovailoa was selected fifth overall by the Miami Dolphins in the 2020 NFL draft. He spent his rookie season alternating as a backup and starter before becoming the team's primary starter in 2021. Tagovailoa led the league in passer rating in 2022 and passing yards in 2023, earning Pro Bowl honors in the latter, and helping the Dolphins qualify for the playoffs both seasons. However, he suffered numerous concussions during his time with Miami along with poor play in his later seasons with Miami, after which he signed with Atlanta.
Tagovailoa currently ranks second all-time in completion percentage with at least 1,500 pass attempts.",1998 births | Alabama Crimson Tide football players | All-American college football players | All Wikipedia articles written in American English | All articles with unsourced statements | American Christians | American Conference Pro Bowl players | American football quarterbacks | American people of Samoan descent | Articles with short description | Articles with unsourced statements from December 2025 | Atlanta Falcons currentteam parameter articles | Atlanta Falcons players | Commons category link is on Wikidata | Living people | Maxwell Award winners | Miami Dolphins players | Pages using multiple image with auto scaled images | Players of American football from Honolulu | Saint Louis School alumni | Short description matches Wikidata | Sportspeople of Samoan descent | Use American English from September 2019 | Use mdy dates from December 2024 | Walter Camp Award winners
00-0004230,Ty Detmer,QB,Ty Detmer,https://en.wikipedia.org/wiki/Ty_Detmer,"Ty Hubert Detmer (born October 30, 1967) is an American former professional football player who was a quarterback in the National Football League (NFL). He won the Heisman Trophy, Maxwell Award, and Davey O'Brien Award in 1990 while playing college football for the BYU Cougars. Detmer broke numerous National Collegiate Athletic Association (NCAA) records with BYU and was twice recognized as a consensus All-American. A late-round pick in the 1992 NFL draft, Detmer played for six NFL teams over 14 seasons, mostly in a backup role. He is currently the athletic director at American Leadership Academy – Gilbert North High School in Gilbert, Arizona.
After his playing career, Detmer became a coach. He was the offensive coordinator at BYU from 2015 to 2017. He is the older brother of former NFL quarterback Koy Detmer.","1967 births | 20th-century American sportsmen | All-American college football players | All Wikipedia articles written in American English | All articles with dead external links | All articles with unsourced statements | American football quarterbacks | Articles with dead external links from June 2017 | Articles with permanently dead external links | Articles with short description | Articles with unsourced statements from October 2020 | Atlanta Falcons players | BYU Cougars football coaches | BYU Cougars football players | Cleveland Browns players | College Football Hall of Fame inductees | Commons category link from Wikidata | Converts to Mormonism | Detroit Lions players | Green Bay Packers players | Heisman Trophy winners | High school football coaches in Texas | Latter Day Saints from Texas | Living people | Maxwell Award winners | Philadelphia Eagles players | Players of American football from Guadalupe County, Texas | Players of American football from San Antonio | San Francisco 49ers players | Short description matches Wikidata | Sportspeople from San Antonio | Use American English from December 2022 | Use mdy dates from March 2024"
00-0030151,Tyler Bray,QB,Tyler Bray,https://en.wikipedia.org/wiki/Tyler_Bray,"Tyler Ian Bray (born December 27, 1991) is an American former professional football player who was a quarterback in the National Football League (NFL). After playing college football for the Tennessee Volunteers, he declared himself eligible for the 2013 NFL draft, in which he went undrafted. He spent five seasons with the Kansas City Chiefs before joining the Chicago Bears.","1991 births | All Wikipedia articles written in American English | American football quarterbacks | Articles with short description | Chicago Bears players | Citizen Potawatomi Nation people | Kansas City Chiefs players | Living people | Native American players of American football | People from Kingsburg, California | Players of American football from Clovis, California | San Francisco 49ers players | Short description is different from Wikidata | Tennessee Volunteers football players | Use American English from July 2025 | Use mdy dates from February 2024"
00-0033799,Tyler Ferguson,QB,Terrance Ferguson (American football),https://en.wikipedia.org/wiki/Terrance_Ferguson_(American_football),"Terrance Ferguson (born March 7, 2003) is an American professional football tight end for the Los Angeles Rams of the National Football League (NFL). He played college football for the Oregon Ducks and was selected by the Rams in the second round of the 2025 NFL draft.","2003 births | 21st-century American sportsmen | All Wikipedia articles written in American English | American football tight ends | Articles with short description | Living people | Los Angeles Rams currentteam parameter articles | Los Angeles Rams players | Oregon Ducks football players | People from Littleton, Colorado | Players of American football from Colorado | Short description matches Wikidata | Sportspeople from Littleton, Colorado | Use American English from December 2025 | Use mdy dates from July 2024"
00-0035993,Tyler Huntley,QB,Tyler Huntley,https://en.wikipedia.org/wiki/Tyler_Huntley,"Tyler Isaiah Huntley (born February 3, 1998) is an American professional football quarterback for the Baltimore Ravens of the National Football League (NFL). Nicknamed ""Snoop"", he played college football for the Utah Utes, leading them to Pac-12 South Division titles in 2018 and 2019. Huntley was signed by the Ravens as an undrafted free agent in 2020, and was selected as a replacement in the 2023 Pro Bowl after starting four games in place of injured starter Lamar Jackson.","1998 births | American Conference Pro Bowl players | American football quarterbacks | Articles with short description | Baltimore Ravens currentteam parameter articles | Baltimore Ravens players | Cleveland Browns players | Commons category link from Wikidata | Hallandale High School alumni | Living people | Miami Dolphins players | People from Dania Beach, Florida | Players of American football from Broward County, Florida | Short description matches Wikidata | Use mdy dates from March 2024 | Utah Utes football players"
00-0024812,Tyler Palko,QB,Tyler Palko,https://en.wikipedia.org/wiki/Tyler_Palko,"Tyler Robert Palko (born August 9, 1983) is an American former professional football player who was a quarterback in the National Football League (NFL). Palko played college football as the starting quarterback for the Pittsburgh Panthers from 2004 to 2006. The left-handed thrower was not selected in the 2007 NFL draft, but was signed by the New Orleans Saints as an undrafted free agent. He also played for the Arizona Cardinals, Montreal Alouettes of the Canadian Football League (CFL), Pittsburgh Steelers, and Kansas City Chiefs.","1983 births | All Wikipedia articles written in American English | All articles with unsourced statements | American football quarterbacks | Arizona Cardinals players | Articles with short description | Articles with unsourced statements from October 2012 | Canadian football quarterbacks | Kansas City Chiefs players | Living people | Montreal Alouettes players | New Orleans Saints players | Pittsburgh Panthers football players | Pittsburgh Steelers players | Players of American football from Allegheny County, Pennsylvania | Players of Canadian football from Pennsylvania | Short description is different from Wikidata | Use American English from July 2025 | Use mdy dates from July 2024 | Webarchive template wayback links"
00-0025604,Tyler Thigpen,QB,Tyler Thigpen,https://en.wikipedia.org/wiki/Tyler_Thigpen,"Tyler Beckham Thigpen (born April 14, 1984) is an American former professional football player who was a quarterback in the National Football League (NFL).  He played college football for the Coastal Carolina Chanticleers and was selected by the Minnesota Vikings in the seventh round of the 2007 NFL draft.
He was the first quarterback to play for the Coastal Carolina. He led the Chanticleers program to a 30–8 record as their starting quarterback. Thigpen holds the single-season and career passing records in most major statistical categories at Coastal Carolina.
He saw his most extensive action as a starting quarterback for the Kansas City Chiefs in 2008. Thigpen recorded 22 touchdowns (18 passing, 3 rushing, and 1 receiving) against 12 interceptions in 11 starts, though the Chiefs were 1–10 in that span.","1984 births | All Wikipedia articles written in American English | All articles with dead external links | American football quarterbacks | Articles with dead external links from July 2018 | Articles with dead external links from September 2016 | Articles with permanently dead external links | Articles with short description | Buffalo Bills players | CS1 maint: deprecated archival service | Cleveland Browns players | Coastal Carolina Chanticleers football players | Commons category link from Wikidata | Kansas City Chiefs players | Living people | Miami Dolphins players | Minnesota Vikings players | Players of American football from South Carolina | Short description is different from Wikidata | Sportspeople from Winnsboro, South Carolina | Use American English from July 2025 | Use mdy dates from May 2023"
00-0030568,Tyler Wilson,QB,Tyler Wilson (American football),https://en.wikipedia.org/wiki/Tyler_Wilson_(American_football),"James Tyler Wilson (born August 16, 1989) is an American former professional football quarterback. Wilson is the all-time passing yards leader at the University of Arkansas. He was selected by the Oakland Raiders in the fourth round of the 2013 NFL draft. He played college football at Arkansas. Wilson was also a member of the Tennessee Titans and Cincinnati Bengals.","1989 births | American football quarterbacks | American real estate brokers | Arkansas Razorbacks football players | Articles with short description | Cincinnati Bengals players | Commons category link from Wikidata | Living people | Oakland Raiders players | People from Greenwood, Arkansas | Players of American football from Arkansas | Short description is different from Wikidata | Sportspeople from Sebastian County, Arkansas | Tennessee Titans players | Use mdy dates from May 2019"
00-0035356,Tyree Jackson,QB,Tyree Jackson,https://en.wikipedia.org/wiki/Tyree_Jackson,"Tyree Romello Jackson (born November 7, 1997) is an American professional football tight end. He played college football as a quarterback for the Buffalo Bulls and was signed as an undrafted free agent by the Buffalo Bills in 2019. Jackson has also played for the DC Defenders of the XFL and the NFL's Philadelphia Eagles, New York Giants, and Washington Commanders.","1997 births | 21st-century African-American sportsmen | 21st-century American sportsmen | American football quarterbacks | American football tight ends | Articles with short description | Buffalo Bills players | Buffalo Bulls football players | Commons category link from Wikidata | DC Defenders players | Living people | New York Giants players | Philadelphia Eagles players | Players of American football from Michigan | Short description is different from Wikidata | Sportspeople from Muskegon County, Michigan | Use mdy dates from January 2019 | Washington Commanders players"
00-0028118,Tyrod Taylor,QB,Tyrod Taylor,https://en.wikipedia.org/wiki/Tyrod_Taylor,"Tyrod Di'allo Taylor (born August 3, 1989) is an American professional football quarterback for the Green Bay Packers of the National Football League (NFL). He played college football for the Virginia Tech Hokies and was selected by the Baltimore Ravens in the sixth round of the 2011 NFL draft.
While in Baltimore, he served as the backup to starting quarterback Joe Flacco, including during the Ravens' Super Bowl XLVII victory over the San Francisco 49ers. Taylor was signed by the Buffalo Bills as a free agent in 2015, taking over the starting quarterback duties that season and earning a Pro Bowl appearance. In 2017, he helped the Bills make their first playoff berth in 18 years. Taylor was traded to the Cleveland Browns in March 2018, with the Bills drafting Josh Allen to replace him. Taylor subsequently earned the starting position for the Browns, Los Angeles Chargers, Houston Texans, New York Giants, and New York Jets but was sidelined due to injuries all five times and replaced by rookies Baker Mayfield, Justin Herbert, Davis Mills, Tommy DeVito, and Brady Cook respectively.","1989 births | 20th-century African-American sportsmen | 21st-century African-American sportsmen | 21st-century American sportsmen | African-American Christians | All Wikipedia articles written in American English | American football quarterbacks | American soccer chairmen and investors | Articles with short description | Baltimore Ravens players | Buffalo Bills players | CS1 maint: deprecated archival service | Chairmen and investors of soccer clubs in the United States | Cleveland Browns players | Commons category link from Wikidata | Green Bay Packers currentteam parameter articles | Green Bay Packers players | Hampton High School (Virginia) alumni | Houston Texans players | Living people | Los Angeles Chargers players | New York Giants players | New York Jets players | Pages using multiple image with auto scaled images | Players of American football from Hampton, Virginia | Short description matches Wikidata | Unconferenced Pro Bowl players | Use American English from November 2025 | Use mdy dates from February 2024 | Virginia Tech Hokies football players | Westchester SC"
00-0038416,Tyson Bagent,QB,Tyson Bagent,https://en.wikipedia.org/wiki/Tyson_Bagent,"Tyson Jacob Bagent ( BAY-jənt; born June 8, 2000) is an American professional football quarterback for the Chicago Bears of the National Football League (NFL). He played college football for the Shepherd Rams.
As a five-year starter at Shepherd, Bagent broke almost every quarterback record for the school. He broke the Division II record for completions (1,400) and passing yards (17,034), as well as the NCAA record for passing touchdowns (159). In 2021, Bagent won the Harlon Hill Trophy and the Hardman Award as the top amateur athlete in West Virginia. He was named DII Offensive Player of the Year by almost every outlet. He was also a two-time All-American and PSAC East Offensive Player of the Year.
After not being selected in the 2023 NFL draft, Bagent signed with the Bears as an undrafted free agent. Despite the high unlikelihood of making the final roster, an impressive performance in the preseason earned him a spot for the regular season as the backup quarterback. On October 22, 2023, he became the first Division II undrafted rookie quarterback to start an NFL game since 1950.","2000 births | 21st-century American sportsmen | All Wikipedia articles written in American English | American football quarterbacks | Articles with short description | Chicago Bears currentteam parameter articles | Chicago Bears players | Commons category link from Wikidata | Living people | Martinsburg High School alumni | Players of American football from West Virginia | Shepherd Rams football players | Short description is different from Wikidata | Sportspeople from Martinsburg, West Virginia | Use American English from February 2026 | Use mdy dates from March 2024"
00-0024218,Vince Young,QB,Vince Young,https://en.wikipedia.org/wiki/Vince_Young,"Vincent Paul Young Jr. (born May 18, 1983) is an American former professional football quarterback who played in the National Football League (NFL) for six seasons, primarily with the Tennessee Titans. He played college football for the Texas Longhorns, winning the Maxwell, Davey O'Brien, and Manning awards in 2005 en route to a victory in the 2006 Rose Bowl. Young was selected by the Titans third overall in the 2006 NFL draft.
With the Titans, Young helped the team reach the playoffs in 2007 and made two Pro Bowl selections. Due to conflict with Titans management, he was released in 2010. Young spent his last season as a backup for the Philadelphia Eagles. He was inducted to the College Football Hall of Fame in 2019.",1983 births | All-American college football players | All BLP articles lacking sources | All Wikipedia articles written in American English | All articles with unsourced statements | American football quarterbacks | Articles with short description | Articles with unsourced statements from March 2023 | BLP articles lacking sources from January 2008 | BLP articles lacking sources from January 2025 | Buffalo Bills players | CS1 maint: deprecated archival service | Canadian football quarterbacks | Cleveland Browns players | College Football Hall of Fame inductees | Commons link from Wikidata | Green Bay Packers players | Living people | Maxwell Award winners | NFL Offensive Rookie of the Year winners | Philadelphia Eagles players | Players of American football from Houston | Players of Canadian football from Houston | Saskatchewan Roughriders players | Short description is different from Wikidata | Tennessee Titans players | Texas Longhorns football coaches | Texas Longhorns football players | Use American English from February 2023 | Use mdy dates from February 2024 | Webarchive template wayback links
00-0035723,Vincent Testaverde,QB,Vincent Testaverde Jr.,https://en.wikipedia.org/wiki/Vincent_Testaverde_Jr.,"Vincent Frank Testaverde Jr. (born July 20, 1996) is an American former professional football player who was a quarterback. He played college football for the Texas Tech Red Raiders, Miami Hurricanes, and Albany Great Danes. 
After going undrafted in the 2019 NFL draft, he signed with the Tampa Bay Buccaneers of the National Football League (NFL). He also had stints with the Tampa Bay Vipers and St. Louis Battlehawks of the XFL, BC Lions and Edmonton Elks of the Canadian Football League (CFL), Arizona Rattlers of the Indoor Football League (IFL), and the Albany Empire of the National Arena League (NAL). He is the son of former NFL quarterback Vinny Testaverde.","1996 births | Albany Empire (NAL) players | Albany Great Danes football players | American football quarterbacks | Arena Football League (2024) players | Arizona Rattlers players | Articles with short description | BC Lions players | Canadian football quarterbacks | Date of birth not in Wikidata | Edmonton Elks players | Jesuit High School (Tampa) alumni | Living people | Miami Hurricanes football players | Players of American football from Tampa, Florida | Players of Canadian football from Tampa, Florida | Short description is different from Wikidata | St. Louis Battlehawks players | Tampa Bay Buccaneers players | Tampa Bay Vipers players | Texas Tech Red Raiders football players | Use mdy dates from June 2024"
00-0016193,Vinny Testaverde,QB,Vinny Testaverde,https://en.wikipedia.org/wiki/Vinny_Testaverde,"Vincent Frank Testaverde Sr. (; born November 13, 1963) is an American former professional football quarterback who played in the National Football League (NFL) for 21 seasons. He played college football for the Miami Hurricanes, earning consensus All-American honors and winning the Heisman Trophy in 1986.
Testaverde was selected by the Tampa Bay Buccaneers with the first overall pick of the 1987 NFL draft. After leaving as a free agent, he signed with the Cleveland Browns and was among the people taken away to play for the new Baltimore Ravens during the team's controversial move. He then joined the New York Jets, where he achieved his greatest success. In the last four seasons of his career, he played for the Dallas Cowboys, the Jets for a second time, New England Patriots, and Carolina Panthers for one year each.
Testaverde's professional career is principally noted for its duration: 21 seasons with seven teams. He finished in the top 10 in most career passing statistics: 6th in career passing yardage, 7th in career touchdown passes, 6th in career completions. But he holds the NFL records for losses as a starting quarterback (123) and lowest career regular-season winning percentage for any quarterback with at least 70 wins (42.3%). He started five postseason games in his NFL career with a record of 2–3. Testaverde was known for his strong arm and high volume, but was also known for his frequent interceptions. Testaverde threw more than 20 interceptions in four of his 21 seasons; during his second season with the Buccaneers, he threw 35 interceptions.","1963 births | All-American college football players | All Wikipedia articles written in American English | All articles with unsourced statements | American Conference Pro Bowl players | American football quarterbacks | American people of Italian descent | Articles with short description | Articles with unsourced statements from March 2024 | Baltimore Ravens players | Carolina Panthers players | Cleveland Browns players | College Football Hall of Fame inductees | Commons category link from Wikidata | Dallas Cowboys players | First overall NFL draft picks | Fork Union Military Academy alumni | Heisman Trophy winners | Living people | Maxwell Award winners | Miami Hurricanes football players | New England Patriots players | New York Jets players | People from Floral Park, New York | Players of American football from Brooklyn | Players of American football from Nassau County, New York | Players of American football from Tampa, Florida | Short description is different from Wikidata | Sportspeople from Elmont, New York | Tampa Bay Buccaneers players | Use American English from September 2023 | Use mdy dates from March 2024 | Walter Camp Award winners"
00-0011524,Warren Moon,QB,Warren Moon,https://en.wikipedia.org/wiki/Warren_Moon,"Harold Warren Moon (born November 18, 1956) is an American former professional football quarterback who played for 23 seasons. He spent the majority of his career with the Houston Oilers of the National Football League (NFL) and the Edmonton Eskimos of the Canadian Football League (CFL). Moon also played for the NFL's Minnesota Vikings, Seattle Seahawks, and Kansas City Chiefs. He is considered one of the greatest undrafted players in NFL history.
Moon played college football for the Washington Huskies, winning Pac-8 Co-Player of the Year in 1977 and being named MVP of the Rose Bowl the following year. Due to not generating interest from NFL teams, he began his professional career with the Eskimos in 1978. Moon's success during his six CFL seasons, five of which ended in Grey Cup victories, resulted in him being signed by the Oilers in 1984. During his 17 NFL seasons, Moon was named Offensive Player of the Year in 1990 after leading the league in passing yards and passing touchdowns. He led the NFL in passing yards twice and received nine Pro Bowl selections. Moon spent 10 seasons with the Oilers, leading them to seven playoff appearances, and made an eighth postseason run with the Vikings before retiring in 2000.
At the time of his retirement, Moon held several all-time professional gridiron football passing records. Although relatively unsuccessful in the NFL postseason, his five consecutive Grey Cups from 1978 to 1982 remain a CFL record and he was twice named Grey Cup MVP. Moon was inducted to the Pro Football Hall of Fame in 2006, becoming the first African-American quarterback and the first undrafted quarterback to receive the honor. Moon is also the only player inducted to both the Pro Football Hall of Fame and the Canadian Football Hall of Fame.","1956 births | Alexander Hamilton High School (Los Angeles) alumni | All Wikipedia articles written in American English | All articles containing potentially dated statements | All articles needing additional references | All articles with dead external links | All articles with failed verification | All articles with unsourced statements | All articles with vague or ambiguous time | American Conference Pro Bowl players | American football quarterbacks | American philanthropists | American radio sports commentators | American television sports commentators | Articles containing potentially dated statements from 2019 | Articles needing additional references from May 2025 | Articles with dead external links from August 2024 | Articles with failed verification from May 2025 | Articles with permanently dead external links | Articles with short description | Articles with unsourced statements from May 2025 | Canadian Football Hall of Fame inductees | Canadian Football League Most Outstanding Player Award winners | Canadian football quarterbacks | Commons category link from Wikidata | Edmonton Elks players | Houston Oilers players | Kansas City Chiefs players | Living people | Minnesota Vikings players | NFL Offensive Player of the Year winners | NFL players with retired numbers | National Conference Pro Bowl players | Players of American football from Los Angeles | Players of Canadian football from Los Angeles | Pro Football Hall of Fame inductees | Seattle Seahawks announcers | Seattle Seahawks players | Short description matches Wikidata | Sportspeople from Redmond, Washington | Use American English from November 2021 | Use mdy dates from May 2024 | Vague or ambiguous time from May 2025 | Walter Payton NFL Man of the Year winners | Washington Huskies football players | Webarchive template wayback links | West Los Angeles Wildcats football players"
00-0035251,Will Grier,QB,Will Grier,https://en.wikipedia.org/wiki/Will_Grier,"William Grier (born April 3, 1995) is an American professional football quarterback for the Carolina Panthers of the National Football League (NFL). He played college football for the Florida Gators and West Virginia Mountaineers and was selected by the Carolina Panthers in the third round in the 2019 NFL draft.","1995 births | All Wikipedia articles written in American English | American football quarterbacks | American sportspeople in doping cases | Articles with short description | Carolina Panthers currentteam parameter articles | Carolina Panthers players | Cincinnati Bengals players | Commons category link from Wikidata | Dallas Cowboys players | Doping cases in American football | Florida Gators football players | Living people | Los Angeles Chargers players | New England Patriots players | People from Davidson, North Carolina | Philadelphia Eagles players | Players of American football from Charlotte, North Carolina | Players of American football from Mecklenburg County, North Carolina | Short description matches Wikidata | Use American English from November 2025 | Use mdy dates from March 2024 | West Virginia Mountaineers football players"
00-0039152,Will Levis,QB,Will Levis,https://en.wikipedia.org/wiki/Will_Levis,"William Donovan Levis (LEV-is; born June 27, 1999) is an American professional football quarterback for the Tennessee Titans of the National Football League (NFL). He played college football for the Penn State Nittany Lions and Kentucky Wildcats before being selected by the Titans in the second round of the 2023 NFL draft.","1999 births | American football quarterbacks | Articles with short description | Commons category link from Wikidata | Gatton College of Business and Economics alumni | Kentucky Wildcats football players | Living people | Penn State Nittany Lions football players | People from Madison, Connecticut | Players of American football from Middlesex County, Massachusetts | Players of American football from New Haven County, Connecticut | Short description matches Wikidata | Smeal College of Business alumni | Sportspeople from Newton, Massachusetts | Tennessee Titans currentteam parameter articles | Tennessee Titans players | Use mdy dates from June 2023"
00-0035037,Wilton Speight,QB,Wilton Speight,https://en.wikipedia.org/wiki/Wilton_Speight,"Robert Wilton Speight III ( SPAYT; born December 6, 1994) is an American former college football player who was a quarterback for the Michigan Wolverines and UCLA Bruins. In high school, he was a 2014 Under Armour All-America Game selection and subsequently committed to play in college for Michigan. Speight redshirted in 2014 and was the backup quarterback in 2015. As a redshirt sophomore in 2016, he started 12 games and earned third-team All-Big Ten honors. In 2017, Speight started four games before suffering a season-ending injury. In April 2018, Speight transferred to UCLA for his final season of eligibility.
He later signed as an undrafted free agent with the San Francisco 49ers in 2019, but did not make the team during final roster cuts, ending his National Football League (NFL) career.","1994 births | All Wikipedia articles written in American English | American football quarterbacks | Articles with short description | Commons category link from Wikidata | Good articles | Living people | Michigan Wolverines football players | Players of American football from Richmond, Virginia | San Francisco 49ers players | Short description matches Wikidata | UCLA Bruins football players | Under Armour All-American football players | Use American English from March 2025 | Use mdy dates from January 2019"
00-0030394,Zac Dysert,QB,Zac Dysert,https://en.wikipedia.org/wiki/Zac_Dysert,"Zac Dysert (born February 8, 1990) is an American former professional football quarterback. He played college football for the Miami RedHawks. He was selected by the Denver Broncos in the seventh round of the 2013 NFL draft. He was on the active roster of both the Broncos and Arizona Cardinals but never played in a regular season NFL game.","1990 births | 21st-century American sportsmen | All Wikipedia articles written in American English | All articles with dead external links | American football quarterbacks | Arizona Cardinals players | Articles with dead external links from June 2016 | Articles with short description | Buffalo Bills players | Chicago Bears players | Dallas Cowboys players | Denver Broncos players | Houston Texans players | Living people | Miami Dolphins players | Miami RedHawks football players | People from Ada, Ohio | Players of American football from Ohio | Short description is different from Wikidata | Use American English from May 2023 | Use mdy dates from May 2023"
00-0027841,Zac Robinson,QB,Zac Robinson,https://en.wikipedia.org/wiki/Zac_Robinson,"Zachary Ross Robinson (born September 29, 1986) is an American professional football coach who is the offensive coordinator for the Tampa Bay Buccaneers of the National Football League (NFL). He previously served as the offensive coordinator for the Atlanta Falcons from 2024 to 2025. Robinson played college football as a quarterback at Oklahoma State Cowboys and was selected by the New England Patriots in the seventh round of the 2010 NFL draft. He was also a member of the Seattle Seahawks, Detroit Lions, and Cincinnati Bengals before retiring in 2013. Robinson became a coach in 2019, serving as an assistant coach for the Los Angeles Rams and the Atlanta Falcons.","1986 births | All Wikipedia articles written in American English | American football quarterbacks | Articles with short description | Atlanta Falcons coaches | Cincinnati Bengals players | Coaches of American football from Colorado | Commons category link from Wikidata | Detroit Lions players | Living people | Los Angeles Rams coaches | NFL offensive coordinators | New England Patriots players | Oklahoma State Cowboys football players | Players of American football from Colorado | Seattle Seahawks players | Short description is different from Wikidata | Sportspeople from Littleton, Colorado | Tampa Bay Buccaneers coaches | Tampa Bay Buccaneers currentteam parameter articles | Use American English from November 2025 | Use mdy dates from October 2023"
00-0031266,Zach Mettenberger,QB,Zach Mettenberger,https://en.wikipedia.org/wiki/Zach_Mettenberger,"Zachary Rich Mettenberger (born July 16, 1991) is an American former professional football player who was a quarterback in the National Football League (NFL) for three seasons, primarily with the Tennessee Titans. He played college football for the LSU Tigers and was selected by the Titans in the sixth round of the 2014 NFL draft. After two seasons in Tennessee as a backup starting ten games, Mettenberger had an offseason stint with the San Diego Chargers before spending his final NFL year as a backup for the Pittsburgh Steelers in 2016. Mettenberger last played with the Memphis Express of the Alliance of American Football (AAF) in 2019.","1991 births | Alabama Crimson Tide football coaches | All Wikipedia articles written in American English | American football quarterbacks | American people of German descent | Articles with short description | Butler Grizzlies football players | Coaches of American football from Georgia (U.S. state) | Commons category link from Wikidata | Georgia Bulldogs football players | High school football coaches in Tennessee | LSU Tigers football players | Living people | Memphis Express (American football) players | NFL empty currentteam parameter articles | People from Watkinsville, Georgia | Pittsburgh Steelers players | Players of American football from Georgia (U.S. state) | San Diego Chargers players | Short description is different from Wikidata | Tennessee Titans players | The Spring League players | Use American English from January 2026 | Use mdy dates from March 2024"
00-0037013,Zach Wilson,QB,Zach Wilson,https://en.wikipedia.org/wiki/Zach_Wilson,"Zachary Kapono Wilson (born August 3, 1999) is an American professional football quarterback for the New Orleans Saints of the National Football League (NFL). He played college football for the BYU Cougars and was selected second overall by the New York Jets in the 2021 NFL draft. Wilson served as the Jets' starter during his first three seasons, but inconsistent play led to him being traded to the Denver Broncos in 2024. He joined the Miami Dolphins the following season. In 2026, Wilson signed with the New Orleans Saints.","1999 births | All Wikipedia articles written in American English | American football quarterbacks | American people of Native Hawaiian descent | Articles with short description | BYU Cougars football players | Commons category link from Wikidata | Denver Broncos players | Latter Day Saints from Utah | Living people | Miami Dolphins players | Native Hawaiian sportspeople | New Orleans Saints currentteam parameter articles | New Orleans Saints players | New York Jets players | People with attention deficit hyperactivity disorder | Players of American football from Salt Lake County, Utah | Second overall NFL draft picks | Short description matches Wikidata | Sportspeople from Draper, Utah | Use American English from September 2020 | Use mdy dates from March 2023"
00-0039597,Zack Annexstad,QB,Zack Annexstad,https://en.wikipedia.org/wiki/Zack_Annexstad,"Zack Annexstad (born April 16, 2000) is an American professional football quarterback. He played college football for the Minnesota Golden Gophers and Illinois State Redbirds.","2000 births | American football quarterbacks | Articles with short description | Date of birth not in Wikidata | IMG Academy alumni | Illinois State Redbirds football players | Living people | Minnesota Golden Gophers football players | People from Nicollet County, Minnesota | Players of American football from Minnesota | Short description is different from Wikidata | Tampa Bay Buccaneers players | Use mdy dates from August 2024"
