player_id,player_name,position_group,race,race_source,confidence,notes
00-0020305,A.J. Feeley,QB,White,https://en.wikipedia.org/wiki/A._J._Feeley,Low,No minority ethnicity markers detected in metadata. Provisional White classification; should be manually reviewed.
00-0031288,A.J. McCarron,QB,White,https://en.wikipedia.org/wiki/A._J._McCarron,Low,No minority ethnicity markers detected in metadata. Provisional White classification; should be manually reviewed.
00-0001823,Aaron Brooks,QB,Black,https://en.wikipedia.org/wiki/Aaron_Brooks_(American_football),Medium,Wikipedia metadata matched Black/African-American language.
00-0031287,Aaron Murray,QB,White,https://en.wikipedia.org/wiki/Aaron_Murray,Low,No minority ethnicity markers detected in metadata. Provisional White classification; should be manually reviewed.
00-0023459,Aaron Rodgers,QB,White,https://en.wikipedia.org/wiki/Aaron_Rodgers,Low,No minority ethnicity markers detected in metadata. Provisional White classification; should be manually reviewed.
00-0038658,Adrian Martinez,QB,Latino,https://en.wikipedia.org/wiki/Adrian_Martinez_(American_football),Medium,Wikipedia metadata matched Latino/Hispanic language.
00-0023585,Adrian McPherson,QB,White,https://en.wikipedia.org/wiki/Adrian_McPherson,Low,No minority ethnicity markers detected in metadata. Provisional White classification; should be manually reviewed.
00-0038579,Aidan O'Connell,QB,White,https://en.wikipedia.org/wiki/Aidan_O%27Connell,Low,No minority ethnicity markers detected in metadata. Provisional White classification; should be manually reviewed.
00-0015082,Akili Smith,QB,Black,https://en.wikipedia.org/wiki/Akili_Smith,Medium,Wikipedia metadata matched Black/African-American language.
00-0033238,Alek Torgersen,QB,White,https://en.wikipedia.org/wiki/Alek_Torgersen,Low,No minority ethnicity markers detected in metadata. Provisional White classification; should be manually reviewed.
00-0034732,Alex McGough,QB,White,https://en.wikipedia.org/wiki/Alex_McGough,Low,No minority ethnicity markers detected in metadata. Provisional White classification; should be manually reviewed.
00-0023436,Alex Smith,QB,White,https://en.wikipedia.org/wiki/Alex_Smith,Low,No minority ethnicity markers detected in metadata. Provisional White classification; should be manually reviewed.
00-0029623,Alex Tanney,QB,White,https://en.wikipedia.org/wiki/Alex_Tanney,Low,No minority ethnicity markers detected in metadata. Provisional White classification; should be manually reviewed.
00-0016838,Alex Van Pelt,QB,White,https://en.wikipedia.org/wiki/Alex_Van_Pelt,Low,No minority ethnicity markers detected in metadata. Provisional White classification; should be manually reviewed.
00-0029668,Andrew Luck,QB,White,https://en.wikipedia.org/wiki/Andrew_Luck,Low,No minority ethnicity markers detected in metadata. Provisional White classification; should be manually reviewed.
00-0039334,Andrew Peasley,QB,White,https://en.wikipedia.org/wiki/Andrew_Peasley,Low,No minority ethnicity markers detected in metadata. Provisional White classification; should be manually reviewed.
00-0023504,Andrew Walter,QB,White,https://en.wikipedia.org/wiki/Andrew_Walter,Low,No minority ethnicity markers detected in metadata. Provisional White classification; should be manually reviewed.
00-0027973,Andy Dalton,QB,White,https://en.wikipedia.org/wiki/Andy_Dalton,Low,No minority ethnicity markers detected in metadata. Provisional White classification; should be manually reviewed.
00-0022761,Andy Hall,QB,White,https://en.wikipedia.org/wiki/Andy_Hall_(American_football),Low,No minority ethnicity markers detected in metadata. Provisional White classification; should be manually reviewed.
00-0037175,Anthony Brown,QB,Black,https://en.wikipedia.org/wiki/Anthony_Brown_(offensive_lineman),Medium,Wikipedia metadata matched Black/African-American language.
00-0035988,Anthony Gordon,QB,White,https://en.wikipedia.org/wiki/Anthony_Gordon_(American_football),Low,No minority ethnicity markers detected in metadata. Provisional White classification; should be manually reviewed.
00-0039164,Anthony Richardson,QB,White,https://en.wikipedia.org/wiki/Anthony_Richardson_(American_football),Low,No minority ethnicity markers detected in metadata. Provisional White classification; should be manually reviewed.
00-0018272,Anthony Wright,QB,White,https://en.wikipedia.org/wiki/Anthony_Wright_(American_football),Low,No minority ethnicity markers detected in metadata. Provisional White classification; should be manually reviewed.
00-0034608,Austin Allen,QB,White,https://en.wikipedia.org/wiki/Austin_Allen,Low,No minority ethnicity markers detected in metadata. Provisional White classification; should be manually reviewed.
00-0028957,Austin Davis,QB,White,https://en.wikipedia.org/wiki/Austin_Davis_(American_football),Low,No minority ethnicity markers detected in metadata. Provisional White classification; should be manually reviewed.
00-0039464,Austin Reed,QB,White,https://en.wikipedia.org/wiki/Austin_Reed_(American_football),Low,No minority ethnicity markers detected in metadata. Provisional White classification; should be manually reviewed.
00-0030120,B.J. Daniels,QB,Black,https://en.wikipedia.org/wiki/B._J._Daniels_(American_football),Medium,Wikipedia metadata matched Black/African-American language.
00-0038108,Bailey Zappe,QB,White,https://en.wikipedia.org/wiki/Bailey_Zappe,Low,No minority ethnicity markers detected in metadata. Provisional White classification; should be manually reviewed.
00-0034855,Baker Mayfield,QB,White,https://en.wikipedia.org/wiki/Baker_Mayfield,Low,No minority ethnicity markers detected in metadata. Provisional White classification; should be manually reviewed.
00-0033866,Bart Houston,QB,White,https://en.wikipedia.org/wiki/Bart_Houston,Low,No minority ethnicity markers detected in metadata. Provisional White classification; should be manually reviewed.
00-0036384,Ben DiNucci,QB,White,https://en.wikipedia.org/wiki/Ben_DiNucci,Low,No minority ethnicity markers detected in metadata. Provisional White classification; should be manually reviewed.
00-0022924,Ben Roethlisberger,QB,White,https://en.wikipedia.org/wiki/Ben_Roethlisberger,Low,No minority ethnicity markers detected in metadata. Provisional White classification; should be manually reviewed.
00-0007530,Billy Joe Hobert,QB,White,https://en.wikipedia.org/wiki/Billy_Joe_Hobert,Low,No minority ethnicity markers detected in metadata. Provisional White classification; should be manually reviewed.
00-0016534,Billy Joe Tolliver,QB,White,https://en.wikipedia.org/wiki/Billy_Joe_Tolliver,Low,No minority ethnicity markers detected in metadata. Provisional White classification; should be manually reviewed.
00-0019041,Billy Volek,QB,White,https://en.wikipedia.org/wiki/Billy_Volek,Low,No minority ethnicity markers detected in metadata. Provisional White classification; should be manually reviewed.
00-0027948,Blaine Gabbert,QB,White,https://en.wikipedia.org/wiki/Blaine_Gabbert,Low,No minority ethnicity markers detected in metadata. Provisional White classification; should be manually reviewed.
00-0031407,Blake Bortles,QB,White,https://en.wikipedia.org/wiki/Blake_Bortles,Low,No minority ethnicity markers detected in metadata. Provisional White classification; should be manually reviewed.
00-0039732,Bo Nix,QB,White,https://en.wikipedia.org/wiki/Bo_Nix,Low,No minority ethnicity markers detected in metadata. Provisional White classification; should be manually reviewed.
00-0007832,Bobby Hoying,QB,White,https://en.wikipedia.org/wiki/Bobby_Hoying,Low,No minority ethnicity markers detected in metadata. Provisional White classification; should be manually reviewed.
00-0008442,Brad Johnson,QB,White,https://en.wikipedia.org/wiki/Brad_Johnson_(American_football),Low,No minority ethnicity markers detected in metadata. Provisional White classification; should be manually reviewed.
00-0033585,Brad Kaaya,QB,White,https://en.wikipedia.org/wiki/Brad_Kaaya,Low,No minority ethnicity markers detected in metadata. Provisional White classification; should be manually reviewed.
00-0030292,Brad Sorensen,QB,White,https://en.wikipedia.org/wiki/Brad_Sorensen,Low,No minority ethnicity markers detected in metadata. Provisional White classification; should be manually reviewed.
00-0022774,Bradlee Van Pelt,QB,White,https://en.wikipedia.org/wiki/Bradlee_Van_Pelt,Low,No minority ethnicity markers detected in metadata. Provisional White classification; should be manually reviewed.
00-0025409,Brady Quinn,QB,White,https://en.wikipedia.org/wiki/Brady_Quinn,Low,No minority ethnicity markers detected in metadata. Provisional White classification; should be manually reviewed.
00-0032434,Brandon Allen,QB,White,https://en.wikipedia.org/wiki/Brandon_Allen_(American_football),Low,No minority ethnicity markers detected in metadata. Provisional White classification; should be manually reviewed.
00-0021276,Brandon Doman,QB,White,https://en.wikipedia.org/wiki/Brandon_Doman,Low,No minority ethnicity markers detected in metadata. Provisional White classification; should be manually reviewed.
00-0032446,Brandon Doughty,QB,White,https://en.wikipedia.org/wiki/Brandon_Doughty,Low,No minority ethnicity markers detected in metadata. Provisional White classification; should be manually reviewed.
00-0037472,Brandon Peters,QB,White,https://en.wikipedia.org/wiki/Brandon_Peters,Low,No minority ethnicity markers detected in metadata. Provisional White classification; should be manually reviewed.
00-0029677,Brandon Weeden,QB,White,https://en.wikipedia.org/wiki/Brandon_Weeden,Low,No minority ethnicity markers detected in metadata. Provisional White classification; should be manually reviewed.
00-0038365,Braxton Burmeister,QB,White,https://en.wikipedia.org/wiki/Braxton_Burmeister,Low,No minority ethnicity markers detected in metadata. Provisional White classification; should be manually reviewed.
00-0023859,Brett Basanez,QB,White,https://en.wikipedia.org/wiki/Brett_Basanez,Low,No minority ethnicity markers detected in metadata. Provisional White classification; should be manually reviewed.
00-0005106,Brett Favre,QB,White,https://en.wikipedia.org/wiki/Brett_Favre,Low,No minority ethnicity markers detected in metadata. Provisional White classification; should be manually reviewed.
00-0031589,Brett Hundley,QB,Black,https://en.wikipedia.org/wiki/Brett_Hundley,Medium,Wikipedia metadata matched Black/African-American language.
00-0025694,Brett Ratliff,QB,White,https://en.wikipedia.org/wiki/Brett_Ratliff,Low,No minority ethnicity markers detected in metadata. Provisional White classification; should be manually reviewed.
00-0034955,Brett Rypien,QB,White,https://en.wikipedia.org/wiki/Brett_Rypien,Low,No minority ethnicity markers detected in metadata. Provisional White classification; should be manually reviewed.
00-0026196,Brian Brohm,QB,White,https://en.wikipedia.org/wiki/Brian_Brohm,Low,No minority ethnicity markers detected in metadata. Provisional White classification; should be manually reviewed.
00-0006423,Brian Griese,QB,White,https://en.wikipedia.org/wiki/Brian_Griese,Low,No minority ethnicity markers detected in metadata. Provisional White classification; should be manually reviewed.
00-0026625,Brian Hoyer,QB,White,https://en.wikipedia.org/wiki/Brian_Hoyer,Low,No minority ethnicity markers detected in metadata. Provisional White classification; should be manually reviewed.
00-0036092,Brian Lewerke,QB,White,https://en.wikipedia.org/wiki/Brian_Lewerke,Low,No minority ethnicity markers detected in metadata. Provisional White classification; should be manually reviewed.
00-0022101,Brian St. Pierre,QB,White,https://en.wikipedia.org/wiki/Brian_St._Pierre,Low,No minority ethnicity markers detected in metadata. Provisional White classification; should be manually reviewed.
00-0023158,Brock Berlin,QB,White,https://en.wikipedia.org/wiki/Brock_Berlin,Low,No minority ethnicity markers detected in metadata. Provisional White classification; should be manually reviewed.
00-0007834,Brock Huard,QB,White,https://en.wikipedia.org/wiki/Brock_Huard,Low,No minority ethnicity markers detected in metadata. Provisional White classification; should be manually reviewed.
00-0029682,Brock Osweiler,QB,White,https://en.wikipedia.org/wiki/Brock_Osweiler,Low,No minority ethnicity markers detected in metadata. Provisional White classification; should be manually reviewed.
00-0037834,Brock Purdy,QB,White,https://en.wikipedia.org/wiki/Brock_Purdy,Low,No minority ethnicity markers detected in metadata. Provisional White classification; should be manually reviewed.
00-0024300,Brodie Croyle,QB,White,https://en.wikipedia.org/wiki/Brodie_Croyle,Low,No minority ethnicity markers detected in metadata. Provisional White classification; should be manually reviewed.
00-0034697,Brogan Roback,QB,White,https://en.wikipedia.org/wiki/Brogan_Roback,Low,No minority ethnicity markers detected in metadata. Provisional White classification; should be manually reviewed.
00-0022026,Brooks Bollinger,QB,White,https://en.wikipedia.org/wiki/Brooks_Bollinger,Low,No minority ethnicity markers detected in metadata. Provisional White classification; should be manually reviewed.
00-0024408,Bruce Gradkowski,QB,White,https://en.wikipedia.org/wiki/Bruce_Gradkowski,Low,No minority ethnicity markers detected in metadata. Provisional White classification; should be manually reviewed.
00-0035939,Bryce Perkins,QB,Black,https://en.wikipedia.org/wiki/Bryce_Perkins,Medium,Wikipedia metadata matched Black/African-American language.
00-0031568,Bryce Petty,QB,White,https://en.wikipedia.org/wiki/Bryce_Petty,Low,No minority ethnicity markers detected in metadata. Provisional White classification; should be manually reviewed.
00-0039150,Bryce Young,QB,Black,https://en.wikipedia.org/wiki/Bryce_Young,Medium,Wikipedia metadata matched Black/African-American language.
00-0030673,Bryn Renner,QB,White,https://en.wikipedia.org/wiki/Bryn_Renner,Low,No minority ethnicity markers detected in metadata. Provisional White classification; should be manually reviewed.
00-0001785,Bubby Brister,QB,White,https://en.wikipedia.org/wiki/Bubby_Brister,Low,No minority ethnicity markers detected in metadata. Provisional White classification; should be manually reviewed.
00-0022177,Byron Leftwich,QB,Black,https://en.wikipedia.org/wiki/Byron_Leftwich,Medium,Wikipedia metadata matched Black/African-American language.
00-0033936,C.J. Beathard,QB,White,https://en.wikipedia.org/wiki/C._J._Beathard,Low,No minority ethnicity markers detected in metadata. Provisional White classification; should be manually reviewed.
00-0039163,C.J. Stroud,QB,Black,https://en.wikipedia.org/wiki/C._J._Stroud,Medium,Wikipedia metadata matched Black/African-American language.
00-0011044,Cade McNown,QB,White,https://en.wikipedia.org/wiki/Cade_McNown,Low,No minority ethnicity markers detected in metadata. Provisional White classification; should be manually reviewed.
00-0025970,Caleb Hanie,QB,White,https://en.wikipedia.org/wiki/Caleb_Hanie,Low,No minority ethnicity markers detected in metadata. Provisional White classification; should be manually reviewed.
00-0039918,Caleb Williams,QB,Black,https://en.wikipedia.org/wiki/Caleb_Williams,Medium,Wikipedia metadata matched Black/African-American language.
00-0027939,Cam Newton,QB,Black,https://en.wikipedia.org/wiki/Cam_Newton,Medium,Wikipedia metadata matched Black/African-American language.
00-0033098,Cardale Jones,QB,Black,https://en.wikipedia.org/wiki/Cardale_Jones,Medium,Wikipedia metadata matched Black/African-American language.
00-0021429,Carson Palmer,QB,White,https://en.wikipedia.org/wiki/Carson_Palmer,Low,No minority ethnicity markers detected in metadata. Provisional White classification; should be manually reviewed.
00-0037139,Carson Strong,QB,White,https://en.wikipedia.org/wiki/Carson_Strong,Low,No minority ethnicity markers detected in metadata. Provisional White classification; should be manually reviewed.
00-0032950,Carson Wentz,QB,White,https://en.wikipedia.org/wiki/Carson_Wentz,Low,No minority ethnicity markers detected in metadata. Provisional White classification; should be manually reviewed.
00-0039534,Carter Bradley,QB,White,https://en.wikipedia.org/wiki/Carter_Bradley,Low,No minority ethnicity markers detected in metadata. Provisional White classification; should be manually reviewed.
00-0035812,Case Cookus,QB,White,https://en.wikipedia.org/wiki/Case_Cookus,Low,No minority ethnicity markers detected in metadata. Provisional White classification; should be manually reviewed.
00-0028986,Case Keenum,QB,White,https://en.wikipedia.org/wiki/Case_Keenum,Low,No minority ethnicity markers detected in metadata. Provisional White classification; should be manually reviewed.
00-0039657,Casey Bauman,QB,White,https://en.wikipedia.org/wiki/Casey_Bauman,Low,No minority ethnicity markers detected in metadata. Provisional White classification; should be manually reviewed.
00-0022829,Casey Bramlet,QB,White,https://en.wikipedia.org/wiki/Casey_Bramlet,Low,No minority ethnicity markers detected in metadata. Provisional White classification; should be manually reviewed.
00-0023739,Casey Printers,QB,Black,https://en.wikipedia.org/wiki/Casey_Printers,Medium,Wikipedia metadata matched Black/African-American language.
00-0026197,Chad Henne,QB,White,https://en.wikipedia.org/wiki/Chad_Henne,Low,No minority ethnicity markers detected in metadata. Provisional White classification; should be manually reviewed.
00-0020562,Chad Hutchinson,QB,White,https://en.wikipedia.org/wiki/Chad_Hutchinson,Low,No minority ethnicity markers detected in metadata. Provisional White classification; should be manually reviewed.
00-0034478,Chad Kanoff,QB,White,https://en.wikipedia.org/wiki/Chad_Kanoff,Low,No minority ethnicity markers detected in metadata. Provisional White classification; should be manually reviewed.
00-0033597,Chad Kelly,QB,White,https://en.wikipedia.org/wiki/Chad_Kelly,Low,No minority ethnicity markers detected in metadata. Provisional White classification; should be manually reviewed.
00-0019559,Chad Pennington,QB,White,https://en.wikipedia.org/wiki/Chad_Pennington,Low,No minority ethnicity markers detected in metadata. Provisional White classification; should be manually reviewed.
00-0029554,Chandler Harnish,QB,White,https://en.wikipedia.org/wiki/Chandler_Harnish,Low,No minority ethnicity markers detected in metadata. Provisional White classification; should be manually reviewed.
00-0000865,Charlie Batch,QB,Black,https://en.wikipedia.org/wiki/Charlie_Batch,Medium,Wikipedia metadata matched Black/African-American language.
00-0023502,Charlie Frye,QB,White,https://en.wikipedia.org/wiki/Charlie_Frye,Low,No minority ethnicity markers detected in metadata. Provisional White classification; should be manually reviewed.
00-0024296,Charlie Whitehurst,QB,White,https://en.wikipedia.org/wiki/Charlie_Whitehurst,Low,No minority ethnicity markers detected in metadata. Provisional White classification; should be manually reviewed.
00-0026544,Chase Daniel,QB,White,https://en.wikipedia.org/wiki/Chase_Daniel,Low,No minority ethnicity markers detected in metadata. Provisional White classification; should be manually reviewed.
00-0037507,Chase Garbers,QB,White,https://en.wikipedia.org/wiki/Chase_Garbers,Low,No minority ethnicity markers detected in metadata. Provisional White classification; should be manually reviewed.
00-0034291,Chase Litton,QB,White,https://en.wikipedia.org/wiki/Chase_Litton,Low,No minority ethnicity markers detected in metadata. Provisional White classification; should be manually reviewed.
00-0002876,Chris Chandler,QB,White,https://en.wikipedia.org/wiki/Chris_Chandler_(American_football),Low,No minority ethnicity markers detected in metadata. Provisional White classification; should be manually reviewed.
00-0006410,Chris Greisen,QB,White,https://en.wikipedia.org/wiki/Chris_Greisen,Low,No minority ethnicity markers detected in metadata. Provisional White classification; should be manually reviewed.
00-0037324,Chris Oladokun,QB,White,https://en.wikipedia.org/wiki/Chris_Oladokun,Low,No minority ethnicity markers detected in metadata. Provisional White classification; should be manually reviewed.
00-0019709,Chris Redman,QB,White,https://en.wikipedia.org/wiki/Chris_Redman,Low,No minority ethnicity markers detected in metadata. Provisional White classification; should be manually reviewed.
00-0022005,Chris Simms,QB,White,https://en.wikipedia.org/wiki/Chris_Simms,Low,No minority ethnicity markers detected in metadata. Provisional White classification; should be manually reviewed.
00-0035752,Chris Streveler,QB,White,https://en.wikipedia.org/wiki/Chris_Streveler,Low,No minority ethnicity markers detected in metadata. Provisional White classification; should be manually reviewed.
00-0020434,Chris Weinke,QB,White,https://en.wikipedia.org/wiki/Chris_Weinke,Low,No minority ethnicity markers detected in metadata. Provisional White classification; should be manually reviewed.
00-0032953,Christian Hackenberg,QB,White,https://en.wikipedia.org/wiki/Christian_Hackenberg,Low,No minority ethnicity markers detected in metadata. Provisional White classification; should be manually reviewed.
00-0027950,Christian Ponder,QB,White,https://en.wikipedia.org/wiki/Christian_Ponder,Low,No minority ethnicity markers detected in metadata. Provisional White classification; should be manually reviewed.
00-0035283,Clayton Thorson,QB,White,https://en.wikipedia.org/wiki/Clayton_Thorson,Low,No minority ethnicity markers detected in metadata. Provisional White classification; should be manually reviewed.
00-0038582,Clayton Tune,QB,White,https://en.wikipedia.org/wiki/Clayton_Tune,Low,No minority ethnicity markers detected in metadata. Provisional White classification; should be manually reviewed.
00-0020565,Cleo Lemon,QB,Black,https://en.wikipedia.org/wiki/Cleo_Lemon,Medium,Wikipedia metadata matched Black/African-American language.
00-0019442,Clint Stoerner,QB,White,https://en.wikipedia.org/wiki/Clint_Stoerner,Low,No minority ethnicity markers detected in metadata. Provisional White classification; should be manually reviewed.
00-0033104,Cody Kessler,QB,White,https://en.wikipedia.org/wiki/Cody_Kessler,Low,No minority ethnicity markers detected in metadata. Provisional White classification; should be manually reviewed.
00-0022731,Cody Pickett,QB,White,https://en.wikipedia.org/wiki/Cody_Pickett,Low,No minority ethnicity markers detected in metadata. Provisional White classification; should be manually reviewed.
00-0037165,Cole Kelley,QB,White,https://en.wikipedia.org/wiki/Cole_Kelley,Low,No minority ethnicity markers detected in metadata. Provisional White classification; should be manually reviewed.
00-0027974,Colin Kaepernick,QB,Black,https://en.wikipedia.org/wiki/Colin_Kaepernick,Medium,Wikipedia metadata matched Black/African-American language.
00-0026326,Colt Brennan,QB,White,https://en.wikipedia.org/wiki/Colt_Brennan,Low,No minority ethnicity markers detected in metadata. Provisional White classification; should be manually reviewed.
00-0027688,Colt McCoy,QB,White,https://en.wikipedia.org/wiki/Colt_McCoy,Low,No minority ethnicity markers detected in metadata. Provisional White classification; should be manually reviewed.
00-0032893,Connor Cook,QB,White,https://en.wikipedia.org/wiki/Connor_Cook,Low,No minority ethnicity markers detected in metadata. Provisional White classification; should be manually reviewed.
00-0034897,Connor Jessop,QB,White,https://en.wikipedia.org/wiki/Connor_Jessop,Low,No minority ethnicity markers detected in metadata. Provisional White classification; should be manually reviewed.
00-0030661,Connor Shaw,QB,White,https://en.wikipedia.org/wiki/Connor_Shaw,Low,No minority ethnicity markers detected in metadata. Provisional White classification; should be manually reviewed.
00-0033662,Cooper Rush,QB,White,https://en.wikipedia.org/wiki/Cooper_Rush,Low,No minority ethnicity markers detected in metadata. Provisional White classification; should be manually reviewed.
00-0014384,Cory Sauter,QB,White,https://en.wikipedia.org/wiki/Cory_Sauter,Low,No minority ethnicity markers detected in metadata. Provisional White classification; should be manually reviewed.
00-0022818,Craig Krenzel,QB,White,https://en.wikipedia.org/wiki/Craig_Krenzel,Low,No minority ethnicity markers detected in metadata. Provisional White classification; should be manually reviewed.
00-0021277,Craig Nall,QB,White,https://en.wikipedia.org/wiki/Craig_Nall,Low,No minority ethnicity markers detected in metadata. Provisional White classification; should be manually reviewed.
00-0025759,Cullen Finnerty,QB,White,https://en.wikipedia.org/wiki/Cullen_Finnerty,Low,No minority ethnicity markers detected in metadata. Provisional White classification; should be manually reviewed.
00-0027134,Curtis Painter,QB,White,https://en.wikipedia.org/wiki/Curtis_Painter,Low,No minority ethnicity markers detected in metadata. Provisional White classification; should be manually reviewed.
00-0037201,D'Eriq King,QB,White,https://en.wikipedia.org/wiki/D%27Eriq_King,Low,No minority ethnicity markers detected in metadata. Provisional White classification; should be manually reviewed.
00-0024437,D.J. Shockley,QB,Black,https://en.wikipedia.org/wiki/D._J._Shockley,Medium,Wikipedia metadata matched Black/African-American language.
00-0033077,Dak Prescott,QB,Black,https://en.wikipedia.org/wiki/Dak_Prescott,Medium,Wikipedia metadata matched Black/African-American language.
00-0034572,Dalton Sturm,QB,White,https://en.wikipedia.org/wiki/2016_New_Mexico_Bowl,Low,No minority ethnicity markers detected in metadata. Provisional White classification; should be manually reviewed.
00-0003600,Dameyune Craig,QB,Black,https://en.wikipedia.org/wiki/Dameyune_Craig,Medium,Wikipedia metadata matched Black/African-American language.
00-0007835,Damon Huard,QB,White,https://en.wikipedia.org/wiki/Damon_Huard,Low,No minority ethnicity markers detected in metadata. Provisional White classification; should be manually reviewed.
00-0027605,Dan LeFevour,QB,White,https://en.wikipedia.org/wiki/Dan_LeFevour,Low,No minority ethnicity markers detected in metadata. Provisional White classification; should be manually reviewed.
00-0023578,Dan Orlovsky,QB,White,https://en.wikipedia.org/wiki/Dan_Orlovsky,Low,No minority ethnicity markers detected in metadata. Provisional White classification; should be manually reviewed.
00-0033999,Dane Evans,QB,White,https://en.wikipedia.org/wiki/Dane_Evans,Low,No minority ethnicity markers detected in metadata. Provisional White classification; should be manually reviewed.
00-0035710,Daniel Jones,QB,White,https://en.wikipedia.org/wiki/Daniel_Jones_(American_football),Low,No minority ethnicity markers detected in metadata. Provisional White classification; should be manually reviewed.
00-0034423,Danny Etling,QB,White,https://en.wikipedia.org/wiki/Danny_Etling,Low,No minority ethnicity markers detected in metadata. Provisional White classification; should be manually reviewed.
00-0009007,Danny Kanell,QB,White,https://en.wikipedia.org/wiki/Danny_Kanell,Low,No minority ethnicity markers detected in metadata. Provisional White classification; should be manually reviewed.
00-0018333,Danny Wuerffel,QB,White,https://en.wikipedia.org/wiki/Danny_Wuerffel,Low,No minority ethnicity markers detected in metadata. Provisional White classification; should be manually reviewed.
00-0023943,Darrell Hackney,QB,White,https://en.wikipedia.org/wiki/Darrell_Hackney,Low,No minority ethnicity markers detected in metadata. Provisional White classification; should be manually reviewed.
00-0003739,Daunte Culpepper,QB,Black,https://en.wikipedia.org/wiki/Daunte_Culpepper,Medium,Wikipedia metadata matched Black/African-American language.
00-0001907,Dave Brown,QB,White,https://en.wikipedia.org/wiki/Dave_Logan_(American_football),Low,No minority ethnicity markers detected in metadata. Provisional White classification; should be manually reviewed.
00-0019765,Dave Dickenson,QB,White,https://en.wikipedia.org/wiki/Dave_Dickenson,Low,No minority ethnicity markers detected in metadata. Provisional White classification; should be manually reviewed.
00-0022091,Dave Ragone,QB,White,https://en.wikipedia.org/wiki/Dave_Ragone,Low,No minority ethnicity markers detected in metadata. Provisional White classification; should be manually reviewed.
00-0035040,David Blough,QB,White,https://en.wikipedia.org/wiki/David_Blough,Low,No minority ethnicity markers detected in metadata. Provisional White classification; should be manually reviewed.
00-0020608,David Carr,QB,White,https://en.wikipedia.org/wiki/David_Carr_(American_football),Low,No minority ethnicity markers detected in metadata. Provisional White classification; should be manually reviewed.
00-0031076,David Fales,QB,White,https://en.wikipedia.org/wiki/David_Fales,Low,No minority ethnicity markers detected in metadata. Provisional White classification; should be manually reviewed.
00-0021231,David Garrard,QB,Black,https://en.wikipedia.org/wiki/David_Garrard,Medium,Wikipedia metadata matched Black/African-American language.
00-0023520,David Greene,QB,White,https://en.wikipedia.org/wiki/David_Greene_(American_football),Low,No minority ethnicity markers detected in metadata. Provisional White classification; should be manually reviewed.
00-0019957,David Rivers,QB,White,https://en.wikipedia.org/wiki/David_Rivers_(cornerback),Low,No minority ethnicity markers detected in metadata. Provisional White classification; should be manually reviewed.
00-0037360,Davis Cheek,QB,White,https://en.wikipedia.org/wiki/Davis_Cheek,Low,No minority ethnicity markers detected in metadata. Provisional White classification; should be manually reviewed.
00-0036898,Davis Mills,QB,White,https://en.wikipedia.org/wiki/Davis_Mills,Low,No minority ethnicity markers detected in metadata. Provisional White classification; should be manually reviewed.
00-0033550,Davis Webb,QB,White,https://en.wikipedia.org/wiki/Davis_Webb,Low,No minority ethnicity markers detected in metadata. Provisional White classification; should be manually reviewed.
00-0033899,DeShone Kizer,QB,Black,https://en.wikipedia.org/wiki/DeShone_Kizer,Medium,Wikipedia metadata matched Black/African-American language.
00-0026296,Dennis Dixon,QB,Black,https://en.wikipedia.org/wiki/Dennis_Dixon,Medium,Wikipedia metadata matched Black/African-American language.
00-0023645,Derek Anderson,QB,White,https://en.wikipedia.org/wiki/Derek_Anderson_(American_football),Low,No minority ethnicity markers detected in metadata. Provisional White classification; should be manually reviewed.
00-0031280,Derek Carr,QB,White,https://en.wikipedia.org/wiki/Derek_Carr,Low,No minority ethnicity markers detected in metadata. Provisional White classification; should be manually reviewed.
00-0033537,Deshaun Watson,QB,Black,https://en.wikipedia.org/wiki/Deshaun_Watson,Medium,Wikipedia metadata matched Black/African-American language.
00-0038122,Desmond Ridder,QB,White,https://en.wikipedia.org/wiki/Desmond_Ridder,Low,No minority ethnicity markers detected in metadata. Provisional White classification; should be manually reviewed.
00-0039801,Devin Leary,QB,White,https://en.wikipedia.org/wiki/Devin_Leary,Low,No minority ethnicity markers detected in metadata. Provisional White classification; should be manually reviewed.
00-0035577,Devlin Hodges,QB,White,https://en.wikipedia.org/wiki/Devlin_Hodges,Low,No minority ethnicity markers detected in metadata. Provisional White classification; should be manually reviewed.
00-0028863,Dominique Davis,QB,Black,https://en.wikipedia.org/wiki/Dominique_Davis,Medium,Wikipedia metadata matched Black/African-American language.
00-0011022,Donovan McNabb,QB,Black,https://en.wikipedia.org/wiki/Donovan_McNabb,Medium,Wikipedia metadata matched Black/African-American language.
00-0038583,Dorian Thompson-Robinson,QB,Black,https://en.wikipedia.org/wiki/Dorian_Thompson-Robinson,Medium,Wikipedia metadata matched Black/African-American language.
00-0005363,Doug Flutie,QB,White,https://en.wikipedia.org/wiki/Doug_Flutie,Low,No minority ethnicity markers detected in metadata. Provisional White classification; should be manually reviewed.
00-0019087,Doug Johnson,QB,White,https://en.wikipedia.org/wiki/Doug_Johnson_(American_football),Low,No minority ethnicity markers detected in metadata. Provisional White classification; should be manually reviewed.
00-0012726,Doug Pederson,QB,White,https://en.wikipedia.org/wiki/Doug_Pederson,Low,No minority ethnicity markers detected in metadata. Provisional White classification; should be manually reviewed.
00-0039851,Drake Maye,QB,White,https://en.wikipedia.org/wiki/Drake_Maye,Low,No minority ethnicity markers detected in metadata. Provisional White classification; should be manually reviewed.
00-0038385,Dresser Winn,QB,White,https://en.wikipedia.org/wiki/Dresser_Winn,Low,No minority ethnicity markers detected in metadata. Provisional White classification; should be manually reviewed.
00-0035483,Drew Anderson,QB,White,https://en.wikipedia.org/wiki/Drew_Anderson_(American_football),Low,No minority ethnicity markers detected in metadata. Provisional White classification; should be manually reviewed.
00-0001361,Drew Bledsoe,QB,White,https://en.wikipedia.org/wiki/Drew_Bledsoe,Low,No minority ethnicity markers detected in metadata. Provisional White classification; should be manually reviewed.
00-0020531,Drew Brees,QB,White,https://en.wikipedia.org/wiki/Drew_Brees,Low,No minority ethnicity markers detected in metadata. Provisional White classification; should be manually reviewed.
00-0022181,Drew Henson,QB,White,https://en.wikipedia.org/wiki/Drew_Henson,Low,No minority ethnicity markers detected in metadata. Provisional White classification; should be manually reviewed.
00-0035704,Drew Lock,QB,White,https://en.wikipedia.org/wiki/Drew_Lock,Low,No minority ethnicity markers detected in metadata. Provisional White classification; should be manually reviewed.
00-0024149,Drew Olson,QB,White,https://en.wikipedia.org/wiki/Drew_Olson,Low,No minority ethnicity markers detected in metadata. Provisional White classification; should be manually reviewed.
00-0038137,Drew Plitt,QB,White,https://en.wikipedia.org/wiki/Drew_Plitt,Low,No minority ethnicity markers detected in metadata. Provisional White classification; should be manually reviewed.
00-0025430,Drew Stanton,QB,White,https://en.wikipedia.org/wiki/Drew_Stanton,Low,No minority ethnicity markers detected in metadata. Provisional White classification; should be manually reviewed.
00-0026865,Drew Willy,QB,White,https://en.wikipedia.org/wiki/Drew_Willy,Low,No minority ethnicity markers detected in metadata. Provisional White classification; should be manually reviewed.
00-0037209,Dustin Crum,QB,White,https://en.wikipedia.org/wiki/Dustin_Crum,Low,No minority ethnicity markers detected in metadata. Provisional White classification; should be manually reviewed.
00-0030970,Dustin Vaughan,QB,White,https://en.wikipedia.org/wiki/Dustin_Vaughan,Low,No minority ethnicity markers detected in metadata. Provisional White classification; should be manually reviewed.
00-0035232,Dwayne Haskins,QB,Black,https://en.wikipedia.org/wiki/Dwayne_Haskins,Medium,Wikipedia metadata matched Black/African-American language.
00-0031510,Dylan Thompson,QB,White,https://en.wikipedia.org/wiki/Dylan_Thompson,Low,No minority ethnicity markers detected in metadata. Provisional White classification; should be manually reviewed.
00-0030526,E.J. Manuel,QB,Black,https://en.wikipedia.org/wiki/EJ_Manuel,Medium,Wikipedia metadata matched Black/African-American language.
00-0037068,E.J. Perry,QB,White,https://en.wikipedia.org/wiki/E._J._Perry_(American_football),Low,No minority ethnicity markers detected in metadata. Provisional White classification; should be manually reviewed.
00-0035282,Easton Stick,QB,White,https://en.wikipedia.org/wiki/Easton_Stick,Low,No minority ethnicity markers detected in metadata. Provisional White classification; should be manually reviewed.
00-0022803,Eli Manning,QB,White,https://en.wikipedia.org/wiki/Cooper_Manning,Low,No minority ethnicity markers detected in metadata. Provisional White classification; should be manually reviewed.
00-0006300,Elvis Grbac,QB,White,https://en.wikipedia.org/wiki/Elvis_Grbac,Low,No minority ethnicity markers detected in metadata. Provisional White classification; should be manually reviewed.
00-0039331,Emory Jones,QB,White,https://en.wikipedia.org/wiki/Emory_Jones,Low,No minority ethnicity markers detected in metadata. Provisional White classification; should be manually reviewed.
00-0035010,Eric Dungey,QB,White,https://en.wikipedia.org/wiki/Eric_Dungey,Low,No minority ethnicity markers detected in metadata. Provisional White classification; should be manually reviewed.
00-0018483,Eric Zeier,QB,White,https://en.wikipedia.org/wiki/Eric_Zeier,Low,No minority ethnicity markers detected in metadata. Provisional White classification; should be manually reviewed.
00-0026302,Erik Ainge,QB,White,https://en.wikipedia.org/wiki/Erik_Ainge,Low,No minority ethnicity markers detected in metadata. Provisional White classification; should be manually reviewed.
00-0036825,Feleipe Franks,QB,White,https://en.wikipedia.org/wiki/Feleipe_Franks,Low,No minority ethnicity markers detected in metadata. Provisional White classification; should be manually reviewed.
00-0035289,Gardner Minshew,QB,White,https://en.wikipedia.org/wiki/Gardner_Minshew,Low,No minority ethnicity markers detected in metadata. Provisional White classification; should be manually reviewed.
00-0031395,Garrett Gilbert,QB,White,https://en.wikipedia.org/wiki/Garrett_Gilbert,Low,No minority ethnicity markers detected in metadata. Provisional White classification; should be manually reviewed.
00-0032148,Garrett Grayson,QB,White,https://en.wikipedia.org/wiki/Garrett_Grayson,Low,No minority ethnicity markers detected in metadata. Provisional White classification; should be manually reviewed.
00-0039482,Gavin Hardison,QB,White,https://en.wikipedia.org/wiki/Gavin_Hardison,Low,No minority ethnicity markers detected in metadata. Provisional White classification; should be manually reviewed.
00-0030565,Geno Smith,QB,White,https://en.wikipedia.org/wiki/Geno_Smith,Low,No minority ethnicity markers detected in metadata. Provisional White classification; should be manually reviewed.
00-0022112,Gibran Hamdan,QB,White,https://en.wikipedia.org/wiki/Gibran_Hamdan,Low,No minority ethnicity markers detected in metadata. Provisional White classification; should be manually reviewed.
00-0019658,Giovanni Carmazzi,QB,White,https://en.wikipedia.org/wiki/Giovanni_Carmazzi,Low,No minority ethnicity markers detected in metadata. Provisional White classification; should be manually reviewed.
00-0027602,Graham Harrell,QB,White,https://en.wikipedia.org/wiki/Graham_Harrell,Low,No minority ethnicity markers detected in metadata. Provisional White classification; should be manually reviewed.
00-0028146,Greg McElroy,QB,White,https://en.wikipedia.org/wiki/Greg_McElroy,Low,No minority ethnicity markers detected in metadata. Provisional White classification; should be manually reviewed.
00-0005589,Gus Frerotte,QB,White,https://en.wikipedia.org/wiki/Gus_Frerotte,Low,No minority ethnicity markers detected in metadata. Provisional White classification; should be manually reviewed.
00-0038550,Hendon Hooker,QB,White,https://en.wikipedia.org/wiki/Hendon_Hooker,Low,No minority ethnicity markers detected in metadata. Provisional White classification; should be manually reviewed.
00-0019764,Henry Burris,QB,Black,https://en.wikipedia.org/wiki/Henry_Burris,Medium,Wikipedia metadata matched Black/African-American language.
00-0038749,Holton Ahlers,QB,White,https://en.wikipedia.org/wiki/Holton_Ahlers,Low,No minority ethnicity markers detected in metadata. Provisional White classification; should be manually reviewed.
00-0026702,Hunter Cantwell,QB,White,https://en.wikipedia.org/wiki/Hunter_Cantwell,Low,No minority ethnicity markers detected in metadata. Provisional White classification; should be manually reviewed.
00-0036929,Ian Book,QB,White,https://en.wikipedia.org/wiki/Ian_Book,Low,No minority ethnicity markers detected in metadata. Provisional White classification; should be manually reviewed.
00-0024362,Ingle Martin,QB,White,https://en.wikipedia.org/wiki/Ingle_Martin,Low,No minority ethnicity markers detected in metadata. Provisional White classification; should be manually reviewed.
00-0039923,J.J. McCarthy,QB,White,https://en.wikipedia.org/wiki/J._J._McCarthy,Low,No minority ethnicity markers detected in metadata. Provisional White classification; should be manually reviewed.
00-0022912,J.P. Losman,QB,Latino,https://en.wikipedia.org/wiki/J._P._Losman,Medium,Wikipedia metadata matched Latino/Hispanic language.
00-0034126,J.T. Barrett,QB,White,https://en.wikipedia.org/wiki/J._T._Barrett,Low,No minority ethnicity markers detected in metadata. Provisional White classification; should be manually reviewed.
00-0021296,J.T. O'Sullivan,QB,White,https://en.wikipedia.org/wiki/J._T._O%27Sullivan,Low,No minority ethnicity markers detected in metadata. Provisional White classification; should be manually reviewed.
00-0025388,JaMarcus Russell,QB,White,https://en.wikipedia.org/wiki/JaMarcus_Russell,Low,No minority ethnicity markers detected in metadata. Provisional White classification; should be manually reviewed.
00-0037390,Jack Coan,QB,White,https://en.wikipedia.org/wiki/Jack_Coan,Low,No minority ethnicity markers detected in metadata. Provisional White classification; should be manually reviewed.
00-0034074,Jack Heneghan,QB,White,https://en.wikipedia.org/wiki/Jack_Heneghan,Low,No minority ethnicity markers detected in metadata. Provisional White classification; should be manually reviewed.
00-0039501,Jack Plummer,QB,White,https://en.wikipedia.org/wiki/Jack_Plummer,Low,No minority ethnicity markers detected in metadata. Provisional White classification; should be manually reviewed.
00-0036226,Jacob Eason,QB,White,https://en.wikipedia.org/wiki/Jacob_Eason,Low,No minority ethnicity markers detected in metadata. Provisional White classification; should be manually reviewed.
00-0033119,Jacoby Brissett,QB,White,https://en.wikipedia.org/wiki/Jacoby_Brissett,Low,No minority ethnicity markers detected in metadata. Provisional White classification; should be manually reviewed.
00-0035100,Jake Browning,QB,White,https://en.wikipedia.org/wiki/Jake_Browning,Low,No minority ethnicity markers detected in metadata. Provisional White classification; should be manually reviewed.
00-0032490,Jake Coker,QB,White,https://en.wikipedia.org/wiki/Jake_Coker,Low,No minority ethnicity markers detected in metadata. Provisional White classification; should be manually reviewed.
00-0004161,Jake Delhomme,QB,White,https://en.wikipedia.org/wiki/Jake_Delhomme,Low,No minority ethnicity markers detected in metadata. Provisional White classification; should be manually reviewed.
00-0035394,Jake Dolegala,QB,White,https://en.wikipedia.org/wiki/Jake_Dolegala,Low,No minority ethnicity markers detected in metadata. Provisional White classification; should be manually reviewed.
00-0036197,Jake Fromm,QB,White,https://en.wikipedia.org/wiki/Jake_Fromm,Low,No minority ethnicity markers detected in metadata. Provisional White classification; should be manually reviewed.
00-0038998,Jake Haener,QB,White,https://en.wikipedia.org/wiki/Jake_Haener,Low,No minority ethnicity markers detected in metadata. Provisional White classification; should be manually reviewed.
00-0032073,Jake Heaps,QB,White,https://en.wikipedia.org/wiki/Jake_Heaps,Low,No minority ethnicity markers detected in metadata. Provisional White classification; should be manually reviewed.
00-0027946,Jake Locker,QB,White,https://en.wikipedia.org/wiki/Jake_Locker,Low,No minority ethnicity markers detected in metadata. Provisional White classification; should be manually reviewed.
00-0036312,Jake Luton,QB,White,https://en.wikipedia.org/wiki/Jake_Luton,Low,No minority ethnicity markers detected in metadata. Provisional White classification; should be manually reviewed.
00-0013042,Jake Plummer,QB,White,https://en.wikipedia.org/wiki/Jake_Plummer,Low,No minority ethnicity markers detected in metadata. Provisional White classification; should be manually reviewed.
00-0032431,Jake Rudock,QB,White,https://en.wikipedia.org/wiki/Jake_Rudock,Low,No minority ethnicity markers detected in metadata. Provisional White classification; should be manually reviewed.
00-0035570,Jalan McClendon,QB,White,https://en.wikipedia.org/wiki/Jalan_McClendon,Low,No minority ethnicity markers detected in metadata. Provisional White classification; should be manually reviewed.
00-0036389,Jalen Hurts,QB,White,https://en.wikipedia.org/wiki/Jalen_Hurts,Low,No minority ethnicity markers detected in metadata. Provisional White classification; should be manually reviewed.
00-0031755,Jameill Showers,QB,White,https://en.wikipedia.org/wiki/Jameill_Showers,Low,No minority ethnicity markers detected in metadata. Provisional White classification; should be manually reviewed.
00-0031503,Jameis Winston,QB,Black,https://en.wikipedia.org/wiki/Jameis_Winston,Medium,Wikipedia metadata matched Black/African-American language.
00-0038683,James Blackman,QB,White,https://en.wikipedia.org/wiki/James_Blackman,Low,No minority ethnicity markers detected in metadata. Provisional White classification; should be manually reviewed.
00-0036301,James Morgan,QB,White,https://en.wikipedia.org/wiki/James_Morgan_(gridiron_football),Low,No minority ethnicity markers detected in metadata. Provisional White classification; should be manually reviewed.
00-0010455,Jamie Martin,QB,White,https://en.wikipedia.org/wiki/Jamie_Martin_(American_football),Low,No minority ethnicity markers detected in metadata. Provisional White classification; should be manually reviewed.
00-0033106,Jared Goff,QB,White,https://en.wikipedia.org/wiki/Jared_Goff,Low,No minority ethnicity markers detected in metadata. Provisional White classification; should be manually reviewed.
00-0022590,Jared Lorenzen,QB,White,https://en.wikipedia.org/wiki/Jared_Lorenzen,Low,No minority ethnicity markers detected in metadata. Provisional White classification; should be manually reviewed.
00-0038598,Jaren Hall,QB,White,https://en.wikipedia.org/wiki/Jaren_Hall,Low,No minority ethnicity markers detected in metadata. Provisional White classification; should be manually reviewed.
00-0019682,Jarious Jackson,QB,Black,https://en.wikipedia.org/wiki/Jarious_Jackson,Medium,Wikipedia metadata matched Black/African-American language.
00-0037650,Jarrett Guarantano,QB,White,https://en.wikipedia.org/wiki/Jarrett_Guarantano,Low,No minority ethnicity markers detected in metadata. Provisional White classification; should be manually reviewed.
00-0035264,Jarrett Stidham,QB,White,https://en.wikipedia.org/wiki/Jarrett_Stidham,Low,No minority ethnicity markers detected in metadata. Provisional White classification; should be manually reviewed.
00-0039575,Jason Bean,QB,White,https://en.wikipedia.org/wiki/Jason_Bean_(American_football),Low,No minority ethnicity markers detected in metadata. Provisional White classification; should be manually reviewed.
00-0023460,Jason Campbell,QB,Black,https://en.wikipedia.org/wiki/Jason_Campbell,Medium,Wikipedia metadata matched Black/African-American language.
00-0022330,Jason Fife,QB,White,https://en.wikipedia.org/wiki/Jason_Fife,Low,No minority ethnicity markers detected in metadata. Provisional White classification; should be manually reviewed.
00-0005794,Jason Garrett,QB,White,https://en.wikipedia.org/wiki/Jason_Garrett,Low,No minority ethnicity markers detected in metadata. Provisional White classification; should be manually reviewed.
00-0021759,Jason Gesser,QB,White,https://en.wikipedia.org/wiki/Jason_Gesser,Low,No minority ethnicity markers detected in metadata. Provisional White classification; should be manually reviewed.
00-0024226,Jay Cutler,QB,White,https://en.wikipedia.org/wiki/Jay_Cutler,Low,No minority ethnicity markers detected in metadata. Provisional White classification; should be manually reviewed.
00-0005180,Jay Fiedler,QB,White,https://en.wikipedia.org/wiki/Jay_Fiedler,Low,No minority ethnicity markers detected in metadata. Provisional White classification; should be manually reviewed.
00-0039910,Jayden Daniels,QB,Black,https://en.wikipedia.org/wiki/Jayden_Daniels,Medium,Wikipedia metadata matched Black/African-American language.
00-0001335,Jeff Blake,QB,Black,https://en.wikipedia.org/wiki/Jeff_Blake,Medium,Wikipedia metadata matched Black/African-American language.
00-0001810,Jeff Brohm,QB,White,https://en.wikipedia.org/wiki/Jeff_Brohm,Low,No minority ethnicity markers detected in metadata. Provisional White classification; should be manually reviewed.
00-0032436,Jeff Driskel,QB,White,https://en.wikipedia.org/wiki/Jeff_Driskel,Low,No minority ethnicity markers detected in metadata. Provisional White classification; should be manually reviewed.
00-0005755,Jeff Garcia,QB,Latino,https://en.wikipedia.org/wiki/Jeff_Garcia,Medium,Wikipedia metadata matched Latino/Hispanic language.
00-0005885,Jeff George,QB,White,https://en.wikipedia.org/wiki/Jeff_Caldwell_(American_football),Low,No minority ethnicity markers detected in metadata. Provisional White classification; should be manually reviewed.
00-0021334,Jeff Kelly,QB,White,https://en.wikipedia.org/wiki/Ryan_Kelly_(American_football),Low,No minority ethnicity markers detected in metadata. Provisional White classification; should be manually reviewed.
00-0009868,Jeff Lewis,QB,White,https://en.wikipedia.org/wiki/Jeff_Lewis_(American_football),Low,No minority ethnicity markers detected in metadata. Provisional White classification; should be manually reviewed.
00-0025538,Jeff Rowe,QB,White,https://en.wikipedia.org/wiki/Jeff_Rowe_(American_football),Low,No minority ethnicity markers detected in metadata. Provisional White classification; should be manually reviewed.
00-0022765,Jeff Smoker,QB,White,https://en.wikipedia.org/wiki/Jeff_Smoker,Low,No minority ethnicity markers detected in metadata. Provisional White classification; should be manually reviewed.
00-0030024,Jeff Tuel,QB,White,https://en.wikipedia.org/wiki/Jeff_Tuel,Low,No minority ethnicity markers detected in metadata. Provisional White classification; should be manually reviewed.
00-0028370,Jerrod Johnson,QB,White,https://en.wikipedia.org/wiki/Jerrod_Johnson,Low,No minority ethnicity markers detected in metadata. Provisional White classification; should be manually reviewed.
00-0020483,Jesse Palmer,QB,White,https://en.wikipedia.org/wiki/Jesse_Palmer,Low,No minority ethnicity markers detected in metadata. Provisional White classification; should be manually reviewed.
00-0006808,Jim Harbaugh,QB,White,https://en.wikipedia.org/wiki/Jim_Harbaugh,Low,No minority ethnicity markers detected in metadata. Provisional White classification; should be manually reviewed.
00-0011276,Jim Miller,QB,White,https://en.wikipedia.org/wiki/Jim_Miller,Low,No minority ethnicity markers detected in metadata. Provisional White classification; should be manually reviewed.
00-0022744,Jim Sorgi,QB,White,https://en.wikipedia.org/wiki/Jim_Sorgi,Low,No minority ethnicity markers detected in metadata. Provisional White classification; should be manually reviewed.
00-0027659,Jimmy Clausen,QB,White,https://en.wikipedia.org/wiki/Jimmy_Clausen,Low,No minority ethnicity markers detected in metadata. Provisional White classification; should be manually reviewed.
00-0031345,Jimmy Garoppolo,QB,White,https://en.wikipedia.org/wiki/Jimmy_Garoppolo,Low,No minority ethnicity markers detected in metadata. Provisional White classification; should be manually reviewed.
00-0036442,Joe Burrow,QB,White,https://en.wikipedia.org/wiki/Joe_Burrow,Low,No minority ethnicity markers detected in metadata. Provisional White classification; should be manually reviewed.
00-0032630,Joe Callahan,QB,White,https://en.wikipedia.org/wiki/Joe_Callahan_(American_football),Low,No minority ethnicity markers detected in metadata. Provisional White classification; should be manually reviewed.
00-0026158,Joe Flacco,QB,White,https://en.wikipedia.org/wiki/Joe_Flacco,Low,No minority ethnicity markers detected in metadata. Provisional White classification; should be manually reviewed.
00-0005902,Joe Germaine,QB,White,https://en.wikipedia.org/wiki/Joe_Germaine,Low,No minority ethnicity markers detected in metadata. Provisional White classification; should be manually reviewed.
00-0019579,Joe Hamilton,QB,Black,https://en.wikipedia.org/wiki/Joe_Hamilton_(American_football),Medium,Wikipedia metadata matched Black/African-American language.
00-0033027,Joe Licata,QB,White,https://en.wikipedia.org/wiki/Joe_Licata,Low,No minority ethnicity markers detected in metadata. Provisional White classification; should be manually reviewed.
00-0039398,Joe Milton III,QB,Black,https://en.wikipedia.org/wiki/Joe_Milton,Medium,Wikipedia metadata matched Black/African-American language.
00-0027796,Joe Webb,QB,White,https://en.wikipedia.org/wiki/Joe_Webb,Low,No minority ethnicity markers detected in metadata. Provisional White classification; should be manually reviewed.
00-0032614,Joel Stave,QB,White,https://en.wikipedia.org/wiki/Joel_Stave,Low,No minority ethnicity markers detected in metadata. Provisional White classification; should be manually reviewed.
00-0021141,Joey Harrington,QB,White,https://en.wikipedia.org/wiki/Joey_Harrington,Low,No minority ethnicity markers detected in metadata. Provisional White classification; should be manually reviewed.
00-0025427,John Beck,QB,White,https://en.wikipedia.org/wiki/John_Beck_(gridiron_football),Low,No minority ethnicity markers detected in metadata. Provisional White classification; should be manually reviewed.
00-0026277,John David Booty,QB,White,https://en.wikipedia.org/wiki/John_David_Booty,Low,No minority ethnicity markers detected in metadata. Provisional White classification; should be manually reviewed.
00-0005600,John Friesz,QB,White,https://en.wikipedia.org/wiki/John_Friesz,Low,No minority ethnicity markers detected in metadata. Provisional White classification; should be manually reviewed.
00-0035161,John Lovett,QB,White,https://en.wikipedia.org/wiki/John_Lovett_(American_football_coach),Low,No minority ethnicity markers detected in metadata. Provisional White classification; should be manually reviewed.
00-0022827,John Navarre,QB,White,https://en.wikipedia.org/wiki/John_Navarre,Low,No minority ethnicity markers detected in metadata. Provisional White classification; should be manually reviewed.
00-0039723,John Paddock,QB,White,https://en.wikipedia.org/wiki/John_Paddock_(American_football),Low,No minority ethnicity markers detected in metadata. Provisional White classification; should be manually reviewed.
00-0026505,John Parker Wilson,QB,White,https://en.wikipedia.org/wiki/John_Parker_Wilson,Low,No minority ethnicity markers detected in metadata. Provisional White classification; should be manually reviewed.
00-0027754,John Skelton,QB,White,https://en.wikipedia.org/wiki/John_Skelton_(American_football),Low,No minority ethnicity markers detected in metadata. Provisional White classification; should be manually reviewed.
00-0034899,John Wolford,QB,White,https://en.wikipedia.org/wiki/John_Wolford,Low,No minority ethnicity markers detected in metadata. Provisional White classification; should be manually reviewed.
00-0031409,Johnny Manziel,QB,White,https://en.wikipedia.org/wiki/Johnny_Manziel,Low,No minority ethnicity markers detected in metadata. Provisional White classification; should be manually reviewed.
00-0009311,Jon Kitna,QB,White,https://en.wikipedia.org/wiki/Jon_Kitna,Low,No minority ethnicity markers detected in metadata. Provisional White classification; should be manually reviewed.
00-0013338,Jonathan Quinn,QB,White,https://en.wikipedia.org/wiki/Jonathan_Quinn,Low,No minority ethnicity markers detected in metadata. Provisional White classification; should be manually reviewed.
00-0036264,Jordan Love,QB,White,https://en.wikipedia.org/wiki/Jordan_Love,Low,No minority ethnicity markers detected in metadata. Provisional White classification; should be manually reviewed.
00-0025592,Jordan Palmer,QB,White,https://en.wikipedia.org/wiki/Jordan_Palmer,Low,No minority ethnicity markers detected in metadata. Provisional White classification; should be manually reviewed.
00-0035735,Jordan Ta'amu,QB,Pacific Islander,https://en.wikipedia.org/wiki/Jordan_Ta%27amu,Medium,Wikipedia metadata matched Pacific Islander language.
00-0039797,Jordan Travis,QB,Black,https://en.wikipedia.org/wiki/Jordan_Travis,Medium,Wikipedia metadata matched Black/African-American language.
00-0034857,Josh Allen,QB,White,https://en.wikipedia.org/wiki/Josh_Allen,Low,No minority ethnicity markers detected in metadata. Provisional White classification; should be manually reviewed.
00-0020486,Josh Booty,QB,White,https://en.wikipedia.org/wiki/Josh_Booty,Low,No minority ethnicity markers detected in metadata. Provisional White classification; should be manually reviewed.
00-0026993,Josh Freeman,QB,Black,https://en.wikipedia.org/wiki/Josh_Freeman,Medium,Wikipedia metadata matched Black/African-American language.
00-0022800,Josh Harris,QB,White,https://en.wikipedia.org/wiki/Josh_Harris_(businessman),Low,No minority ethnicity markers detected in metadata. Provisional White classification; should be manually reviewed.
00-0020436,Josh Heupel,QB,White,https://en.wikipedia.org/wiki/Josh_Heupel,Low,No minority ethnicity markers detected in metadata. Provisional White classification; should be manually reviewed.
00-0026300,Josh Johnson,QB,Black,https://en.wikipedia.org/wiki/Josh_Johnson_(quarterback),Medium,Wikipedia metadata matched Black/African-American language.
00-0035937,Josh Love,QB,White,https://en.wikipedia.org/wiki/Josh_Love,Low,No minority ethnicity markers detected in metadata. Provisional White classification; should be manually reviewed.
00-0021206,Josh McCown,QB,White,https://en.wikipedia.org/wiki/Josh_McCown,Low,No minority ethnicity markers detected in metadata. Provisional White classification; should be manually reviewed.
00-0028446,Josh Portis,QB,Black,https://en.wikipedia.org/wiki/Clinton_Portis,Medium,Wikipedia metadata matched Black/African-American language.
00-0034343,Josh Rosen,QB,White,https://en.wikipedia.org/wiki/Josh_Rosen,Low,No minority ethnicity markers detected in metadata. Provisional White classification; should be manually reviewed.
00-0032658,Josh Woodrum,QB,White,https://en.wikipedia.org/wiki/Josh_Woodrum,Low,No minority ethnicity markers detected in metadata. Provisional White classification; should be manually reviewed.
00-0033949,Joshua Dobbs,QB,White,https://en.wikipedia.org/wiki/Joshua_Dobbs,Low,No minority ethnicity markers detected in metadata. Provisional White classification; should be manually reviewed.
00-0036945,Justin Fields,QB,Black,https://en.wikipedia.org/wiki/Justin_Fields,Medium,Wikipedia metadata matched Black/African-American language.
00-0036355,Justin Herbert,QB,White,https://en.wikipedia.org/wiki/Justin_Herbert,Low,No minority ethnicity markers detected in metadata. Provisional White classification; should be manually reviewed.
00-0036468,Kai Locksley,QB,White,https://en.wikipedia.org/wiki/Kai_Locksley,Low,No minority ethnicity markers detected in metadata. Provisional White classification; should be manually reviewed.
00-0039577,Kedon Slovis,QB,White,https://en.wikipedia.org/wiki/Kedon_Slovis,Low,No minority ethnicity markers detected in metadata. Provisional White classification; should be manually reviewed.
00-0027131,Keith Null,QB,White,https://en.wikipedia.org/wiki/Keith_Null,Low,No minority ethnicity markers detected in metadata. Provisional White classification; should be manually reviewed.
00-0030998,Keith Wenning,QB,White,https://en.wikipedia.org/wiki/Keith_Wenning,Low,No minority ethnicity markers detected in metadata. Provisional White classification; should be manually reviewed.
00-0024264,Kellen Clemens,QB,White,https://en.wikipedia.org/wiki/Kellen_Clemens,Low,No minority ethnicity markers detected in metadata. Provisional White classification; should be manually reviewed.
00-0036946,Kellen Mond,QB,White,https://en.wikipedia.org/wiki/Kellen_Mond,Low,No minority ethnicity markers detected in metadata. Provisional White classification; should be manually reviewed.
00-0029234,Kellen Moore,QB,White,https://en.wikipedia.org/wiki/Kellen_Moore,Low,No minority ethnicity markers detected in metadata. Provisional White classification; should be manually reviewed.
00-0007576,Kelly Holcomb,QB,White,https://en.wikipedia.org/wiki/Kelly_Holcomb,Low,No minority ethnicity markers detected in metadata. Provisional White classification; should be manually reviewed.
00-0022039,Ken Dorsey,QB,White,https://en.wikipedia.org/wiki/Ken_Dorsey,Low,No minority ethnicity markers detected in metadata. Provisional White classification; should be manually reviewed.
00-0036549,Kenji Bahar,QB,White,https://en.wikipedia.org/wiki/Kenji_Bahar,Low,No minority ethnicity markers detected in metadata. Provisional White classification; should be manually reviewed.
00-0038102,Kenny Pickett,QB,White,https://en.wikipedia.org/wiki/Kenny_Pickett,Low,No minority ethnicity markers detected in metadata. Provisional White classification; should be manually reviewed.
00-0006212,Kent Graham,QB,White,https://en.wikipedia.org/wiki/Kent_Graham,Low,No minority ethnicity markers detected in metadata. Provisional White classification; should be manually reviewed.
00-0003292,Kerry Collins,QB,White,https://en.wikipedia.org/wiki/Kerry_Collins,Low,No minority ethnicity markers detected in metadata. Provisional White classification; should be manually reviewed.
00-0003819,Kevin Daft,QB,White,https://en.wikipedia.org/wiki/Kevin_Daft,Low,No minority ethnicity markers detected in metadata. Provisional White classification; should be manually reviewed.
00-0036112,Kevin Davidson,QB,White,https://en.wikipedia.org/wiki/Kevin_Davidson,Low,No minority ethnicity markers detected in metadata. Provisional White classification; should be manually reviewed.
00-0032784,Kevin Hogan,QB,White,https://en.wikipedia.org/wiki/Chris_Hogan_(American_football),Low,No minority ethnicity markers detected in metadata. Provisional White classification; should be manually reviewed.
00-0025423,Kevin Kolb,QB,White,https://en.wikipedia.org/wiki/Kevin_Kolb,Low,No minority ethnicity markers detected in metadata. Provisional White classification; should be manually reviewed.
00-0026234,Kevin O'Connell,QB,White,https://en.wikipedia.org/wiki/Kevin_O%27Connell_(American_football),Low,No minority ethnicity markers detected in metadata. Provisional White classification; should be manually reviewed.
00-0019278,Kevin Thompson,QB,White,https://en.wikipedia.org/wiki/Kevin_Thompson_(American_football),Low,No minority ethnicity markers detected in metadata. Provisional White classification; should be manually reviewed.
00-0029604,Kirk Cousins,QB,White,https://en.wikipedia.org/wiki/Kirk_Cousins,Low,No minority ethnicity markers detected in metadata. Provisional White classification; should be manually reviewed.
00-0021822,Kirk Farmer,QB,White,https://en.wikipedia.org/wiki/Kirk_Farmer,Low,No minority ethnicity markers detected in metadata. Provisional White classification; should be manually reviewed.
00-0022027,Kliff Kingsbury,QB,White,https://en.wikipedia.org/wiki/Kliff_Kingsbury,Low,No minority ethnicity markers detected in metadata. Provisional White classification; should be manually reviewed.
00-0015700,Kordell Stewart,QB,Black,https://en.wikipedia.org/wiki/Kordell_Stewart,Medium,Wikipedia metadata matched Black/African-American language.
00-0004229,Koy Detmer,QB,White,https://en.wikipedia.org/wiki/Koy_Detmer,Low,No minority ethnicity markers detected in metadata. Provisional White classification; should be manually reviewed.
00-0034131,Kurt Benkert,QB,White,https://en.wikipedia.org/wiki/Kurt_Benkert,Low,No minority ethnicity markers detected in metadata. Provisional White classification; should be manually reviewed.
00-0021271,Kurt Kittner,QB,White,https://en.wikipedia.org/wiki/Kurt_Kittner,Low,No minority ethnicity markers detected in metadata. Provisional White classification; should be manually reviewed.
00-0017200,Kurt Warner,QB,White,https://en.wikipedia.org/wiki/Kurt_Warner,Low,No minority ethnicity markers detected in metadata. Provisional White classification; should be manually reviewed.
00-0034577,Kyle Allen,QB,White,https://en.wikipedia.org/wiki/Kyle_Allen_(American_football),Low,No minority ethnicity markers detected in metadata. Provisional White classification; should be manually reviewed.
00-0022164,Kyle Boller,QB,White,https://en.wikipedia.org/wiki/Kyle_Boller,Low,No minority ethnicity markers detected in metadata. Provisional White classification; should be manually reviewed.
00-0034369,Kyle Lauletta,QB,White,https://en.wikipedia.org/wiki/Kyle_Lauletta,Low,No minority ethnicity markers detected in metadata. Provisional White classification; should be manually reviewed.
00-0023541,Kyle Orton,QB,White,https://en.wikipedia.org/wiki/Kyle_Orton,Low,No minority ethnicity markers detected in metadata. Provisional White classification; should be manually reviewed.
00-0035163,Kyle Shurmur,QB,White,https://en.wikipedia.org/wiki/Kyle_Shurmur,Low,No minority ethnicity markers detected in metadata. Provisional White classification; should be manually reviewed.
00-0033672,Kyle Sloter,QB,White,https://en.wikipedia.org/wiki/Kyle_Sloter,Low,No minority ethnicity markers detected in metadata. Provisional White classification; should be manually reviewed.
00-0036928,Kyle Trask,QB,White,https://en.wikipedia.org/wiki/Kyle_Trask,Low,No minority ethnicity markers detected in metadata. Provisional White classification; should be manually reviewed.
00-0035228,Kyler Murray,QB,Black,https://en.wikipedia.org/wiki/Kyler_Murray,Medium,Wikipedia metadata matched Black/African-American language.
00-0034796,Lamar Jackson,QB,Black,https://en.wikipedia.org/wiki/Lamar_Jackson,Medium,Wikipedia metadata matched Black/African-American language.
00-0030524,Landry Jones,QB,White,https://en.wikipedia.org/wiki/Landry_Jones,Low,No minority ethnicity markers detected in metadata. Provisional White classification; should be manually reviewed.
00-0023306,Lang Campbell,QB,White,https://en.wikipedia.org/wiki/Lang_Campbell,Low,No minority ethnicity markers detected in metadata. Provisional White classification; should be manually reviewed.
00-0027804,Levi Brown,QB,White,https://en.wikipedia.org/wiki/Levi_Brown_(offensive_tackle),Low,No minority ethnicity markers detected in metadata. Provisional White classification; should be manually reviewed.
00-0031260,Logan Thomas,QB,White,https://en.wikipedia.org/wiki/Logan_Thomas,Low,No minority ethnicity markers detected in metadata. Provisional White classification; should be manually reviewed.
00-0034438,Logan Woodside,QB,White,https://en.wikipedia.org/wiki/Logan_Woodside,Low,No minority ethnicity markers detected in metadata. Provisional White classification; should be manually reviewed.
00-0034737,Luis Perez,QB,Latino,https://en.wikipedia.org/wiki/Luis_Perez_(American_football),Medium,Wikipedia metadata matched Latino/Hispanic language.
00-0034412,Luke Falk,QB,White,https://en.wikipedia.org/wiki/Luke_Falk,Low,No minority ethnicity markers detected in metadata. Provisional White classification; should be manually reviewed.
00-0022864,Luke McCown,QB,White,https://en.wikipedia.org/wiki/Luke_McCown,Low,No minority ethnicity markers detected in metadata. Provisional White classification; should be manually reviewed.
00-0036972,Mac Jones,QB,White,https://en.wikipedia.org/wiki/Mac_Jones,Low,No minority ethnicity markers detected in metadata. Provisional White classification; should be manually reviewed.
00-0038911,Malik Cunningham,QB,White,https://en.wikipedia.org/wiki/Malik_Cunningham,Low,No minority ethnicity markers detected in metadata. Provisional White classification; should be manually reviewed.
00-0038128,Malik Willis,QB,Black,https://en.wikipedia.org/wiki/Malik_Willis,Medium,Wikipedia metadata matched Black/African-American language.
00-0035077,Manny Wilkins,QB,White,https://en.wikipedia.org/wiki/Manny_Wilkins,Low,No minority ethnicity markers detected in metadata. Provisional White classification; should be manually reviewed.
00-0019599,Marc Bulger,QB,White,https://en.wikipedia.org/wiki/Marc_Bulger,Low,No minority ethnicity markers detected in metadata. Provisional White classification; should be manually reviewed.
00-0032268,Marcus Mariota,QB,Pacific Islander,https://en.wikipedia.org/wiki/Marcus_Mariota,Medium,Wikipedia metadata matched Pacific Islander language.
00-0023145,Marcus Randall,QB,Black,https://en.wikipedia.org/wiki/Marcus_Randall,Medium,Wikipedia metadata matched Black/African-American language.
00-0002110,Mark Brunell,QB,White,https://en.wikipedia.org/wiki/Mark_Brunell,Low,No minority ethnicity markers detected in metadata. Provisional White classification; should be manually reviewed.
00-0007059,Mark Hartsell,QB,White,https://en.wikipedia.org/wiki/Hartsell,Low,No minority ethnicity markers detected in metadata. Provisional White classification; should be manually reviewed.
00-0014234,Mark Rypien,QB,White,https://en.wikipedia.org/wiki/Mark_Rypien,Low,No minority ethnicity markers detected in metadata. Provisional White classification; should be manually reviewed.
00-0026898,Mark Sanchez,QB,Latino,https://en.wikipedia.org/wiki/Mark_Sanchez,Medium,Wikipedia metadata matched Latino/Hispanic language.
00-0021720,Marquel Blackwell,QB,White,https://en.wikipedia.org/wiki/Marquel_Blackwell,Low,No minority ethnicity markers detected in metadata. Provisional White classification; should be manually reviewed.
00-0020405,Marques Tuiasosopo,QB,Pacific Islander,https://en.wikipedia.org/wiki/Marques_Tuiasosopo,Medium,Wikipedia metadata matched Pacific Islander language.
00-0033071,Marquise Williams,QB,White,https://en.wikipedia.org/wiki/Marquise_Williams,Low,No minority ethnicity markers detected in metadata. Provisional White classification; should be manually reviewed.
00-0034771,Mason Rudolph,QB,White,https://en.wikipedia.org/wiki/Mason_Rudolph_(American_football),Low,No minority ethnicity markers detected in metadata. Provisional White classification; should be manually reviewed.
00-0030533,Matt Barkley,QB,White,https://en.wikipedia.org/wiki/Matt_Barkley,Low,No minority ethnicity markers detected in metadata. Provisional White classification; should be manually reviewed.
00-0023662,Matt Cassel,QB,White,https://en.wikipedia.org/wiki/Matt_Cassel,Low,No minority ethnicity markers detected in metadata. Provisional White classification; should be manually reviewed.
00-0038132,Matt Corral,QB,Latino,https://en.wikipedia.org/wiki/Matt_Corral,Medium,Wikipedia metadata matched Latino/Hispanic language.
00-0026349,Matt Flynn,QB,White,https://en.wikipedia.org/wiki/Matt_Flynn_(American_football),Low,No minority ethnicity markers detected in metadata. Provisional White classification; should be manually reviewed.
00-0024824,Matt Gutierrez,QB,White,https://en.wikipedia.org/wiki/Matt_Gutierrez,Low,No minority ethnicity markers detected in metadata. Provisional White classification; should be manually reviewed.
00-0007091,Matt Hasselbeck,QB,White,https://en.wikipedia.org/wiki/Matt_Hasselbeck,Low,No minority ethnicity markers detected in metadata. Provisional White classification; should be manually reviewed.
00-0024225,Matt Leinart,QB,White,https://en.wikipedia.org/wiki/Matt_Leinart,Low,No minority ethnicity markers detected in metadata. Provisional White classification; should be manually reviewed.
00-0010206,Matt Lytle,QB,White,https://en.wikipedia.org/wiki/Matt_Lytle,Low,No minority ethnicity markers detected in metadata. Provisional White classification; should be manually reviewed.
00-0022768,Matt Mauck,QB,White,https://en.wikipedia.org/wiki/Matt_Mauck,Low,No minority ethnicity markers detected in metadata. Provisional White classification; should be manually reviewed.
00-0025708,Matt Moore,QB,Latino,https://en.wikipedia.org/wiki/Matt_Moore_(American_football),Medium,Wikipedia metadata matched Latino/Hispanic language.
00-0026143,Matt Ryan,QB,White,https://en.wikipedia.org/wiki/Matt_Ryan_(American_football),Low,No minority ethnicity markers detected in metadata. Provisional White classification; should be manually reviewed.
00-0022787,Matt Schaub,QB,White,https://en.wikipedia.org/wiki/Matt_Schaub,Low,No minority ethnicity markers detected in metadata. Provisional White classification; should be manually reviewed.
00-0029151,Matt Simms,QB,White,https://en.wikipedia.org/wiki/Matt_Simms_(American_football),Low,No minority ethnicity markers detected in metadata. Provisional White classification; should be manually reviewed.
00-0030419,Matthew McGloin,QB,White,https://en.wikipedia.org/wiki/Matt_McGloin,Low,No minority ethnicity markers detected in metadata. Provisional White classification; should be manually reviewed.
00-0026498,Matthew Stafford,QB,White,https://en.wikipedia.org/wiki/Matthew_Stafford,Low,No minority ethnicity markers detected in metadata. Provisional White classification; should be manually reviewed.
00-0038637,Max Duggan,QB,White,https://en.wikipedia.org/wiki/Max_Duggan,Low,No minority ethnicity markers detected in metadata. Provisional White classification; should be manually reviewed.
00-0027347,Max Hall,QB,White,https://en.wikipedia.org/wiki/Max_Hall_(gridiron_football),Low,No minority ethnicity markers detected in metadata. Provisional White classification; should be manually reviewed.
00-0032527,Max Wittek,QB,White,https://en.wikipedia.org/wiki/Max_Wittek,Low,No minority ethnicity markers detected in metadata. Provisional White classification; should be manually reviewed.
00-0028359,McLeod Bethel-Thompson,QB,Latino,https://en.wikipedia.org/wiki/McLeod_Bethel-Thompson,Medium,Wikipedia metadata matched Latino/Hispanic language.
00-0001272,Michael Bishop,QB,Black,https://en.wikipedia.org/wiki/Michael_Bishop_(gridiron_football),Medium,Wikipedia metadata matched Black/African-American language.
00-0039917,Michael Penix Jr.,QB,White,https://en.wikipedia.org/wiki/Michael_Penix_Jr.,Low,No minority ethnicity markers detected in metadata. Provisional White classification; should be manually reviewed.
00-0039238,Michael Pratt,QB,White,https://en.wikipedia.org/wiki/Michael_Pratt_(American_football),Low,No minority ethnicity markers detected in metadata. Provisional White classification; should be manually reviewed.
00-0032901,Mike Bercovici,QB,White,https://en.wikipedia.org/wiki/Mike_Bercovici,Low,No minority ethnicity markers detected in metadata. Provisional White classification; should be manually reviewed.
00-0002930,Mike Cherry,QB,White,https://en.wikipedia.org/wiki/Mike_Cherry_(American_football),Low,No minority ethnicity markers detected in metadata. Provisional White classification; should be manually reviewed.
00-0030520,Mike Glennon,QB,White,https://en.wikipedia.org/wiki/Mike_Glennon,Low,No minority ethnicity markers detected in metadata. Provisional White classification; should be manually reviewed.
00-0027722,Mike Kafka,QB,White,https://en.wikipedia.org/wiki/Mike_Kafka,Low,No minority ethnicity markers detected in metadata. Provisional White classification; should be manually reviewed.
00-0020308,Mike McMahon,QB,White,https://en.wikipedia.org/wiki/Mike_McMahon_(American_football),Low,No minority ethnicity markers detected in metadata. Provisional White classification; should be manually reviewed.
00-0013341,Mike Quinn,QB,White,https://en.wikipedia.org/wiki/Dan_Quinn_(American_football),Low,No minority ethnicity markers detected in metadata. Provisional White classification; should be manually reviewed.
00-0026567,Mike Reilly,QB,White,https://en.wikipedia.org/wiki/Mike_Reilly,Low,No minority ethnicity markers detected in metadata. Provisional White classification; should be manually reviewed.
00-0026927,Mike Teel,QB,White,https://en.wikipedia.org/wiki/Mike_Teel,Low,No minority ethnicity markers detected in metadata. Provisional White classification; should be manually reviewed.
00-0016538,Mike Tomczak,QB,White,https://en.wikipedia.org/wiki/Mike_Tomczak,Low,No minority ethnicity markers detected in metadata. Provisional White classification; should be manually reviewed.
00-0020245,Mike Vick,QB,Black,https://en.wikipedia.org/wiki/Michael_Vick,Medium,Wikipedia metadata matched Black/African-American language.
00-0034401,Mike White,QB,White,https://en.wikipedia.org/wiki/Mike_White_(American_football_coach),Low,No minority ethnicity markers detected in metadata. Provisional White classification; should be manually reviewed.
00-0034044,Mitch Leidner,QB,White,https://en.wikipedia.org/wiki/Mitch_Leidner,Low,No minority ethnicity markers detected in metadata. Provisional White classification; should be manually reviewed.
00-0033869,Mitchell Trubisky,QB,White,https://en.wikipedia.org/wiki/Mitchell_Trubisky,Low,No minority ethnicity markers detected in metadata. Provisional White classification; should be manually reviewed.
00-0011640,Moses Moreno,QB,Latino,https://en.wikipedia.org/wiki/Moses_Moreno,Medium,Wikipedia metadata matched Latino/Hispanic language.
00-0027118,Nate Davis,QB,White,https://en.wikipedia.org/wiki/Nate_Davis,Low,No minority ethnicity markers detected in metadata. Provisional White classification; should be manually reviewed.
00-0021592,Nate Hybl,QB,White,https://en.wikipedia.org/wiki/Nate_Hybl,Low,No minority ethnicity markers detected in metadata. Provisional White classification; should be manually reviewed.
00-0036279,Nate Stanley,QB,White,https://en.wikipedia.org/wiki/Nate_Stanley,Low,No minority ethnicity markers detected in metadata. Provisional White classification; should be manually reviewed.
00-0032792,Nate Sudfeld,QB,White,https://en.wikipedia.org/wiki/Nate_Sudfeld,Low,No minority ethnicity markers detected in metadata. Provisional White classification; should be manually reviewed.
00-0028098,Nathan Enderle,QB,White,https://en.wikipedia.org/wiki/Nathan_Enderle,Low,No minority ethnicity markers detected in metadata. Provisional White classification; should be manually reviewed.
00-0033958,Nathan Peterman,QB,White,https://en.wikipedia.org/wiki/Nathan_Peterman,Low,No minority ethnicity markers detected in metadata. Provisional White classification; should be manually reviewed.
00-0038150,Nathan Rourke,QB,White,https://en.wikipedia.org/wiki/Nathan_Rourke,Low,No minority ethnicity markers detected in metadata. Provisional White classification; should be manually reviewed.
00-0012261,Neil O'Donnell,QB,White,https://en.wikipedia.org/wiki/Neil_O%27Donnell,Low,No minority ethnicity markers detected in metadata. Provisional White classification; should be manually reviewed.
00-0034574,Nic Shimonek,QB,White,https://en.wikipedia.org/wiki/Nic_Shimonek,Low,No minority ethnicity markers detected in metadata. Provisional White classification; should be manually reviewed.
00-0035471,Nick Fitzgerald,QB,White,https://en.wikipedia.org/wiki/Nick_Fitzgerald_(American_football),Low,No minority ethnicity markers detected in metadata. Provisional White classification; should be manually reviewed.
00-0029567,Nick Foles,QB,White,https://en.wikipedia.org/wiki/Nick_Foles,Low,No minority ethnicity markers detected in metadata. Provisional White classification; should be manually reviewed.
00-0033319,Nick Mullens,QB,White,https://en.wikipedia.org/wiki/Nick_Mullens,Low,No minority ethnicity markers detected in metadata. Provisional White classification; should be manually reviewed.
00-0028453,Pat Devlin,QB,White,https://en.wikipedia.org/wiki/Pat_Devlin_(American_football),Low,No minority ethnicity markers detected in metadata. Provisional White classification; should be manually reviewed.
00-0027020,Pat White,QB,Black,https://en.wikipedia.org/wiki/Pat_White,Medium,Wikipedia metadata matched Black/African-American language.
00-0033873,Patrick Mahomes,QB,Black,https://en.wikipedia.org/wiki/Patrick_Mahomes,Medium,Wikipedia metadata matched Black/African-American language.
00-0021379,Patrick Ramsey,QB,White,https://en.wikipedia.org/wiki/Patrick_(given_name),Low,No minority ethnicity markers detected in metadata. Provisional White classification; should be manually reviewed.
00-0008970,Paul Justin,QB,White,https://en.wikipedia.org/wiki/Justin_Wilcox_(American_football),Low,No minority ethnicity markers detected in metadata. Provisional White classification; should be manually reviewed.
00-0026443,Paul Smith,QB,White,https://en.wikipedia.org/wiki/Paul_Smith,Low,No minority ethnicity markers detected in metadata. Provisional White classification; should be manually reviewed.
00-0033108,Paxton Lynch,QB,White,https://en.wikipedia.org/wiki/Paxton_Lynch,Low,No minority ethnicity markers detected in metadata. Provisional White classification; should be manually reviewed.
00-0034219,Peter Pujals,QB,White,https://en.wikipedia.org/wiki/Peter_Pujals,Low,No minority ethnicity markers detected in metadata. Provisional White classification; should be manually reviewed.
00-0010346,Peyton Manning,QB,White,https://en.wikipedia.org/wiki/Cooper_Manning,Low,No minority ethnicity markers detected in metadata. Provisional White classification; should be manually reviewed.
00-0019359,Phil Stambaugh,QB,White,https://en.wikipedia.org/wiki/Phil_Stambaugh,Low,No minority ethnicity markers detected in metadata. Provisional White classification; should be manually reviewed.
00-0022942,Philip Rivers,QB,White,https://en.wikipedia.org/wiki/Philip_Rivers,Low,No minority ethnicity markers detected in metadata. Provisional White classification; should be manually reviewed.
00-0033275,Phillip Walker,QB,White,https://en.wikipedia.org/wiki/P._J._Walker,Low,No minority ethnicity markers detected in metadata. Provisional White classification; should be manually reviewed.
00-0021062,Preston Parsons,QB,White,https://en.wikipedia.org/wiki/Preston_Parsons,Low,No minority ethnicity markers detected in metadata. Provisional White classification; should be manually reviewed.
00-0020404,Quincy Carter,QB,Black,https://en.wikipedia.org/wiki/Quincy_Carter,Medium,Wikipedia metadata matched Black/African-American language.
00-0020613,Quinn Gray,QB,White,https://en.wikipedia.org/wiki/Quinn_Gray,Low,No minority ethnicity markers detected in metadata. Provisional White classification; should be manually reviewed.
00-0024059,Quinton Porter,QB,White,https://en.wikipedia.org/wiki/Quinton_Porter,Low,No minority ethnicity markers detected in metadata. Provisional White classification; should be manually reviewed.
00-0027384,R.J. Archer,QB,White,https://en.wikipedia.org/wiki/R._J._Archer,Low,No minority ethnicity markers detected in metadata. Provisional White classification; should be manually reviewed.
00-0003761,Randall Cunningham,QB,Black,https://en.wikipedia.org/wiki/Randall_Cunningham,Medium,Wikipedia metadata matched Black/African-American language.
00-0021254,Randy Fasani,QB,White,https://en.wikipedia.org/wiki/Randy_Fasani,Low,No minority ethnicity markers detected in metadata. Provisional White classification; should be manually reviewed.
00-0010137,Ray Lucas,QB,Black,https://en.wikipedia.org/wiki/Ray_Lucas,Medium,Wikipedia metadata matched Black/African-American language.
00-0036052,Reid Sinnett,QB,White,https://en.wikipedia.org/wiki/Reid_Sinnett,Low,No minority ethnicity markers detected in metadata. Provisional White classification; should be manually reviewed.
00-0022121,Rex Grossman,QB,White,https://en.wikipedia.org/wiki/Rex_Grossman,Low,No minority ethnicity markers detected in metadata. Provisional White classification; should be manually reviewed.
00-0026916,Rhett Bomar,QB,White,https://en.wikipedia.org/wiki/Rhett_Bomar,Low,No minority ethnicity markers detected in metadata. Provisional White classification; should be manually reviewed.
00-0005741,Rich Gannon,QB,White,https://en.wikipedia.org/wiki/Rich_Gannon,Low,No minority ethnicity markers detected in metadata. Provisional White classification; should be manually reviewed.
00-0025749,Richard Bartel,QB,White,https://en.wikipedia.org/wiki/Richard_Bartel,Low,No minority ethnicity markers detected in metadata. Provisional White classification; should be manually reviewed.
00-0011378,Rick Mirer,QB,White,https://en.wikipedia.org/wiki/Rick_Mirer,Low,No minority ethnicity markers detected in metadata. Provisional White classification; should be manually reviewed.
00-0020511,Ricky Ray,QB,White,https://en.wikipedia.org/wiki/Ricky_Ray,Low,No minority ethnicity markers detected in metadata. Provisional White classification; should be manually reviewed.
00-0028073,Ricky Stanzi,QB,White,https://en.wikipedia.org/wiki/Ricky_Stanzi,Low,No minority ethnicity markers detected in metadata. Provisional White classification; should be manually reviewed.
00-0008612,Rob Johnson,QB,White,https://en.wikipedia.org/wiki/Rob_Johnson_(American_football),Low,No minority ethnicity markers detected in metadata. Provisional White classification; should be manually reviewed.
00-0029665,Robert Griffin,QB,Black,https://en.wikipedia.org/wiki/Robert_Griffin_III,Medium,Wikipedia metadata matched Black/African-American language.
00-0039633,Rocky Lombardi,QB,White,https://en.wikipedia.org/wiki/Rocky_Lombardi,Low,No minority ethnicity markers detected in metadata. Provisional White classification; should be manually reviewed.
00-0013901,Rod Robinson,QB,White,https://en.wikipedia.org/wiki/Eugene_Robinson_(American_football),Low,No minority ethnicity markers detected in metadata. Provisional White classification; should be manually reviewed.
00-0022373,Rod Rutherford,QB,White,https://en.wikipedia.org/wiki/Rod_Rutherford,Low,No minority ethnicity markers detected in metadata. Provisional White classification; should be manually reviewed.
00-0012732,Rodney Peete,QB,Black,https://en.wikipedia.org/wiki/Rodney_Peete,Medium,Wikipedia metadata matched Black/African-American language.
00-0021238,Rohan Davey,QB,White,https://en.wikipedia.org/wiki/Rohan_Davey,Low,No minority ethnicity markers detected in metadata. Provisional White classification; should be manually reviewed.
00-0020246,Romaro Miller,QB,White,https://en.wikipedia.org/wiki/Romaro_Miller,Low,No minority ethnicity markers detected in metadata. Provisional White classification; should be manually reviewed.
00-0013186,Ron Powlus,QB,White,https://en.wikipedia.org/wiki/Ron_Powlus,Low,No minority ethnicity markers detected in metadata. Provisional White classification; should be manually reviewed.
00-0021337,Ronald Curry,QB,Black,https://en.wikipedia.org/wiki/Ronald_Curry,Medium,Wikipedia metadata matched Black/African-American language.
00-0026775,Rudy Carpenter,QB,White,https://en.wikipedia.org/wiki/Rudy_Carpenter,Low,No minority ethnicity markers detected in metadata. Provisional White classification; should be manually reviewed.
00-0029263,Russell Wilson,QB,Black,https://en.wikipedia.org/wiki/Russell_Wilson,Medium,Wikipedia metadata matched Black/African-American language.
00-0027775,Rusty Smith,QB,White,https://en.wikipedia.org/wiki/Rusty_Smith_(American_football),Low,No minority ethnicity markers detected in metadata. Provisional White classification; should be manually reviewed.
00-0035652,Ryan Finley,QB,White,https://en.wikipedia.org/wiki/Ryan_Finley_(American_football),Low,No minority ethnicity markers detected in metadata. Provisional White classification; should be manually reviewed.
00-0023682,Ryan Fitzpatrick,QB,White,https://en.wikipedia.org/wiki/Ryan_Fitzpatrick,Low,No minority ethnicity markers detected in metadata. Provisional White classification; should be manually reviewed.
00-0029857,Ryan Griffin,QB,White,https://en.wikipedia.org/wiki/Ryan_Griffin_(quarterback),Low,No minority ethnicity markers detected in metadata. Provisional White classification; should be manually reviewed.
00-0009715,Ryan Leaf,QB,White,https://en.wikipedia.org/wiki/Ryan_Leaf,Low,No minority ethnicity markers detected in metadata. Provisional White classification; should be manually reviewed.
00-0029531,Ryan Lindley,QB,White,https://en.wikipedia.org/wiki/Ryan_Lindley,Low,No minority ethnicity markers detected in metadata. Provisional White classification; should be manually reviewed.
00-0028012,Ryan Mallett,QB,White,https://en.wikipedia.org/wiki/Ryan_Mallett,Low,No minority ethnicity markers detected in metadata. Provisional White classification; should be manually reviewed.
00-0030586,Ryan Nassib,QB,White,https://en.wikipedia.org/wiki/Ryan_Nassib,Low,No minority ethnicity markers detected in metadata. Provisional White classification; should be manually reviewed.
00-0029701,Ryan Tannehill,QB,White,https://en.wikipedia.org/wiki/Ryan_Tannehill,Low,No minority ethnicity markers detected in metadata. Provisional White classification; should be manually reviewed.
00-0037028,Ryan Willis,QB,White,https://en.wikipedia.org/wiki/Ryan_Willis,Low,No minority ethnicity markers detected in metadata. Provisional White classification; should be manually reviewed.
00-0020480,Sage Rosenfels,QB,White,https://en.wikipedia.org/wiki/Sage_Rosenfels,Low,No minority ethnicity markers detected in metadata. Provisional White classification; should be manually reviewed.
00-0027854,Sam Bradford,QB,White,https://en.wikipedia.org/wiki/Sam_Bradford,Low,No minority ethnicity markers detected in metadata. Provisional White classification; should be manually reviewed.
00-0034869,Sam Darnold,QB,White,https://en.wikipedia.org/wiki/Sam_Darnold,Low,No minority ethnicity markers detected in metadata. Provisional White classification; should be manually reviewed.
00-0036879,Sam Ehlinger,QB,White,https://en.wikipedia.org/wiki/Sam_Ehlinger,Low,No minority ethnicity markers detected in metadata. Provisional White classification; should be manually reviewed.
00-0039677,Sam Hartman,QB,White,https://en.wikipedia.org/wiki/Sam_Hartman,Low,No minority ethnicity markers detected in metadata. Provisional White classification; should be manually reviewed.
00-0024560,Sam Hollenbach,QB,White,https://en.wikipedia.org/wiki/Sam_Hollenbach,Low,No minority ethnicity markers detected in metadata. Provisional White classification; should be manually reviewed.
00-0037077,Sam Howell,QB,White,https://en.wikipedia.org/wiki/Sam_Howell,Low,No minority ethnicity markers detected in metadata. Provisional White classification; should be manually reviewed.
00-0003557,Scott Covington,QB,White,https://en.wikipedia.org/wiki/Scott_Covington,Low,No minority ethnicity markers detected in metadata. Provisional White classification; should be manually reviewed.
00-0004527,Scott Dreisbach,QB,White,https://en.wikipedia.org/wiki/Scott_Dreisbach,Low,No minority ethnicity markers detected in metadata. Provisional White classification; should be manually reviewed.
00-0011434,Scott Mitchell,QB,White,https://en.wikipedia.org/wiki/Scott_Mitchell,Low,No minority ethnicity markers detected in metadata. Provisional White classification; should be manually reviewed.
00-0028595,Scott Tolzien,QB,White,https://en.wikipedia.org/wiki/Scott_Tolzien,Low,No minority ethnicity markers detected in metadata. Provisional White classification; should be manually reviewed.
00-0027830,Sean Canfield,QB,White,https://en.wikipedia.org/wiki/Sean_Canfield,Low,No minority ethnicity markers detected in metadata. Provisional White classification; should be manually reviewed.
00-0038391,Sean Clifford,QB,White,https://en.wikipedia.org/wiki/Sean_Clifford,Low,No minority ethnicity markers detected in metadata. Provisional White classification; should be manually reviewed.
00-0019295,Sean Keenan,QB,White,https://en.wikipedia.org/wiki/Sean_Keenan,Low,No minority ethnicity markers detected in metadata. Provisional White classification; should be manually reviewed.
00-0032245,Sean Mannion,QB,White,https://en.wikipedia.org/wiki/Sean_Mannion_(American_football),Low,No minority ethnicity markers detected in metadata. Provisional White classification; should be manually reviewed.
00-0030569,Sean Renfree,QB,White,https://en.wikipedia.org/wiki/Sean_Renfree,Low,No minority ethnicity markers detected in metadata. Provisional White classification; should be manually reviewed.
00-0033429,Sefo Liufau,QB,Pacific Islander,https://en.wikipedia.org/wiki/Sefo_Liufau,Medium,Wikipedia metadata matched Pacific Islander language.
00-0022055,Seneca Wallace,QB,Black,https://en.wikipedia.org/wiki/Seneca_Wallace,Medium,Wikipedia metadata matched Black/African-American language.
00-0021322,Seth Burford,QB,White,https://en.wikipedia.org/wiki/Seth_Burford,Low,No minority ethnicity markers detected in metadata. Provisional White classification; should be manually reviewed.
00-0023126,Shane Boyd,QB,White,https://en.wikipedia.org/wiki/Shane_Boyd,Low,No minority ethnicity markers detected in metadata. Provisional White classification; should be manually reviewed.
00-0036679,Shane Buechele,QB,White,https://en.wikipedia.org/wiki/Shane_Buechele,Low,No minority ethnicity markers detected in metadata. Provisional White classification; should be manually reviewed.
00-0010560,Shane Matthews,QB,White,https://en.wikipedia.org/wiki/Shane_Matthews,Low,No minority ethnicity markers detected in metadata. Provisional White classification; should be manually reviewed.
00-0020679,Shaun Hill,QB,White,https://en.wikipedia.org/wiki/Shaun_Hill,Low,No minority ethnicity markers detected in metadata. Provisional White classification; should be manually reviewed.
00-0009266,Shaun King,QB,Black,https://en.wikipedia.org/wiki/Shaun_King_(American_football),Medium,Wikipedia metadata matched Black/African-American language.
00-0037327,Skylar Thompson,QB,White,https://en.wikipedia.org/wiki/Skylar_Thompson,Low,No minority ethnicity markers detected in metadata. Provisional White classification; should be manually reviewed.
00-0039376,Spencer Rattler,QB,White,https://en.wikipedia.org/wiki/Spencer_Rattler,Low,No minority ethnicity markers detected in metadata. Provisional White classification; should be manually reviewed.
00-0019553,Spergon Wynn,QB,Black,https://en.wikipedia.org/wiki/Spergon_Wynn,Medium,Wikipedia metadata matched Black/African-American language.
00-0023555,Stefan LeFors,QB,White,https://en.wikipedia.org/wiki/Stefan_LeFors,Low,No minority ethnicity markers detected in metadata. Provisional White classification; should be manually reviewed.
00-0027071,Stephen McGee,QB,White,https://en.wikipedia.org/wiki/Stephen_McGee,Low,No minority ethnicity markers detected in metadata. Provisional White classification; should be manually reviewed.
00-0030825,Stephen Morris,QB,White,https://en.wikipedia.org/wiki/Stephen_Morris_(American_football),Low,No minority ethnicity markers detected in metadata. Provisional White classification; should be manually reviewed.
00-0039107,Stetson Bennett,QB,White,https://en.wikipedia.org/wiki/Stetson_Bennett,Low,No minority ethnicity markers detected in metadata. Provisional White classification; should be manually reviewed.
00-0001218,Steve Beuerlein,QB,White,https://en.wikipedia.org/wiki/Steve_Beuerlein,Low,No minority ethnicity markers detected in metadata. Provisional White classification; should be manually reviewed.
00-0011024,Steve McNair,QB,Black,https://en.wikipedia.org/wiki/Steve_McNair,Medium,Wikipedia metadata matched Black/African-American language.
00-0036022,Steven Montez,QB,White,https://en.wikipedia.org/wiki/Steven_Montez,Low,No minority ethnicity markers detected in metadata. Provisional White classification; should be manually reviewed.
00-0002787,Stoney Case,QB,White,https://en.wikipedia.org/wiki/Stoney_Case,Low,No minority ethnicity markers detected in metadata. Provisional White classification; should be manually reviewed.
00-0028090,T.J. Yates,QB,White,https://en.wikipedia.org/wiki/T._J._Yates,Low,No minority ethnicity markers detected in metadata. Provisional White classification; should be manually reviewed.
00-0034416,Tanner Lee,QB,White,https://en.wikipedia.org/wiki/Tanner_Lee,Low,No minority ethnicity markers detected in metadata. Provisional White classification; should be manually reviewed.
00-0038400,Tanner McKee,QB,White,https://en.wikipedia.org/wiki/Tanner_McKee,Low,No minority ethnicity markers detected in metadata. Provisional White classification; should be manually reviewed.
00-0039699,Tanner Mordecai,QB,White,https://en.wikipedia.org/wiki/Tanner_Mordecai,Low,No minority ethnicity markers detected in metadata. Provisional White classification; should be manually reviewed.
00-0038744,Tanner Morgan,QB,White,https://en.wikipedia.org/wiki/Tanner_Morgan,Low,No minority ethnicity markers detected in metadata. Provisional White classification; should be manually reviewed.
00-0024279,Tarvaris Jackson,QB,Black,https://en.wikipedia.org/wiki/Tarvaris_Jackson,Medium,Wikipedia metadata matched Black/African-American language.
00-0035087,Taryn Christion,QB,White,https://en.wikipedia.org/wiki/Taryn_Christion,Low,No minority ethnicity markers detected in metadata. Provisional White classification; should be manually reviewed.
00-0031800,Taylor Heinicke,QB,White,https://en.wikipedia.org/wiki/Taylor_Heinicke,Low,No minority ethnicity markers detected in metadata. Provisional White classification; should be manually reviewed.
00-0033357,Taysom Hill,QB,White,https://en.wikipedia.org/wiki/Taysom_Hill,Low,No minority ethnicity markers detected in metadata. Provisional White classification; should be manually reviewed.
00-0031237,Teddy Bridgewater,QB,Black,https://en.wikipedia.org/wiki/Teddy_Bridgewater,Medium,Wikipedia metadata matched Black/African-American language.
00-0019633,Tee Martin,QB,Black,https://en.wikipedia.org/wiki/Tee_Martin,Medium,Wikipedia metadata matched Black/African-American language.
00-0028825,Terrelle Pryor,QB,White,https://en.wikipedia.org/wiki/Terrelle_Pryor,Low,No minority ethnicity markers detected in metadata. Provisional White classification; should be manually reviewed.
00-0027253,Thaddeus Lewis,QB,White,https://en.wikipedia.org/wiki/Thaddeus,Low,No minority ethnicity markers detected in metadata. Provisional White classification; should be manually reviewed.
00-0034177,Tim Boyle,QB,White,https://en.wikipedia.org/wiki/Tim_Boyle_(American_football),Low,No minority ethnicity markers detected in metadata. Provisional White classification; should be manually reviewed.
00-0003535,Tim Couch,QB,White,https://en.wikipedia.org/wiki/Tim_Couch,Low,No minority ethnicity markers detected in metadata. Provisional White classification; should be manually reviewed.
00-0019816,Tim Hasselbeck,QB,White,https://en.wikipedia.org/wiki/Tim_Hasselbeck,Low,No minority ethnicity markers detected in metadata. Provisional White classification; should be manually reviewed.
00-0019623,Tim Rattay,QB,White,https://en.wikipedia.org/wiki/Tim_Rattay,Low,No minority ethnicity markers detected in metadata. Provisional White classification; should be manually reviewed.
00-0027876,Tim Tebow,QB,White,https://en.wikipedia.org/wiki/Tim_Tebow,Low,No minority ethnicity markers detected in metadata. Provisional White classification; should be manually reviewed.
00-0001545,Todd Bouman,QB,White,https://en.wikipedia.org/wiki/Todd_Bouman,Low,No minority ethnicity markers detected in metadata. Provisional White classification; should be manually reviewed.
00-0003315,Todd Collins,QB,White,https://en.wikipedia.org/wiki/Todd_Collins,Low,No minority ethnicity markers detected in metadata. Provisional White classification; should be manually reviewed.
00-0019622,Todd Husak,QB,White,https://en.wikipedia.org/wiki/Todd_Husak,Low,No minority ethnicity markers detected in metadata. Provisional White classification; should be manually reviewed.
00-0019596,Tom Brady,QB,White,https://en.wikipedia.org/wiki/Tom_Brady,Low,No minority ethnicity markers detected in metadata. Provisional White classification; should be manually reviewed.
00-0027121,Tom Brandstater,QB,White,https://en.wikipedia.org/wiki/Tom_Brandstater,Low,No minority ethnicity markers detected in metadata. Provisional White classification; should be manually reviewed.
00-0031064,Tom Savage,QB,White,https://en.wikipedia.org/wiki/Tom_Savage_(American_football),Low,No minority ethnicity markers detected in metadata. Provisional White classification; should be manually reviewed.
00-0038476,Tommy DeVito,QB,White,https://en.wikipedia.org/wiki/Tommy_DeVito_(American_football),Low,No minority ethnicity markers detected in metadata. Provisional White classification; should be manually reviewed.
00-0010261,Tommy Maddox,QB,White,https://en.wikipedia.org/wiki/Tommy_Maddox,Low,No minority ethnicity markers detected in metadata. Provisional White classification; should be manually reviewed.
00-0036433,Tommy Stevens,QB,White,https://en.wikipedia.org/wiki/Tommy_Stevens,Low,No minority ethnicity markers detected in metadata. Provisional White classification; should be manually reviewed.
00-0000722,Tony Banks,QB,Black,https://en.wikipedia.org/wiki/Tony_Banks_(American_football),Medium,Wikipedia metadata matched Black/African-American language.
00-0006299,Tony Graziani,QB,White,https://en.wikipedia.org/wiki/Tony_Graziani,Low,No minority ethnicity markers detected in metadata. Provisional White classification; should be manually reviewed.
00-0027801,Tony Pike,QB,White,https://en.wikipedia.org/wiki/Tony_Pike,Low,No minority ethnicity markers detected in metadata. Provisional White classification; should be manually reviewed.
00-0021678,Tony Romo,QB,Latino,https://en.wikipedia.org/wiki/Tony_Romo,Medium,Wikipedia metadata matched Latino/Hispanic language.
00-0020126,Tory Woodbury,QB,Black,https://en.wikipedia.org/wiki/Tory_Woodbury,Medium,Wikipedia metadata matched Black/African-American language.
00-0035146,Trace McSorley,QB,White,https://en.wikipedia.org/wiki/Trace_McSorley,Low,No minority ethnicity markers detected in metadata. Provisional White classification; should be manually reviewed.
00-0019192,Travis Brown,QB,White,https://en.wikipedia.org/wiki/Travis_Brown,Low,No minority ethnicity markers detected in metadata. Provisional White classification; should be manually reviewed.
00-0004293,Trent Dilfer,QB,White,https://en.wikipedia.org/wiki/Trent_Dilfer,Low,No minority ethnicity markers detected in metadata. Provisional White classification; should be manually reviewed.
00-0025479,Trent Edwards,QB,White,https://en.wikipedia.org/wiki/Trent_Edwards,Low,No minority ethnicity markers detected in metadata. Provisional White classification; should be manually reviewed.
00-0006355,Trent Green,QB,White,https://en.wikipedia.org/wiki/Trent_Green,Low,No minority ethnicity markers detected in metadata. Provisional White classification; should be manually reviewed.
00-0032462,Trevone Boykin,QB,White,https://en.wikipedia.org/wiki/Trevone_Boykin,Low,No minority ethnicity markers detected in metadata. Provisional White classification; should be manually reviewed.
00-0033607,Trevor Knight,QB,White,https://en.wikipedia.org/wiki/Trevor_Knight_(Canadian_football),Low,No minority ethnicity markers detected in metadata. Provisional White classification; should be manually reviewed.
00-0036971,Trevor Lawrence,QB,White,https://en.wikipedia.org/wiki/Trevor_Lawrence,Low,No minority ethnicity markers detected in metadata. Provisional White classification; should be manually reviewed.
00-0032156,Trevor Siemian,QB,White,https://en.wikipedia.org/wiki/Trevor_Siemian,Low,No minority ethnicity markers detected in metadata. Provisional White classification; should be manually reviewed.
00-0037012,Trey Lance,QB,Black,https://en.wikipedia.org/wiki/Trey_Lance,Medium,Wikipedia metadata matched Black/African-American language.
00-0000104,Troy Aikman,QB,White,https://en.wikipedia.org/wiki/Troy_Aikman,Low,No minority ethnicity markers detected in metadata. Provisional White classification; should be manually reviewed.
00-0025561,Troy Smith,QB,Black,https://en.wikipedia.org/wiki/Troy_Smith,Medium,Wikipedia metadata matched Black/African-American language.
00-0036212,Tua Tagovailoa,QB,Pacific Islander,https://en.wikipedia.org/wiki/Tua_Tagovailoa,Medium,Wikipedia metadata matched Pacific Islander language.
00-0004230,Ty Detmer,QB,White,https://en.wikipedia.org/wiki/Ty_Detmer,Low,No minority ethnicity markers detected in metadata. Provisional White classification; should be manually reviewed.
00-0030151,Tyler Bray,QB,White,https://en.wikipedia.org/wiki/Tyler_Bray,Low,No minority ethnicity markers detected in metadata. Provisional White classification; should be manually reviewed.
00-0033799,Tyler Ferguson,QB,White,https://en.wikipedia.org/wiki/Terrance_Ferguson_(American_football),Low,No minority ethnicity markers detected in metadata. Provisional White classification; should be manually reviewed.
00-0035993,Tyler Huntley,QB,White,https://en.wikipedia.org/wiki/Tyler_Huntley,Low,No minority ethnicity markers detected in metadata. Provisional White classification; should be manually reviewed.
00-0024812,Tyler Palko,QB,White,https://en.wikipedia.org/wiki/Tyler_Palko,Low,No minority ethnicity markers detected in metadata. Provisional White classification; should be manually reviewed.
00-0025604,Tyler Thigpen,QB,White,https://en.wikipedia.org/wiki/Tyler_Thigpen,Low,No minority ethnicity markers detected in metadata. Provisional White classification; should be manually reviewed.
00-0030568,Tyler Wilson,QB,White,https://en.wikipedia.org/wiki/Tyler_Wilson_(American_football),Low,No minority ethnicity markers detected in metadata. Provisional White classification; should be manually reviewed.
00-0035356,Tyree Jackson,QB,Black,https://en.wikipedia.org/wiki/Tyree_Jackson,Medium,Wikipedia metadata matched Black/African-American language.
00-0028118,Tyrod Taylor,QB,Black,https://en.wikipedia.org/wiki/Tyrod_Taylor,Medium,Wikipedia metadata matched Black/African-American language.
00-0038416,Tyson Bagent,QB,White,https://en.wikipedia.org/wiki/Tyson_Bagent,Low,No minority ethnicity markers detected in metadata. Provisional White classification; should be manually reviewed.
00-0024218,Vince Young,QB,White,https://en.wikipedia.org/wiki/Vince_Young,Low,No minority ethnicity markers detected in metadata. Provisional White classification; should be manually reviewed.
00-0035723,Vincent Testaverde,QB,White,https://en.wikipedia.org/wiki/Vincent_Testaverde_Jr.,Low,No minority ethnicity markers detected in metadata. Provisional White classification; should be manually reviewed.
00-0016193,Vinny Testaverde,QB,White,https://en.wikipedia.org/wiki/Vinny_Testaverde,Low,No minority ethnicity markers detected in metadata. Provisional White classification; should be manually reviewed.
00-0011524,Warren Moon,QB,Black,https://en.wikipedia.org/wiki/Warren_Moon,Medium,Wikipedia metadata matched Black/African-American language.
00-0035251,Will Grier,QB,White,https://en.wikipedia.org/wiki/Will_Grier,Low,No minority ethnicity markers detected in metadata. Provisional White classification; should be manually reviewed.
00-0039152,Will Levis,QB,White,https://en.wikipedia.org/wiki/Will_Levis,Low,No minority ethnicity markers detected in metadata. Provisional White classification; should be manually reviewed.
00-0035037,Wilton Speight,QB,White,https://en.wikipedia.org/wiki/Wilton_Speight,Low,No minority ethnicity markers detected in metadata. Provisional White classification; should be manually reviewed.
00-0030394,Zac Dysert,QB,White,https://en.wikipedia.org/wiki/Zac_Dysert,Low,No minority ethnicity markers detected in metadata. Provisional White classification; should be manually reviewed.
00-0027841,Zac Robinson,QB,White,https://en.wikipedia.org/wiki/Zac_Robinson,Low,No minority ethnicity markers detected in metadata. Provisional White classification; should be manually reviewed.
00-0031266,Zach Mettenberger,QB,White,https://en.wikipedia.org/wiki/Zach_Mettenberger,Low,No minority ethnicity markers detected in metadata. Provisional White classification; should be manually reviewed.
00-0037013,Zach Wilson,QB,White,https://en.wikipedia.org/wiki/Zach_Wilson,Low,No minority ethnicity markers detected in metadata. Provisional White classification; should be manually reviewed.
00-0039597,Zack Annexstad,QB,White,https://en.wikipedia.org/wiki/Zack_Annexstad,Low,No minority ethnicity markers detected in metadata. Provisional White classification; should be manually reviewed.
