player_id,player_name,position_group,race,race_source,confidence,notes
00-0036265,A.J. Dillon,RB,White,https://en.wikipedia.org/wiki/A._J._Dillon,Low,No minority ethnicity markers detected in metadata. Provisional White classification; should be manually reviewed.
00-0035583,A.J. Ouellette,RB,White,https://en.wikipedia.org/wiki/A._J._Ouellette,Low,No minority ethnicity markers detected in metadata. Provisional White classification; should be manually reviewed.
00-0036819,A.J. Rose,RB,White,https://en.wikipedia.org/wiki/AJ_Barner,Low,No minority ethnicity markers detected in metadata. Provisional White classification; should be manually reviewed.
00-0027129,Aaron Brown,RB,White,https://en.wikipedia.org/wiki/Aaron_Anderson_(American_football),Low,No minority ethnicity markers detected in metadata. Provisional White classification; should be manually reviewed.
00-0039191,Aaron Dykes,RB,White,https://en.wikipedia.org/wiki/2026_FIFA_World_Cup_squads,Low,No minority ethnicity markers detected in metadata. Provisional White classification; should be manually reviewed.
00-0032672,Aaron Green,RB,Black,https://en.wikipedia.org/wiki/Aaron_Green_(American_football),Medium,Wikipedia metadata matched Black/African-American language.
00-0033293,Aaron Jones,RB,White,https://en.wikipedia.org/wiki/Aaron_Jones,Low,No minority ethnicity markers detected in metadata. Provisional White classification; should be manually reviewed.
00-0031612,Aaron Ripkowski,RB,White,https://en.wikipedia.org/wiki/Aaron_Ripkowski,Low,No minority ethnicity markers detected in metadata. Provisional White classification; should be manually reviewed.
00-0037609,Aaron Shampklin,RB,White,https://en.wikipedia.org/wiki/Aaron_Shampklin,Low,No minority ethnicity markers detected in metadata. Provisional White classification; should be manually reviewed.
00-0019564,Aaron Shea,RB,White,https://en.wikipedia.org/wiki/Aaron_Shea,Low,No minority ethnicity markers detected in metadata. Provisional White classification; should be manually reviewed.
00-0015601,Aaron Stecker,RB,White,https://en.wikipedia.org/wiki/Aaron_Stecker,Low,No minority ethnicity markers detected in metadata. Provisional White classification; should be manually reviewed.
00-0000003,Abdul-Karim al-Jabbar,RB,Black,https://en.wikipedia.org/wiki/Abdul-Karim_al-Jabbar,Medium,Wikipedia metadata matched Black/African-American language.
00-0031965,Abou Toure,RB,White,https://en.wikipedia.org/wiki/2026_FIFA_World_Cup_squads,Low,No minority ethnicity markers detected in metadata. Provisional White classification; should be manually reviewed.
00-0037546,Abram Smith,RB,White,https://en.wikipedia.org/wiki/Abram_Smith_(American_football),Low,No minority ethnicity markers detected in metadata. Provisional White classification; should be manually reviewed.
00-0035716,Aca'Cedric Ware,RB,White,https://en.wikipedia.org/wiki/Michael_Harper_(gridiron_football),Low,No minority ethnicity markers detected in metadata. Provisional White classification; should be manually reviewed.
00-0035086,Adam Choice,RB,White,https://en.wikipedia.org/wiki/Adam_Choice,Low,No minority ethnicity markers detected in metadata. Provisional White classification; should be manually reviewed.
00-0036727,Adam Prentice,RB,White,https://en.wikipedia.org/wiki/Adam_Prentice,Low,No minority ethnicity markers detected in metadata. Provisional White classification; should be manually reviewed.
00-0020142,Adam Wright,RB,White,https://en.wikipedia.org/wiki/Ceyair_Wright,Low,No minority ethnicity markers detected in metadata. Provisional White classification; should be manually reviewed.
00-0022883,Adimchinobi Echemandu,RB,White,https://en.wikipedia.org/wiki/Adimchinobe_Echemandu,Low,No minority ethnicity markers detected in metadata. Provisional White classification; should be manually reviewed.
00-0036000,Adrian Killins,RB,White,https://en.wikipedia.org/wiki/Adrian_Killins,Low,No minority ethnicity markers detected in metadata. Provisional White classification; should be manually reviewed.
00-0011869,Adrian Murrell,RB,Black,https://en.wikipedia.org/wiki/Adrian_Murrell,Medium,Wikipedia metadata matched Black/African-American language.
00-0021306,Adrian Peterson,RB,Black,https://en.wikipedia.org/wiki/Adrian_Peterson,Medium,Wikipedia metadata matched Black/African-American language.
00-0025394,Adrian Peterson,RB,Black,https://en.wikipedia.org/wiki/Adrian_Peterson,Medium,Wikipedia metadata matched Black/African-American language.
00-0025637,Ahmad Bradshaw,RB,Black,https://en.wikipedia.org/wiki/Ahmad_Bradshaw,Medium,Wikipedia metadata matched Black/African-American language.
00-0006305,Ahman Green,RB,Black,https://en.wikipedia.org/wiki/Ahman_Green,Medium,Wikipedia metadata matched Black/African-American language.
00-0024489,Ahmard Hall,RB,White,https://en.wikipedia.org/wiki/Ahmard_Hall,Low,No minority ethnicity markers detected in metadata. Provisional White classification; should be manually reviewed.
00-0039516,Aidan Robbins,RB,White,https://en.wikipedia.org/wiki/Aidan_Robbins,Low,No minority ethnicity markers detected in metadata. Provisional White classification; should be manually reviewed.
00-0031743,Akeem Hunt,RB,White,https://en.wikipedia.org/wiki/Akeem_Hunt,Low,No minority ethnicity markers detected in metadata. Provisional White classification; should be manually reviewed.
00-0033800,Akeem Judd,RB,White,https://en.wikipedia.org/wiki/Akeem_Judd,Low,No minority ethnicity markers detected in metadata. Provisional White classification; should be manually reviewed.
00-0034670,Akrum Wadley,RB,White,https://en.wikipedia.org/wiki/Akrum_Wadley,Low,No minority ethnicity markers detected in metadata. Provisional White classification; should be manually reviewed.
00-0032745,Alan Cross,RB,White,https://en.wikipedia.org/wiki/Alan_Cross_(American_football),Low,No minority ethnicity markers detected in metadata. Provisional White classification; should be manually reviewed.
00-0018588,Alan Ricard,RB,White,https://en.wikipedia.org/wiki/Alan_Ricard,Low,No minority ethnicity markers detected in metadata. Provisional White classification; should be manually reviewed.
00-0025955,Albert Young,RB,White,https://en.wikipedia.org/wiki/Albert_Young_(American_football),Low,No minority ethnicity markers detected in metadata. Provisional White classification; should be manually reviewed.
00-0035125,Alec Ingold,RB,Black,https://en.wikipedia.org/wiki/Alec_Ingold,Medium,Wikipedia metadata matched Black/African-American language.
00-0033296,Alex Armah,RB,White,https://en.wikipedia.org/wiki/Alex_Armah,Low,No minority ethnicity markers detected in metadata. Provisional White classification; should be manually reviewed.
00-0035512,Alex Barnes,RB,White,https://en.wikipedia.org/wiki/Alex_Barnes,Low,No minority ethnicity markers detected in metadata. Provisional White classification; should be manually reviewed.
00-0032426,Alex Collins,RB,White,https://en.wikipedia.org/wiki/Alex_Collins_(American_football),Low,No minority ethnicity markers detected in metadata. Provisional White classification; should be manually reviewed.
00-0028034,Alex Green,RB,White,https://en.wikipedia.org/wiki/Alex_Collins_(American_football),Low,No minority ethnicity markers detected in metadata. Provisional White classification; should be manually reviewed.
00-0023714,Alex Haynes,RB,White,https://en.wikipedia.org/wiki/Alex_Haynes,Low,No minority ethnicity markers detected in metadata. Provisional White classification; should be manually reviewed.
00-0034972,Alexander Mattison,RB,White,https://en.wikipedia.org/wiki/Alexander_Mattison,Low,No minority ethnicity markers detected in metadata. Provisional White classification; should be manually reviewed.
00-0027346,Alfonso Smith,RB,White,https://en.wikipedia.org/wiki/Alfonso_Smith,Low,No minority ethnicity markers detected in metadata. Provisional White classification; should be manually reviewed.
00-0038957,Alfonzo Graham,RB,White,https://en.wikipedia.org/wiki/Alfonzo_Graham,Low,No minority ethnicity markers detected in metadata. Provisional White classification; should be manually reviewed.
00-0031075,Alfred Blue,RB,White,https://en.wikipedia.org/wiki/Alfred_Blue,Low,No minority ethnicity markers detected in metadata. Provisional White classification; should be manually reviewed.
00-0029141,Alfred Morris,RB,White,https://en.wikipedia.org/wiki/Alfred_Morris_(American_football),Low,No minority ethnicity markers detected in metadata. Provisional White classification; should be manually reviewed.
00-0033736,Algernon Brown,RB,White,https://en.wikipedia.org/wiki/Algernon_(name),Low,No minority ethnicity markers detected in metadata. Provisional White classification; should be manually reviewed.
00-0028125,Allen Bradford,RB,White,https://en.wikipedia.org/wiki/Allen_Bradford_(American_football),Low,No minority ethnicity markers detected in metadata. Provisional White classification; should be manually reviewed.
00-0026380,Allen Patrick,RB,White,https://en.wikipedia.org/wiki/Josh_Allen,Low,No minority ethnicity markers detected in metadata. Provisional White classification; should be manually reviewed.
00-0025702,Alonzo Coleman,RB,White,https://en.wikipedia.org/wiki/Alonzo_Coleman,Low,No minority ethnicity markers detected in metadata. Provisional White classification; should be manually reviewed.
00-0031830,Alonzo Harris,RB,White,https://en.wikipedia.org/wiki/Alonzo_Harris,Low,No minority ethnicity markers detected in metadata. Provisional White classification; should be manually reviewed.
00-0032845,Alstevis Squirewell,RB,White,,Low,No minority ethnicity markers detected in metadata. Provisional White classification; should be manually reviewed.
00-0033906,Alvin Kamara,RB,White,https://en.wikipedia.org/wiki/Alvin_Kamara,Low,No minority ethnicity markers detected in metadata. Provisional White classification; should be manually reviewed.
00-0023561,Alvin Pearman,RB,White,https://en.wikipedia.org/wiki/Alvin_Pearman,Low,No minority ethnicity markers detected in metadata. Provisional White classification; should be manually reviewed.
00-0032104,Ameer Abdullah,RB,Black,https://en.wikipedia.org/wiki/Ameer_Abdullah,Medium,Wikipedia metadata matched Black/African-American language.
00-0018501,Amos Zereoue,RB,White,https://en.wikipedia.org/wiki/Amos_Zereou%C3%A9,Low,No minority ethnicity markers detected in metadata. Provisional White classification; should be manually reviewed.
00-0009738,Amp Lee,RB,White,https://en.wikipedia.org/wiki/Amp_Lee,Low,No minority ethnicity markers detected in metadata. Provisional White classification; should be manually reviewed.
00-0027094,Andre Brown,RB,White,https://en.wikipedia.org/wiki/Andre_Brown,Low,No minority ethnicity markers detected in metadata. Provisional White classification; should be manually reviewed.
00-0030287,Andre Ellington,RB,Black,https://en.wikipedia.org/wiki/Andre_Ellington,Medium,Wikipedia metadata matched Black/African-American language.
00-0023764,Andre Hall,RB,White,https://en.wikipedia.org/wiki/Andre_Hall_(American_football),Low,No minority ethnicity markers detected in metadata. Provisional White classification; should be manually reviewed.
00-0031055,Andre Williams,RB,White,https://en.wikipedia.org/wiki/Andre_Williams_(American_football),Low,No minority ethnicity markers detected in metadata. Provisional White classification; should be manually reviewed.
00-0027906,Andre' Anderson,RB,White,https://en.wikipedia.org/wiki/Andre_Anderson,Low,No minority ethnicity markers detected in metadata. Provisional White classification; should be manually reviewed.
00-0034959,Andrew Beck,RB,White,https://en.wikipedia.org/wiki/Andrew_Beck_(American_football),Low,No minority ethnicity markers detected in metadata. Provisional White classification; should be manually reviewed.
00-0021936,Andrew Pinnock,RB,White,https://en.wikipedia.org/wiki/Andrew_Pinnock,Low,No minority ethnicity markers detected in metadata. Provisional White classification; should be manually reviewed.
00-0032956,Andy Janovich,RB,White,https://en.wikipedia.org/wiki/Andy_Janovich,Low,No minority ethnicity markers detected in metadata. Provisional White classification; should be manually reviewed.
00-0028163,Anthony Allen,RB,White,https://en.wikipedia.org/wiki/Anthony_Allen,Low,No minority ethnicity markers detected in metadata. Provisional White classification; should be manually reviewed.
00-0025822,Anthony Alridge,RB,White,https://en.wikipedia.org/wiki/Anthony_Alridge,Low,No minority ethnicity markers detected in metadata. Provisional White classification; should be manually reviewed.
00-0027772,Anthony Dixon,RB,Black,https://en.wikipedia.org/wiki/Anthony_Dixon,Medium,Wikipedia metadata matched Black/African-American language.
00-0019167,Anthony Green,RB,White,https://en.wikipedia.org/wiki/Anthony_Barr_(American_football),Low,No minority ethnicity markers detected in metadata. Provisional White classification; should be manually reviewed.
00-0008430,Anthony Johnson,RB,White,https://en.wikipedia.org/wiki/Anthony_Johnson,Low,No minority ethnicity markers detected in metadata. Provisional White classification; should be manually reviewed.
00-0034563,Anthony Manzo-Lewis,RB,White,https://en.wikipedia.org/wiki/Anthony,Low,No minority ethnicity markers detected in metadata. Provisional White classification; should be manually reviewed.
00-0036336,Anthony McFarland,RB,White,https://en.wikipedia.org/wiki/Anthony_McFarland_Jr.,Low,No minority ethnicity markers detected in metadata. Provisional White classification; should be manually reviewed.
00-0028074,Anthony Sherman,RB,White,https://en.wikipedia.org/wiki/Anthony_Sherman,Low,No minority ethnicity markers detected in metadata. Provisional White classification; should be manually reviewed.
00-0024513,Anthony Sherrell,RB,White,https://en.wikipedia.org/wiki/2004_Eastern_Michigan_Eagles_football_team,Low,No minority ethnicity markers detected in metadata. Provisional White classification; should be manually reviewed.
00-0020403,Anthony Thomas,RB,Black,https://en.wikipedia.org/wiki/Anthony_Thomas_(American_football),Medium,Wikipedia metadata matched Black/African-American language.
00-0026855,Antone Smith,RB,White,https://en.wikipedia.org/wiki/Antone_Smith,Low,No minority ethnicity markers detected in metadata. Provisional White classification; should be manually reviewed.
00-0030789,Antonio Andrews,RB,White,https://en.wikipedia.org/wiki/Antonio_Andrews,Low,No minority ethnicity markers detected in metadata. Provisional White classification; should be manually reviewed.
00-0036328,Antonio Gibson,RB,White,https://en.wikipedia.org/wiki/Antonio_Gibson,Low,No minority ethnicity markers detected in metadata. Provisional White classification; should be manually reviewed.
00-0025494,Antonio Pittman,RB,Black,https://en.wikipedia.org/wiki/Antonio_Pittman,Medium,Wikipedia metadata matched Black/African-American language.
00-0036188,Antonio Williams,RB,Black,https://en.wikipedia.org/wiki/Antonio_Williams_(wide_receiver),Medium,Wikipedia metadata matched Black/African-American language.
00-0015091,Antowain Smith,RB,Black,https://en.wikipedia.org/wiki/Antowain_Smith,Medium,Wikipedia metadata matched Black/African-American language.
00-0026796,Arian Foster,RB,Black,https://en.wikipedia.org/wiki/Arian_Foster,Medium,Wikipedia metadata matched Black/African-American language.
00-0021750,Arlen Harris,RB,White,https://en.wikipedia.org/wiki/Arlen_Harris,Low,No minority ethnicity markers detected in metadata. Provisional White classification; should be manually reviewed.
00-0028565,Armando Allen,RB,White,https://en.wikipedia.org/wiki/Armando_(given_name),Low,No minority ethnicity markers detected in metadata. Provisional White classification; should be manually reviewed.
00-0028706,Armond Smith,RB,White,https://en.wikipedia.org/wiki/Armond_Smith,Low,No minority ethnicity markers detected in metadata. Provisional White classification; should be manually reviewed.
00-0036208,Artavis Pierce,RB,White,https://en.wikipedia.org/wiki/Artavis_Pierce,Low,No minority ethnicity markers detected in metadata. Provisional White classification; should be manually reviewed.
00-0022006,Artose Pinner,RB,White,https://en.wikipedia.org/wiki/Artose_Pinner,Low,No minority ethnicity markers detected in metadata. Provisional White classification; should be manually reviewed.
00-0039373,Audric Estimé,RB,Black,https://en.wikipedia.org/wiki/Audric_Estim%C3%A9,Medium,Wikipedia metadata matched Black/African-American language.
00-0033699,Austin Ekeler,RB,Black,https://en.wikipedia.org/wiki/Austin_Ekeler,Medium,Wikipedia metadata matched Black/African-American language.
00-0029729,Austin Johnson,RB,White,https://en.wikipedia.org/wiki/James_Austin_Johnson,Low,No minority ethnicity markers detected in metadata. Provisional White classification; should be manually reviewed.
00-0039678,Austin Jones,RB,White,https://en.wikipedia.org/wiki/Austin_Jones,Low,No minority ethnicity markers detected in metadata. Provisional White classification; should be manually reviewed.
00-0028229,Austin Sylvester,RB,White,https://en.wikipedia.org/wiki/Sylvester_Williams_(American_football),Low,No minority ethnicity markers detected in metadata. Provisional White classification; should be manually reviewed.
00-0035187,Austin Walter,RB,White,https://en.wikipedia.org/wiki/Austin_Walter,Low,No minority ethnicity markers detected in metadata. Provisional White classification; should be manually reviewed.
00-0004200,Autry Denson,RB,Black,https://en.wikipedia.org/wiki/Autry_Denson,Medium,Wikipedia metadata matched Black/African-American language.
00-0019794,Aveion Cason,RB,White,https://en.wikipedia.org/wiki/Aveion_Cason,Low,No minority ethnicity markers detected in metadata. Provisional White classification; should be manually reviewed.
00-0021528,Avon Cobourne,RB,Black,https://en.wikipedia.org/wiki/Avon_Cobourne,Medium,Wikipedia metadata matched Black/African-American language.
00-0022003,B.J. Askew,RB,White,https://en.wikipedia.org/wiki/B._J._Askew,Low,No minority ethnicity markers detected in metadata. Provisional White classification; should be manually reviewed.
00-0037115,B.J. Baylor,RB,White,https://en.wikipedia.org/wiki/B._J._Thompson_(American_football),Low,No minority ethnicity markers detected in metadata. Provisional White classification; should be manually reviewed.
00-0036797,B.J. Emmons,RB,Black,https://en.wikipedia.org/wiki/B._J._Emmons,Medium,Wikipedia metadata matched Black/African-American language.
00-0022449,B.J. Sams,RB,White,https://en.wikipedia.org/wiki/B._J._Sams_(American_football),Low,No minority ethnicity markers detected in metadata. Provisional White classification; should be manually reviewed.
00-0028170,Baron Batch,RB,White,https://en.wikipedia.org/wiki/Baron_Batch,Low,No minority ethnicity markers detected in metadata. Provisional White classification; should be manually reviewed.
00-0011392,Basil Mitchell,RB,White,https://en.wikipedia.org/wiki/Basil_Mitchell_(American_football),Low,No minority ethnicity markers detected in metadata. Provisional White classification; should be manually reviewed.
00-0027890,Ben Tate,RB,White,https://en.wikipedia.org/wiki/Ben_Tate,Low,No minority ethnicity markers detected in metadata. Provisional White classification; should be manually reviewed.
00-0022555,Ben Utecht,RB,White,https://en.wikipedia.org/wiki/Ben_Utecht,Low,No minority ethnicity markers detected in metadata. Provisional White classification; should be manually reviewed.
00-0025860,BenJarvus Green-Ellis,RB,White,https://en.wikipedia.org/wiki/BenJarvus_Green-Ellis,Low,No minority ethnicity markers detected in metadata. Provisional White classification; should be manually reviewed.
00-0020417,Benjamin Gay,RB,White,https://en.wikipedia.org/wiki/Benjamin_Gay,Low,No minority ethnicity markers detected in metadata. Provisional White classification; should be manually reviewed.
00-0029795,Benny Cunningham,RB,White,https://en.wikipedia.org/wiki/Benny_Cunningham,Low,No minority ethnicity markers detected in metadata. Provisional White classification; should be manually reviewed.
00-0036117,Benny LeMay,RB,White,https://en.wikipedia.org/wiki/Jack_Benny,Low,No minority ethnicity markers detected in metadata. Provisional White classification; should be manually reviewed.
00-0035217,Benny Snell,RB,White,https://en.wikipedia.org/wiki/Benny_Snell,Low,No minority ethnicity markers detected in metadata. Provisional White classification; should be manually reviewed.
00-0029264,Bernard Pierce,RB,White,https://en.wikipedia.org/wiki/Bernard_Pierce,Low,No minority ethnicity markers detected in metadata. Provisional White classification; should be manually reviewed.
00-0026941,Bernard Scott,RB,Black,https://en.wikipedia.org/wiki/Bernard_Scott,Medium,Wikipedia metadata matched Black/African-American language.
00-0012603,Bernie Parmalee,RB,Black,https://en.wikipedia.org/wiki/Bernie_Parmalee,Medium,Wikipedia metadata matched Black/African-American language.
00-0038542,Bijan Robinson,RB,Black,https://en.wikipedia.org/wiki/Bijan_Robinson,Medium,Wikipedia metadata matched Black/African-American language.
00-0028064,Bilal Powell,RB,White,https://en.wikipedia.org/wiki/Bilal_Powell,Low,No minority ethnicity markers detected in metadata. Provisional White classification; should be manually reviewed.
00-0024659,Billy Latsko,RB,White,https://en.wikipedia.org/wiki/Billy_Latsko,Low,No minority ethnicity markers detected in metadata. Provisional White classification; should be manually reviewed.
00-0031413,Bishop Sankey,RB,White,https://en.wikipedia.org/wiki/Bishop_Sankey,Low,No minority ethnicity markers detected in metadata. Provisional White classification; should be manually reviewed.
00-0039738,Blake Corum,RB,White,https://en.wikipedia.org/wiki/Blake_Corum,Low,No minority ethnicity markers detected in metadata. Provisional White classification; should be manually reviewed.
00-0031803,Blake Renaud,RB,White,https://en.wikipedia.org/wiki/Usain_Bolt,Low,No minority ethnicity markers detected in metadata. Provisional White classification; should be manually reviewed.
00-0033193,Blake Sims,RB,White,https://en.wikipedia.org/wiki/Blake_Sims,Low,No minority ethnicity markers detected in metadata. Provisional White classification; should be manually reviewed.
00-0039573,Blake Watson,RB,White,https://en.wikipedia.org/wiki/Blake_Watson,Low,No minority ethnicity markers detected in metadata. Provisional White classification; should be manually reviewed.
00-0034432,Bo Scarbrough,RB,White,https://en.wikipedia.org/wiki/Bo_Scarbrough,Low,No minority ethnicity markers detected in metadata. Provisional White classification; should be manually reviewed.
00-0002970,Bob Christian,RB,White,https://en.wikipedia.org/wiki/Bob_Christian_(American_football),Low,No minority ethnicity markers detected in metadata. Provisional White classification; should be manually reviewed.
00-0035905,Bobby Holly,RB,White,https://en.wikipedia.org/wiki/Robert_Howard,Low,No minority ethnicity markers detected in metadata. Provisional White classification; should be manually reviewed.
00-0029384,Bobby Rainey,RB,White,https://en.wikipedia.org/wiki/Bobby_Rainey,Low,No minority ethnicity markers detected in metadata. Provisional White classification; should be manually reviewed.
00-0034414,Boston Scott,RB,White,https://en.wikipedia.org/wiki/Boston_Scott,Low,No minority ethnicity markers detected in metadata. Provisional White classification; should be manually reviewed.
00-0019100,Brad Hoover,RB,White,https://en.wikipedia.org/wiki/Brad_Hoover,Low,No minority ethnicity markers detected in metadata. Provisional White classification; should be manually reviewed.
00-0029315,Brad Smelley,RB,White,https://en.wikipedia.org/wiki/Brad_Smelley,Low,No minority ethnicity markers detected in metadata. Provisional White classification; should be manually reviewed.
00-0029420,Bradie Ewing,RB,White,https://en.wikipedia.org/wiki/Bradie_Ewing,Low,No minority ethnicity markers detected in metadata. Provisional White classification; should be manually reviewed.
00-0039794,Braelon Allen,RB,White,https://en.wikipedia.org/wiki/Braelon_Allen,Low,No minority ethnicity markers detected in metadata. Provisional White classification; should be manually reviewed.
00-0031277,Branden Oliver,RB,White,https://en.wikipedia.org/wiki/Branden_Oliver,Low,No minority ethnicity markers detected in metadata. Provisional White classification; should be manually reviewed.
00-0001098,Brandon Bennett,RB,White,https://en.wikipedia.org/wiki/Brandon_Bennett,Low,No minority ethnicity markers detected in metadata. Provisional White classification; should be manually reviewed.
00-0029239,Brandon Bolden,RB,White,https://en.wikipedia.org/wiki/Brandon_Bolden,Low,No minority ethnicity markers detected in metadata. Provisional White classification; should be manually reviewed.
00-0032831,Brandon Brown-Dukes,RB,White,https://en.wikipedia.org/wiki/Brandon_Dixon_(American_football),Low,No minority ethnicity markers detected in metadata. Provisional White classification; should be manually reviewed.
00-0032844,Brandon Burks,RB,White,https://en.wikipedia.org/wiki/Brandon_Burks,Low,No minority ethnicity markers detected in metadata. Provisional White classification; should be manually reviewed.
00-0025450,Brandon Jackson,RB,Black,https://en.wikipedia.org/wiki/Brandon_Jackson_(American_football),Medium,Wikipedia metadata matched Black/African-American language.
00-0023545,Brandon Jacobs,RB,Black,https://en.wikipedia.org/wiki/Brandon_Jacobs,Medium,Wikipedia metadata matched Black/African-American language.
00-0020342,Brandon Manumaleuna,RB,Black,https://en.wikipedia.org/wiki/Brandon_Manumaleuna,Medium,Wikipedia metadata matched Black/African-American language.
00-0022773,Brandon Miree,RB,White,https://en.wikipedia.org/wiki/Brandon_Miree,Low,No minority ethnicity markers detected in metadata. Provisional White classification; should be manually reviewed.
00-0033268,Brandon Radcliff,RB,Black,https://en.wikipedia.org/wiki/Daniel_Cameron_(American_politician),Medium,Wikipedia metadata matched Black/African-American language.
00-0032612,Brandon Ross,RB,White,https://en.wikipedia.org/wiki/John_Ross_(American_football),Low,No minority ethnicity markers detected in metadata. Provisional White classification; should be manually reviewed.
00-0028602,Brandon Saine,RB,White,https://en.wikipedia.org/wiki/Brandon_Saine,Low,No minority ethnicity markers detected in metadata. Provisional White classification; should be manually reviewed.
00-0031875,Brandon Wegher,RB,White,https://en.wikipedia.org/wiki/Brandon_Wegher,Low,No minority ethnicity markers detected in metadata. Provisional White classification; should be manually reviewed.
00-0032593,Brandon Wilds,RB,White,https://en.wikipedia.org/wiki/Brandon_Wilds,Low,No minority ethnicity markers detected in metadata. Provisional White classification; should be manually reviewed.
00-0038120,Breece Hall,RB,White,https://en.wikipedia.org/wiki/Breece_Hall,Low,No minority ethnicity markers detected in metadata. Provisional White classification; should be manually reviewed.
00-0036771,Brenden Knox,RB,White,https://en.wikipedia.org/wiki/List_of_current_AFC_team_rosters,Low,No minority ethnicity markers detected in metadata. Provisional White classification; should be manually reviewed.
00-0021311,Brian Allen,RB,White,https://en.wikipedia.org/wiki/Brian_Allen,Low,No minority ethnicity markers detected in metadata. Provisional White classification; should be manually reviewed.
00-0024289,Brian Calhoun,RB,White,https://en.wikipedia.org/wiki/Brian_Calhoun,Low,No minority ethnicity markers detected in metadata. Provisional White classification; should be manually reviewed.
00-0004752,Brian Edwards,RB,White,https://en.wikipedia.org/wiki/Dylan_Edwards_(American_football),Low,No minority ethnicity markers detected in metadata. Provisional White classification; should be manually reviewed.
00-0033567,Brian Hill,RB,White,https://en.wikipedia.org/wiki/Brian_Hill_(American_football),Low,No minority ethnicity markers detected in metadata. Provisional White classification; should be manually reviewed.
00-0009443,Brian Kozlowski,RB,White,https://en.wikipedia.org/wiki/Brian_Kozlowski,Low,No minority ethnicity markers detected in metadata. Provisional White classification; should be manually reviewed.
00-0025439,Brian Leonard,RB,White,https://en.wikipedia.org/wiki/Brian_Leonard,Low,No minority ethnicity markers detected in metadata. Provisional White classification; should be manually reviewed.
00-0011341,Brian Milne,RB,White,https://en.wikipedia.org/wiki/Brian_Milne,Low,No minority ethnicity markers detected in metadata. Provisional White classification; should be manually reviewed.
00-0011399,Brian Mitchell,RB,Black,https://en.wikipedia.org/wiki/Brian_Mitchell_(American_football_coach),Medium,Wikipedia metadata matched Black/African-American language.
00-0037746,Brian Robinson,RB,Black,https://en.wikipedia.org/wiki/Brian_Robinson_Jr.,Medium,Wikipedia metadata matched Black/African-American language.
00-0021216,Brian Westbrook,RB,White,https://en.wikipedia.org/wiki/Brian_Westbrook,Low,No minority ethnicity markers detected in metadata. Provisional White classification; should be manually reviewed.
00-0026712,Brit Miller,RB,White,https://en.wikipedia.org/wiki/Brit_Miller,Low,No minority ethnicity markers detected in metadata. Provisional White classification; should be manually reviewed.
00-0039603,British Brooks,RB,White,https://en.wikipedia.org/wiki/British_Brooks,Low,No minority ethnicity markers detected in metadata. Provisional White classification; should be manually reviewed.
00-0037329,Brittain Brown,RB,White,https://en.wikipedia.org/wiki/Brittain_Brown,Low,No minority ethnicity markers detected in metadata. Provisional White classification; should be manually reviewed.
00-0026607,Brock Bolen,RB,White,https://en.wikipedia.org/wiki/Brock_Bolen,Low,No minority ethnicity markers detected in metadata. Provisional White classification; should be manually reviewed.
00-0021938,Brock Forsey,RB,White,https://en.wikipedia.org/wiki/Brock_Forsey,Low,No minority ethnicity markers detected in metadata. Provisional White classification; should be manually reviewed.
00-0012370,Brock Olivo,RB,White,https://en.wikipedia.org/wiki/Brock_Olivo,Low,No minority ethnicity markers detected in metadata. Provisional White classification; should be manually reviewed.
00-0027761,Brody Eldridge,RB,White,https://en.wikipedia.org/wiki/Brody_Eldridge,Low,No minority ethnicity markers detected in metadata. Provisional White classification; should be manually reviewed.
00-0032298,Bronson Hill,RB,White,https://en.wikipedia.org/wiki/Bronson_Hill,Low,No minority ethnicity markers detected in metadata. Provisional White classification; should be manually reviewed.
00-0035467,Bruce Anderson,RB,White,https://en.wikipedia.org/wiki/Bruce_Anderson_(American_football),Low,No minority ethnicity markers detected in metadata. Provisional White classification; should be manually reviewed.
00-0025917,Bruce Hall,RB,White,https://en.wikipedia.org/wiki/Bruce_Smith,Low,No minority ethnicity markers detected in metadata. Provisional White classification; should be manually reviewed.
00-0028149,Bruce Miller,RB,White,https://en.wikipedia.org/wiki/Bruce_Miller_(American_football),Low,No minority ethnicity markers detected in metadata. Provisional White classification; should be manually reviewed.
00-0022733,Bruce Perry,RB,White,https://en.wikipedia.org/wiki/Bruce_Perry,Low,No minority ethnicity markers detected in metadata. Provisional White classification; should be manually reviewed.
00-0021317,Bryan Fletcher,RB,Black,https://en.wikipedia.org/wiki/Bryan_Fletcher_(American_football),Medium,Wikipedia metadata matched Black/African-American language.
00-0019172,Bryan Johnson,RB,White,https://en.wikipedia.org/wiki/Brian_Johnson_(disambiguation),Low,No minority ethnicity markers detected in metadata. Provisional White classification; should be manually reviewed.
00-0037495,Bryant Koback,RB,White,https://en.wikipedia.org/wiki/Bryant_Koback,Low,No minority ethnicity markers detected in metadata. Provisional White classification; should be manually reviewed.
00-0029429,Bryce Brown,RB,White,https://en.wikipedia.org/wiki/Bryce_Brown,Low,No minority ethnicity markers detected in metadata. Provisional White classification; should be manually reviewed.
00-0035256,Bryce Love,RB,White,https://en.wikipedia.org/wiki/Bryce_Love,Low,No minority ethnicity markers detected in metadata. Provisional White classification; should be manually reviewed.
00-0039361,Bucky Irving,RB,White,https://en.wikipedia.org/wiki/Bucky_Irving,Low,No minority ethnicity markers detected in metadata. Provisional White classification; should be manually reviewed.
00-0034449,Buddy Howell,RB,White,https://en.wikipedia.org/wiki/Buddy_Howell,Low,No minority ethnicity markers detected in metadata. Provisional White classification; should be manually reviewed.
00-0024625,Byron Storer,RB,White,https://en.wikipedia.org/wiki/Byron_Storer,Low,No minority ethnicity markers detected in metadata. Provisional White classification; should be manually reviewed.
00-0029854,C.J. Anderson,RB,White,https://en.wikipedia.org/wiki/C._J._Anderson,Low,No minority ethnicity markers detected in metadata. Provisional White classification; should be manually reviewed.
00-0032918,C.J. Ham,RB,Black,https://en.wikipedia.org/wiki/C._J._Ham,Medium,Wikipedia metadata matched Black/African-American language.
00-0036706,C.J. Marable,RB,White,https://en.wikipedia.org/wiki/C._J._Marable,Low,No minority ethnicity markers detected in metadata. Provisional White classification; should be manually reviewed.
00-0032393,C.J. Prosise,RB,White,https://en.wikipedia.org/wiki/C._J._Prosise,Low,No minority ethnicity markers detected in metadata. Provisional White classification; should be manually reviewed.
00-0027861,C.J. Spiller,RB,Black,https://en.wikipedia.org/wiki/C._J._Spiller,Medium,Wikipedia metadata matched Black/African-American language.
00-0037405,C.J. Verdell,RB,White,https://en.wikipedia.org/wiki/CJ_Verdell,Low,No minority ethnicity markers detected in metadata. Provisional White classification; should be manually reviewed.
00-0036829,Caleb Huntley,RB,White,https://en.wikipedia.org/wiki/Caleb_Huntley,Low,No minority ethnicity markers detected in metadata. Provisional White classification; should be manually reviewed.
00-0028822,Caleb King,RB,Black,https://en.wikipedia.org/wiki/Caleb_Downs,Medium,Wikipedia metadata matched Black/African-American language.
00-0038898,Calvin Tyler,RB,White,https://en.wikipedia.org/wiki/Tyler_Neville,Low,No minority ethnicity markers detected in metadata. Provisional White classification; should be manually reviewed.
00-0036414,Cam Akers,RB,Black,https://en.wikipedia.org/wiki/Cam_Akers,Medium,Wikipedia metadata matched Black/African-American language.
00-0031599,Cameron Artis-Payne,RB,White,https://en.wikipedia.org/wiki/Cameron_Artis-Payne,Low,No minority ethnicity markers detected in metadata. Provisional White classification; should be manually reviewed.
00-0029977,Cameron Marshall,RB,White,https://en.wikipedia.org/wiki/Cameron_Marshall,Low,No minority ethnicity markers detected in metadata. Provisional White classification; should be manually reviewed.
00-0036179,Cameron Scarlett,RB,White,https://en.wikipedia.org/wiki/Cameron_Scarlett,Low,No minority ethnicity markers detected in metadata. Provisional White classification; should be manually reviewed.
00-0031986,Cameron Stingily,RB,White,https://en.wikipedia.org/wiki/Byron_Stingily_(American_football),Low,No minority ethnicity markers detected in metadata. Provisional White classification; should be manually reviewed.
00-0038777,Camerun Peoples,RB,White,https://en.wikipedia.org/wiki/Camerun_Peoples,Low,No minority ethnicity markers detected in metadata. Provisional White classification; should be manually reviewed.
00-0022434,Carey Davis,RB,Black,https://en.wikipedia.org/wiki/Carey_Davis,Medium,Wikipedia metadata matched Black/African-American language.
00-0020224,Carl Fair,RB,White,https://en.wikipedia.org/wiki/Carl_Fair,Low,No minority ethnicity markers detected in metadata. Provisional White classification; should be manually reviewed.
00-0031045,Carlos Hyde,RB,Black,https://en.wikipedia.org/wiki/Carlos_Hyde,Medium,Wikipedia metadata matched Black/African-American language.
00-0038930,Carlos Washington,RB,White,https://en.wikipedia.org/wiki/Carlos_Washington_Jr.,Low,No minority ethnicity markers detected in metadata. Provisional White classification; should be manually reviewed.
00-0023440,Carnell Williams,RB,Black,https://en.wikipedia.org/wiki/Cadillac_Williams,Medium,Wikipedia metadata matched Black/African-American language.
00-0039325,Carson Steele,RB,White,https://en.wikipedia.org/wiki/Carson_Steele,Low,No minority ethnicity markers detected in metadata. Provisional White classification; should be manually reviewed.
00-0022886,Casey Cramer,RB,White,https://en.wikipedia.org/wiki/Casey_Cramer,Low,No minority ethnicity markers detected in metadata. Provisional White classification; should be manually reviewed.
00-0021525,Casey Fitzsimmons,RB,White,https://en.wikipedia.org/wiki/Casey_FitzSimmons,Low,No minority ethnicity markers detected in metadata. Provisional White classification; should be manually reviewed.
00-0010436,Cecil Martin,RB,Black,https://en.wikipedia.org/wiki/Cecil_Martin,Medium,Wikipedia metadata matched Black/African-American language.
00-0021845,Cecil Sapp,RB,White,https://en.wikipedia.org/wiki/Cecil_Sapp,Low,No minority ethnicity markers detected in metadata. Provisional White classification; should be manually reviewed.
00-0023439,Cedric Benson,RB,Black,https://en.wikipedia.org/wiki/Cedric_Benson,Medium,Wikipedia metadata matched Black/African-American language.
00-0022872,Cedric Cobbs,RB,White,https://en.wikipedia.org/wiki/Cedric_Cobbs,Low,No minority ethnicity markers detected in metadata. Provisional White classification; should be manually reviewed.
00-0023615,Cedric Houston,RB,Black,https://en.wikipedia.org/wiki/Cedric_Houston,Medium,Wikipedia metadata matched Black/African-American language.
00-0032838,Cedric O'Neal,RB,White,https://en.wikipedia.org/wiki/Cedric_O%27Neal,Low,No minority ethnicity markers detected in metadata. Provisional White classification; should be manually reviewed.
00-0026932,Cedric Peerman,RB,White,https://en.wikipedia.org/wiki/Cedric_Peerman,Low,No minority ethnicity markers detected in metadata. Provisional White classification; should be manually reviewed.
00-0033338,Cethan Carter,RB,Black,https://en.wikipedia.org/wiki/Cethan_Carter,Medium,Wikipedia metadata matched Black/African-American language.
00-0004595,Chad Dukes,RB,White,https://en.wikipedia.org/wiki/Chad_Dukes,Low,No minority ethnicity markers detected in metadata. Provisional White classification; should be manually reviewed.
00-0019590,Chad Morton,RB,Black,https://en.wikipedia.org/wiki/Chad_Morton,Medium,Wikipedia metadata matched Black/African-American language.
00-0025997,Chad Simpson,RB,White,https://en.wikipedia.org/wiki/Ty_Simpson,Low,No minority ethnicity markers detected in metadata. Provisional White classification; should be manually reviewed.
00-0028656,Chad Spann,RB,White,https://en.wikipedia.org/wiki/Chad_Spann,Low,No minority ethnicity markers detected in metadata. Provisional White classification; should be manually reviewed.
00-0035310,Chandler Cox,RB,White,https://en.wikipedia.org/wiki/Chandler_Cox,Low,No minority ethnicity markers detected in metadata. Provisional White classification; should be manually reviewed.
00-0030668,Charcandrick West,RB,White,https://en.wikipedia.org/wiki/Charcandrick_West,Low,No minority ethnicity markers detected in metadata. Provisional White classification; should be manually reviewed.
00-0024763,Charles Ali,RB,White,https://en.wikipedia.org/wiki/Charles_Ali,Low,No minority ethnicity markers detected in metadata. Provisional White classification; should be manually reviewed.
00-0028112,Charles Clay,RB,Black,https://en.wikipedia.org/wiki/Charles_Clay_(American_football),Medium,Wikipedia metadata matched Black/African-American language.
00-0009286,Charles Kirby,RB,White,https://en.wikipedia.org/wiki/Kirby_Smart,Low,No minority ethnicity markers detected in metadata. Provisional White classification; should be manually reviewed.
00-0031390,Charles Sims,RB,White,https://en.wikipedia.org/wiki/Charles_Sims_(American_football),Low,No minority ethnicity markers detected in metadata. Provisional White classification; should be manually reviewed.
00-0020849,Charles Stackhouse,RB,White,https://en.wikipedia.org/wiki/Charles_Stackhouse,Low,No minority ethnicity markers detected in metadata. Provisional White classification; should be manually reviewed.
00-0005779,Charlie Garner,RB,Black,https://en.wikipedia.org/wiki/Charlie_Garner,Medium,Wikipedia metadata matched Black/African-American language.
00-0013958,Charlie Rogers,RB,White,https://en.wikipedia.org/wiki/Charlie_Rogers,Low,No minority ethnicity markers detected in metadata. Provisional White classification; should be manually reviewed.
00-0038597,Chase Brown,RB,White,https://en.wikipedia.org/wiki/Chase_Brown,Low,No minority ethnicity markers detected in metadata. Provisional White classification; should be manually reviewed.
00-0034681,Chase Edmonds,RB,Black,https://en.wikipedia.org/wiki/Chase_Edmonds,Medium,Wikipedia metadata matched Black/African-American language.
00-0033173,Chase Price,RB,White,https://en.wikipedia.org/wiki/Chase_(given_name),Low,No minority ethnicity markers detected in metadata. Provisional White classification; should be manually reviewed.
00-0028795,Chase Reynolds,RB,White,https://en.wikipedia.org/wiki/Chase_Reynolds,Low,No minority ethnicity markers detected in metadata. Provisional White classification; should be manually reviewed.
00-0026353,Chauncey Washington,RB,White,https://en.wikipedia.org/wiki/Chauncey_Washington,Low,No minority ethnicity markers detected in metadata. Provisional White classification; should be manually reviewed.
00-0021314,Chester Taylor,RB,Black,https://en.wikipedia.org/wiki/Chester_Taylor,Medium,Wikipedia metadata matched Black/African-American language.
00-0023858,Chris Barclay,RB,White,https://en.wikipedia.org/wiki/Chris_Barclay,Low,No minority ethnicity markers detected in metadata. Provisional White classification; should be manually reviewed.
00-0038685,Chris Brooks,RB,White,https://en.wikipedia.org/wiki/Chris_Brooks,Low,No minority ethnicity markers detected in metadata. Provisional White classification; should be manually reviewed.
00-0022092,Chris Brown,RB,White,https://en.wikipedia.org/wiki/Chris_Brown_(disambiguation),Low,No minority ethnicity markers detected in metadata. Provisional White classification; should be manually reviewed.
00-0033594,Chris Carson,RB,White,https://en.wikipedia.org/wiki/Chris_Carson,Low,No minority ethnicity markers detected in metadata. Provisional White classification; should be manually reviewed.
00-0039244,Chris Collier,RB,White,https://en.wikipedia.org/wiki/Chris_Collier,Low,No minority ethnicity markers detected in metadata. Provisional White classification; should be manually reviewed.
00-0022738,Chris Cooley,RB,White,https://en.wikipedia.org/wiki/Chris_Cooley,Low,No minority ethnicity markers detected in metadata. Provisional White classification; should be manually reviewed.
00-0022020,Chris Davis,RB,White,https://en.wikipedia.org/wiki/Chris_Davis_(cornerback),Low,No minority ethnicity markers detected in metadata. Provisional White classification; should be manually reviewed.
00-0036857,Chris Evans,RB,White,https://en.wikipedia.org/wiki/Chris_Evans_(American_football),Low,No minority ethnicity markers detected in metadata. Provisional White classification; should be manually reviewed.
00-0005348,Chris Floyd,RB,White,https://en.wikipedia.org/wiki/Chris_Floyd,Low,No minority ethnicity markers detected in metadata. Provisional White classification; should be manually reviewed.
00-0005620,Chris Fuamatu-Ma'afala,RB,Pacific Islander,https://en.wikipedia.org/wiki/Chris_Fuamatu-Ma%CA%BBafala,Medium,Wikipedia metadata matched Pacific Islander language.
00-0027419,Chris Gronkowski,RB,White,https://en.wikipedia.org/wiki/Chris_Gronkowski,Low,No minority ethnicity markers detected in metadata. Provisional White classification; should be manually reviewed.
00-0025437,Chris Henry,RB,White,https://en.wikipedia.org/wiki/Chris_Henry_Jr.,Low,No minority ethnicity markers detected in metadata. Provisional White classification; should be manually reviewed.
00-0007357,Chris Hetherington,RB,White,https://en.wikipedia.org/wiki/Chris_Hetherington,Low,No minority ethnicity markers detected in metadata. Provisional White classification; should be manually reviewed.
00-0007795,Chris Howard,RB,White,https://en.wikipedia.org/wiki/Chris_Howard_(American_football),Low,No minority ethnicity markers detected in metadata. Provisional White classification; should be manually reviewed.
00-0027531,Chris Ivory,RB,White,https://en.wikipedia.org/wiki/Chris_Ivory,Low,No minority ethnicity markers detected in metadata. Provisional White classification; should be manually reviewed.
00-0027167,Chris Jennings,RB,White,https://en.wikipedia.org/wiki/Kevin_Jennings_(American_football),Low,No minority ethnicity markers detected in metadata. Provisional White classification; should be manually reviewed.
00-0026164,Chris Johnson,RB,White,https://en.wikipedia.org/wiki/Chris_Johnson,Low,No minority ethnicity markers detected in metadata. Provisional White classification; should be manually reviewed.
00-0021345,Chris Massey,RB,White,https://en.wikipedia.org/wiki/Massey_(surname),Low,No minority ethnicity markers detected in metadata. Provisional White classification; should be manually reviewed.
00-0027140,Chris Ogbonnaya,RB,White,https://en.wikipedia.org/wiki/Chris_Ogbonnaya,Low,No minority ethnicity markers detected in metadata. Provisional White classification; should be manually reviewed.
00-0022926,Chris Perry,RB,Black,https://en.wikipedia.org/wiki/Chris_Perry_(American_football),Medium,Wikipedia metadata matched Black/African-American language.
00-0029438,Chris Polk,RB,White,https://en.wikipedia.org/wiki/Chris_Polk,Low,No minority ethnicity markers detected in metadata. Provisional White classification; should be manually reviewed.
00-0026723,Chris Pressley,RB,White,https://en.wikipedia.org/wiki/Chris_Pressley,Low,No minority ethnicity markers detected in metadata. Provisional White classification; should be manually reviewed.
00-0029140,Chris Rainey,RB,Black,https://en.wikipedia.org/wiki/Chris_Rainey,Medium,Wikipedia metadata matched Black/African-American language.
00-0038611,Chris Rodriguez,RB,Black,https://en.wikipedia.org/wiki/Chris_Rodriguez_Jr.,Medium,Wikipedia metadata matched Black/African-American language.
00-0033004,Chris Swain,RB,White,https://en.wikipedia.org/wiki/Freddie_Swain,Low,No minority ethnicity markers detected in metadata. Provisional White classification; should be manually reviewed.
00-0023844,Chris Taylor,RB,White,https://en.wikipedia.org/wiki/Chris_Taylor,Low,No minority ethnicity markers detected in metadata. Provisional White classification; should be manually reviewed.
00-0030404,Chris Thompson,RB,White,https://en.wikipedia.org/wiki/Chris_Thompson,Low,No minority ethnicity markers detected in metadata. Provisional White classification; should be manually reviewed.
00-0017209,Chris Warren,RB,White,https://en.wikipedia.org/wiki/Chris_Warren_(American_football),Low,No minority ethnicity markers detected in metadata. Provisional White classification; should be manually reviewed.
00-0034315,Chris Warren,RB,White,https://en.wikipedia.org/wiki/Chris_Warren_(American_football),Low,No minority ethnicity markers detected in metadata. Provisional White classification; should be manually reviewed.
00-0027007,Chris Wells,RB,Black,https://en.wikipedia.org/wiki/Beanie_Wells,Medium,Wikipedia metadata matched Black/African-American language.
00-0033280,Christian McCaffrey,RB,White,https://en.wikipedia.org/wiki/Christian_McCaffrey,Low,No minority ethnicity markers detected in metadata. Provisional White classification; should be manually reviewed.
00-0032533,Christian Powell,RB,White,https://en.wikipedia.org/wiki/American_football,Low,No minority ethnicity markers detected in metadata. Provisional White classification; should be manually reviewed.
00-0035728,Christian Wade,RB,White,https://en.wikipedia.org/wiki/Christian_Wade,Low,No minority ethnicity markers detected in metadata. Provisional White classification; should be manually reviewed.
00-0030432,Christine Michael,RB,White,https://en.wikipedia.org/wiki/Christine_Michael,Low,No minority ethnicity markers detected in metadata. Provisional White classification; should be manually reviewed.
00-0034876,Christopher Ezeala,RB,White,https://en.wikipedia.org/wiki/Christopher_Ezeala,Low,No minority ethnicity markers detected in metadata. Provisional White classification; should be manually reviewed.
00-0036555,Chuba Hubbard,RB,White,https://en.wikipedia.org/wiki/Chuba_Hubbard,Low,No minority ethnicity markers detected in metadata. Provisional White classification; should be manually reviewed.
00-0004972,Chuck Evans,RB,White,https://en.wikipedia.org/wiki/Chuck_Evans_(American_football),Low,No minority ethnicity markers detected in metadata. Provisional White classification; should be manually reviewed.
00-0023547,Ciatrick Fason,RB,White,https://en.wikipedia.org/wiki/Ciatrick_Fason,Low,No minority ethnicity markers detected in metadata. Provisional White classification; should be manually reviewed.
00-0030248,Cierre Wood,RB,White,https://en.wikipedia.org/wiki/Cierre_Wood,Low,No minority ethnicity markers detected in metadata. Provisional White classification; should be manually reviewed.
00-0018568,Clarence Williams,RB,White,https://en.wikipedia.org/wiki/Clarence_Williams,Low,No minority ethnicity markers detected in metadata. Provisional White classification; should be manually reviewed.
00-0006482,Clif Groce,RB,White,https://en.wikipedia.org/wiki/Clif_Groce,Low,No minority ethnicity markers detected in metadata. Provisional White classification; should be manually reviewed.
00-0024698,Clifton Dawson,RB,White,https://en.wikipedia.org/wiki/Clifton_Dawson,Low,No minority ethnicity markers detected in metadata. Provisional White classification; should be manually reviewed.
00-0026113,Clifton Smith,RB,White,https://en.wikipedia.org/wiki/Clifton_Smith,Low,No minority ethnicity markers detected in metadata. Provisional White classification; should be manually reviewed.
00-0038156,Clint Ratkovich,RB,White,https://en.wikipedia.org/wiki/Clint_Ratkovich,Low,No minority ethnicity markers detected in metadata. Provisional White classification; should be manually reviewed.
00-0021179,Clinton Portis,RB,Black,https://en.wikipedia.org/wiki/Clinton_Portis,Medium,Wikipedia metadata matched Black/African-American language.
00-0036360,Clyde Edwards-Helaire,RB,Black,https://en.wikipedia.org/wiki/Clyde_Edwards-Helaire,Medium,Wikipedia metadata matched Black/African-American language.
00-0039703,Cody Schrader,RB,White,https://en.wikipedia.org/wiki/Cody_Schrader,Low,No minority ethnicity markers detected in metadata. Provisional White classification; should be manually reviewed.
00-0028876,Collin Mooney,RB,White,https://en.wikipedia.org/wiki/Collin_Mooney,Low,No minority ethnicity markers detected in metadata. Provisional White classification; should be manually reviewed.
00-0039686,Colson Yankoff,RB,White,https://en.wikipedia.org/wiki/Colson_Yankoff,Low,No minority ethnicity markers detected in metadata. Provisional White classification; should be manually reviewed.
00-0019844,Conrad Emmerich,RB,White,https://en.wikipedia.org/wiki/White_House_Down,Low,No minority ethnicity markers detected in metadata. Provisional White classification; should be manually reviewed.
00-0033725,Corey Clement,RB,White,https://en.wikipedia.org/wiki/Corey_Clement,Low,No minority ethnicity markers detected in metadata. Provisional White classification; should be manually reviewed.
00-0004304,Corey Dillon,RB,Black,https://en.wikipedia.org/wiki/Corey_Dillon,Medium,Wikipedia metadata matched Black/African-American language.
00-0031731,Corey Grant,RB,White,https://en.wikipedia.org/wiki/Corey_Grant_(running_back),Low,No minority ethnicity markers detected in metadata. Provisional White classification; should be manually reviewed.
00-0020804,Corey McIntyre,RB,White,https://en.wikipedia.org/wiki/Corey_McIntyre,Low,No minority ethnicity markers detected in metadata. Provisional White classification; should be manually reviewed.
00-0020270,Correll Buckhalter,RB,Black,https://en.wikipedia.org/wiki/Correll_Buckhalter,Medium,Wikipedia metadata matched Black/African-American language.
00-0026378,Cory Boyd,RB,White,https://en.wikipedia.org/wiki/Cory_Boyd,Low,No minority ethnicity markers detected in metadata. Provisional White classification; should be manually reviewed.
00-0024148,Cory Ross,RB,White,https://en.wikipedia.org/wiki/Cory_Ross,Low,No minority ethnicity markers detected in metadata. Provisional White classification; should be manually reviewed.
00-0014450,Cory Schlesinger,RB,White,https://en.wikipedia.org/wiki/Cory_Schlesinger,Low,No minority ethnicity markers detected in metadata. Provisional White classification; should be manually reviewed.
00-0035567,Craig Reynolds,RB,White,https://en.wikipedia.org/wiki/Craig_Reynolds_(American_football),Low,No minority ethnicity markers detected in metadata. Provisional White classification; should be manually reviewed.
00-0017006,Craig Walendy,RB,White,https://en.wikipedia.org/wiki/Craig_Walendy,Low,No minority ethnicity markers detected in metadata. Provisional White classification; should be manually reviewed.
00-0035304,Cullen Gillaspia,RB,White,https://en.wikipedia.org/wiki/Cullen_Gillaspia,Low,No minority ethnicity markers detected in metadata. Provisional White classification; should be manually reviewed.
00-0026745,Curtis Brinkley,RB,White,https://en.wikipedia.org/wiki/Curtis_Brinkley,Low,No minority ethnicity markers detected in metadata. Provisional White classification; should be manually reviewed.
00-0004916,Curtis Enis,RB,White,https://en.wikipedia.org/wiki/Curtis_Enis,Low,No minority ethnicity markers detected in metadata. Provisional White classification; should be manually reviewed.
00-0019466,Curtis Keaton,RB,White,https://en.wikipedia.org/wiki/Curtis_Keaton,Low,No minority ethnicity markers detected in metadata. Provisional White classification; should be manually reviewed.
00-0010442,Curtis Martin,RB,Black,https://en.wikipedia.org/wiki/Curtis_Martin,Medium,Wikipedia metadata matched Black/African-American language.
00-0029298,Cyrus Gray,RB,White,https://en.wikipedia.org/wiki/Cyrus_Gray,Low,No minority ethnicity markers detected in metadata. Provisional White classification; should be manually reviewed.
00-0036275,D'Andre Swift,RB,White,https://en.wikipedia.org/wiki/D%27Andre_Swift,Low,No minority ethnicity markers detected in metadata. Provisional White classification; should be manually reviewed.
00-0035628,D'Ernest Johnson,RB,White,https://en.wikipedia.org/wiki/D%27Ernest_Johnson,Low,No minority ethnicity markers detected in metadata. Provisional White classification; should be manually reviewed.
00-0033925,D'Onta Foreman,RB,White,https://en.wikipedia.org/wiki/D%27Onta_Foreman,Low,No minority ethnicity markers detected in metadata. Provisional White classification; should be manually reviewed.
00-0037400,D'vonte Price,RB,White,https://en.wikipedia.org/wiki/D%27Vonte_Price,Low,No minority ethnicity markers detected in metadata. Provisional White classification; should be manually reviewed.
00-0032577,D.J. Foster,RB,Black,https://en.wikipedia.org/wiki/D._J._Foster,Medium,Wikipedia metadata matched Black/African-American language.
00-0039595,D.J. Williams,RB,Black,https://en.wikipedia.org/wiki/D._J._Williams_(American_football_coach),Medium,Wikipedia metadata matched Black/African-American language.
00-0033561,DJ Pumphrey,RB,White,https://en.wikipedia.org/wiki/Donnel_Pumphrey,Low,No minority ethnicity markers detected in metadata. Provisional White classification; should be manually reviewed.
00-0028159,Da'Rel Scott,RB,Black,https://en.wikipedia.org/wiki/Da%27Rel_Scott,Medium,Wikipedia metadata matched Black/African-American language.
00-0021545,Dahrran Diedrick,RB,White,https://en.wikipedia.org/wiki/Dahrran_Diedrick,Low,No minority ethnicity markers detected in metadata. Provisional White classification; should be manually reviewed.
00-0039455,Daijun Edwards,RB,White,https://en.wikipedia.org/wiki/Daijun_Edwards,Low,No minority ethnicity markers detected in metadata. Provisional White classification; should be manually reviewed.
00-0014775,Daimon Shelton,RB,Black,https://en.wikipedia.org/wiki/Daimon_Shelton,Medium,Wikipedia metadata matched Black/African-American language.
00-0033257,Dalton Crossan,RB,White,https://en.wikipedia.org/wiki/Dalton_Crossan,Low,No minority ethnicity markers detected in metadata. Provisional White classification; should be manually reviewed.
00-0033893,Dalvin Cook,RB,White,https://en.wikipedia.org/wiki/Dalvin_Cook,Low,No minority ethnicity markers detected in metadata. Provisional White classification; should be manually reviewed.
00-0034654,Dalyn Dawkins,RB,Black,https://en.wikipedia.org/wiki/Dalyn_Dawkins,Medium,Wikipedia metadata matched Black/African-American language.
00-0035448,Damarea Crockett,RB,White,https://en.wikipedia.org/wiki/Damarea_Crockett,Low,No minority ethnicity markers detected in metadata. Provisional White classification; should be manually reviewed.
00-0020865,Dameon Hunter,RB,White,https://en.wikipedia.org/wiki/2026_Kansas_City_Chiefs_season,Low,No minority ethnicity markers detected in metadata. Provisional White classification; should be manually reviewed.
00-0037258,Dameon Pierce,RB,White,https://en.wikipedia.org/wiki/Dameon_Pierce,Low,No minority ethnicity markers detected in metadata. Provisional White classification; should be manually reviewed.
00-0021048,Damien Anderson,RB,White,https://en.wikipedia.org/wiki/Damien_Anderson,Low,No minority ethnicity markers detected in metadata. Provisional White classification; should be manually reviewed.
00-0035657,Damien Harris,RB,White,https://en.wikipedia.org/wiki/Damien_Harris,Low,No minority ethnicity markers detected in metadata. Provisional White classification; should be manually reviewed.
00-0023576,Damien Nash,RB,White,https://en.wikipedia.org/wiki/Damien_Nash,Low,No minority ethnicity markers detected in metadata. Provisional White classification; should be manually reviewed.
00-0030874,Damien Williams,RB,Black,https://en.wikipedia.org/wiki/Damien_Williams,Medium,Wikipedia metadata matched Black/African-American language.
00-0017239,Damon Washington,RB,White,https://en.wikipedia.org/wiki/Damon_Washington,Low,No minority ethnicity markers detected in metadata. Provisional White classification; should be manually reviewed.
00-0020487,Dan Alexander,RB,White,https://en.wikipedia.org/wiki/Dan_Alexander,Low,No minority ethnicity markers detected in metadata. Provisional White classification; should be manually reviewed.
00-0022015,Dan Curley,RB,White,https://en.wikipedia.org/wiki/Dan_Curley,Low,No minority ethnicity markers detected in metadata. Provisional White classification; should be manually reviewed.
00-0029588,Dan Herron,RB,White,https://en.wikipedia.org/wiki/Dan_Herron,Low,No minority ethnicity markers detected in metadata. Provisional White classification; should be manually reviewed.
00-0019135,Dan Kreider,RB,White,https://en.wikipedia.org/wiki/Dan_Kreider,Low,No minority ethnicity markers detected in metadata. Provisional White classification; should be manually reviewed.
00-0024607,Daniel Coats,RB,White,https://en.wikipedia.org/wiki/Daniel_Coats_(American_football),Low,No minority ethnicity markers detected in metadata. Provisional White classification; should be manually reviewed.
00-0032804,Daniel Lasco,RB,White,https://en.wikipedia.org/wiki/Daniel_Lasco,Low,No minority ethnicity markers detected in metadata. Provisional White classification; should be manually reviewed.
00-0034148,Daniel Marx,RB,White,https://en.wikipedia.org/wiki/Daniel_Marx,Low,No minority ethnicity markers detected in metadata. Provisional White classification; should be manually reviewed.
00-0028000,Daniel Thomas,RB,White,https://en.wikipedia.org/wiki/Daniel_Thomas,Low,No minority ethnicity markers detected in metadata. Provisional White classification; should be manually reviewed.
00-0032794,Danny Vitale,RB,White,https://en.wikipedia.org/wiki/Danny_Vitale,Low,No minority ethnicity markers detected in metadata. Provisional White classification; should be manually reviewed.
00-0024559,Danny Ware,RB,White,https://en.wikipedia.org/wiki/DJ_Ware,Low,No minority ethnicity markers detected in metadata. Provisional White classification; should be manually reviewed.
00-0021434,Dante Brown,RB,Black,https://en.wikipedia.org/wiki/Dante_Brown,Medium,Wikipedia metadata matched Black/African-American language.
00-0019539,Dante Hall,RB,White,https://en.wikipedia.org/wiki/Dante_Hall,Low,No minority ethnicity markers detected in metadata. Provisional White classification; should be manually reviewed.
00-0039230,Dante Miller,RB,Black,https://en.wikipedia.org/wiki/Dante_Miller,Medium,Wikipedia metadata matched Black/African-American language.
00-0026453,Dantrell Savage,RB,White,https://en.wikipedia.org/wiki/Dantrell_Savage,Low,No minority ethnicity markers detected in metadata. Provisional White classification; should be manually reviewed.
00-0033854,Dare Ogunbowale,RB,White,https://en.wikipedia.org/wiki/Dare_Ogunbowale,Low,No minority ethnicity markers detected in metadata. Provisional White classification; should be manually reviewed.
00-0021371,Darian Barnes,RB,White,https://en.wikipedia.org/wiki/Darian_Barnes,Low,No minority ethnicity markers detected in metadata. Provisional White classification; should be manually reviewed.
00-0036027,Darius Anderson,RB,White,https://en.wikipedia.org/wiki/Darius_Anderson,Low,No minority ethnicity markers detected in metadata. Provisional White classification; should be manually reviewed.
00-0035898,Darius Bradwell,RB,White,https://en.wikipedia.org/wiki/Darius_Bradwell,Low,No minority ethnicity markers detected in metadata. Provisional White classification; should be manually reviewed.
00-0036467,Darius Clark,RB,White,https://en.wikipedia.org/wiki/Darius_(given_name),Low,No minority ethnicity markers detected in metadata. Provisional White classification; should be manually reviewed.
00-0038433,Darius Hagans,RB,White,https://en.wikipedia.org/wiki/New_York_Giants,Low,No minority ethnicity markers detected in metadata. Provisional White classification; should be manually reviewed.
00-0033049,Darius Jackson,RB,White,https://en.wikipedia.org/wiki/Darius_Jackson,Low,No minority ethnicity markers detected in metadata. Provisional White classification; should be manually reviewed.
00-0034007,Darius Victor,RB,White,https://en.wikipedia.org/wiki/Darius_Victor,Low,No minority ethnicity markers detected in metadata. Provisional White classification; should be manually reviewed.
00-0024850,Darius Walker,RB,White,https://en.wikipedia.org/wiki/Darius_Walker,Low,No minority ethnicity markers detected in metadata. Provisional White classification; should be manually reviewed.
00-0000534,Darnell Autry,RB,White,https://en.wikipedia.org/wiki/Darnell_Autry,Low,No minority ethnicity markers detected in metadata. Provisional White classification; should be manually reviewed.
00-0034301,Darrel Williams,RB,White,https://en.wikipedia.org/wiki/Darrel_Williams,Low,No minority ethnicity markers detected in metadata. Provisional White classification; should be manually reviewed.
00-0026852,Darrel Young,RB,White,https://en.wikipedia.org/wiki/Darrel_Young,Low,No minority ethnicity markers detected in metadata. Provisional White classification; should be manually reviewed.
00-0035664,Darrell Henderson,RB,White,https://en.wikipedia.org/wiki/Darrell_Henderson,Low,No minority ethnicity markers detected in metadata. Provisional White classification; should be manually reviewed.
00-0028645,Darren Evans,RB,White,https://en.wikipedia.org/wiki/Darren_Evans,Low,No minority ethnicity markers detected in metadata. Provisional White classification; should be manually reviewed.
00-0026144,Darren McFadden,RB,Black,https://en.wikipedia.org/wiki/Darren_McFadden,Medium,Wikipedia metadata matched Black/African-American language.
00-0023564,Darren Sproles,RB,Black,https://en.wikipedia.org/wiki/Darren_Sproles,Medium,Wikipedia metadata matched Black/African-American language.
00-0035043,Darrin Hall,RB,White,https://en.wikipedia.org/wiki/Darrin_Smith,Low,No minority ethnicity markers detected in metadata. Provisional White classification; should be manually reviewed.
00-0033341,Darrin Laufasa,RB,White,,Low,No minority ethnicity markers detected in metadata. Provisional White classification; should be manually reviewed.
00-0031123,Darrin Reaves,RB,Black,https://en.wikipedia.org/wiki/Darrin_Reaves,Medium,Wikipedia metadata matched Black/African-American language.
00-0036297,Darrynton Evans,RB,White,https://en.wikipedia.org/wiki/Darrynton_Evans,Low,No minority ethnicity markers detected in metadata. Provisional White classification; should be manually reviewed.
00-0035148,Darwin Thompson,RB,White,https://en.wikipedia.org/wiki/Darwin_Thompson,Low,No minority ethnicity markers detected in metadata. Provisional White classification; should be manually reviewed.
00-0029612,Daryl Richardson,RB,White,https://en.wikipedia.org/wiki/Daryl_Richardson,Low,No minority ethnicity markers detected in metadata. Provisional White classification; should be manually reviewed.
00-0020058,David Allen,RB,White,https://en.wikipedia.org/wiki/David_Allen_(American_football),Low,No minority ethnicity markers detected in metadata. Provisional White classification; should be manually reviewed.
00-0032133,David Cobb,RB,White,https://en.wikipedia.org/wiki/David_Cobb_(American_football),Low,No minority ethnicity markers detected in metadata. Provisional White classification; should be manually reviewed.
00-0030711,David Fluellen,RB,White,https://en.wikipedia.org/wiki/David_Fluellen,Low,No minority ethnicity markers detected in metadata. Provisional White classification; should be manually reviewed.
00-0026957,David Johnson,RB,White,https://en.wikipedia.org/wiki/David_Johnson,Low,No minority ethnicity markers detected in metadata. Provisional White classification; should be manually reviewed.
00-0032187,David Johnson,RB,White,https://en.wikipedia.org/wiki/David_Johnson,Low,No minority ethnicity markers detected in metadata. Provisional White classification; should be manually reviewed.
00-0024377,David Kirtman,RB,White,https://en.wikipedia.org/wiki/David_Kirtman,Low,No minority ethnicity markers detected in metadata. Provisional White classification; should be manually reviewed.
00-0035685,David Montgomery,RB,White,https://en.wikipedia.org/wiki/David_Montgomery_(American_football),Low,No minority ethnicity markers detected in metadata. Provisional White classification; should be manually reviewed.
00-0012515,David Palmer,RB,White,https://en.wikipedia.org/wiki/David_Palmer_(American_football),Low,No minority ethnicity markers detected in metadata. Provisional White classification; should be manually reviewed.
00-0034427,David Williams,RB,White,https://en.wikipedia.org/wiki/David_Williams,Low,No minority ethnicity markers detected in metadata. Provisional White classification; should be manually reviewed.
00-0029251,David Wilson,RB,White,https://en.wikipedia.org/wiki/David_Wilson,Low,No minority ethnicity markers detected in metadata. Provisional White classification; should be manually reviewed.
00-0013425,Dawud Rasheed,RB,White,https://en.wikipedia.org/wiki/Mr._Football_(Alabama),Low,No minority ethnicity markers detected in metadata. Provisional White classification; should be manually reviewed.
00-0023806,De De Dorsey,RB,White,https://en.wikipedia.org/wiki/DeDe_Dorsey,Low,No minority ethnicity markers detected in metadata. Provisional White classification; should be manually reviewed.
00-0033581,De'Angelo Henderson Sr.,RB,White,https://en.wikipedia.org/wiki/De%27Angelo_Henderson,Low,No minority ethnicity markers detected in metadata. Provisional White classification; should be manually reviewed.
00-0031060,De'Anthony Thomas,RB,Black,https://en.wikipedia.org/wiki/De%27Anthony_Thomas,Medium,Wikipedia metadata matched Black/African-American language.
00-0034201,De'Lance Turner,RB,White,https://en.wikipedia.org/wiki/De%27Lance_Turner,Low,No minority ethnicity markers detected in metadata. Provisional White classification; should be manually reviewed.
00-0033842,De'Mard Llorens,RB,White,https://en.wikipedia.org/wiki/2015_Nicholls_State_Colonels_football_team,Low,No minority ethnicity markers detected in metadata. Provisional White classification; should be manually reviewed.
00-0012556,De'Mond Parker,RB,White,https://en.wikipedia.org/wiki/De%27Mond_Parker,Low,No minority ethnicity markers detected in metadata. Provisional White classification; should be manually reviewed.
00-0037220,De'Montre Tuggle,RB,White,https://en.wikipedia.org/wiki/De%27Montre_Tuggle,Low,No minority ethnicity markers detected in metadata. Provisional White classification; should be manually reviewed.
00-0033413,De'Veon Smith,RB,White,https://en.wikipedia.org/wiki/De%27Veon_Smith,Low,No minority ethnicity markers detected in metadata. Provisional White classification; should be manually reviewed.
00-0039040,De'Von Achane,RB,White,https://en.wikipedia.org/wiki/De%27Von_Achane,Low,No minority ethnicity markers detected in metadata. Provisional White classification; should be manually reviewed.
00-0023634,DeAndra Cobb,RB,White,https://en.wikipedia.org/wiki/DeAndra%27_Cobb,Low,No minority ethnicity markers detected in metadata. Provisional White classification; should be manually reviewed.
00-0032940,DeAndre Washington,RB,Black,https://en.wikipedia.org/wiki/DeAndre_Yedlin,Medium,Wikipedia metadata matched Black/African-American language.
00-0024242,DeAngelo Williams,RB,White,https://en.wikipedia.org/wiki/DeAngelo_Williams,Low,No minority ethnicity markers detected in metadata. Provisional White classification; should be manually reviewed.
00-0028009,DeMarco Murray,RB,Black,https://en.wikipedia.org/wiki/DeMarco_Murray,Medium,Wikipedia metadata matched Black/African-American language.
00-0019312,DeMario Brown,RB,Black,https://en.wikipedia.org/wiki/Demario_Davis,Medium,Wikipedia metadata matched Black/African-American language.
00-0039687,DeShaun Fenwick,RB,Black,https://en.wikipedia.org/wiki/Deshaun,Medium,Wikipedia metadata matched Black/African-American language.
00-0021164,DeShaun Foster,RB,White,https://en.wikipedia.org/wiki/DeShaun_Foster,Low,No minority ethnicity markers detected in metadata. Provisional White classification; should be manually reviewed.
00-0025615,DeShawn Wynn,RB,Black,https://en.wikipedia.org/wiki/DeShawn_Wynn,Medium,Wikipedia metadata matched Black/African-American language.
00-0039046,DeWayne McBride,RB,White,https://en.wikipedia.org/wiki/DeWayne_McBride,Low,No minority ethnicity markers detected in metadata. Provisional White classification; should be manually reviewed.
00-0036751,Dedrick Mills,RB,White,https://en.wikipedia.org/wiki/Dedrick_Mills,Low,No minority ethnicity markers detected in metadata. Provisional White classification; should be manually reviewed.
00-0020376,Dee Brown,RB,White,https://en.wikipedia.org/wiki/Dee_Brown,Low,No minority ethnicity markers detected in metadata. Provisional White classification; should be manually reviewed.
00-0036425,DeeJay Dallas,RB,White,https://en.wikipedia.org/wiki/DeeJay_Dallas,Low,No minority ethnicity markers detected in metadata. Provisional White classification; should be manually reviewed.
00-0027779,Deji Karim,RB,White,https://en.wikipedia.org/wiki/Deji_Karim,Low,No minority ethnicity markers detected in metadata. Provisional White classification; should be manually reviewed.
00-0028057,Delone Carter,RB,White,https://en.wikipedia.org/wiki/Delone_Carter,Low,No minority ethnicity markers detected in metadata. Provisional White classification; should be manually reviewed.
00-0020564,Delvin Joyce,RB,White,https://en.wikipedia.org/wiki/Delvin_Joyce,Low,No minority ethnicity markers detected in metadata. Provisional White classification; should be manually reviewed.
00-0036654,Demetric Felton,RB,Black,https://en.wikipedia.org/wiki/Demetric_Felton,Medium,Wikipedia metadata matched Black/African-American language.
00-0038518,Deneric Prince,RB,White,https://en.wikipedia.org/wiki/Deneric_Prince,Low,No minority ethnicity markers detected in metadata. Provisional White classification; should be manually reviewed.
00-0030236,Dennis Johnson,RB,White,https://en.wikipedia.org/wiki/Dennis_Johnson_(disambiguation),Low,No minority ethnicity markers detected in metadata. Provisional White classification; should be manually reviewed.
00-0010951,Dennis McKinley,RB,White,https://en.wikipedia.org/wiki/Dennis_McKinley,Low,No minority ethnicity markers detected in metadata. Provisional White classification; should be manually reviewed.
00-0025582,Deon Anderson,RB,White,https://en.wikipedia.org/wiki/Deon_Anderson,Low,No minority ethnicity markers detected in metadata. Provisional White classification; should be manually reviewed.
00-0019473,Deon Dyer,RB,White,https://en.wikipedia.org/wiki/Deon_Dyer,Low,No minority ethnicity markers detected in metadata. Provisional White classification; should be manually reviewed.
00-0036493,Deon Jackson,RB,White,https://en.wikipedia.org/wiki/Deon_Jackson_(American_football),Low,No minority ethnicity markers detected in metadata. Provisional White classification; should be manually reviewed.
00-0038638,Derek Parish,RB,White,https://en.wikipedia.org/wiki/Derek_Parish,Low,No minority ethnicity markers detected in metadata. Provisional White classification; should be manually reviewed.
00-0021817,Derek Watson,RB,White,https://en.wikipedia.org/wiki/Derek_Watson_(gridiron_football),Low,No minority ethnicity markers detected in metadata. Provisional White classification; should be manually reviewed.
00-0032897,Derek Watt,RB,White,https://en.wikipedia.org/wiki/Derek_Watt,Low,No minority ethnicity markers detected in metadata. Provisional White classification; should be manually reviewed.
00-0020315,Derrick Blaylock,RB,Black,https://en.wikipedia.org/wiki/Derrick_Blaylock,Medium,Wikipedia metadata matched Black/African-American language.
00-0029068,Derrick Coleman,RB,White,https://en.wikipedia.org/wiki/Derrick_Coleman_(American_football),Low,No minority ethnicity markers detected in metadata. Provisional White classification; should be manually reviewed.
00-0035715,Derrick Gore,RB,White,https://en.wikipedia.org/wiki/Derrick_Gore,Low,No minority ethnicity markers detected in metadata. Provisional White classification; should be manually reviewed.
00-0006930,Derrick Harris,RB,White,https://en.wikipedia.org/wiki/Derrick_Harris_(American_football),Low,No minority ethnicity markers detected in metadata. Provisional White classification; should be manually reviewed.
00-0032764,Derrick Henry,RB,Black,https://en.wikipedia.org/wiki/Derrick_Henry,Medium,Wikipedia metadata matched Black/African-American language.
00-0024189,Derrick Ross,RB,White,https://en.wikipedia.org/wiki/Derrick_Ross,Low,No minority ethnicity markers detected in metadata. Provisional White classification; should be manually reviewed.
00-0022770,Derrick Ward,RB,Black,https://en.wikipedia.org/wiki/Derrick_Ward,Medium,Wikipedia metadata matched Black/African-American language.
00-0022970,Derrick Wimbush,RB,White,https://en.wikipedia.org/wiki/Derrick_Wimbush,Low,No minority ethnicity markers detected in metadata. Provisional White classification; should be manually reviewed.
00-0034358,Derrius Guice,RB,White,https://en.wikipedia.org/wiki/Derrius_Guice,Low,No minority ethnicity markers detected in metadata. Provisional White classification; should be manually reviewed.
00-0019140,Destry Wright,RB,Black,https://en.wikipedia.org/wiki/Destry_Wright,Medium,Wikipedia metadata matched Black/African-American language.
00-0034565,Detrez Newsome,RB,White,https://en.wikipedia.org/wiki/Detrez_Newsome,Low,No minority ethnicity markers detected in metadata. Provisional White classification; should be manually reviewed.
00-0015152,Detron Smith,RB,White,https://en.wikipedia.org/wiki/Detron_Smith,Low,No minority ethnicity markers detected in metadata. Provisional White classification; should be manually reviewed.
00-0020527,Deuce McAllister,RB,Black,https://en.wikipedia.org/wiki/Deuce_McAllister,Medium,Wikipedia metadata matched Black/African-American language.
00-0038622,Deuce Vaughn,RB,White,https://en.wikipedia.org/wiki/Deuce_Vaughn,Low,No minority ethnicity markers detected in metadata. Provisional White classification; should be manually reviewed.
00-0033304,Devante Mays,RB,White,https://en.wikipedia.org/wiki/Devante_Mays,Low,No minority ethnicity markers detected in metadata. Provisional White classification; should be manually reviewed.
00-0026620,Devin Moore,RB,White,https://en.wikipedia.org/wiki/Devin_Moore,Low,No minority ethnicity markers detected in metadata. Provisional White classification; should be manually reviewed.
00-0035250,Devin Singletary,RB,Black,https://en.wikipedia.org/wiki/Devin_Singletary,Medium,Wikipedia metadata matched Black/African-American language.
00-0035184,Devine Ozigbo,RB,White,https://en.wikipedia.org/wiki/Devine_Ozigbo,Low,No minority ethnicity markers detected in metadata. Provisional White classification; should be manually reviewed.
00-0033515,Devine Redding,RB,White,https://en.wikipedia.org/wiki/Devine_Redding,Low,No minority ethnicity markers detected in metadata. Provisional White classification; should be manually reviewed.
00-0032996,Devon Johnson,RB,White,https://en.wikipedia.org/wiki/Devon_Johnson,Low,No minority ethnicity markers detected in metadata. Provisional White classification; should be manually reviewed.
00-0031285,Devonta Freeman,RB,White,https://en.wikipedia.org/wiki/Devonta_Freeman,Low,No minority ethnicity markers detected in metadata. Provisional White classification; should be manually reviewed.
00-0032972,Devontae Booker,RB,White,https://en.wikipedia.org/wiki/Devontae_Booker,Low,No minority ethnicity markers detected in metadata. Provisional White classification; should be manually reviewed.
00-0034935,Devontae Jackson,RB,Black,https://en.wikipedia.org/wiki/Devontae_Cacok,Medium,Wikipedia metadata matched Black/African-American language.
00-0034995,Dexter Williams,RB,White,https://en.wikipedia.org/wiki/Dexter_Williams,Low,No minority ethnicity markers detected in metadata. Provisional White classification; should be manually reviewed.
00-0023056,Diamond Ferri,RB,White,https://en.wikipedia.org/wiki/Diamond_Ferri,Low,No minority ethnicity markers detected in metadata. Provisional White classification; should be manually reviewed.
00-0039647,Dillon Johnson,RB,White,https://en.wikipedia.org/wiki/Dillon_Johnson,Low,No minority ethnicity markers detected in metadata. Provisional White classification; should be manually reviewed.
00-0034225,Dimitri Flowers,RB,White,https://en.wikipedia.org/wiki/Dimitri_Flowers,Low,No minority ethnicity markers detected in metadata. Provisional White classification; should be manually reviewed.
00-0027201,Dimitri Nance,RB,White,https://en.wikipedia.org/wiki/Dimitri_Nance,Low,No minority ethnicity markers detected in metadata. Provisional White classification; should be manually reviewed.
00-0028087,Dion Lewis,RB,White,https://en.wikipedia.org/wiki/Dion_Lewis,Low,No minority ethnicity markers detected in metadata. Provisional White classification; should be manually reviewed.
00-0021979,Domanick Williams,RB,Black,https://en.wikipedia.org/wiki/Domanick_Williams,Medium,Wikipedia metadata matched Black/African-American language.
00-0019863,Dominic Rhodes,RB,White,https://en.wikipedia.org/wiki/Dominic_Rhodes,Low,No minority ethnicity markers detected in metadata. Provisional White classification; should be manually reviewed.
00-0030944,Dominique Williams,RB,White,https://en.wikipedia.org/wiki/Dominique_Williams,Low,No minority ethnicity markers detected in metadata. Provisional White classification; should be manually reviewed.
00-0032636,Don Jackson,RB,White,https://en.wikipedia.org/wiki/Don_Jackson_(gridiron_football),Low,No minority ethnicity markers detected in metadata. Provisional White classification; should be manually reviewed.
00-0027003,Donald Brown,RB,White,https://en.wikipedia.org/wiki/Donald_Brown,Low,No minority ethnicity markers detected in metadata. Provisional White classification; should be manually reviewed.
00-0001102,Donnell Bennett,RB,White,https://en.wikipedia.org/wiki/Donnell_Bennett,Low,No minority ethnicity markers detected in metadata. Provisional White classification; should be manually reviewed.
00-0035569,Dontae Strickland,RB,White,https://en.wikipedia.org/wiki/2016_Syracuse_Orange_football_team,Low,No minority ethnicity markers detected in metadata. Provisional White classification; should be manually reviewed.
00-0034253,Dontrell Hilliard,RB,White,https://en.wikipedia.org/wiki/Dontrell_Hilliard,Low,No minority ethnicity markers detected in metadata. Provisional White classification; should be manually reviewed.
00-0009829,Dorsey Levens,RB,Black,https://en.wikipedia.org/wiki/Dorsey_Levens,Medium,Wikipedia metadata matched Black/African-American language.
00-0019712,Doug Chapman,RB,White,https://en.wikipedia.org/wiki/Doug_Chapman_(American_football),Low,No minority ethnicity markers detected in metadata. Provisional White classification; should be manually reviewed.
00-0022464,Doug Easlick,RB,White,https://en.wikipedia.org/wiki/Doug_Easlick,Low,No minority ethnicity markers detected in metadata. Provisional White classification; should be manually reviewed.
00-0029613,Doug Martin,RB,White,https://en.wikipedia.org/wiki/Doug_Martin_(American_football_coach),Low,No minority ethnicity markers detected in metadata. Provisional White classification; should be manually reviewed.
00-0032090,Dreamius Smith,RB,White,https://en.wikipedia.org/wiki/Dreamius_Smith,Low,No minority ethnicity markers detected in metadata. Provisional White classification; should be manually reviewed.
00-0031392,Dri Archer,RB,White,https://en.wikipedia.org/wiki/Dri_Archer,Low,No minority ethnicity markers detected in metadata. Provisional White classification; should be manually reviewed.
00-0028409,DuJuan Harris,RB,White,https://en.wikipedia.org/wiki/DuJuan_Harris,Low,No minority ethnicity markers detected in metadata. Provisional White classification; should be manually reviewed.
00-0015523,Duce Staley,RB,Black,https://en.wikipedia.org/wiki/Duce_Staley,Medium,Wikipedia metadata matched Black/African-American language.
00-0032257,Duke Johnson,RB,White,https://en.wikipedia.org/wiki/Duke_Johnson,Low,No minority ethnicity markers detected in metadata. Provisional White classification; should be manually reviewed.
00-0022311,Dusty McGrorty,RB,White,https://en.wikipedia.org/wiki/Southern_Oregon_Raiders_football,Low,No minority ethnicity markers detected in metadata. Provisional White classification; should be manually reviewed.
00-0032450,Dwayne Washington,RB,White,https://en.wikipedia.org/wiki/Dwayne_Washington_(American_football),Low,No minority ethnicity markers detected in metadata. Provisional White classification; should be manually reviewed.
00-0025498,Dwayne Wright,RB,White,https://en.wikipedia.org/wiki/Dwayne_Wright,Low,No minority ethnicity markers detected in metadata. Provisional White classification; should be manually reviewed.
00-0021848,Dwone Hicks,RB,White,https://en.wikipedia.org/wiki/Dwone_Hicks,Low,No minority ethnicity markers detected in metadata. Provisional White classification; should be manually reviewed.
00-0039407,Dylan Laube,RB,White,https://en.wikipedia.org/wiki/Dylan_Laube,Low,No minority ethnicity markers detected in metadata. Provisional White classification; should be manually reviewed.
00-0021755,Earnest Graham,RB,White,https://en.wikipedia.org/wiki/Earnest_Graham,Low,No minority ethnicity markers detected in metadata. Provisional White classification; should be manually reviewed.
00-0020903,Ed Ieremia-Stansbury,RB,White,https://en.wikipedia.org/wiki/Ed_Stansbury,Low,No minority ethnicity markers detected in metadata. Provisional White classification; should be manually reviewed.
00-0005883,Eddie George,RB,Black,https://en.wikipedia.org/wiki/Eddie_George,Medium,Wikipedia metadata matched Black/African-American language.
00-0030485,Eddie Lacy,RB,Black,https://en.wikipedia.org/wiki/Eddie_Lacy,Medium,Wikipedia metadata matched Black/African-American language.
00-0026947,Eddie Williams,RB,Black,https://en.wikipedia.org/wiki/Eddie_Williams_(American_football),Medium,Wikipedia metadata matched Black/African-American language.
00-0008241,Edgerrin James,RB,White,https://en.wikipedia.org/wiki/Edgerrin_James,Low,No minority ethnicity markers detected in metadata. Provisional White classification; should be manually reviewed.
00-0029317,Edwin Baker,RB,White,https://en.wikipedia.org/wiki/Edwin_Baker_(American_football),Low,No minority ethnicity markers detected in metadata. Provisional White classification; should be manually reviewed.
00-0024738,Eldra Buckley,RB,White,https://en.wikipedia.org/wiki/Eldra_Buckley,Low,No minority ethnicity markers detected in metadata. Provisional White classification; should be manually reviewed.
00-0039629,Elijah Collins,RB,White,https://en.wikipedia.org/wiki/Elijah_Collins,Low,No minority ethnicity markers detected in metadata. Provisional White classification; should be manually reviewed.
00-0038862,Elijah Dotson,RB,White,https://en.wikipedia.org/wiki/Elijah_Dotson,Low,No minority ethnicity markers detected in metadata. Provisional White classification; should be manually reviewed.
00-0035442,Elijah Holyfield,RB,White,https://en.wikipedia.org/wiki/Elijah_Holyfield,Low,No minority ethnicity markers detected in metadata. Provisional White classification; should be manually reviewed.
00-0033975,Elijah Hood,RB,White,https://en.wikipedia.org/wiki/Elijah_Hood,Low,No minority ethnicity markers detected in metadata. Provisional White classification; should be manually reviewed.
00-0033295,Elijah McGuire,RB,White,https://en.wikipedia.org/wiki/Elijah_McGuire,Low,No minority ethnicity markers detected in metadata. Provisional White classification; should be manually reviewed.
00-0036567,Elijah Mitchell,RB,White,https://en.wikipedia.org/wiki/Elijah_Mitchell,Low,No minority ethnicity markers detected in metadata. Provisional White classification; should be manually reviewed.
00-0034119,Elijah Wellman,RB,White,https://en.wikipedia.org/wiki/New_York_Giants,Low,No minority ethnicity markers detected in metadata. Provisional White classification; should be manually reviewed.
00-0032813,Elijhaa Penny,RB,Black,https://en.wikipedia.org/wiki/Elijhaa_Penny,Medium,Wikipedia metadata matched Black/African-American language.
00-0038965,Ellis Merriweather,RB,White,https://en.wikipedia.org/wiki/Ellis_Merriweather,Low,No minority ethnicity markers detected in metadata. Provisional White classification; should be manually reviewed.
00-0019889,Elvis Joseph,RB,White,https://en.wikipedia.org/wiki/Elvis_Joseph,Low,No minority ethnicity markers detected in metadata. Provisional White classification; should be manually reviewed.
00-0039311,Emani Bailey,RB,White,https://en.wikipedia.org/wiki/Emani_Bailey,Low,No minority ethnicity markers detected in metadata. Provisional White classification; should be manually reviewed.
00-0038797,Emanuel Wilson,RB,Black,https://en.wikipedia.org/wiki/Emanuel_Wilson_(American_football),Medium,Wikipedia metadata matched Black/African-American language.
00-0038705,Emari Demercado,RB,Black,https://en.wikipedia.org/wiki/Emari_Demercado,Medium,Wikipedia metadata matched Black/African-American language.
00-0015165,Emmitt Smith,RB,White,https://en.wikipedia.org/wiki/E._J._Smith_(American_football),Low,No minority ethnicity markers detected in metadata. Provisional White classification; should be manually reviewed.
00-0036383,Eno Benjamin,RB,Black,https://en.wikipedia.org/wiki/Eno_Benjamin,Medium,Wikipedia metadata matched Black/African-American language.
00-0038396,Eric Gray,RB,Black,https://en.wikipedia.org/wiki/Eric_Gray_(American_football),Medium,Wikipedia metadata matched Black/African-American language.
00-0020793,Eric McCoo,RB,White,https://en.wikipedia.org/wiki/McCoo,Low,No minority ethnicity markers detected in metadata. Provisional White classification; should be manually reviewed.
00-0023489,Eric Shelton,RB,White,https://en.wikipedia.org/wiki/Eric_Shelton_(American_football),Low,No minority ethnicity markers detected in metadata. Provisional White classification; should be manually reviewed.
00-0022174,Erik Bickerstaff,RB,White,https://en.wikipedia.org/wiki/Erik_Bickerstaff,Low,No minority ethnicity markers detected in metadata. Provisional White classification; should be manually reviewed.
00-0027844,Erik Lorig,RB,White,https://en.wikipedia.org/wiki/Erik_Lorig,Low,No minority ethnicity markers detected in metadata. Provisional White classification; should be manually reviewed.
00-0013622,Errict Rhett,RB,White,https://en.wikipedia.org/wiki/Errict_Rhett,Low,No minority ethnicity markers detected in metadata. Provisional White classification; should be manually reviewed.
00-0038397,Evan Hull,RB,White,https://en.wikipedia.org/wiki/Evan_Hull,Low,No minority ethnicity markers detected in metadata. Provisional White classification; should be manually reviewed.
00-0029276,Evan Rodriguez,RB,Latino,https://en.wikipedia.org/wiki/Evan_Rodriguez,Medium,Wikipedia metadata matched Latino/Hispanic language.
00-0028115,Evan Royster,RB,White,https://en.wikipedia.org/wiki/Evan_Royster,Low,No minority ethnicity markers detected in metadata. Provisional White classification; should be manually reviewed.
00-0033045,Ezekiel Elliott,RB,Black,https://en.wikipedia.org/wiki/Ezekiel_Elliott,Medium,Wikipedia metadata matched Black/African-American language.
00-0026162,Felix Jones,RB,White,https://en.wikipedia.org/wiki/Felix_Jones,Low,No minority ethnicity markers detected in metadata. Provisional White classification; should be manually reviewed.
00-0031332,Fitzgerald Toussaint,RB,White,https://en.wikipedia.org/wiki/Fitzgerald,Low,No minority ethnicity markers detected in metadata. Provisional White classification; should be manually reviewed.
00-0029731,Fozzy Whittaker,RB,White,https://en.wikipedia.org/wiki/Fozzy_Whittaker,Low,No minority ethnicity markers detected in metadata. Provisional White classification; should be manually reviewed.
00-0023500,Frank Gore,RB,Black,https://en.wikipedia.org/wiki/Frank_Gore,Medium,Wikipedia metadata matched Black/African-American language.
00-0039471,Frank Gore Jr.,RB,White,https://en.wikipedia.org/wiki/Frank_Gore_Jr.,Low,No minority ethnicity markers detected in metadata. Provisional White classification; should be manually reviewed.
00-0019471,Frank Moreau,RB,White,https://en.wikipedia.org/wiki/Frank_Moreau,Low,No minority ethnicity markers detected in metadata. Provisional White classification; should be manually reviewed.
00-0019487,Frank Murphy,RB,White,https://en.wikipedia.org/wiki/Frank_Murphy_(gridiron_football),Low,No minority ethnicity markers detected in metadata. Provisional White classification; should be manually reviewed.
00-0026926,Frank Summers,RB,Pacific Islander,https://en.wikipedia.org/wiki/Frank_Summers_(American_football),Medium,Wikipedia metadata matched Pacific Islander language.
00-0000942,Fred Beasley,RB,White,https://en.wikipedia.org/wiki/Fred_Beasley,Low,No minority ethnicity markers detected in metadata. Provisional White classification; should be manually reviewed.
00-0024204,Fred Jackson,RB,Black,https://en.wikipedia.org/wiki/Fred_Jackson_(American_football_coach),Medium,Wikipedia metadata matched Black/African-American language.
00-0010632,Fred McAfee,RB,White,https://en.wikipedia.org/wiki/Fred_McAfee,Low,No minority ethnicity markers detected in metadata. Provisional White classification; should be manually reviewed.
00-0010747,Fred McCrary,RB,White,https://en.wikipedia.org/wiki/Fred_McCrary,Low,No minority ethnicity markers detected in metadata. Provisional White classification; should be manually reviewed.
00-0016098,Fred Taylor,RB,White,https://en.wikipedia.org/wiki/Fred_Taylor,Low,No minority ethnicity markers detected in metadata. Provisional White classification; should be manually reviewed.
00-0033640,Freddie Stevenson,RB,White,https://en.wikipedia.org/wiki/Freddie_Stevenson_(American_football),Low,No minority ethnicity markers detected in metadata. Provisional White classification; should be manually reviewed.
00-0027143,Fui Vakapuna,RB,Pacific Islander,https://en.wikipedia.org/wiki/Fui_Vakapuna,Medium,Wikipedia metadata matched Pacific Islander language.
00-0035908,Gabe Nabers,RB,White,https://en.wikipedia.org/wiki/Gabe_Nabers,Low,No minority ethnicity markers detected in metadata. Provisional White classification; should be manually reviewed.
00-0036521,Garrett Groshek,RB,White,https://en.wikipedia.org/wiki/Garrett_Groshek,Low,No minority ethnicity markers detected in metadata. Provisional White classification; should be manually reviewed.
00-0025480,Garrett Wolfe,RB,Black,https://en.wikipedia.org/wiki/Garrett_Wolfe,Medium,Wikipedia metadata matched Black/African-American language.
00-0007180,Garrison Hearst,RB,White,https://en.wikipedia.org/wiki/Garrison_Hearst,Low,No minority ethnicity markers detected in metadata. Provisional White classification; should be manually reviewed.
00-0027098,Gartrell Johnson,RB,White,https://en.wikipedia.org/wiki/Gartrell_Johnson,Low,No minority ethnicity markers detected in metadata. Provisional White classification; should be manually reviewed.
00-0036569,Gary Brightwell,RB,White,https://en.wikipedia.org/wiki/Gary_Brightwell,Low,No minority ethnicity markers detected in metadata. Provisional White classification; should be manually reviewed.
00-0004495,Gary Downs,RB,Black,https://en.wikipedia.org/wiki/Caleb_Downs,Medium,Wikipedia metadata matched Black/African-American language.
00-0024846,Gary Russell,RB,White,https://en.wikipedia.org/wiki/Gary_Russell_(American_football),Low,No minority ethnicity markers detected in metadata. Provisional White classification; should be manually reviewed.
00-0034946,George Aston,RB,White,https://en.wikipedia.org/wiki/Aston_Villa_F.C.,Low,No minority ethnicity markers detected in metadata. Provisional White classification; should be manually reviewed.
00-0031158,George Atkinson,RB,Black,https://en.wikipedia.org/wiki/George_Atkinson_III,Medium,Wikipedia metadata matched Black/African-American language.
00-0031746,George Farmer,RB,White,https://en.wikipedia.org/wiki/George_Farmer,Low,No minority ethnicity markers detected in metadata. Provisional White classification; should be manually reviewed.
00-0039299,George Holani,RB,Pacific Islander,https://en.wikipedia.org/wiki/George_Holani,Medium,Wikipedia metadata matched Pacific Islander language.
00-0020479,George Layne,RB,White,https://en.wikipedia.org/wiki/Layne,Low,No minority ethnicity markers detected in metadata. Provisional White classification; should be manually reviewed.
00-0030247,George Winn,RB,White,https://en.wikipedia.org/wiki/George_Winn_(American_football),Low,No minority ethnicity markers detected in metadata. Provisional White classification; should be manually reviewed.
00-0034883,Gerald Holmes,RB,White,https://en.wikipedia.org/wiki/American_football,Low,No minority ethnicity markers detected in metadata. Provisional White classification; should be manually reviewed.
00-0019716,Gerard Arnold,RB,White,https://en.wikipedia.org/wiki/Buscher,Low,No minority ethnicity markers detected in metadata. Provisional White classification; should be manually reviewed.
00-0036578,Gerrid Doaks,RB,White,https://en.wikipedia.org/wiki/Gerrid_Doaks,Low,No minority ethnicity markers detected in metadata. Provisional White classification; should be manually reviewed.
00-0025337,Gilbert Harris,RB,White,https://en.wikipedia.org/wiki/Jalen_Harris_(American_football),Low,No minority ethnicity markers detected in metadata. Provisional White classification; should be manually reviewed.
00-0030456,Giovani Bernard,RB,Black,https://en.wikipedia.org/wiki/Giovani_Bernard,Medium,Wikipedia metadata matched Black/African-American language.
00-0035956,Giovanni Ricci,RB,White,https://en.wikipedia.org/wiki/Giovanni_Ricci_(American_football),Low,No minority ethnicity markers detected in metadata. Provisional White classification; should be manually reviewed.
00-0027048,Glen Coffee,RB,Black,https://en.wikipedia.org/wiki/Glen_Coffee,Medium,Wikipedia metadata matched Black/African-American language.
00-0032499,Glenn Gronkowski,RB,White,https://en.wikipedia.org/wiki/Glenn_Gronkowski,Low,No minority ethnicity markers detected in metadata. Provisional White classification; should be manually reviewed.
00-0031459,Glenn Winston,RB,White,https://en.wikipedia.org/wiki/Glenn_Winston,Low,No minority ethnicity markers detected in metadata. Provisional White classification; should be manually reviewed.
00-0011213,Glyn Milburn,RB,White,https://en.wikipedia.org/wiki/Glyn_Milburn,Low,No minority ethnicity markers detected in metadata. Provisional White classification; should be manually reviewed.
00-0037437,Greg Bell,RB,White,https://en.wikipedia.org/wiki/Greg_Bell,Low,No minority ethnicity markers detected in metadata. Provisional White classification; should be manually reviewed.
00-0003344,Greg Comella,RB,White,https://en.wikipedia.org/wiki/Greg_Comella,Low,No minority ethnicity markers detected in metadata. Provisional White classification; should be manually reviewed.
00-0023314,Greg Hanoian,RB,White,https://en.wikipedia.org/wiki/2001_Syracuse_Orangemen_football_team,Low,No minority ethnicity markers detected in metadata. Provisional White classification; should be manually reviewed.
00-0022897,Greg Jones,RB,White,"https://en.wikipedia.org/wiki/Greg_Jones_(linebacker,_born_1988)",Low,No minority ethnicity markers detected in metadata. Provisional White classification; should be manually reviewed.
00-0034184,Gus Edwards,RB,White,https://en.wikipedia.org/wiki/Gus_Edwards_(American_football),Low,No minority ethnicity markers detected in metadata. Provisional White classification; should be manually reviewed.
00-0031885,Gus Johnson,RB,White,https://en.wikipedia.org/wiki/Gus_Johnson_(American_football),Low,No minority ethnicity markers detected in metadata. Provisional White classification; should be manually reviewed.
00-0011718,Harold Morrow,RB,White,https://en.wikipedia.org/wiki/Harold_Morrow,Low,No minority ethnicity markers detected in metadata. Provisional White classification; should be manually reviewed.
00-0014733,Harold Shaw,RB,White,https://en.wikipedia.org/wiki/Harold_Shaw_(American_football),Low,No minority ethnicity markers detected in metadata. Provisional White classification; should be manually reviewed.
00-0027851,Harvey Unga,RB,Pacific Islander,https://en.wikipedia.org/wiki/Harvey_Unga,Medium,Wikipedia metadata matched Pacific Islander language.
00-0038714,Hassan Hall,RB,White,https://en.wikipedia.org/wiki/Hassan_Hall,Low,No minority ethnicity markers detected in metadata. Provisional White classification; should be manually reviewed.
00-0037617,Hassan Haskins,RB,White,https://en.wikipedia.org/wiki/Hassan_Haskins,Low,No minority ethnicity markers detected in metadata. Provisional White classification; should be manually reviewed.
00-0020507,Heath Evans,RB,White,https://en.wikipedia.org/wiki/Heath_Evans,Low,No minority ethnicity markers detected in metadata. Provisional White classification; should be manually reviewed.
00-0028492,Henry Hynoski,RB,White,https://en.wikipedia.org/wiki/Henry_Hynoski,Low,No minority ethnicity markers detected in metadata. Provisional White classification; should be manually reviewed.
00-0031106,Henry Josey,RB,Black,https://en.wikipedia.org/wiki/Henry_Josey,Medium,Wikipedia metadata matched Black/African-American language.
00-0034314,Henry Poggi,RB,White,https://en.wikipedia.org/wiki/Biff_Poggi,Low,No minority ethnicity markers detected in metadata. Provisional White classification; should be manually reviewed.
00-0019028,Herbert Goodman,RB,Black,https://en.wikipedia.org/wiki/Herbert_Goodman,Medium,Wikipedia metadata matched Black/African-American language.
00-0006456,Howard Griffith,RB,Black,https://en.wikipedia.org/wiki/Howard_Griffith,Medium,Wikipedia metadata matched Black/African-American language.
00-0038738,Hunter Luepke,RB,White,https://en.wikipedia.org/wiki/Hunter_Luepke,Low,No minority ethnicity markers detected in metadata. Provisional White classification; should be manually reviewed.
00-0033691,I'Tavius Mathers,RB,White,https://en.wikipedia.org/wiki/Tony_Franklin_(American_football_coach),Low,No minority ethnicity markers detected in metadata. Provisional White classification; should be manually reviewed.
00-0021810,Ian Smart,RB,White,https://en.wikipedia.org/wiki/Ian_Smart,Low,No minority ethnicity markers detected in metadata. Provisional White classification; should be manually reviewed.
00-0039466,Ian Wheeler,RB,White,https://en.wikipedia.org/wiki/North_American_Newspaper_Alliance,Low,No minority ethnicity markers detected in metadata. Provisional White classification; should be manually reviewed.
00-0039363,Isaac Guerendo,RB,Black,https://en.wikipedia.org/wiki/Isaac_Guerendo,Medium,Wikipedia metadata matched Black/African-American language.
00-0026566,Isaac Redman,RB,White,https://en.wikipedia.org/wiki/Isaac_Redman,Low,No minority ethnicity markers detected in metadata. Provisional White classification; should be manually reviewed.
00-0030656,Isaiah Crowell,RB,Black,https://en.wikipedia.org/wiki/Isaiah_Crowell,Medium,Wikipedia metadata matched Black/African-American language.
00-0039798,Isaiah Davis,RB,White,https://en.wikipedia.org/wiki/Isaiah_Davis,Low,No minority ethnicity markers detected in metadata. Provisional White classification; should be manually reviewed.
00-0029626,Isaiah Pead,RB,White,https://en.wikipedia.org/wiki/Isaiah_Pead,Low,No minority ethnicity markers detected in metadata. Provisional White classification; should be manually reviewed.
00-0038045,Isaiah Spiller,RB,Black,https://en.wikipedia.org/wiki/Isaiah_Spiller,Medium,Wikipedia metadata matched Black/African-American language.
00-0037197,Isiah Pacheco,RB,Latino,https://en.wikipedia.org/wiki/Isiah_Pacheco,Medium,Wikipedia metadata matched Latino/Hispanic language.
00-0038389,Israel Abanikanda,RB,White,https://en.wikipedia.org/wiki/Israel_Abanikanda,Low,No minority ethnicity markers detected in metadata. Provisional White classification; should be manually reviewed.
00-0034378,Ito Smith,RB,White,https://en.wikipedia.org/wiki/Ito_Smith,Low,No minority ethnicity markers detected in metadata. Provisional White classification; should be manually reviewed.
00-0032602,J.D. McKissic,RB,White,https://en.wikipedia.org/wiki/J._D._McKissic,Low,No minority ethnicity markers detected in metadata. Provisional White classification; should be manually reviewed.
00-0034294,J.D. Moore,RB,White,https://en.wikipedia.org/wiki/D._J._Moore,Low,No minority ethnicity markers detected in metadata. Provisional White classification; should be manually reviewed.
00-0024409,J.D. Runnels,RB,White,https://en.wikipedia.org/wiki/Dusty_Rhodes,Low,No minority ethnicity markers detected in metadata. Provisional White classification; should be manually reviewed.
00-0023479,J.J. Arrington,RB,White,https://en.wikipedia.org/wiki/J._J._Arrington,Low,No minority ethnicity markers detected in metadata. Provisional White classification; should be manually reviewed.
00-0008529,J.J. Johnson,RB,White,https://en.wikipedia.org/wiki/J._J._Johnson_(American_football),Low,No minority ethnicity markers detected in metadata. Provisional White classification; should be manually reviewed.
00-0036096,J.J. Taylor,RB,White,https://en.wikipedia.org/wiki/J._J._Taylor,Low,No minority ethnicity markers detected in metadata. Provisional White classification; should be manually reviewed.
00-0036158,J.K. Dobbins,RB,White,https://en.wikipedia.org/wiki/J._K._Dobbins,Low,No minority ethnicity markers detected in metadata. Provisional White classification; should be manually reviewed.
00-0022484,J.P. Foschi,RB,White,https://en.wikipedia.org/wiki/Foschi,Low,No minority ethnicity markers detected in metadata. Provisional White classification; should be manually reviewed.
00-0020670,J.R. Niklos,RB,White,https://en.wikipedia.org/wiki/Niklos,Low,No minority ethnicity markers detected in metadata. Provisional White classification; should be manually reviewed.
00-0019722,J.R. Redmond,RB,White,https://en.wikipedia.org/wiki/Joseph_Redmond,Low,No minority ethnicity markers detected in metadata. Provisional White classification; should be manually reviewed.
00-0034900,Ja'Quan Gardner,RB,White,https://en.wikipedia.org/wiki/2025_Denver_Broncos_season,Low,No minority ethnicity markers detected in metadata. Provisional White classification; should be manually reviewed.
00-0039652,Jabari Small,RB,White,https://en.wikipedia.org/wiki/Jabari_Small,Low,No minority ethnicity markers detected in metadata. Provisional White classification; should be manually reviewed.
00-0038875,Jack Colletto,RB,White,https://en.wikipedia.org/wiki/Jack_Colletto,Low,No minority ethnicity markers detected in metadata. Provisional White classification; should be manually reviewed.
00-0025701,Jackie Battle,RB,White,https://en.wikipedia.org/wiki/Jackie_Battle,Low,No minority ethnicity markers detected in metadata. Provisional White classification; should be manually reviewed.
00-0026209,Jacob Hester,RB,White,https://en.wikipedia.org/wiki/Jacob_Hester,Low,No minority ethnicity markers detected in metadata. Provisional White classification; should be manually reviewed.
00-0033195,Jacob Huesman,RB,White,https://en.wikipedia.org/wiki/Jacob_Huesman,Low,No minority ethnicity markers detected in metadata. Provisional White classification; should be manually reviewed.
00-0039617,Jacob Kibodi,RB,White,https://en.wikipedia.org/wiki/Jacob_Kibodi,Low,No minority ethnicity markers detected in metadata. Provisional White classification; should be manually reviewed.
00-0038896,Jacob Saylors,RB,White,https://en.wikipedia.org/wiki/Jacob_Saylors,Low,No minority ethnicity markers detected in metadata. Provisional White classification; should be manually reviewed.
00-0035760,Jacques Patrick,RB,White,https://en.wikipedia.org/wiki/Jacques_Patrick,Low,No minority ethnicity markers detected in metadata. Provisional White classification; should be manually reviewed.
00-0028083,Jacquizz Rodgers,RB,White,https://en.wikipedia.org/wiki/Jacquizz_Rodgers,Low,No minority ethnicity markers detected in metadata. Provisional White classification; should be manually reviewed.
00-0039503,Jaden Shirden,RB,White,https://en.wikipedia.org/wiki/Jaden_Shirden,Low,No minority ethnicity markers detected in metadata. Provisional White classification; should be manually reviewed.
00-0033664,Jahad Thomas,RB,White,https://en.wikipedia.org/wiki/Jahad_Thomas,Low,No minority ethnicity markers detected in metadata. Provisional White classification; should be manually reviewed.
00-0039139,Jahmyr Gibbs,RB,White,https://en.wikipedia.org/wiki/Jahmyr_Gibbs,Low,No minority ethnicity markers detected in metadata. Provisional White classification; should be manually reviewed.
00-0027880,Jahvid Best,RB,Black,https://en.wikipedia.org/wiki/Jahvid_Best,Medium,Wikipedia metadata matched Black/African-American language.
00-0032082,Jahwan Edwards,RB,White,https://en.wikipedia.org/wiki/Jahwan_Edwards,Low,No minority ethnicity markers detected in metadata. Provisional White classification; should be manually reviewed.
00-0035975,Jake Bargas,RB,White,https://en.wikipedia.org/wiki/Jake_Bargas,Low,No minority ethnicity markers detected in metadata. Provisional White classification; should be manually reviewed.
00-0036860,Jake Funk,RB,White,https://en.wikipedia.org/wiki/Jake_Funk,Low,No minority ethnicity markers detected in metadata. Provisional White classification; should be manually reviewed.
00-0035726,Jakob Johnson,RB,Black,https://en.wikipedia.org/wiki/Jakob_Johnson,Medium,Wikipedia metadata matched Black/African-American language.
00-0038794,Jaleel McLaughlin,RB,White,https://en.wikipedia.org/wiki/Jaleel_McLaughlin,Low,No minority ethnicity markers detected in metadata. Provisional White classification; should be manually reviewed.
00-0039554,Jalen Jackson,RB,White,https://en.wikipedia.org/wiki/Jalen_Duren,Low,No minority ethnicity markers detected in metadata. Provisional White classification; should be manually reviewed.
00-0026316,Jalen Parmele,RB,Black,https://en.wikipedia.org/wiki/Jalen_Parmele,Medium,Wikipedia metadata matched Black/African-American language.
00-0033025,Jalen Richard,RB,White,https://en.wikipedia.org/wiki/Jalen_Richard,Low,No minority ethnicity markers detected in metadata. Provisional White classification; should be manually reviewed.
00-0033035,Jalen Simmons,RB,White,https://en.wikipedia.org/wiki/Jalen_Reagor,Low,No minority ethnicity markers detected in metadata. Provisional White classification; should be manually reviewed.
00-0035505,Jalin Moore,RB,Black,"https://en.wikipedia.org/wiki/James_Burgess_(American_football,_born_1994)",Medium,Wikipedia metadata matched Black/African-American language.
00-0032130,Jalston Fowler,RB,White,https://en.wikipedia.org/wiki/Jalston_Fowler,Low,No minority ethnicity markers detected in metadata. Provisional White classification; should be manually reviewed.
00-0024202,Jamaal Branch,RB,White,https://en.wikipedia.org/wiki/Jamaal_Branch,Low,No minority ethnicity markers detected in metadata. Provisional White classification; should be manually reviewed.
00-0026213,Jamaal Charles,RB,Black,https://en.wikipedia.org/wiki/Jamaal_Charles,Medium,Wikipedia metadata matched Black/African-American language.
00-0033948,Jamaal Williams,RB,White,https://en.wikipedia.org/wiki/Jamaal_Williams,Low,No minority ethnicity markers detected in metadata. Provisional White classification; should be manually reviewed.
00-0000316,Jamal Anderson,RB,White,https://en.wikipedia.org/wiki/Jamal_Anderson,Low,No minority ethnicity markers detected in metadata. Provisional White classification; should be manually reviewed.
00-0019693,Jamal Lewis,RB,Black,https://en.wikipedia.org/wiki/Jamal_Lewis_(American_football),Medium,Wikipedia metadata matched Black/African-American language.
00-0020587,Jamal Robertson,RB,Black,https://en.wikipedia.org/wiki/Jamal_Robertson,Medium,Wikipedia metadata matched Black/African-American language.
00-0021387,Jamar Martin,RB,White,https://en.wikipedia.org/wiki/Jamar_Martin,Low,No minority ethnicity markers detected in metadata. Provisional White classification; should be manually reviewed.
00-0020391,Jameel Cook,RB,White,https://en.wikipedia.org/wiki/Jameel_Cook,Low,No minority ethnicity markers detected in metadata. Provisional White classification; should be manually reviewed.
00-0019057,Jamel White,RB,White,https://en.wikipedia.org/wiki/Jamel_White,Low,No minority ethnicity markers detected in metadata. Provisional White classification; should be manually reviewed.
00-0000210,James Allen,RB,White,https://en.wikipedia.org/wiki/James_Allen,Low,No minority ethnicity markers detected in metadata. Provisional White classification; should be manually reviewed.
00-0034870,James Butler,RB,White,https://en.wikipedia.org/wiki/James_Butler,Low,No minority ethnicity markers detected in metadata. Provisional White classification; should be manually reviewed.
00-0027109,James Casey,RB,White,https://en.wikipedia.org/wiki/James_Casey_(American_football),Low,No minority ethnicity markers detected in metadata. Provisional White classification; should be manually reviewed.
00-0033553,James Conner,RB,Black,https://en.wikipedia.org/wiki/James_Conner_(American_football),Medium,Wikipedia metadata matched Black/African-American language.
00-0037248,James Cook,RB,White,https://en.wikipedia.org/wiki/James_Cook_(disambiguation),Low,No minority ethnicity markers detected in metadata. Provisional White classification; should be manually reviewed.
00-0027130,James Davis,RB,White,https://en.wikipedia.org/wiki/Ray_Davis_(American_football),Low,No minority ethnicity markers detected in metadata. Provisional White classification; should be manually reviewed.
00-0027925,James Develin,RB,White,https://en.wikipedia.org/wiki/James_Develin,Low,No minority ethnicity markers detected in metadata. Provisional White classification; should be manually reviewed.
00-0020173,James Fenderson,RB,White,https://en.wikipedia.org/wiki/James_Fenderson,Low,No minority ethnicity markers detected in metadata. Provisional White classification; should be manually reviewed.
00-0007546,James Hodgins,RB,White,https://en.wikipedia.org/wiki/James_Hodgins,Low,No minority ethnicity markers detected in metadata. Provisional White classification; should be manually reviewed.
00-0020430,James Jackson,RB,White,https://en.wikipedia.org/wiki/James_Jackson_(American_football),Low,No minority ethnicity markers detected in metadata. Provisional White classification; should be manually reviewed.
00-0025913,James Johnson,RB,White,https://en.wikipedia.org/wiki/Jimmy_Johnson_(American_football_coach),Low,No minority ethnicity markers detected in metadata. Provisional White classification; should be manually reviewed.
00-0021638,James Lynch,RB,White,https://en.wikipedia.org/wiki/James_Lynch_(American_football),Low,No minority ethnicity markers detected in metadata. Provisional White classification; should be manually reviewed.
00-0020700,James Mungro,RB,Black,https://en.wikipedia.org/wiki/James_Mungro,Medium,Wikipedia metadata matched Black/African-American language.
00-0035831,James Robinson,RB,White,https://en.wikipedia.org/wiki/James_Robinson_(running_back),Low,No minority ethnicity markers detected in metadata. Provisional White classification; should be manually reviewed.
00-0023829,James Sims,RB,White,https://en.wikipedia.org/wiki/James_Sims_(American_football),Low,No minority ethnicity markers detected in metadata. Provisional White classification; should be manually reviewed.
00-0027791,James Starks,RB,White,https://en.wikipedia.org/wiki/James_Starks,Low,No minority ethnicity markers detected in metadata. Provisional White classification; should be manually reviewed.
00-0015698,James Stewart,RB,White,https://en.wikipedia.org/wiki/James_Stewart_(disambiguation),Low,No minority ethnicity markers detected in metadata. Provisional White classification; should be manually reviewed.
00-0033613,James Summers,RB,White,https://en.wikipedia.org/wiki/Don_James_(American_football),Low,No minority ethnicity markers detected in metadata. Provisional White classification; should be manually reviewed.
00-0031062,James White,RB,White,https://en.wikipedia.org/wiki/James_White,Low,No minority ethnicity markers detected in metadata. Provisional White classification; should be manually reviewed.
00-0030786,James Wilder Jr.,RB,White,https://en.wikipedia.org/wiki/James_Wilder_Jr.,Low,No minority ethnicity markers detected in metadata. Provisional White classification; should be manually reviewed.
00-0035165,James Williams,RB,White,https://en.wikipedia.org/wiki/James_Williams,Low,No minority ethnicity markers detected in metadata. Provisional White classification; should be manually reviewed.
00-0020206,James Wofford,RB,White,https://en.wikipedia.org/wiki/James_Wofford_(American_football),Low,No minority ethnicity markers detected in metadata. Provisional White classification; should be manually reviewed.
00-0028068,Jamie Harper,RB,White,https://en.wikipedia.org/wiki/Jamie_Harper,Low,No minority ethnicity markers detected in metadata. Provisional White classification; should be manually reviewed.
00-0027306,Jamie McCoy,RB,White,https://en.wikipedia.org/wiki/Jamie_McCoy,Low,No minority ethnicity markers detected in metadata. Provisional White classification; should be manually reviewed.
00-0013467,Jamie Reader,RB,White,https://en.wikipedia.org/wiki/Jamie_Reader,Low,No minority ethnicity markers detected in metadata. Provisional White classification; should be manually reviewed.
00-0029492,Jamize Olawale,RB,White,https://en.wikipedia.org/wiki/Jamize_Olawale,Low,No minority ethnicity markers detected in metadata. Provisional White classification; should be manually reviewed.
00-0035806,Jamycal Hasty,RB,White,https://en.wikipedia.org/wiki/JaMycal_Hasty,Low,No minority ethnicity markers detected in metadata. Provisional White classification; should be manually reviewed.
00-0036768,Jaquan Hardy,RB,Black,https://en.wikipedia.org/wiki/Jaquan,Medium,Wikipedia metadata matched Black/African-American language.
00-0036755,Jaret Patterson,RB,Black,https://en.wikipedia.org/wiki/Jaret_Patterson,Medium,Wikipedia metadata matched Black/African-American language.
00-0020988,Jarmar Julien,RB,White,https://en.wikipedia.org/wiki/Jarmar_Julien,Low,No minority ethnicity markers detected in metadata. Provisional White classification; should be manually reviewed.
00-0022255,Jarrett Payton,RB,White,https://en.wikipedia.org/wiki/Jarrett_Payton,Low,No minority ethnicity markers detected in metadata. Provisional White classification; should be manually reviewed.
00-0021253,Jarrod Baxter,RB,White,https://en.wikipedia.org/wiki/Jarrod_Baxter,Low,No minority ethnicity markers detected in metadata. Provisional White classification; should be manually reviewed.
00-0031493,Jarryd Hayne,RB,White,https://en.wikipedia.org/wiki/Jarryd_Hayne,Low,No minority ethnicity markers detected in metadata. Provisional White classification; should be manually reviewed.
00-0039271,Jarveon Howard,RB,White,https://en.wikipedia.org/wiki/Jarveon_Howard,Low,No minority ethnicity markers detected in metadata. Provisional White classification; should be manually reviewed.
00-0033348,Jarveon Williams,RB,White,https://en.wikipedia.org/wiki/Jarveon_Williams,Low,No minority ethnicity markers detected in metadata. Provisional White classification; should be manually reviewed.
00-0034205,Jarvion Franklin,RB,White,https://en.wikipedia.org/wiki/2014_Mid-American_Conference_football_season,Low,No minority ethnicity markers detected in metadata. Provisional White classification; should be manually reviewed.
00-0039393,Jase McClellan,RB,White,https://en.wikipedia.org/wiki/Jase_McClellan,Low,No minority ethnicity markers detected in metadata. Provisional White classification; should be manually reviewed.
00-0020073,Jasen Isom,RB,White,https://en.wikipedia.org/wiki/Jasen_Isom,Low,No minority ethnicity markers detected in metadata. Provisional White classification; should be manually reviewed.
00-0037410,Jashaun Corbin,RB,White,https://en.wikipedia.org/wiki/Jashaun_Corbin,Low,No minority ethnicity markers detected in metadata. Provisional White classification; should be manually reviewed.
00-0022941,Jason Anderson,RB,White,https://en.wikipedia.org/wiki/Jason_Anderson,Low,No minority ethnicity markers detected in metadata. Provisional White classification; should be manually reviewed.
00-0019423,Jason Brookins,RB,White,https://en.wikipedia.org/wiki/Jason_Brookins,Low,No minority ethnicity markers detected in metadata. Provisional White classification; should be manually reviewed.
00-0024158,Jason Davis,RB,Black,https://en.wikipedia.org/wiki/Jason_Davis_(American_football),Medium,Wikipedia metadata matched Black/African-American language.
00-0036278,Jason Huntley,RB,White,https://en.wikipedia.org/wiki/Jason_Huntley,Low,No minority ethnicity markers detected in metadata. Provisional White classification; should be manually reviewed.
00-0020805,Jason McKie,RB,White,https://en.wikipedia.org/wiki/Jason_McKie,Low,No minority ethnicity markers detected in metadata. Provisional White classification; should be manually reviewed.
00-0025631,Jason Snelling,RB,White,https://en.wikipedia.org/wiki/Jason_Snelling,Low,No minority ethnicity markers detected in metadata. Provisional White classification; should be manually reviewed.
00-0022288,Jason Wright,RB,Black,https://en.wikipedia.org/wiki/Jason_Wright,Medium,Wikipedia metadata matched Black/African-American language.
00-0027467,Javarris James,RB,White,https://en.wikipedia.org/wiki/Javarris_James,Low,No minority ethnicity markers detected in metadata. Provisional White classification; should be manually reviewed.
00-0027141,Javarris Williams,RB,White,https://en.wikipedia.org/wiki/Javarris_Williams,Low,No minority ethnicity markers detected in metadata. Provisional White classification; should be manually reviewed.
00-0036827,Javian Hawkins,RB,White,https://en.wikipedia.org/wiki/Javian_Hawkins,Low,No minority ethnicity markers detected in metadata. Provisional White classification; should be manually reviewed.
00-0035868,Javon Leake,RB,White,https://en.wikipedia.org/wiki/Javon_Leake,Low,No minority ethnicity markers detected in metadata. Provisional White classification; should be manually reviewed.
00-0027120,Javon Ringer,RB,Black,https://en.wikipedia.org/wiki/Javon_Ringer,Medium,Wikipedia metadata matched Black/African-American language.
00-0036997,Javonte Williams,RB,White,https://en.wikipedia.org/wiki/Javonte_Williams,Low,No minority ethnicity markers detected in metadata. Provisional White classification; should be manually reviewed.
00-0031577,Javorius Allen,RB,White,https://en.wikipedia.org/wiki/Javorius_Allen,Low,No minority ethnicity markers detected in metadata. Provisional White classification; should be manually reviewed.
00-0030415,Jawan Jamison,RB,White,https://en.wikipedia.org/wiki/Jawan_Jamison,Low,No minority ethnicity markers detected in metadata. Provisional White classification; should be manually reviewed.
00-0039405,Jawhar Jordan,RB,White,https://en.wikipedia.org/wiki/Jawhar_Jordan,Low,No minority ethnicity markers detected in metadata. Provisional White classification; should be manually reviewed.
00-0031590,Jay Ajayi,RB,White,https://en.wikipedia.org/wiki/Jay_Ajayi,Low,No minority ethnicity markers detected in metadata. Provisional White classification; should be manually reviewed.
00-0006208,Jay Graham,RB,White,https://en.wikipedia.org/wiki/Jay_Graham,Low,No minority ethnicity markers detected in metadata. Provisional White classification; should be manually reviewed.
00-0031085,Jay Prosch,RB,White,https://en.wikipedia.org/wiki/Jay_Prosch,Low,No minority ethnicity markers detected in metadata. Provisional White classification; should be manually reviewed.
00-0034331,Jaylen Samuels,RB,White,https://en.wikipedia.org/wiki/Jaylen_Samuels,Low,No minority ethnicity markers detected in metadata. Provisional White classification; should be manually reviewed.
00-0037228,Jaylen Warren,RB,Pacific Islander,https://en.wikipedia.org/wiki/Jaylen_Warren,Medium,Wikipedia metadata matched Pacific Islander language.
00-0039874,Jaylen Wright,RB,White,https://en.wikipedia.org/wiki/Jaylen_Wright,Low,No minority ethnicity markers detected in metadata. Provisional White classification; should be manually reviewed.
00-0026072,Jed Collins,RB,White,https://en.wikipedia.org/wiki/Jed_Collins,Low,No minority ethnicity markers detected in metadata. Provisional White classification; should be manually reviewed.
00-0029722,Jeff Demps,RB,White,https://en.wikipedia.org/wiki/Jeff_Demps,Low,No minority ethnicity markers detected in metadata. Provisional White classification; should be manually reviewed.
00-0022746,Jeff Dugan,RB,White,https://en.wikipedia.org/wiki/Jeff_Dugan,Low,No minority ethnicity markers detected in metadata. Provisional White classification; should be manually reviewed.
00-0031723,Jeff Luc,RB,White,https://en.wikipedia.org/wiki/Jeff_Luc,Low,No minority ethnicity markers detected in metadata. Provisional White classification; should be manually reviewed.
00-0012675,Jeff Paulk,RB,White,https://en.wikipedia.org/wiki/Jeff_Paulk,Low,No minority ethnicity markers detected in metadata. Provisional White classification; should be manually reviewed.
00-0034115,Jeff Wilson,RB,White,https://en.wikipedia.org/wiki/Jeff_Wilson_(American_football),Low,No minority ethnicity markers detected in metadata. Provisional White classification; should be manually reviewed.
00-0026012,Jehuu Caulcrick,RB,White,https://en.wikipedia.org/wiki/Jehuu_Caulcrick,Low,No minority ethnicity markers detected in metadata. Provisional White classification; should be manually reviewed.
00-0011573,Jerald Moore,RB,White,https://en.wikipedia.org/wiki/Jerald_Moore,Low,No minority ethnicity markers detected in metadata. Provisional White classification; should be manually reviewed.
00-0015420,Jerald Sowell,RB,White,https://en.wikipedia.org/wiki/Jerald_Sowell,Low,No minority ethnicity markers detected in metadata. Provisional White classification; should be manually reviewed.
00-0022141,Jeremi Johnson,RB,White,https://en.wikipedia.org/wiki/Jeremi_Johnson,Low,No minority ethnicity markers detected in metadata. Provisional White classification; should be manually reviewed.
00-0026799,Jeremiah Johnson,RB,White,https://en.wikipedia.org/wiki/Jeremiah_Johnson,Low,No minority ethnicity markers detected in metadata. Provisional White classification; should be manually reviewed.
00-0035427,Jeremy Cox,RB,White,https://en.wikipedia.org/wiki/Jeremy_Cox,Low,No minority ethnicity markers detected in metadata. Provisional White classification; should be manually reviewed.
00-0031301,Jeremy Hill,RB,Black,https://en.wikipedia.org/wiki/Jeremy_Hill,Medium,Wikipedia metadata matched Black/African-American language.
00-0031569,Jeremy Langford,RB,White,https://en.wikipedia.org/wiki/Jeremy_Langford,Low,No minority ethnicity markers detected in metadata. Provisional White classification; should be manually reviewed.
00-0033955,Jeremy McNichols,RB,Black,https://en.wikipedia.org/wiki/Jeremy_McNichols,Medium,Wikipedia metadata matched Black/African-American language.
00-0029441,Jeremy Stewart,RB,White,https://en.wikipedia.org/wiki/Jeremy_Stewart,Low,No minority ethnicity markers detected in metadata. Provisional White classification; should be manually reviewed.
00-0031376,Jerick McKinnon,RB,White,https://en.wikipedia.org/wiki/Jerick_McKinnon,Low,No minority ethnicity markers detected in metadata. Provisional White classification; should be manually reviewed.
00-0024294,Jerious Norwood,RB,Black,https://en.wikipedia.org/wiki/Jerious_Norwood,Medium,Wikipedia metadata matched Black/African-American language.
00-0005110,Jermaine Fazande,RB,White,https://en.wikipedia.org/wiki/Jermaine_Fazande,Low,No minority ethnicity markers detected in metadata. Provisional White classification; should be manually reviewed.
00-0017829,Jermaine Williams,RB,White,https://en.wikipedia.org/wiki/Jermaine_Williams_(American_football),Low,No minority ethnicity markers detected in metadata. Provisional White classification; should be manually reviewed.
00-0036670,Jermar Jefferson,RB,White,https://en.wikipedia.org/wiki/Jermar_Jefferson,Low,No minority ethnicity markers detected in metadata. Provisional White classification; should be manually reviewed.
00-0001215,Jerome Bettis,RB,White,https://en.wikipedia.org/wiki/Jerome_Bettis,Low,No minority ethnicity markers detected in metadata. Provisional White classification; should be manually reviewed.
00-0026286,Jerome Felton,RB,Black,https://en.wikipedia.org/wiki/Jerome_Felton,Medium,Wikipedia metadata matched Black/African-American language.
00-0037267,Jerome Ford,RB,Black,https://en.wikipedia.org/wiki/Jerome_Ford,Medium,Wikipedia metadata matched Black/African-American language.
00-0024359,Jerome Harrison,RB,White,https://en.wikipedia.org/wiki/Jerome_Harrison,Low,No minority ethnicity markers detected in metadata. Provisional White classification; should be manually reviewed.
00-0026598,Jerome Johnson,RB,White,https://en.wikipedia.org/wiki/Jerome_Johnson_(American_football),Low,No minority ethnicity markers detected in metadata. Provisional White classification; should be manually reviewed.
00-0030746,Jerome Smith,RB,White,https://en.wikipedia.org/wiki/Jerome_Smith_(American_football),Low,No minority ethnicity markers detected in metadata. Provisional White classification; should be manually reviewed.
00-0037210,Jerrion Ealy,RB,White,https://en.wikipedia.org/wiki/Jerrion_Ealy,Low,No minority ethnicity markers detected in metadata. Provisional White classification; should be manually reviewed.
00-0020820,Jesse Chatman,RB,Black,https://en.wikipedia.org/wiki/Jesse_Chatman,Medium,Wikipedia metadata matched Black/African-American language.
00-0028980,Jewel Hampton,RB,White,https://en.wikipedia.org/wiki/Jewel_Hampton,Low,No minority ethnicity markers detected in metadata. Provisional White classification; should be manually reviewed.
00-0032611,Jhurrell Pressley,RB,White,,Low,No minority ethnicity markers detected in metadata. Provisional White classification; should be manually reviewed.
00-0005229,Jim Finn,RB,White,https://en.wikipedia.org/wiki/Jim_Finn,Low,No minority ethnicity markers detected in metadata. Provisional White classification; should be manually reviewed.
00-0009323,Jimmy Kleinsasser,RB,White,https://en.wikipedia.org/wiki/Jim_Kleinsasser,Low,No minority ethnicity markers detected in metadata. Provisional White classification; should be manually reviewed.
00-0033980,Joe Bacci,RB,White,https://en.wikipedia.org/wiki/List_of_American_films_of_2025,Low,No minority ethnicity markers detected in metadata. Provisional White classification; should be manually reviewed.
00-0029048,Joe Banyard,RB,Black,https://en.wikipedia.org/wiki/Joe_Banyard,Medium,Wikipedia metadata matched Black/African-American language.
00-0020917,Joe Burns,RB,White,https://en.wikipedia.org/wiki/Joe_Burns_(American_football),Low,No minority ethnicity markers detected in metadata. Provisional White classification; should be manually reviewed.
00-0032375,Joe Kerridge,RB,White,https://en.wikipedia.org/wiki/Joe_Kerridge,Low,No minority ethnicity markers detected in metadata. Provisional White classification; should be manually reviewed.
00-0027712,Joe McKnight,RB,Black,https://en.wikipedia.org/wiki/Joe_McKnight,Medium,Wikipedia metadata matched Black/African-American language.
00-0033897,Joe Mixon,RB,Black,https://en.wikipedia.org/wiki/Joe_Mixon,Medium,Wikipedia metadata matched Black/African-American language.
00-0011506,Joe Montgomery,RB,White,https://en.wikipedia.org/wiki/Joe_Montgomery,Low,No minority ethnicity markers detected in metadata. Provisional White classification; should be manually reviewed.
00-0021466,Joe Smith,RB,White,https://en.wikipedia.org/wiki/Joseph_Smith_(disambiguation),Low,No minority ethnicity markers detected in metadata. Provisional White classification; should be manually reviewed.
00-0033286,Joe Williams,RB,White,https://en.wikipedia.org/wiki/Joe_Williams,Low,No minority ethnicity markers detected in metadata. Provisional White classification; should be manually reviewed.
00-0033630,Joel Bouagnon,RB,White,https://en.wikipedia.org/wiki/Joel_Bouagnon,Low,No minority ethnicity markers detected in metadata. Provisional White classification; should be manually reviewed.
00-0010292,Joel Makovicka,RB,White,https://en.wikipedia.org/wiki/Joel_Makovicka,Low,No minority ethnicity markers detected in metadata. Provisional White classification; should be manually reviewed.
00-0019134,Joey Goodspeed,RB,White,https://en.wikipedia.org/wiki/Joey_Goodspeed,Low,No minority ethnicity markers detected in metadata. Provisional White classification; should be manually reviewed.
00-0022363,Joey Harris,RB,White,https://en.wikipedia.org/wiki/Joey_Harris,Low,No minority ethnicity markers detected in metadata. Provisional White classification; should be manually reviewed.
00-0032122,Joey Iosefa,RB,Pacific Islander,https://en.wikipedia.org/wiki/Joey_Iosefa,Medium,Wikipedia metadata matched Pacific Islander language.
00-0021431,Joffrey Reynolds,RB,Black,https://en.wikipedia.org/wiki/Joffrey_Reynolds,Medium,Wikipedia metadata matched Black/African-American language.
00-0000541,John Avery,RB,White,https://en.wikipedia.org/wiki/John_Avery_(gridiron_football),Low,No minority ethnicity markers detected in metadata. Provisional White classification; should be manually reviewed.
00-0028208,John Clay,RB,White,https://en.wikipedia.org/wiki/John_Clay,Low,No minority ethnicity markers detected in metadata. Provisional White classification; should be manually reviewed.
00-0027739,John Conner,RB,White,https://en.wikipedia.org/wiki/John_Conner_(American_football),Low,No minority ethnicity markers detected in metadata. Provisional White classification; should be manually reviewed.
00-0031826,John Crockett,RB,White,https://en.wikipedia.org/wiki/John_Crockett_(gridiron_football),Low,No minority ethnicity markers detected in metadata. Provisional White classification; should be manually reviewed.
00-0028377,John Griffin,RB,White,https://en.wikipedia.org/wiki/John_Griffin,Low,No minority ethnicity markers detected in metadata. Provisional White classification; should be manually reviewed.
00-0034808,John Kelly,RB,White,https://en.wikipedia.org/wiki/John_Kelly,Low,No minority ethnicity markers detected in metadata. Provisional White classification; should be manually reviewed.
00-0022999,John Kuhn,RB,White,https://en.wikipedia.org/wiki/John_Kuhn,Low,No minority ethnicity markers detected in metadata. Provisional White classification; should be manually reviewed.
00-0037234,John Lovett,RB,White,https://en.wikipedia.org/wiki/John_Lovett_(American_football_coach),Low,No minority ethnicity markers detected in metadata. Provisional White classification; should be manually reviewed.
00-0027139,John Phillips,RB,White,https://en.wikipedia.org/wiki/John_Phillips_(American_football),Low,No minority ethnicity markers detected in metadata. Provisional White classification; should be manually reviewed.
00-0033504,John Robinson-Woodgett,RB,White,https://en.wikipedia.org/wiki/2025_Kennesaw_State_Owls_football_team,Low,No minority ethnicity markers detected in metadata. Provisional White classification; should be manually reviewed.
00-0021031,John Simon,RB,White,https://en.wikipedia.org/wiki/John_Simon,Low,No minority ethnicity markers detected in metadata. Provisional White classification; should be manually reviewed.
00-0030078,Johnathan Franklin,RB,White,https://en.wikipedia.org/wiki/Johnathan_Franklin,Low,No minority ethnicity markers detected in metadata. Provisional White classification; should be manually reviewed.
00-0020893,Johnathan Reese,RB,White,https://en.wikipedia.org/wiki/Johnathan_Cyprien,Low,No minority ethnicity markers detected in metadata. Provisional White classification; should be manually reviewed.
00-0034311,Johnny Stanton,RB,White,https://en.wikipedia.org/wiki/Johnny_Stanton,Low,No minority ethnicity markers detected in metadata. Provisional White classification; should be manually reviewed.
00-0028071,Johnny White,RB,White,https://en.wikipedia.org/wiki/Johnny_White_(American_football),Low,No minority ethnicity markers detected in metadata. Provisional White classification; should be manually reviewed.
00-0027218,Joique Bell,RB,White,https://en.wikipedia.org/wiki/Joique_Bell,Low,No minority ethnicity markers detected in metadata. Provisional White classification; should be manually reviewed.
00-0022290,Jon Bradley,RB,White,https://en.wikipedia.org/wiki/Jon_Bradley,Low,No minority ethnicity markers detected in metadata. Provisional White classification; should be manually reviewed.
00-0023282,Jon Goldsberry,RB,Black,https://en.wikipedia.org/wiki/1945_Indiana_Hoosiers_football_team,Medium,Wikipedia metadata matched Black/African-American language.
00-0035013,Jon Hilliman,RB,White,https://en.wikipedia.org/wiki/Jon_Hilliman,Low,No minority ethnicity markers detected in metadata. Provisional White classification; should be manually reviewed.
00-0013773,Jon Ritchie,RB,White,https://en.wikipedia.org/wiki/Jon_Ritchie,Low,No minority ethnicity markers detected in metadata. Provisional White classification; should be manually reviewed.
00-0018141,Jon Witman,RB,White,https://en.wikipedia.org/wiki/Jon_Witman,Low,No minority ethnicity markers detected in metadata. Provisional White classification; should be manually reviewed.
00-0029104,Jonas Gray,RB,White,https://en.wikipedia.org/wiki/Jonas_Gray,Low,No minority ethnicity markers detected in metadata. Provisional White classification; should be manually reviewed.
00-0019238,Jonas Lewis,RB,Black,https://en.wikipedia.org/wiki/Ray_Lewis,Medium,Wikipedia metadata matched Black/African-American language.
00-0030350,Jonathan Amosa,RB,White,https://en.wikipedia.org/wiki/List_of_family_relations_in_American_football,Low,No minority ethnicity markers detected in metadata. Provisional White classification; should be manually reviewed.
00-0027786,Jonathan Dwyer,RB,White,https://en.wikipedia.org/wiki/Jonathan_Dwyer,Low,No minority ethnicity markers detected in metadata. Provisional White classification; should be manually reviewed.
00-0029510,Jonathan Grimes,RB,White,https://en.wikipedia.org/wiki/Jonathan_Grimes,Low,No minority ethnicity markers detected in metadata. Provisional White classification; should be manually reviewed.
00-0009960,Jonathan Linton,RB,White,https://en.wikipedia.org/wiki/Jonathan_Linton,Low,No minority ethnicity markers detected in metadata. Provisional White classification; should be manually reviewed.
00-0026153,Jonathan Stewart,RB,Black,https://en.wikipedia.org/wiki/Jonathan_Stewart,Medium,Wikipedia metadata matched Black/African-American language.
00-0036223,Jonathan Taylor,RB,Black,https://en.wikipedia.org/wiki/Jonathan_Taylor,Medium,Wikipedia metadata matched Black/African-American language.
00-0035924,Jonathan Ward,RB,White,https://en.wikipedia.org/wiki/Jonathan_Ward_(American_football),Low,No minority ethnicity markers detected in metadata. Provisional White classification; should be manually reviewed.
00-0021223,Jonathan Wells,RB,White,https://en.wikipedia.org/wiki/Jonathan_Wells_(American_football),Low,No minority ethnicity markers detected in metadata. Provisional White classification; should be manually reviewed.
00-0032975,Jonathan Williams,RB,White,https://en.wikipedia.org/wiki/Jonathan_Williams,Low,No minority ethnicity markers detected in metadata. Provisional White classification; should be manually reviewed.
00-0039344,Jonathon Brooks,RB,White,https://en.wikipedia.org/wiki/Jonathon_Brooks_(American_football),Low,No minority ethnicity markers detected in metadata. Provisional White classification; should be manually reviewed.
00-0038743,Jordan Byrd,RB,White,https://en.wikipedia.org/wiki/Jordan_Byrd,Low,No minority ethnicity markers detected in metadata. Provisional White classification; should be manually reviewed.
00-0034551,Jordan Chunn,RB,White,https://en.wikipedia.org/wiki/Jordan_Chunn,Low,No minority ethnicity markers detected in metadata. Provisional White classification; should be manually reviewed.
00-0035396,Jordan Ellis,RB,White,https://en.wikipedia.org/wiki/Devale_Ellis,Low,No minority ethnicity markers detected in metadata. Provisional White classification; should be manually reviewed.
00-0034532,Jordan Franks,RB,White,https://en.wikipedia.org/wiki/Jordan_Franks,Low,No minority ethnicity markers detected in metadata. Provisional White classification; should be manually reviewed.
00-0032780,Jordan Howard,RB,White,https://en.wikipedia.org/wiki/Jordan_Howard,Low,No minority ethnicity markers detected in metadata. Provisional White classification; should be manually reviewed.
00-0033616,Jordan Johnson,RB,White,https://en.wikipedia.org/wiki/Robert_Jordan_(American_football),Low,No minority ethnicity markers detected in metadata. Provisional White classification; should be manually reviewed.
00-0037525,Jordan Mason,RB,White,https://en.wikipedia.org/wiki/Jordan_Mason,Low,No minority ethnicity markers detected in metadata. Provisional White classification; should be manually reviewed.
00-0038678,Jordan Mims,RB,White,https://en.wikipedia.org/wiki/Jordan_Mims,Low,No minority ethnicity markers detected in metadata. Provisional White classification; should be manually reviewed.
00-0035275,Jordan Scarlett,RB,White,https://en.wikipedia.org/wiki/Jordan_Scarlett_(American_football),Low,No minority ethnicity markers detected in metadata. Provisional White classification; should be manually reviewed.
00-0028121,Jordan Todman,RB,White,https://en.wikipedia.org/wiki/Jordan_Todman,Low,No minority ethnicity markers detected in metadata. Provisional White classification; should be manually reviewed.
00-0034400,Jordan Wilkins,RB,White,https://en.wikipedia.org/wiki/Jordan_Wilkins,Low,No minority ethnicity markers detected in metadata. Provisional White classification; should be manually reviewed.
00-0029619,Jorvorskie Lane,RB,White,https://en.wikipedia.org/wiki/Jorvorskie_Lane,Low,No minority ethnicity markers detected in metadata. Provisional White classification; should be manually reviewed.
00-0024245,Joseph Addai,RB,White,https://en.wikipedia.org/wiki/Joseph_Addai,Low,No minority ethnicity markers detected in metadata. Provisional White classification; should be manually reviewed.
00-0030388,Joseph Randle,RB,White,https://en.wikipedia.org/wiki/Joseph_Randle,Low,No minority ethnicity markers detected in metadata. Provisional White classification; should be manually reviewed.
00-0034457,Josh Adams,RB,White,https://en.wikipedia.org/wiki/Josh_Adams_(American_football),Low,No minority ethnicity markers detected in metadata. Provisional White classification; should be manually reviewed.
00-0035691,Josh Caldwell,RB,White,https://en.wikipedia.org/wiki/Matthew_Caldwell_(American_football),Low,No minority ethnicity markers detected in metadata. Provisional White classification; should be manually reviewed.
00-0032377,Josh Ferguson,RB,White,https://en.wikipedia.org/wiki/Josh_Ferguson,Low,No minority ethnicity markers detected in metadata. Provisional White classification; should be manually reviewed.
00-0031450,Josh Harris,RB,White,https://en.wikipedia.org/wiki/Josh_Harris_(businessman),Low,No minority ethnicity markers detected in metadata. Provisional White classification; should be manually reviewed.
00-0035807,Josh Hokit,RB,Latino,https://en.wikipedia.org/wiki/Josh_Hokit,Medium,Wikipedia metadata matched Latino/Hispanic language.
00-0035700,Josh Jacobs,RB,White,https://en.wikipedia.org/wiki/Josh_Jacobs,Low,No minority ethnicity markers detected in metadata. Provisional White classification; should be manually reviewed.
00-0036799,Josh Johnson,RB,Black,https://en.wikipedia.org/wiki/Josh_Johnson_(quarterback),Medium,Wikipedia metadata matched Black/African-American language.
00-0019932,Josh Parry,RB,White,https://en.wikipedia.org/wiki/Josh_Parry,Low,No minority ethnicity markers detected in metadata. Provisional White classification; should be manually reviewed.
00-0031611,Josh Robinson,RB,White,https://en.wikipedia.org/wiki/Josh_Robinson,Low,No minority ethnicity markers detected in metadata. Provisional White classification; should be manually reviewed.
00-0034016,Josh Rounds,RB,White,https://en.wikipedia.org/wiki/Josh_Blue,Low,No minority ethnicity markers detected in metadata. Provisional White classification; should be manually reviewed.
00-0021796,Josh Rue,RB,White,https://en.wikipedia.org/wiki/Reform_UK,Low,No minority ethnicity markers detected in metadata. Provisional White classification; should be manually reviewed.
00-0021098,Josh Scobey,RB,White,https://en.wikipedia.org/wiki/Josh_Scobey,Low,No minority ethnicity markers detected in metadata. Provisional White classification; should be manually reviewed.
00-0026644,Josh Vaughan,RB,White,https://en.wikipedia.org/wiki/Josh_Vaughan,Low,No minority ethnicity markers detected in metadata. Provisional White classification; should be manually reviewed.
00-0036370,Joshua Kelley,RB,Black,https://en.wikipedia.org/wiki/Joshua_Kelley,Medium,Wikipedia metadata matched Black/African-American language.
00-0031861,Julian Howsare,RB,White,https://en.wikipedia.org/wiki/Julian_Howsare,Low,No minority ethnicity markers detected in metadata. Provisional White classification; should be manually reviewed.
00-0037594,Julius Chestnut,RB,White,https://en.wikipedia.org/wiki/Julius_Chestnut,Low,No minority ethnicity markers detected in metadata. Provisional White classification; should be manually reviewed.
00-0022840,Julius Jones,RB,Black,https://en.wikipedia.org/wiki/Julius_Jones_(American_football),Medium,Wikipedia metadata matched Black/African-American language.
00-0034975,Justice Hill,RB,Black,https://en.wikipedia.org/wiki/Justice_Hill,Medium,Wikipedia metadata matched Black/African-American language.
00-0034137,Justin Crawford,RB,White,https://en.wikipedia.org/wiki/Justin_Crawford_(American_football),Low,No minority ethnicity markers detected in metadata. Provisional White classification; should be manually reviewed.
00-0033760,Justin Davis,RB,Black,https://en.wikipedia.org/wiki/Justin_Davis_(gridiron_football),Medium,Wikipedia metadata matched Black/African-American language.
00-0022093,Justin Fargas,RB,Latino,https://en.wikipedia.org/wiki/Justin_Fargas,Medium,Wikipedia metadata matched Latino/Hispanic language.
00-0026373,Justin Forsett,RB,White,https://en.wikipedia.org/wiki/Justin_Forsett,Low,No minority ethnicity markers detected in metadata. Provisional White classification; should be manually reviewed.
00-0023591,Justin Green,RB,White,https://en.wikipedia.org/wiki/Justin_Green,Low,No minority ethnicity markers detected in metadata. Provisional White classification; should be manually reviewed.
00-0022011,Justin Griffith,RB,White,https://en.wikipedia.org/wiki/Justin_Griffith,Low,No minority ethnicity markers detected in metadata. Provisional White classification; should be manually reviewed.
00-0034440,Justin Jackson,RB,White,https://en.wikipedia.org/wiki/Justin_Jackson_(American_football),Low,No minority ethnicity markers detected in metadata. Provisional White classification; should be manually reviewed.
00-0034890,Justin Stockton,RB,Black,https://en.wikipedia.org/wiki/Justin_Davis_(gridiron_football),Medium,Wikipedia metadata matched Black/African-American language.
00-0017303,Justin Watson,RB,White,https://en.wikipedia.org/wiki/Justin_Watson,Low,No minority ethnicity markers detected in metadata. Provisional White classification; should be manually reviewed.
00-0030705,Juwan Thompson,RB,White,https://en.wikipedia.org/wiki/Juwan_Thompson,Low,No minority ethnicity markers detected in metadata. Provisional White classification; should be manually reviewed.
00-0031057,Ka'Deem Carey,RB,White,https://en.wikipedia.org/wiki/Ka%27Deem_Carey,Low,No minority ethnicity markers detected in metadata. Provisional White classification; should be manually reviewed.
00-0019382,KaRon Coleman,RB,Black,https://en.wikipedia.org/wiki/KaRon_Coleman,Medium,Wikipedia metadata matched Black/African-American language.
00-0026579,Kahlil Bell,RB,Pacific Islander,https://en.wikipedia.org/wiki/Kahlil_Bell,Medium,Wikipedia metadata matched Pacific Islander language.
00-0039940,Kairee Robinson,RB,White,https://en.wikipedia.org/wiki/2020_Mountain_West_Conference_Football_Championship_Game,Low,No minority ethnicity markers detected in metadata. Provisional White classification; should be manually reviewed.
00-0034799,Kalen Ballage,RB,Black,https://en.wikipedia.org/wiki/Kalen_Ballage,Medium,Wikipedia metadata matched Black/African-American language.
00-0033361,Kalif Phillips,RB,White,https://en.wikipedia.org/wiki/2026_NFL_season,Low,No minority ethnicity markers detected in metadata. Provisional White classification; should be manually reviewed.
00-0031102,Kapri Bibbs,RB,Black,https://en.wikipedia.org/wiki/Kapri_Bibbs,Medium,Wikipedia metadata matched Black/African-American language.
00-0035454,Karan Higdon,RB,Black,https://en.wikipedia.org/wiki/Karan_Higdon,Medium,Wikipedia metadata matched Black/African-American language.
00-0026819,Kareem Huggins,RB,White,https://en.wikipedia.org/wiki/Kareem_Huggins,Low,No minority ethnicity markers detected in metadata. Provisional White classification; should be manually reviewed.
00-0033923,Kareem Hunt,RB,White,https://en.wikipedia.org/wiki/Kareem_Hunt,Low,No minority ethnicity markers detected in metadata. Provisional White classification; should be manually reviewed.
00-0032152,Karlos Williams,RB,Black,https://en.wikipedia.org/wiki/Karlos_Williams,Medium,Wikipedia metadata matched Black/African-American language.
00-0023159,Kay-Jay Harris,RB,Black,https://en.wikipedia.org/wiki/Kay-Jay_Harris,Medium,Wikipedia metadata matched Black/African-American language.
00-0036450,Ke'Shawn Vaughn,RB,White,https://en.wikipedia.org/wiki/Ke%27Shawn_Vaughn,Low,No minority ethnicity markers detected in metadata. Provisional White classification; should be manually reviewed.
00-0037299,Keaontay Ingram,RB,White,https://en.wikipedia.org/wiki/Keaontay_Ingram,Low,No minority ethnicity markers detected in metadata. Provisional White classification; should be manually reviewed.
00-0038454,Keaton Mitchell,RB,Black,https://en.wikipedia.org/wiki/Keaton_Mitchell,Medium,Wikipedia metadata matched Black/African-American language.
00-0039385,Keilan Robinson,RB,White,https://en.wikipedia.org/wiki/Keilan_Robinson,Low,No minority ethnicity markers detected in metadata. Provisional White classification; should be manually reviewed.
00-0027214,Keiland Williams,RB,White,https://en.wikipedia.org/wiki/Keiland_Williams,Low,No minority ethnicity markers detected in metadata. Provisional White classification; should be manually reviewed.
00-0034509,Keith Ford,RB,White,https://en.wikipedia.org/wiki/Keith_Ford,Low,No minority ethnicity markers detected in metadata. Provisional White classification; should be manually reviewed.
00-0023297,Keith Joseph,RB,White,https://en.wikipedia.org/wiki/Keith_Joseph_(American_football),Low,No minority ethnicity markers detected in metadata. Provisional White classification; should be manually reviewed.
00-0032806,Keith Marshall,RB,White,https://en.wikipedia.org/wiki/Keith_Marshall_(American_football),Low,No minority ethnicity markers detected in metadata. Provisional White classification; should be manually reviewed.
00-0027257,Keith Toston,RB,White,https://en.wikipedia.org/wiki/Keith_Toston,Low,No minority ethnicity markers detected in metadata. Provisional White classification; should be manually reviewed.
00-0032440,Kelvin Taylor,RB,White,https://en.wikipedia.org/wiki/Kelvin_Taylor,Low,No minority ethnicity markers detected in metadata. Provisional White classification; should be manually reviewed.
00-0020786,Ken Simonton,RB,White,https://en.wikipedia.org/wiki/Ken_Simonton,Low,No minority ethnicity markers detected in metadata. Provisional White classification; should be manually reviewed.
00-0030039,Kendall Gaskins,RB,White,https://en.wikipedia.org/wiki/Kendall_Gaskins,Low,No minority ethnicity markers detected in metadata. Provisional White classification; should be manually reviewed.
00-0028053,Kendall Hunter,RB,White,https://en.wikipedia.org/wiki/Kendall_Hunter,Low,No minority ethnicity markers detected in metadata. Provisional White classification; should be manually reviewed.
00-0039266,Kendall Milton,RB,White,https://en.wikipedia.org/wiki/Kendall_Milton,Low,No minority ethnicity markers detected in metadata. Provisional White classification; should be manually reviewed.
00-0038551,Kendre Miller,RB,White,https://en.wikipedia.org/wiki/Kendre_Miller,Low,No minority ethnicity markers detected in metadata. Provisional White classification; should be manually reviewed.
00-0036842,Kene Nwangwu,RB,White,https://en.wikipedia.org/wiki/Kene_Nwangwu,Low,No minority ethnicity markers detected in metadata. Provisional White classification; should be manually reviewed.
00-0030465,Kenjon Barner,RB,White,https://en.wikipedia.org/wiki/Kenjon_Barner,Low,No minority ethnicity markers detected in metadata. Provisional White classification; should be manually reviewed.
00-0037131,Kennedy Brooks,RB,White,https://en.wikipedia.org/wiki/Kennedy_Brooks,Low,No minority ethnicity markers detected in metadata. Provisional White classification; should be manually reviewed.
00-0025633,Kenneth Darby,RB,White,https://en.wikipedia.org/wiki/Kenneth_Darby,Low,No minority ethnicity markers detected in metadata. Provisional White classification; should be manually reviewed.
00-0032411,Kenneth Dixon,RB,White,https://en.wikipedia.org/wiki/Kenneth_Dixon_(American_football),Low,No minority ethnicity markers detected in metadata. Provisional White classification; should be manually reviewed.
00-0032902,Kenneth Farrow,RB,White,https://en.wikipedia.org/wiki/Kenneth_Farrow_(American_football),Low,No minority ethnicity markers detected in metadata. Provisional White classification; should be manually reviewed.
00-0036919,Kenneth Gainwell,RB,White,https://en.wikipedia.org/wiki/Kenneth_Gainwell,Low,No minority ethnicity markers detected in metadata. Provisional White classification; should be manually reviewed.
00-0038134,Kenneth Walker,RB,White,https://en.wikipedia.org/wiki/Kenneth_Walker_III,Low,No minority ethnicity markers detected in metadata. Provisional White classification; should be manually reviewed.
00-0002459,Kenny Bynum,RB,White,https://en.wikipedia.org/wiki/Kenny_Bynum,Low,No minority ethnicity markers detected in metadata. Provisional White classification; should be manually reviewed.
00-0031625,Kenny Hilliard,RB,White,https://en.wikipedia.org/wiki/Kenny_Hilliard,Low,No minority ethnicity markers detected in metadata. Provisional White classification; should be manually reviewed.
00-0038636,Kenny McIntosh,RB,White,https://en.wikipedia.org/wiki/Kenny_McIntosh,Low,No minority ethnicity markers detected in metadata. Provisional White classification; should be manually reviewed.
00-0019808,Kenny Watson,RB,Black,https://en.wikipedia.org/wiki/Kenny_Watson_(American_football),Medium,Wikipedia metadata matched Black/African-American language.
00-0022206,Kenton Keith,RB,Black,https://en.wikipedia.org/wiki/Kenton_Keith,Medium,Wikipedia metadata matched Black/African-American language.
00-0033118,Kenyan Drake,RB,White,https://en.wikipedia.org/wiki/Kenyan_Drake,Low,No minority ethnicity markers detected in metadata. Provisional White classification; should be manually reviewed.
00-0035596,Kerrith Whyte,RB,White,https://en.wikipedia.org/wiki/Kerrith_Whyte,Low,No minority ethnicity markers detected in metadata. Provisional White classification; should be manually reviewed.
00-0021747,Kerry Carter,RB,White,https://en.wikipedia.org/wiki/Kerry_Carter,Low,No minority ethnicity markers detected in metadata. Provisional White classification; should be manually reviewed.
00-0034349,Kerryon Johnson,RB,White,https://en.wikipedia.org/wiki/Kerryon_Johnson,Low,No minority ethnicity markers detected in metadata. Provisional White classification; should be manually reviewed.
00-0030117,Kerwynn Williams,RB,Black,https://en.wikipedia.org/wiki/Kerwynn_Williams,Medium,Wikipedia metadata matched Black/African-American language.
00-0020474,Kevan Barlow,RB,Black,https://en.wikipedia.org/wiki/Kevan_Barlow,Medium,Wikipedia metadata matched Black/African-American language.
00-0023231,Kevin Dudley,RB,White,https://en.wikipedia.org/wiki/Kevin_Dudley,Low,No minority ethnicity markers detected in metadata. Provisional White classification; should be manually reviewed.
00-0005091,Kevin Faulk,RB,Black,https://en.wikipedia.org/wiki/Kevin_Faulk,Medium,Wikipedia metadata matched Black/African-American language.
00-0037286,Kevin Harris,RB,Black,https://en.wikipedia.org/wiki/Kevin_Harris_(American_football),Medium,Wikipedia metadata matched Black/African-American language.
00-0019503,Kevin Houser,RB,White,https://en.wikipedia.org/wiki/Kevin_Houser,Low,No minority ethnicity markers detected in metadata. Provisional White classification; should be manually reviewed.
00-0022782,Kevin Jones,RB,Black,https://en.wikipedia.org/wiki/Kevin_Jones_(American_football),Medium,Wikipedia metadata matched Black/African-American language.
00-0037470,Kevin Marks,RB,White,https://en.wikipedia.org/wiki/Kevin_O%27Connell_(American_football),Low,No minority ethnicity markers detected in metadata. Provisional White classification; should be manually reviewed.
00-0019268,Kevin McDougal,RB,White,https://en.wikipedia.org/wiki/Kevin_McDougal,Low,No minority ethnicity markers detected in metadata. Provisional White classification; should be manually reviewed.
00-0010994,Kevin McLeod,RB,White,https://en.wikipedia.org/wiki/Kevin_McLeod,Low,No minority ethnicity markers detected in metadata. Provisional White classification; should be manually reviewed.
00-0032283,Kevin Monangai,RB,White,https://en.wikipedia.org/wiki/Kevin_Monangai,Low,No minority ethnicity markers detected in metadata. Provisional White classification; should be manually reviewed.
00-0026204,Kevin Smith,RB,White,https://en.wikipedia.org/wiki/Kevin_Smith_(disambiguation),Low,No minority ethnicity markers detected in metadata. Provisional White classification; should be manually reviewed.
00-0023426,Keylon Kincade,RB,White,https://en.wikipedia.org/wiki/Keylon_Kincade,Low,No minority ethnicity markers detected in metadata. Provisional White classification; should be manually reviewed.
00-0033797,Khalfani Muhammad,RB,Latino,https://en.wikipedia.org/wiki/Khalfani_Muhammad,Medium,Wikipedia metadata matched Latino/Hispanic language.
00-0033817,Khalid Abdullah,RB,White,https://en.wikipedia.org/wiki/Khalid_Abdullah,Low,No minority ethnicity markers detected in metadata. Provisional White classification; should be manually reviewed.
00-0034237,Khalid Hill,RB,Black,https://en.wikipedia.org/wiki/Khalid_Kareem,Medium,Wikipedia metadata matched Black/African-American language.
00-0036906,Khalil Herbert,RB,White,https://en.wikipedia.org/wiki/Khalil_Herbert,Low,No minority ethnicity markers detected in metadata. Provisional White classification; should be manually reviewed.
00-0035099,Khari Blasingame,RB,White,https://en.wikipedia.org/wiki/Khari_Blasingame,Low,No minority ethnicity markers detected in metadata. Provisional White classification; should be manually reviewed.
00-0030348,Khiry Robinson,RB,White,https://en.wikipedia.org/wiki/Khiry_Robinson,Low,No minority ethnicity markers detected in metadata. Provisional White classification; should be manually reviewed.
00-0002743,Ki-Jana Carter,RB,Black,https://en.wikipedia.org/wiki/Ki-Jana_Carter,Medium,Wikipedia metadata matched Black/African-American language.
00-0031091,Kiero Small,RB,White,https://en.wikipedia.org/wiki/Kiero_Small,Low,No minority ethnicity markers detected in metadata. Provisional White classification; should be manually reviewed.
00-0039391,Kimani Vidal,RB,White,https://en.wikipedia.org/wiki/Kimani_Vidal,Low,No minority ethnicity markers detected in metadata. Provisional White classification; should be manually reviewed.
00-0000279,Kimble Anders,RB,White,https://en.wikipedia.org/wiki/Kimble_Anders,Low,No minority ethnicity markers detected in metadata. Provisional White classification; should be manually reviewed.
00-0030280,Knile Davis,RB,White,https://en.wikipedia.org/wiki/Knile_Davis,Low,No minority ethnicity markers detected in metadata. Provisional White classification; should be manually reviewed.
00-0026988,Knowshon Moreno,RB,Black,https://en.wikipedia.org/wiki/Knowshon_Moreno,Medium,Wikipedia metadata matched Black/African-American language.
00-0039302,Kobe Lewis,RB,White,https://en.wikipedia.org/wiki/Kobe_Lewis,Low,No minority ethnicity markers detected in metadata. Provisional White classification; should be manually reviewed.
00-0034893,Kobe McCrary,RB,White,https://en.wikipedia.org/wiki/Second_presidency_of_Donald_Trump,Low,No minority ethnicity markers detected in metadata. Provisional White classification; should be manually reviewed.
00-0025535,Kolby Smith,RB,Black,https://en.wikipedia.org/wiki/Kolby_Smith,Medium,Wikipedia metadata matched Black/African-American language.
00-0025578,Korey Hall,RB,White,https://en.wikipedia.org/wiki/Korey_Hall,Low,No minority ethnicity markers detected in metadata. Provisional White classification; should be manually reviewed.
00-0022640,Kory Chapman,RB,White,https://en.wikipedia.org/wiki/Kory_Chapman,Low,No minority ethnicity markers detected in metadata. Provisional White classification; should be manually reviewed.
00-0026769,Kory Sheets,RB,Black,https://en.wikipedia.org/wiki/Kory_Sheets,Medium,Wikipedia metadata matched Black/African-American language.
00-0026029,Kregg Lumpkin,RB,White,https://en.wikipedia.org/wiki/Kregg_Lumpkin,Low,No minority ethnicity markers detected in metadata. Provisional White classification; should be manually reviewed.
00-0022714,Kris Wilson,RB,White,https://en.wikipedia.org/wiki/Kris_Wilson_(American_football),Low,No minority ethnicity markers detected in metadata. Provisional White classification; should be manually reviewed.
00-0028337,Kyle Adams,RB,White,https://en.wikipedia.org/wiki/Kyle_Adams_(American_football),Low,No minority ethnicity markers detected in metadata. Provisional White classification; should be manually reviewed.
00-0023251,Kyle Eckel,RB,White,https://en.wikipedia.org/wiki/Kyle_Eckel,Low,No minority ethnicity markers detected in metadata. Provisional White classification; should be manually reviewed.
00-0021260,Kyle Johnson,RB,White,https://en.wikipedia.org/wiki/Kyle_Johnson_(American_football),Low,No minority ethnicity markers detected in metadata. Provisional White classification; should be manually reviewed.
00-0029892,Kyle Juszczyk,RB,White,https://en.wikipedia.org/wiki/Kyle_Juszczyk,Low,No minority ethnicity markers detected in metadata. Provisional White classification; should be manually reviewed.
00-0036669,Kylin Hill,RB,White,https://en.wikipedia.org/wiki/Kylin_Hill,Low,No minority ethnicity markers detected in metadata. Provisional White classification; should be manually reviewed.
00-0037840,Kyren Williams,RB,Black,https://en.wikipedia.org/wiki/Kyren_Williams,Medium,Wikipedia metadata matched Black/African-American language.
00-0036269,La'Mical Perine,RB,White,https://en.wikipedia.org/wiki/La%27Mical_Perine,Low,No minority ethnicity markers detected in metadata. Provisional White classification; should be manually reviewed.
00-0022057,LaBrandon Toefield,RB,White,https://en.wikipedia.org/wiki/LaBrandon_Toefield,Low,No minority ethnicity markers detected in metadata. Provisional White classification; should be manually reviewed.
00-0020536,LaDainian Tomlinson,RB,Black,https://en.wikipedia.org/wiki/LaDainian_Tomlinson,Medium,Wikipedia metadata matched Black/African-American language.
00-0029260,LaMichael James,RB,White,https://en.wikipedia.org/wiki/LaMichael_James,Low,No minority ethnicity markers detected in metadata. Provisional White classification; should be manually reviewed.
00-0020462,LaMont Jordan,RB,White,https://en.wikipedia.org/wiki/LaMont_Jordan,Low,No minority ethnicity markers detected in metadata. Provisional White classification; should be manually reviewed.
00-0026956,LaRod Stephens-Howling,RB,White,https://en.wikipedia.org/wiki/LaRod_Stephens-Howling,Low,No minority ethnicity markers detected in metadata. Provisional White classification; should be manually reviewed.
00-0031078,Lache Seastrunk,RB,Black,https://en.wikipedia.org/wiki/Lache_Seastrunk,Medium,Wikipedia metadata matched Black/African-American language.
00-0021184,Ladell Betts,RB,Black,https://en.wikipedia.org/wiki/Ladell_Betts,Medium,Wikipedia metadata matched Black/African-American language.
00-0021209,Lamar Gordon,RB,Black,https://en.wikipedia.org/wiki/Lamar_Jackson,Medium,Wikipedia metadata matched Black/African-American language.
00-0029615,Lamar Miller,RB,White,https://en.wikipedia.org/wiki/Lamar_Miller,Low,No minority ethnicity markers detected in metadata. Provisional White classification; should be manually reviewed.
00-0015242,Lamar Smith,RB,Black,https://en.wikipedia.org/wiki/Lamar_Smith_(American_football),Medium,Wikipedia metadata matched Black/African-American language.
00-0017218,Lamont Warren,RB,White,https://en.wikipedia.org/wiki/Lamont_Warren,Low,No minority ethnicity markers detected in metadata. Provisional White classification; should be manually reviewed.
00-0026432,Lance Ball,RB,White,https://en.wikipedia.org/wiki/Lance_Ball,Low,No minority ethnicity markers detected in metadata. Provisional White classification; should be manually reviewed.
00-0029004,Lance Dunbar,RB,Black,https://en.wikipedia.org/wiki/Lance_Dunbar,Medium,Wikipedia metadata matched Black/African-American language.
00-0001573,Larry Bowie,RB,White,https://en.wikipedia.org/wiki/Larry_Bowie,Low,No minority ethnicity markers detected in metadata. Provisional White classification; should be manually reviewed.
00-0002846,Larry Centers,RB,White,https://en.wikipedia.org/wiki/Larry_Centers,Low,No minority ethnicity markers detected in metadata. Provisional White classification; should be manually reviewed.
00-0022384,Larry Croom,RB,White,https://en.wikipedia.org/wiki/Larry_Croom,Low,No minority ethnicity markers detected in metadata. Provisional White classification; should be manually reviewed.
00-0021976,Larry Johnson,RB,Black,https://en.wikipedia.org/wiki/Larry_Johnson_(American_football_coach),Medium,Wikipedia metadata matched Black/African-American language.
00-0021305,Larry Ned,RB,White,https://en.wikipedia.org/wiki/Larry_Ned,Low,No minority ethnicity markers detected in metadata. Provisional White classification; should be manually reviewed.
00-0034666,Larry Rose,RB,White,https://en.wikipedia.org/wiki/Larry_Rose_III,Low,No minority ethnicity markers detected in metadata. Provisional White classification; should be manually reviewed.
00-0036650,Larry Rountree,RB,White,https://en.wikipedia.org/wiki/Larry_Rountree_III,Low,No minority ethnicity markers detected in metadata. Provisional White classification; should be manually reviewed.
00-0030513,Latavius Murray,RB,White,https://en.wikipedia.org/wiki/Latavius_Murray,Low,No minority ethnicity markers detected in metadata. Provisional White classification; should be manually reviewed.
00-0024236,Laurence Maroney,RB,Black,https://en.wikipedia.org/wiki/Laurence_Maroney,Medium,Wikipedia metadata matched Black/African-American language.
00-0034624,Lavon Coleman,RB,White,https://en.wikipedia.org/wiki/Lavon_Coleman,Low,No minority ethnicity markers detected in metadata. Provisional White classification; should be manually reviewed.
00-0032740,Lawrence Thomas,RB,White,https://en.wikipedia.org/wiki/Lawrence_Thomas_(American_football),Low,No minority ethnicity markers detected in metadata. Provisional White classification; should be manually reviewed.
00-0024394,Lawrence Vickers,RB,White,https://en.wikipedia.org/wiki/Lawrence_Vickers,Low,No minority ethnicity markers detected in metadata. Provisional White classification; should be manually reviewed.
00-0025524,Le'Ron McClain,RB,Black,https://en.wikipedia.org/wiki/Le%27Ron_McClain,Medium,Wikipedia metadata matched Black/African-American language.
00-0030496,Le'Veon Bell,RB,Black,https://en.wikipedia.org/wiki/Le%27Veon_Bell,Medium,Wikipedia metadata matched Black/African-American language.
00-0027325,LeGarrette Blount,RB,Black,https://en.wikipedia.org/wiki/LeGarrette_Blount,Medium,Wikipedia metadata matched Black/African-American language.
00-0027029,LeSean McCoy,RB,Black,https://en.wikipedia.org/wiki/LeSean_McCoy,Medium,Wikipedia metadata matched Black/African-American language.
00-0033384,LeShun Daniels,RB,White,https://en.wikipedia.org/wiki/LeShun_Daniels_Sr.,Low,No minority ethnicity markers detected in metadata. Provisional White classification; should be manually reviewed.
00-0035912,LeVante Bellamy,RB,White,https://en.wikipedia.org/wiki/LeVante_Bellamy,Low,No minority ethnicity markers detected in metadata. Provisional White classification; should be manually reviewed.
00-0037466,Leddie Brown,RB,White,https://en.wikipedia.org/wiki/Leddie_Brown,Low,No minority ethnicity markers detected in metadata. Provisional White classification; should be manually reviewed.
00-0022180,Lee Suggs,RB,White,https://en.wikipedia.org/wiki/Terrell_Suggs,Low,No minority ethnicity markers detected in metadata. Provisional White classification; should be manually reviewed.
00-0024260,LenDale White,RB,White,https://en.wikipedia.org/wiki/LenDale_White,Low,No minority ethnicity markers detected in metadata. Provisional White classification; should be manually reviewed.
00-0033762,Lenard Tillery,RB,White,https://en.wikipedia.org/wiki/2020_St._Louis_BattleHawks_season,Low,No minority ethnicity markers detected in metadata. Provisional White classification; should be manually reviewed.
00-0006155,Lennox Gordon,RB,Black,https://en.wikipedia.org/wiki/Lennox_Gordon,Medium,Wikipedia metadata matched Black/African-American language.
00-0008568,Leon Johnson,RB,White,https://en.wikipedia.org/wiki/Leon_Johnson,Low,No minority ethnicity markers detected in metadata. Provisional White classification; should be manually reviewed.
00-0024332,Leon Washington,RB,Black,https://en.wikipedia.org/wiki/Leon_Washington,Medium,Wikipedia metadata matched Black/African-American language.
00-0033856,Leonard Fournette,RB,Black,https://en.wikipedia.org/wiki/Leonard_Fournette,Medium,Wikipedia metadata matched Black/African-American language.
00-0021343,Leonard Henry,RB,White,https://en.wikipedia.org/wiki/Leonard_Henry_(American_football),Low,No minority ethnicity markers detected in metadata. Provisional White classification; should be manually reviewed.
00-0023063,Leonard Weaver,RB,White,https://en.wikipedia.org/wiki/Leonard_Weaver,Low,No minority ethnicity markers detected in metadata. Provisional White classification; should be manually reviewed.
00-0038409,Lew Nichols,RB,White,https://en.wikipedia.org/wiki/Lew_Nichols_III,Low,No minority ethnicity markers detected in metadata. Provisional White classification; should be manually reviewed.
00-0026344,Lex Hilliard,RB,White,https://en.wikipedia.org/wiki/Lex_Hilliard,Low,No minority ethnicity markers detected in metadata. Provisional White classification; should be manually reviewed.
00-0023668,Lionel Gates,RB,White,https://en.wikipedia.org/wiki/Lionel_Gates,Low,No minority ethnicity markers detected in metadata. Provisional White classification; should be manually reviewed.
00-0019413,Lloyd Clemons,RB,White,https://en.wikipedia.org/wiki/George_Shibata,Low,No minority ethnicity markers detected in metadata. Provisional White classification; should be manually reviewed.
00-0029953,Lonnie Pryor,RB,White,https://en.wikipedia.org/wiki/Lonnie_Pryor,Low,No minority ethnicity markers detected in metadata. Provisional White classification; should be manually reviewed.
00-0027423,Lonyae Miller,RB,White,https://en.wikipedia.org/wiki/Lonyae_Miller,Low,No minority ethnicity markers detected in metadata. Provisional White classification; should be manually reviewed.
00-0025458,Lorenzo Booker,RB,Black,https://en.wikipedia.org/wiki/Lorenzo_Booker,Medium,Wikipedia metadata matched Black/African-American language.
00-0039557,Lorenzo Lingard,RB,White,https://en.wikipedia.org/wiki/Jos%C3%A9_Mourinho,Low,No minority ethnicity markers detected in metadata. Provisional White classification; should be manually reviewed.
00-0011958,Lorenzo Neal,RB,Black,https://en.wikipedia.org/wiki/Lorenzo_Neal,Medium,Wikipedia metadata matched Black/African-American language.
00-0031066,Lorenzo Taliaferro,RB,Black,https://en.wikipedia.org/wiki/Lorenzo_Taliaferro,Medium,Wikipedia metadata matched Black/African-American language.
00-0025841,Louis Rankin,RB,White,https://en.wikipedia.org/wiki/Louis_Rankin,Low,No minority ethnicity markers detected in metadata. Provisional White classification; should be manually reviewed.
00-0039228,Louis Rees-Zammit,RB,White,https://en.wikipedia.org/wiki/Louis_Rees-Zammit,Low,No minority ethnicity markers detected in metadata. Provisional White classification; should be manually reviewed.
00-0022405,Lousaka Polite,RB,White,https://en.wikipedia.org/wiki/Lousaka_Polite,Low,No minority ethnicity markers detected in metadata. Provisional White classification; should be manually reviewed.
00-0022529,Luke Lawton,RB,White,https://en.wikipedia.org/wiki/Luke_Lawton,Low,No minority ethnicity markers detected in metadata. Provisional White classification; should be manually reviewed.
00-0034149,Luke McNitt,RB,White,https://en.wikipedia.org/wiki/Luke_McNitt,Low,No minority ethnicity markers detected in metadata. Provisional White classification; should be manually reviewed.
00-0026121,Lynell Hamilton,RB,White,https://en.wikipedia.org/wiki/Lynell_Hamilton,Low,No minority ethnicity markers detected in metadata. Provisional White classification; should be manually reviewed.
00-0032048,Mack Brown,RB,White,https://en.wikipedia.org/wiki/Johnny_Mack_Brown,Low,No minority ethnicity markers detected in metadata. Provisional White classification; should be manually reviewed.
00-0015830,Mack Strong,RB,White,https://en.wikipedia.org/wiki/Mack_Strong,Low,No minority ethnicity markers detected in metadata. Provisional White classification; should be manually reviewed.
00-0023683,Madison Hedgecock,RB,White,https://en.wikipedia.org/wiki/Madison_Hedgecock,Low,No minority ethnicity markers detected in metadata. Provisional White classification; should be manually reviewed.
00-0007447,Madre Hill,RB,Black,https://en.wikipedia.org/wiki/Madre_Hill,Medium,Wikipedia metadata matched Black/African-American language.
00-0022109,Malaefou MacKenzie,RB,Pacific Islander,https://en.wikipedia.org/wiki/Malaefou_MacKenzie,Medium,Wikipedia metadata matched Pacific Islander language.
00-0031806,Malcolm Brown,RB,White,https://en.wikipedia.org/wiki/Malcolm_Brown_(American_football),Low,No minority ethnicity markers detected in metadata. Provisional White classification; should be manually reviewed.
00-0032068,Malcolm Johnson,RB,White,https://en.wikipedia.org/wiki/Malcolm_Johnson,Low,No minority ethnicity markers detected in metadata. Provisional White classification; should be manually reviewed.
00-0036245,Malcolm Perry,RB,White,https://en.wikipedia.org/wiki/Malcolm_Perry_(American_football),Low,No minority ethnicity markers detected in metadata. Provisional White classification; should be manually reviewed.
00-0037563,Malik Davis,RB,White,https://en.wikipedia.org/wiki/Malik_Davis,Low,No minority ethnicity markers detected in metadata. Provisional White classification; should be manually reviewed.
00-0034156,Malik Williams,RB,White,https://en.wikipedia.org/wiki/Hajj-Malik_Williams,Low,No minority ethnicity markers detected in metadata. Provisional White classification; should be manually reviewed.
00-0027412,Manase Tonga,RB,Pacific Islander,https://en.wikipedia.org/wiki/Manase_Tonga,Medium,Wikipedia metadata matched Pacific Islander language.
00-0039811,MarShawn Lloyd,RB,White,https://en.wikipedia.org/wiki/MarShawn_Lloyd,Low,No minority ethnicity markers detected in metadata. Provisional White classification; should be manually reviewed.
00-0004768,Marc Edwards,RB,White,https://en.wikipedia.org/wiki/Marc_Edwards_(American_football),Low,No minority ethnicity markers detected in metadata. Provisional White classification; should be manually reviewed.
00-0020022,Marcel Shipp,RB,Black,https://en.wikipedia.org/wiki/Marcel_Shipp,Medium,Wikipedia metadata matched Black/African-American language.
00-0026572,Marcus Mailei,RB,Pacific Islander,https://en.wikipedia.org/wiki/Marcus_Mailei,Medium,Wikipedia metadata matched Pacific Islander language.
00-0035209,Marcus Marshall,RB,White,https://en.wikipedia.org/wiki/Marcus_Robinson_(American_football),Low,No minority ethnicity markers detected in metadata. Provisional White classification; should be manually reviewed.
00-0024561,Marcus Mason,RB,White,https://en.wikipedia.org/wiki/Marcus_Mason,Low,No minority ethnicity markers detected in metadata. Provisional White classification; should be manually reviewed.
00-0031959,Marcus Murphy,RB,White,https://en.wikipedia.org/wiki/Marcus_Murphy,Low,No minority ethnicity markers detected in metadata. Provisional White classification; should be manually reviewed.
00-0026577,Marcus Thigpen,RB,Black,https://en.wikipedia.org/wiki/Marcus_Thigpen,Medium,Wikipedia metadata matched Black/African-American language.
00-0026306,Marcus Thomas,RB,White,https://en.wikipedia.org/wiki/Marcus_Bryant_(American_football),Low,No minority ethnicity markers detected in metadata. Provisional White classification; should be manually reviewed.
00-0000871,Mario Bates,RB,White,https://en.wikipedia.org/wiki/Mario_Bates,Low,No minority ethnicity markers detected in metadata. Provisional White classification; should be manually reviewed.
00-0023544,Marion Barber,RB,Black,https://en.wikipedia.org/wiki/Marion_Barber_III,Medium,Wikipedia metadata matched Black/African-American language.
00-0030999,Marion Grice,RB,White,https://en.wikipedia.org/wiki/Marion_Grice,Low,No minority ethnicity markers detected in metadata. Provisional White classification; should be manually reviewed.
00-0027966,Mark Ingram,RB,Black,https://en.wikipedia.org/wiki/Mark_Ingram_II,Medium,Wikipedia metadata matched Black/African-American language.
00-0034200,Mark Thompson,RB,White,https://en.wikipedia.org/wiki/Mark_Thompson_(American_football),Low,No minority ethnicity markers detected in metadata. Provisional White classification; should be manually reviewed.
00-0034679,Mark Walton,RB,White,https://en.wikipedia.org/wiki/Mark_Walton_(American_football),Low,No minority ethnicity markers detected in metadata. Provisional White classification; should be manually reviewed.
00-0039786,Markese Stepp,RB,White,https://en.wikipedia.org/wiki/Woody_Marks,Low,No minority ethnicity markers detected in metadata. Provisional White classification; should be manually reviewed.
00-0019153,Marlion Jackson,RB,White,https://en.wikipedia.org/wiki/Marlion_Jackson,Low,No minority ethnicity markers detected in metadata. Provisional White classification; should be manually reviewed.
00-0000781,Marlon Barnes,RB,White,https://en.wikipedia.org/wiki/Marlon_Barnes,Low,No minority ethnicity markers detected in metadata. Provisional White classification; should be manually reviewed.
00-0033951,Marlon Mack,RB,White,https://en.wikipedia.org/wiki/Marlon_Mack,Low,No minority ethnicity markers detected in metadata. Provisional White classification; should be manually reviewed.
00-0033796,Marquez Williams,RB,White,https://en.wikipedia.org/wiki/Marquez_Williams,Low,No minority ethnicity markers detected in metadata. Provisional White classification; should be manually reviewed.
00-0023064,Marquis Weeks,RB,White,https://en.wikipedia.org/wiki/Marquis_Weeks,Low,No minority ethnicity markers detected in metadata. Provisional White classification; should be manually reviewed.
00-0035745,Marquis Young,RB,White,https://en.wikipedia.org/wiki/Jalen_Brunson,Low,No minority ethnicity markers detected in metadata. Provisional White classification; should be manually reviewed.
00-0005092,Marshall Faulk,RB,Black,https://en.wikipedia.org/wiki/Marshall_Faulk,Medium,Wikipedia metadata matched Black/African-American language.
00-0032639,Marshaun Coprich,RB,White,https://en.wikipedia.org/wiki/Birmingham_Iron,Low,No minority ethnicity markers detected in metadata. Provisional White classification; should be manually reviewed.
00-0025399,Marshawn Lynch,RB,Black,https://en.wikipedia.org/wiki/Marshawn_Lynch,Medium,Wikipedia metadata matched Black/African-American language.
00-0034099,Martez Carter,RB,White,https://en.wikipedia.org/wiki/All-American_Bowl_(high_school_football),Low,No minority ethnicity markers detected in metadata. Provisional White classification; should be manually reviewed.
00-0037111,Master Teague,RB,White,https://en.wikipedia.org/wiki/Master_Teague,Low,No minority ethnicity markers detected in metadata. Provisional White classification; should be manually reviewed.
00-0037226,Mataeo Durant,RB,White,https://en.wikipedia.org/wiki/Mataeo_Durant,Low,No minority ethnicity markers detected in metadata. Provisional White classification; should be manually reviewed.
00-0028198,Matt Asiata,RB,Pacific Islander,https://en.wikipedia.org/wiki/Matt_Asiata,Medium,Wikipedia metadata matched Pacific Islander language.
00-0033308,Matt Breida,RB,White,https://en.wikipedia.org/wiki/Matt_Breida,Low,No minority ethnicity markers detected in metadata. Provisional White classification; should be manually reviewed.
00-0035606,Matt Colburn,RB,White,https://en.wikipedia.org/wiki/Matt_Colburn,Low,No minority ethnicity markers detected in metadata. Provisional White classification; should be manually reviewed.
00-0033596,Matt Dayes,RB,White,https://en.wikipedia.org/wiki/Matt_Ryan_(American_football),Low,No minority ethnicity markers detected in metadata. Provisional White classification; should be manually reviewed.
00-0026184,Matt Forte,RB,Black,https://en.wikipedia.org/wiki/Matt_Forte,Medium,Wikipedia metadata matched Black/African-American language.
00-0031939,Matt Jones,RB,White,https://en.wikipedia.org/wiki/Matthew_Jones,Low,No minority ethnicity markers detected in metadata. Provisional White classification; should be manually reviewed.
00-0026132,Matt Lawrence,RB,White,https://en.wikipedia.org/wiki/Matt_Lawrence_(American_football),Low,No minority ethnicity markers detected in metadata. Provisional White classification; should be manually reviewed.
00-0015362,Matt Snider,RB,White,https://en.wikipedia.org/wiki/Matt_Snider,Low,No minority ethnicity markers detected in metadata. Provisional White classification; should be manually reviewed.
00-0020644,Matt Stanley,RB,White,https://en.wikipedia.org/wiki/Matt_Walker_(American_football),Low,No minority ethnicity markers detected in metadata. Provisional White classification; should be manually reviewed.
00-0030150,Matthew Tucker,RB,White,https://en.wikipedia.org/wiki/Matthew_Tucker,Low,No minority ethnicity markers detected in metadata. Provisional White classification; should be manually reviewed.
00-0020797,Maurice Hicks,RB,White,https://en.wikipedia.org/wiki/Hicks,Low,No minority ethnicity markers detected in metadata. Provisional White classification; should be manually reviewed.
00-0024275,Maurice Jones-Drew,RB,Black,https://en.wikipedia.org/wiki/Maurice_Jones-Drew,Medium,Wikipedia metadata matched Black/African-American language.
00-0021182,Maurice Morris,RB,White,https://en.wikipedia.org/wiki/Maurice_Flynn,Low,No minority ethnicity markers detected in metadata. Provisional White classification; should be manually reviewed.
00-0018977,Maurice Smith,RB,White,https://en.wikipedia.org/wiki/Maurice_Smith,Low,No minority ethnicity markers detected in metadata. Provisional White classification; should be manually reviewed.
00-0037389,Max Borghi,RB,White,https://en.wikipedia.org/wiki/Max_Borghi,Low,No minority ethnicity markers detected in metadata. Provisional White classification; should be manually reviewed.
00-0036698,Mekhi Sargent,RB,White,https://en.wikipedia.org/wiki/Mekhi_Sargent,Low,No minority ethnicity markers detected in metadata. Provisional White classification; should be manually reviewed.
00-0032144,Melvin Gordon,RB,Black,https://en.wikipedia.org/wiki/Melvin_Gordon,Medium,Wikipedia metadata matched Black/African-American language.
00-0022217,Mewelde Moore,RB,Black,https://en.wikipedia.org/wiki/Mewelde_Moore,Medium,Wikipedia metadata matched Black/African-American language.
00-0000856,Michael Basnight,RB,Black,https://en.wikipedia.org/wiki/Michael_Basnight,Medium,Wikipedia metadata matched Black/African-American language.
00-0000872,Michael Bates,RB,White,https://en.wikipedia.org/wiki/Michael_Bates_(American_football),Low,No minority ethnicity markers detected in metadata. Provisional White classification; should be manually reviewed.
00-0020514,Michael Bennett,RB,White,https://en.wikipedia.org/wiki/Michael_Bennett,Low,No minority ethnicity markers detected in metadata. Provisional White classification; should be manually reviewed.
00-0031595,Michael Burton,RB,White,https://en.wikipedia.org/wiki/Michael_Burton_(American_football),Low,No minority ethnicity markers detected in metadata. Provisional White classification; should be manually reviewed.
00-0025487,Michael Bush,RB,White,https://en.wikipedia.org/wiki/Michael_Bush,Low,No minority ethnicity markers detected in metadata. Provisional White classification; should be manually reviewed.
00-0036924,Michael Carter,RB,White,https://en.wikipedia.org/wiki/Michael_Carter,Low,No minority ethnicity markers detected in metadata. Provisional White classification; should be manually reviewed.
00-0030128,Michael Cox,RB,White,https://en.wikipedia.org/wiki/Michael_Cox_(running_back),Low,No minority ethnicity markers detected in metadata. Provisional White classification; should be manually reviewed.
00-0030134,Michael Ford,RB,Black,https://en.wikipedia.org/wiki/Michael_Ford_(gridiron_football),Medium,Wikipedia metadata matched Black/African-American language.
00-0030320,Michael Hill,RB,White,https://en.wikipedia.org/wiki/Michael_Hill_(American_football),Low,No minority ethnicity markers detected in metadata. Provisional White classification; should be manually reviewed.
00-0013013,Michael Pittman,RB,White,https://en.wikipedia.org/wiki/Michael_Pittman_Jr.,Low,No minority ethnicity markers detected in metadata. Provisional White classification; should be manually reviewed.
00-0024315,Michael Robinson,RB,White,https://en.wikipedia.org/wiki/Michael_Robinson,Low,No minority ethnicity markers detected in metadata. Provisional White classification; should be manually reviewed.
00-0029145,Michael Smith,RB,White,https://en.wikipedia.org/wiki/Michael_Smith,Low,No minority ethnicity markers detected in metadata. Provisional White classification; should be manually reviewed.
00-0022821,Michael Turner,RB,White,https://en.wikipedia.org/wiki/Michael_Turner_(American_football),Low,No minority ethnicity markers detected in metadata. Provisional White classification; should be manually reviewed.
00-0036006,Michael Warren,RB,White,https://en.wikipedia.org/wiki/Michael_Warren,Low,No minority ethnicity markers detected in metadata. Provisional White classification; should be manually reviewed.
00-0019614,Michael Wiley,RB,White,https://en.wikipedia.org/wiki/Michael_Wiley,Low,No minority ethnicity markers detected in metadata. Provisional White classification; should be manually reviewed.
00-0039684,Michael Wiley,RB,White,https://en.wikipedia.org/wiki/Michael_Wiley,Low,No minority ethnicity markers detected in metadata. Provisional White classification; should be manually reviewed.
00-0000251,Mike Alstott,RB,White,https://en.wikipedia.org/wiki/Mike_Alstott,Low,No minority ethnicity markers detected in metadata. Provisional White classification; should be manually reviewed.
00-0019594,Mike Anderson,RB,White,https://en.wikipedia.org/wiki/Mike_Anderson,Low,No minority ethnicity markers detected in metadata. Provisional White classification; should be manually reviewed.
00-0024011,Mike Bell,RB,Black,https://en.wikipedia.org/wiki/Mike_Bell_(running_back),Medium,Wikipedia metadata matched Black/African-American language.
00-0034208,Mike Boone,RB,White,https://en.wikipedia.org/wiki/Mike_Boone,Low,No minority ethnicity markers detected in metadata. Provisional White classification; should be manually reviewed.
00-0003136,Mike Cloud,RB,White,https://en.wikipedia.org/wiki/Mike_Cloud,Low,No minority ethnicity markers detected in metadata. Provisional White classification; should be manually reviewed.
00-0026033,Mike Cox,RB,White,https://en.wikipedia.org/wiki/Michael_Cox,Low,No minority ethnicity markers detected in metadata. Provisional White classification; should be manually reviewed.
00-0032063,Mike Davis,RB,White,https://en.wikipedia.org/wiki/Michael_Davis,Low,No minority ethnicity markers detected in metadata. Provisional White classification; should be manually reviewed.
00-0030433,Mike Gillislee,RB,White,https://en.wikipedia.org/wiki/Mike_Gillislee,Low,No minority ethnicity markers detected in metadata. Provisional White classification; should be manually reviewed.
00-0027080,Mike Goodson,RB,White,https://en.wikipedia.org/wiki/Mike_Goodson,Low,No minority ethnicity markers detected in metadata. Provisional White classification; should be manually reviewed.
00-0019576,Mike Green,RB,White,https://en.wikipedia.org/wiki/Michael_Green,Low,No minority ethnicity markers detected in metadata. Provisional White classification; should be manually reviewed.
00-0026342,Mike Hart,RB,Black,https://en.wikipedia.org/wiki/Mike_Hart_(American_football),Medium,Wikipedia metadata matched Black/African-American language.
00-0030391,Mike James,RB,White,https://en.wikipedia.org/wiki/Mike_James_(American_football),Low,No minority ethnicity markers detected in metadata. Provisional White classification; should be manually reviewed.
00-0022796,Mike Karney,RB,White,https://en.wikipedia.org/wiki/Mike_Karney,Low,No minority ethnicity markers detected in metadata. Provisional White classification; should be manually reviewed.
00-0014655,Mike Sellers,RB,White,https://en.wikipedia.org/wiki/Mike_Sellers,Low,No minority ethnicity markers detected in metadata. Provisional White classification; should be manually reviewed.
00-0026069,Mike Tolbert,RB,White,https://en.wikipedia.org/wiki/Mike_Tolbert,Low,No minority ethnicity markers detected in metadata. Provisional White classification; should be manually reviewed.
00-0035303,Mike Weber,RB,White,https://en.wikipedia.org/wiki/Mike_Weber_(American_football),Low,No minority ethnicity markers detected in metadata. Provisional White classification; should be manually reviewed.
00-0027995,Mikel Leshoure,RB,Black,https://en.wikipedia.org/wiki/Mikel_Leshoure,Medium,Wikipedia metadata matched Black/African-American language.
00-0035793,Mikey Daniel,RB,White,https://en.wikipedia.org/wiki/Mikey_Daniel,Low,No minority ethnicity markers detected in metadata. Provisional White classification; should be manually reviewed.
00-0035243,Miles Sanders,RB,White,https://en.wikipedia.org/wiki/Miles_Sanders,Low,No minority ethnicity markers detected in metadata. Provisional White classification; should be manually reviewed.
00-0017892,Moe Williams,RB,White,https://en.wikipedia.org/wiki/Moe_Williams,Low,No minority ethnicity markers detected in metadata. Provisional White classification; should be manually reviewed.
00-0038656,Mohamed Ibrahim,RB,White,https://en.wikipedia.org/wiki/Mohamed_Ibrahim_(American_football),Low,No minority ethnicity markers detected in metadata. Provisional White classification; should be manually reviewed.
00-0027666,Montario Hardesty,RB,White,https://en.wikipedia.org/wiki/Montario_Hardesty,Low,No minority ethnicity markers detected in metadata. Provisional White classification; should be manually reviewed.
00-0030522,Montee Ball,RB,White,https://en.wikipedia.org/wiki/Montee_Ball,Low,No minority ethnicity markers detected in metadata. Provisional White classification; should be manually reviewed.
00-0024103,Montell Owens,RB,White,https://en.wikipedia.org/wiki/Montell_Owens,Low,No minority ethnicity markers detected in metadata. Provisional White classification; should be manually reviewed.
00-0020508,Moran Norris,RB,White,https://en.wikipedia.org/wiki/Moran_Norris,Low,No minority ethnicity markers detected in metadata. Provisional White classification; should be manually reviewed.
00-0028574,Mossis Madu,RB,White,https://en.wikipedia.org/wiki/Mossis_Madu,Low,No minority ethnicity markers detected in metadata. Provisional White classification; should be manually reviewed.
00-0022130,Musa Smith,RB,Black,https://en.wikipedia.org/wiki/Musa_Smith,Medium,Wikipedia metadata matched Black/African-American language.
00-0035311,Myles Gaskin,RB,White,https://en.wikipedia.org/wiki/Myles_Gaskin,Low,No minority ethnicity markers detected in metadata. Provisional White classification; should be manually reviewed.
00-0036893,Najee Harris,RB,White,https://en.wikipedia.org/wiki/Najee_Harris,Low,No minority ethnicity markers detected in metadata. Provisional White classification; should be manually reviewed.
00-0021252,Najeh Davenport,RB,White,https://en.wikipedia.org/wiki/Najeh_Davenport,Low,No minority ethnicity markers detected in metadata. Provisional White classification; should be manually reviewed.
00-0009038,Napoleon Kaufman,RB,White,https://en.wikipedia.org/wiki/Napoleon_Kaufman,Low,No minority ethnicity markers detected in metadata. Provisional White classification; should be manually reviewed.
00-0029358,Nate Eachus,RB,White,https://en.wikipedia.org/wiki/Nate_Eachus,Low,No minority ethnicity markers detected in metadata. Provisional White classification; should be manually reviewed.
00-0036582,Nate McCrary,RB,White,https://en.wikipedia.org/wiki/Nate_McCrary,Low,No minority ethnicity markers detected in metadata. Provisional White classification; should be manually reviewed.
00-0035835,Nathan Cottrell,RB,White,https://en.wikipedia.org/wiki/Nathan_Cottrell,Low,No minority ethnicity markers detected in metadata. Provisional White classification; should be manually reviewed.
00-0039529,Nathaniel Peat,RB,White,https://en.wikipedia.org/wiki/E._J._Smith_(American_football),Low,No minority ethnicity markers detected in metadata. Provisional White classification; should be manually reviewed.
00-0011081,Natrone Means,RB,Black,https://en.wikipedia.org/wiki/Natrone_Means,Medium,Wikipedia metadata matched Black/African-American language.
00-0023774,Naufahu Tahi,RB,Pacific Islander,https://en.wikipedia.org/wiki/Naufahu_Tahi,Medium,Wikipedia metadata matched Pacific Islander language.
00-0023654,Nehemiah Broughton,RB,White,https://en.wikipedia.org/wiki/Nehemiah_Broughton,Low,No minority ethnicity markers detected in metadata. Provisional White classification; should be manually reviewed.
00-0034433,Nick Bawden,RB,White,https://en.wikipedia.org/wiki/Nick_Bawden,Low,No minority ethnicity markers detected in metadata. Provisional White classification; should be manually reviewed.
00-0034961,Nick Brossette,RB,Black,https://en.wikipedia.org/wiki/Nick_Brossette,Medium,Wikipedia metadata matched Black/African-American language.
00-0021772,Nick Burley,RB,White,https://en.wikipedia.org/wiki/Burley_(surname),Low,No minority ethnicity markers detected in metadata. Provisional White classification; should be manually reviewed.
00-0034791,Nick Chubb,RB,White,https://en.wikipedia.org/wiki/Nick_Chubb,Low,No minority ethnicity markers detected in metadata. Provisional White classification; should be manually reviewed.
00-0019831,Nick Goings,RB,White,https://en.wikipedia.org/wiki/Nick_Goings,Low,No minority ethnicity markers detected in metadata. Provisional White classification; should be manually reviewed.
00-0034733,Nick Holley,RB,White,https://en.wikipedia.org/wiki/Nate_Holley,Low,No minority ethnicity markers detected in metadata. Provisional White classification; should be manually reviewed.
00-0021563,Nick Maddox,RB,White,https://en.wikipedia.org/wiki/Maddox_(surname),Low,No minority ethnicity markers detected in metadata. Provisional White classification; should be manually reviewed.
00-0036774,Nick Ralston,RB,White,https://en.wikipedia.org/wiki/Nick_Ralston,Low,No minority ethnicity markers detected in metadata. Provisional White classification; should be manually reviewed.
00-0019433,Nick Sudano,RB,White,https://en.wikipedia.org/wiki/List_of_Italian-American_actors,Low,No minority ethnicity markers detected in metadata. Provisional White classification; should be manually reviewed.
00-0017896,Nicolas Luchey,RB,White,https://en.wikipedia.org/wiki/Nick_Luchey,Low,No minority ethnicity markers detected in metadata. Provisional White classification; should be manually reviewed.
00-0030785,Nikita Whitlock,RB,White,https://en.wikipedia.org/wiki/Nikita_Whitlock,Low,No minority ethnicity markers detected in metadata. Provisional White classification; should be manually reviewed.
00-0039627,Noah Cain,RB,White,https://en.wikipedia.org/wiki/Noah_Cain,Low,No minority ethnicity markers detected in metadata. Provisional White classification; should be manually reviewed.
00-0023676,Noah Herron,RB,White,https://en.wikipedia.org/wiki/Noah_Herron,Low,No minority ethnicity markers detected in metadata. Provisional White classification; should be manually reviewed.
00-0034367,Nyheim Hines,RB,White,https://en.wikipedia.org/wiki/Nyheim_Miller-Hines,Low,No minority ethnicity markers detected in metadata. Provisional White classification; should be manually reviewed.
00-0000552,Obafemi Ayanbadejo,RB,White,https://en.wikipedia.org/wiki/Obafemi_Ayanbadejo,Low,No minority ethnicity markers detected in metadata. Provisional White classification; should be manually reviewed.
00-0005816,Olandis Gary,RB,White,https://en.wikipedia.org/wiki/Olandis_Gary,Low,No minority ethnicity markers detected in metadata. Provisional White classification; should be manually reviewed.
00-0026399,Olaniyi Sobomehin,RB,White,https://en.wikipedia.org/wiki/Olaniyi_Sobomehin,Low,No minority ethnicity markers detected in metadata. Provisional White classification; should be manually reviewed.
00-0023891,Oliver Hoyte,RB,White,https://en.wikipedia.org/wiki/Oliver_Hoyte,Low,No minority ethnicity markers detected in metadata. Provisional White classification; should be manually reviewed.
00-0021087,Omar Easy,RB,White,https://en.wikipedia.org/wiki/Omar_Easy,Low,No minority ethnicity markers detected in metadata. Provisional White classification; should be manually reviewed.
00-0022138,Onterrio Smith,RB,White,https://en.wikipedia.org/wiki/Onterrio_Smith,Low,No minority ethnicity markers detected in metadata. Provisional White classification; should be manually reviewed.
00-0025562,Oren O'Neal,RB,White,https://en.wikipedia.org/wiki/Oren_O%27Neal,Low,No minority ethnicity markers detected in metadata. Provisional White classification; should be manually reviewed.
00-0030860,Orleans Darkwa,RB,White,https://en.wikipedia.org/wiki/Orleans_Darkwa,Low,No minority ethnicity markers detected in metadata. Provisional White classification; should be manually reviewed.
00-0036969,Otis Anderson,RB,White,https://en.wikipedia.org/wiki/Otis_Anderson,Low,No minority ethnicity markers detected in metadata. Provisional White classification; should be manually reviewed.
00-0022143,Ovie Mughelli,RB,Black,https://en.wikipedia.org/wiki/Ovie_Mughelli,Medium,Wikipedia metadata matched Black/African-American language.
00-0028062,Owen Marecic,RB,White,https://en.wikipedia.org/wiki/Owen_Marecic,Low,No minority ethnicity markers detected in metadata. Provisional White classification; should be manually reviewed.
00-0026303,Owen Schmitt,RB,White,https://en.wikipedia.org/wiki/Owen_Schmitt,Low,No minority ethnicity markers detected in metadata. Provisional White classification; should be manually reviewed.
00-0038458,Owen Wright,RB,White,https://en.wikipedia.org/wiki/Owen_Wright_(American_football),Low,No minority ethnicity markers detected in metadata. Provisional White classification; should be manually reviewed.
00-0024346,P.J. Daniels,RB,Black,https://en.wikipedia.org/wiki/Jayden_Daniels,Medium,Wikipedia metadata matched Black/African-American language.
00-0026838,P.J. Hill,RB,White,https://en.wikipedia.org/wiki/P._J._Hill,Low,No minority ethnicity markers detected in metadata. Provisional White classification; should be manually reviewed.
00-0023881,P.J. Pope,RB,White,https://en.wikipedia.org/wiki/Pope_Leo_XIV,Low,No minority ethnicity markers detected in metadata. Provisional White classification; should be manually reviewed.
00-0036054,Patrick Carr,RB,White,https://en.wikipedia.org/wiki/Patrick_Carr_(American_football),Low,No minority ethnicity markers detected in metadata. Provisional White classification; should be manually reviewed.
00-0024172,Patrick Cobbs,RB,White,https://en.wikipedia.org/wiki/Patrick_Cobbs,Low,No minority ethnicity markers detected in metadata. Provisional White classification; should be manually reviewed.
00-0028581,Patrick DiMarco,RB,White,https://en.wikipedia.org/wiki/Patrick_DiMarco,Low,No minority ethnicity markers detected in metadata. Provisional White classification; should be manually reviewed.
00-0006804,Patrick Hape,RB,White,https://en.wikipedia.org/wiki/Patrick_Hape,Low,No minority ethnicity markers detected in metadata. Provisional White classification; should be manually reviewed.
00-0035342,Patrick Laird,RB,White,https://en.wikipedia.org/wiki/Patrick_Laird,Low,No minority ethnicity markers detected in metadata. Provisional White classification; should be manually reviewed.
00-0019533,Patrick Pass,RB,White,https://en.wikipedia.org/wiki/Patrick_Ricard_(American_football),Low,No minority ethnicity markers detected in metadata. Provisional White classification; should be manually reviewed.
00-0033376,Patrick Ricard,RB,White,https://en.wikipedia.org/wiki/Patrick_Ricard_(American_football),Low,No minority ethnicity markers detected in metadata. Provisional White classification; should be manually reviewed.
00-0035973,Patrick Taylor,RB,White,https://en.wikipedia.org/wiki/Patrick_Taylor_(American_football),Low,No minority ethnicity markers detected in metadata. Provisional White classification; should be manually reviewed.
00-0019916,Patrick Washington,RB,White,https://en.wikipedia.org/wiki/Patrick_Washington,Low,No minority ethnicity markers detected in metadata. Provisional White classification; should be manually reviewed.
00-0031706,Paul Lasike,RB,Pacific Islander,https://en.wikipedia.org/wiki/Paul_Lasike,Medium,Wikipedia metadata matched Pacific Islander language.
00-0032417,Paul Perkins,RB,White,https://en.wikipedia.org/wiki/Paul_Perkins,Low,No minority ethnicity markers detected in metadata. Provisional White classification; should be manually reviewed.
00-0036453,Paul Quessenberry,RB,White,https://en.wikipedia.org/wiki/David_Quessenberry,Low,No minority ethnicity markers detected in metadata. Provisional White classification; should be manually reviewed.
00-0014809,Paul Shields,RB,Black,https://en.wikipedia.org/wiki/Paul_Shields_(American_football),Medium,Wikipedia metadata matched Black/African-American language.
00-0019673,Paul Smith,RB,White,https://en.wikipedia.org/wiki/Paul_Smith,Low,No minority ethnicity markers detected in metadata. Provisional White classification; should be manually reviewed.
00-0036454,Pete Guerriero,RB,White,https://en.wikipedia.org/wiki/Bryce_Hall_(American_football),Low,No minority ethnicity markers detected in metadata. Provisional White classification; should be manually reviewed.
00-0032741,Peyton Barber,RB,White,https://en.wikipedia.org/wiki/Peyton_Barber,Low,No minority ethnicity markers detected in metadata. Provisional White classification; should be manually reviewed.
00-0026367,Peyton Hillis,RB,White,https://en.wikipedia.org/wiki/Peyton_Hillis,Low,No minority ethnicity markers detected in metadata. Provisional White classification; should be manually reviewed.
00-0019353,Phillip Crosby,RB,White,https://en.wikipedia.org/wiki/Philip_Crosby,Low,No minority ethnicity markers detected in metadata. Provisional White classification; should be manually reviewed.
00-0034109,Phillip Lindsay,RB,White,https://en.wikipedia.org/wiki/Phillip_Lindsay,Low,No minority ethnicity markers detected in metadata. Provisional White classification; should be manually reviewed.
00-0028613,Phillip Tanner,RB,White,https://en.wikipedia.org/wiki/Phillip_Tanner,Low,No minority ethnicity markers detected in metadata. Provisional White classification; should be manually reviewed.
00-0038098,Pierre Strong,RB,White,https://en.wikipedia.org/wiki/Pierre_Strong_Jr.,Low,No minority ethnicity markers detected in metadata. Provisional White classification; should be manually reviewed.
00-0024813,Pierre Thomas,RB,White,https://en.wikipedia.org/wiki/Pierre_Thomas_(American_football),Low,No minority ethnicity markers detected in metadata. Provisional White classification; should be manually reviewed.
00-0036734,Pooka Williams,RB,Black,https://en.wikipedia.org/wiki/Pooka_Williams_Jr.,Medium,Wikipedia metadata matched Black/African-American language.
00-0007661,Priest Holmes,RB,Black,https://en.wikipedia.org/wiki/Priest_Holmes,Medium,Wikipedia metadata matched Black/African-American language.
00-0035273,Qadree Ollison,RB,White,https://en.wikipedia.org/wiki/Qadree_Ollison,Low,No minority ethnicity markers detected in metadata. Provisional White classification; should be manually reviewed.
00-0033197,Quayvon Hicks,RB,White,https://en.wikipedia.org/wiki/Quayvon_Hicks,Low,No minority ethnicity markers detected in metadata. Provisional White classification; should be manually reviewed.
00-0022095,Quentin Griffin,RB,White,https://en.wikipedia.org/wiki/Quentin_Griffin,Low,No minority ethnicity markers detected in metadata. Provisional White classification; should be manually reviewed.
00-0022801,Quincy Wilson,RB,White,https://en.wikipedia.org/wiki/Quincy_Wilson_(cornerback),Low,No minority ethnicity markers detected in metadata. Provisional White classification; should be manually reviewed.
00-0027106,Quinn Johnson,RB,White,https://en.wikipedia.org/wiki/Quinn_Johnson,Low,No minority ethnicity markers detected in metadata. Provisional White classification; should be manually reviewed.
00-0027437,Quinn Porter,RB,White,https://en.wikipedia.org/wiki/Quinn_Porter,Low,No minority ethnicity markers detected in metadata. Provisional White classification; should be manually reviewed.
00-0034531,Quinton Flowers,RB,White,https://en.wikipedia.org/wiki/Quinton_Flowers,Low,No minority ethnicity markers detected in metadata. Provisional White classification; should be manually reviewed.
00-0024460,Quinton Ganther,RB,White,https://en.wikipedia.org/wiki/Quinton_Ganther,Low,No minority ethnicity markers detected in metadata. Provisional White classification; should be manually reviewed.
00-0019826,R.J. Bowers,RB,White,https://en.wikipedia.org/wiki/R._J._Bowers,Low,No minority ethnicity markers detected in metadata. Provisional White classification; should be manually reviewed.
00-0000007,Rabih Abdullah,RB,White,https://en.wikipedia.org/wiki/Rabih_Abdullah,Low,No minority ethnicity markers detected in metadata. Provisional White classification; should be manually reviewed.
00-0037256,Rachaad White,RB,Black,https://en.wikipedia.org/wiki/Rachaad_White,Medium,Wikipedia metadata matched Black/African-American language.
00-0019725,Rafael Cooper,RB,White,https://en.wikipedia.org/wiki/Rafael_Cooper,Low,No minority ethnicity markers detected in metadata. Provisional White classification; should be manually reviewed.
00-0037429,Raheem Blackshear,RB,White,https://en.wikipedia.org/wiki/Raheem_Blackshear,Low,No minority ethnicity markers detected in metadata. Provisional White classification; should be manually reviewed.
00-0031687,Raheem Mostert,RB,Black,https://en.wikipedia.org/wiki/Raheem_Mostert,Medium,Wikipedia metadata matched Black/African-American language.
00-0030756,Rajion Neal,RB,White,https://en.wikipedia.org/wiki/Rajion_Neal,Low,No minority ethnicity markers detected in metadata. Provisional White classification; should be manually reviewed.
00-0034596,Ralph Webb,RB,White,https://en.wikipedia.org/wiki/Ralph_Webb_(American_football),Low,No minority ethnicity markers detected in metadata. Provisional White classification; should be manually reviewed.
00-0039766,Ramon Jefferson,RB,White,https://en.wikipedia.org/wiki/Michael_Jefferson,Low,No minority ethnicity markers detected in metadata. Provisional White classification; should be manually reviewed.
00-0022431,Ran Carthon,RB,White,https://en.wikipedia.org/wiki/Ran_Carthon,Low,No minority ethnicity markers detected in metadata. Provisional White classification; should be manually reviewed.
00-0008921,Randy Jordan,RB,White,https://en.wikipedia.org/wiki/Randy_Jordan,Low,No minority ethnicity markers detected in metadata. Provisional White classification; should be manually reviewed.
00-0034750,Rashaad Penny,RB,White,https://en.wikipedia.org/wiki/Rashaad_Penny,Low,No minority ethnicity markers detected in metadata. Provisional White classification; should be manually reviewed.
00-0027155,Rashad Jennings,RB,Black,https://en.wikipedia.org/wiki/Rashad_Jennings,Medium,Wikipedia metadata matched Black/African-American language.
00-0026163,Rashard Mendenhall,RB,Black,https://en.wikipedia.org/wiki/Rashard_Mendenhall,Medium,Wikipedia metadata matched Black/African-American language.
00-0027401,Rashawn Jackson,RB,White,https://en.wikipedia.org/wiki/Rashawn_Jackson,Low,No minority ethnicity markers detected in metadata. Provisional White classification; should be manually reviewed.
00-0039796,Rasheen Ali,RB,White,https://en.wikipedia.org/wiki/Rasheen_Ali,Low,No minority ethnicity markers detected in metadata. Provisional White classification; should be manually reviewed.
00-0030653,Ray Agnew,RB,White,https://en.wikipedia.org/wiki/Ray_Agnew,Low,No minority ethnicity markers detected in metadata. Provisional White classification; should be manually reviewed.
00-0039875,Ray Davis,RB,White,https://en.wikipedia.org/wiki/Ray_Davis_(American_football),Low,No minority ethnicity markers detected in metadata. Provisional White classification; should be manually reviewed.
00-0030233,Ray Graham,RB,White,https://en.wikipedia.org/wiki/Ray_Graham,Low,No minority ethnicity markers detected in metadata. Provisional White classification; should be manually reviewed.
00-0021423,Ray Jackson,RB,White,https://en.wikipedia.org/wiki/Ray_Jackson_(American_football),Low,No minority ethnicity markers detected in metadata. Provisional White classification; should be manually reviewed.
00-0034535,Ray Lawry,RB,White,https://en.wikipedia.org/wiki/Lawry%27s_The_Prime_Rib,Low,No minority ethnicity markers detected in metadata. Provisional White classification; should be manually reviewed.
00-0026195,Ray Rice,RB,Black,https://en.wikipedia.org/wiki/Ray_Rice,Medium,Wikipedia metadata matched Black/African-American language.
00-0036435,Raymond Calais,RB,White,https://en.wikipedia.org/wiki/Raymond_Calais,Low,No minority ethnicity markers detected in metadata. Provisional White classification; should be manually reviewed.
00-0006989,Raymont Harris,RB,White,https://en.wikipedia.org/wiki/Raymont_Harris,Low,No minority ethnicity markers detected in metadata. Provisional White classification; should be manually reviewed.
00-0025568,Reagan Maui'a,RB,Pacific Islander,https://en.wikipedia.org/wiki/Reagan_Maui%27a,Medium,Wikipedia metadata matched Pacific Islander language.
00-0034578,Reggie Bonnafon,RB,White,https://en.wikipedia.org/wiki/Reggie_Bonnafon,Low,No minority ethnicity markers detected in metadata. Provisional White classification; should be manually reviewed.
00-0002027,Reggie Brown,RB,White,https://en.wikipedia.org/wiki/Reggie_Brown,Low,No minority ethnicity markers detected in metadata. Provisional White classification; should be manually reviewed.
00-0024217,Reggie Bush,RB,Black,https://en.wikipedia.org/wiki/Reggie_Bush,Medium,Wikipedia metadata matched Black/African-American language.
00-0036187,Reggie Gilliam,RB,White,https://en.wikipedia.org/wiki/Reggie_Gilliam,Low,No minority ethnicity markers detected in metadata. Provisional White classification; should be manually reviewed.
00-0020125,Reggie White,RB,Black,https://en.wikipedia.org/wiki/Reggie_White,Medium,Wikipedia metadata matched Black/African-American language.
00-0021509,Reno Mahe,RB,Pacific Islander,https://en.wikipedia.org/wiki/Reno_Mahe,Medium,Wikipedia metadata matched Pacific Islander language.
00-0021673,Reshard Lee,RB,White,https://en.wikipedia.org/wiki/Reshard,Low,No minority ethnicity markers detected in metadata. Provisional White classification; should be manually reviewed.
00-0019610,Reuben Droughns,RB,Black,https://en.wikipedia.org/wiki/Reuben_Droughns,Medium,Wikipedia metadata matched Black/African-American language.
00-0030288,Rex Burkhead,RB,White,https://en.wikipedia.org/wiki/Rex_Burkhead,Low,No minority ethnicity markers detected in metadata. Provisional White classification; should be manually reviewed.
00-0036875,Rhamondre Stevenson,RB,White,https://en.wikipedia.org/wiki/Rhamondre_Stevenson,Low,No minority ethnicity markers detected in metadata. Provisional White classification; should be manually reviewed.
00-0022228,Rich Alexis,RB,White,https://en.wikipedia.org/wiki/Rich_Alexis,Low,No minority ethnicity markers detected in metadata. Provisional White classification; should be manually reviewed.
00-0007969,Richard Huntley,RB,White,https://en.wikipedia.org/wiki/Richard_Huntley,Low,No minority ethnicity markers detected in metadata. Provisional White classification; should be manually reviewed.
00-0028798,Richard Medlin,RB,White,https://en.wikipedia.org/wiki/Richard_Medlin,Low,No minority ethnicity markers detected in metadata. Provisional White classification; should be manually reviewed.
00-0028416,Richard Murphy,RB,White,https://en.wikipedia.org/wiki/Richard_Murphy_(American_football),Low,No minority ethnicity markers detected in metadata. Provisional White classification; should be manually reviewed.
00-0000339,Richie Anderson,RB,White,https://en.wikipedia.org/wiki/Richie_Anderson_(American_football),Low,No minority ethnicity markers detected in metadata. Provisional White classification; should be manually reviewed.
00-0027583,Richie Brockel,RB,White,https://en.wikipedia.org/wiki/Richie_Brockel,Low,No minority ethnicity markers detected in metadata. Provisional White classification; should be manually reviewed.
00-0023653,Rick Razzano,RB,White,https://en.wikipedia.org/wiki/Rick_Razzano_(linebacker),Low,No minority ethnicity markers detected in metadata. Provisional White classification; should be manually reviewed.
00-0019399,Ricky Brown,RB,White,https://en.wikipedia.org/wiki/Ricky_Jones_(American_football),Low,No minority ethnicity markers detected in metadata. Provisional White classification; should be manually reviewed.
00-0033374,Ricky Ortiz,RB,White,https://en.wikipedia.org/wiki/Ricky_Ortiz,Low,No minority ethnicity markers detected in metadata. Provisional White classification; should be manually reviewed.
00-0037182,Ricky Person,RB,White,https://en.wikipedia.org/wiki/Ricky_Person_Jr.,Low,No minority ethnicity markers detected in metadata. Provisional White classification; should be manually reviewed.
00-0017322,Ricky Watters,RB,Black,https://en.wikipedia.org/wiki/Ricky_Watters,Medium,Wikipedia metadata matched Black/African-American language.
00-0017915,Ricky Williams,RB,Black,https://en.wikipedia.org/wiki/Ricky_Williams,Medium,Wikipedia metadata matched Black/African-American language.
00-0020739,Ricky Williams,RB,Black,https://en.wikipedia.org/wiki/Ricky_Williams,Medium,Wikipedia metadata matched Black/African-American language.
00-0036139,Rico Dowdle,RB,White,https://en.wikipedia.org/wiki/Rico_Dowdle,Low,No minority ethnicity markers detected in metadata. Provisional White classification; should be manually reviewed.
00-0032371,Rob Kelley,RB,Black,https://en.wikipedia.org/wiki/Robert_Kelley_(American_football),Medium,Wikipedia metadata matched Black/African-American language.
00-0009417,Rob Konrad,RB,White,https://en.wikipedia.org/wiki/Rob_Konrad,Low,No minority ethnicity markers detected in metadata. Provisional White classification; should be manually reviewed.
00-0038419,Robert Burns,RB,White,https://en.wikipedia.org/wiki/Brian_Burns_(American_football),Low,No minority ethnicity markers detected in metadata. Provisional White classification; should be manually reviewed.
00-0002873,Robert Chancey,RB,White,https://en.wikipedia.org/wiki/Robert_Chancey,Low,No minority ethnicity markers detected in metadata. Provisional White classification; should be manually reviewed.
00-0023131,Robert Douglas,RB,Black,https://en.wikipedia.org/wiki/Robert_Douglas_(American_football),Medium,Wikipedia metadata matched Black/African-American language.
00-0004774,Robert Edwards,RB,White,https://en.wikipedia.org/wiki/Robert_Edwards_(gridiron_football),Low,No minority ethnicity markers detected in metadata. Provisional White classification; should be manually reviewed.
00-0020630,Robert Gillespie,RB,Black,https://en.wikipedia.org/wiki/Robert_Gillespie_(American_football),Medium,Wikipedia metadata matched Black/African-American language.
00-0007579,Robert Holcombe,RB,White,https://en.wikipedia.org/wiki/Robert_Holcombe,Low,No minority ethnicity markers detected in metadata. Provisional White classification; should be manually reviewed.
00-0028345,Robert Hughes,RB,Black,https://en.wikipedia.org/wiki/Robert_Hughes_(American_football),Medium,Wikipedia metadata matched Black/African-American language.
00-0034708,Robert Martin,RB,White,https://en.wikipedia.org/wiki/Robert_Bailey_(American_football),Low,No minority ethnicity markers detected in metadata. Provisional White classification; should be manually reviewed.
00-0015286,Robert Smith,RB,White,https://en.wikipedia.org/wiki/Robert_Smith,Low,No minority ethnicity markers detected in metadata. Provisional White classification; should be manually reviewed.
00-0016316,Robert Thomas,RB,White,https://en.wikipedia.org/wiki/Robert_Thomas,Low,No minority ethnicity markers detected in metadata. Provisional White classification; should be manually reviewed.
00-0029273,Robert Turbin,RB,White,https://en.wikipedia.org/wiki/Robert_Turbin,Low,No minority ethnicity markers detected in metadata. Provisional White classification; should be manually reviewed.
00-0034221,Roc Thomas,RB,White,https://en.wikipedia.org/wiki/Roc_Thomas,Low,No minority ethnicity markers detected in metadata. Provisional White classification; should be manually reviewed.
00-0021357,Rock Cartwright,RB,White,https://en.wikipedia.org/wiki/Rock_Cartwright,Low,No minority ethnicity markers detected in metadata. Provisional White classification; should be manually reviewed.
00-0019453,Rod Smart,RB,White,https://en.wikipedia.org/wiki/Rod_Smart,Low,No minority ethnicity markers detected in metadata. Provisional White classification; should be manually reviewed.
00-0031900,Rod Smith,RB,White,https://en.wikipedia.org/wiki/Rod_Smith_(American_football_coach),Low,No minority ethnicity markers detected in metadata. Provisional White classification; should be manually reviewed.
00-0035299,Rodney Anderson,RB,White,https://en.wikipedia.org/wiki/Rodney_Anderson_(American_football),Low,No minority ethnicity markers detected in metadata. Provisional White classification; should be manually reviewed.
00-0035957,Rodney Smith,RB,White,https://en.wikipedia.org/wiki/Rod_Smith,Low,No minority ethnicity markers detected in metadata. Provisional White classification; should be manually reviewed.
00-0016321,Rodney Thomas,RB,White,https://en.wikipedia.org/wiki/Rodney_Thomas,Low,No minority ethnicity markers detected in metadata. Provisional White classification; should be manually reviewed.
00-0033062,Romar Morris,RB,White,https://en.wikipedia.org/wiki/Romar_Morris,Low,No minority ethnicity markers detected in metadata. Provisional White classification; should be manually reviewed.
00-0019643,Ron Dayne,RB,White,https://en.wikipedia.org/wiki/Ron_Dayne,Low,No minority ethnicity markers detected in metadata. Provisional White classification; should be manually reviewed.
00-0013785,Ron Rivers,RB,White,https://en.wikipedia.org/wiki/Ron_Rivers,Low,No minority ethnicity markers detected in metadata. Provisional White classification; should be manually reviewed.
00-0034816,Ronald Jones,RB,White,https://en.wikipedia.org/wiki/Ronald_Jones,Low,No minority ethnicity markers detected in metadata. Provisional White classification; should be manually reviewed.
00-0019534,Rondell Mealey,RB,White,https://en.wikipedia.org/wiki/Mealey,Low,No minority ethnicity markers detected in metadata. Provisional White classification; should be manually reviewed.
00-0019025,Ronney Jenkins,RB,White,https://en.wikipedia.org/wiki/Ronney_Jenkins,Low,No minority ethnicity markers detected in metadata. Provisional White classification; should be manually reviewed.
00-0023437,Ronnie Brown,RB,Black,https://en.wikipedia.org/wiki/Ronnie_Brown,Medium,Wikipedia metadata matched Black/African-American language.
00-0038816,Ronnie Brown,RB,Black,https://en.wikipedia.org/wiki/Ronnie_Brown,Medium,Wikipedia metadata matched Black/African-American language.
00-0022564,Ronnie Cruz,RB,White,https://en.wikipedia.org/wiki/Ronnie_Cruz,Low,No minority ethnicity markers detected in metadata. Provisional White classification; should be manually reviewed.
00-0029683,Ronnie Hillman,RB,Black,https://en.wikipedia.org/wiki/Ronnie_Hillman,Medium,Wikipedia metadata matched Black/African-American language.
00-0037557,Ronnie Rivers,RB,White,https://en.wikipedia.org/wiki/Ronnie_Rivers,Low,No minority ethnicity markers detected in metadata. Provisional White classification; should be manually reviewed.
00-0029791,Ronnie Wingo,RB,White,https://en.wikipedia.org/wiki/Ronnie_Wingo,Low,No minority ethnicity markers detected in metadata. Provisional White classification; should be manually reviewed.
00-0030741,Roosevelt Nix,RB,Black,https://en.wikipedia.org/wiki/Roosevelt_Nix_(fullback),Medium,Wikipedia metadata matched Black/African-American language.
00-0039021,Roschon Johnson,RB,White,https://en.wikipedia.org/wiki/Roschon_Johnson,Low,No minority ethnicity markers detected in metadata. Provisional White classification; should be manually reviewed.
00-0028043,Roy Helu,RB,Pacific Islander,https://en.wikipedia.org/wiki/Roy_Helu,Medium,Wikipedia metadata matched Pacific Islander language.
00-0034838,Royce Freeman,RB,White,https://en.wikipedia.org/wiki/Royce_Freeman,Low,No minority ethnicity markers detected in metadata. Provisional White classification; should be manually reviewed.
00-0020407,Rudi Johnson,RB,Black,https://en.wikipedia.org/wiki/Rudi_Johnson,Medium,Wikipedia metadata matched Black/African-American language.
00-0032747,Russell Hansbrough,RB,White,https://en.wikipedia.org/wiki/Russell_Hansbrough,Low,No minority ethnicity markers detected in metadata. Provisional White classification; should be manually reviewed.
00-0027612,Ryan D'Imperio,RB,White,https://en.wikipedia.org/wiki/Ryan_D%27Imperio,Low,No minority ethnicity markers detected in metadata. Provisional White classification; should be manually reviewed.
00-0022984,Ryan Grant,RB,Black,https://en.wikipedia.org/wiki/Ryan_Russell_(American_football),Medium,Wikipedia metadata matched Black/African-American language.
00-0027864,Ryan Mathews,RB,White,https://en.wikipedia.org/wiki/Ryan_Mathews_(American_football),Low,No minority ethnicity markers detected in metadata. Provisional White classification; should be manually reviewed.
00-0023512,Ryan Moats,RB,White,https://en.wikipedia.org/wiki/Ryan_Moats,Low,No minority ethnicity markers detected in metadata. Provisional White classification; should be manually reviewed.
00-0034597,Ryan Nall,RB,White,https://en.wikipedia.org/wiki/Ryan_Nall,Low,No minority ethnicity markers detected in metadata. Provisional White classification; should be manually reviewed.
00-0018578,Ryan Neufeld,RB,White,https://en.wikipedia.org/wiki/Ryan_Neufeld,Low,No minority ethnicity markers detected in metadata. Provisional White classification; should be manually reviewed.
00-0026279,Ryan Torain,RB,White,https://en.wikipedia.org/wiki/Ryan_Torain,Low,No minority ethnicity markers detected in metadata. Provisional White classification; should be manually reviewed.
00-0027976,Ryan Williams,RB,White,https://en.wikipedia.org/wiki/Ryan_Williams_(wide_receiver),Low,No minority ethnicity markers detected in metadata. Provisional White classification; should be manually reviewed.
00-0034725,Ryan Yurachek,RB,White,https://en.wikipedia.org/wiki/2025%E2%80%9326_College_Football_Playoff,Low,No minority ethnicity markers detected in metadata. Provisional White classification; should be manually reviewed.
00-0035268,Ryquell Armstead,RB,White,https://en.wikipedia.org/wiki/Ryquell_Armstead,Low,No minority ethnicity markers detected in metadata. Provisional White classification; should be manually reviewed.
00-0038910,SaRodorick Thompson Jr.,RB,White,https://en.wikipedia.org/wiki/SaRodorick_Thompson,Low,No minority ethnicity markers detected in metadata. Provisional White classification; should be manually reviewed.
00-0036020,Salvon Ahmed,RB,Black,https://en.wikipedia.org/wiki/Salvon_Ahmed,Medium,Wikipedia metadata matched Black/African-American language.
00-0033013,Sam Bergen,RB,White,https://en.wikipedia.org/wiki/Steve_Angeli,Low,No minority ethnicity markers detected in metadata. Provisional White classification; should be manually reviewed.
00-0023074,Sam Gado,RB,White,https://en.wikipedia.org/wiki/Samkon_Gado,Low,No minority ethnicity markers detected in metadata. Provisional White classification; should be manually reviewed.
00-0005822,Sam Gash,RB,Black,https://en.wikipedia.org/wiki/Sam_Gash,Medium,Wikipedia metadata matched Black/African-American language.
00-0033967,Sam Rogers,RB,White,https://en.wikipedia.org/wiki/Sam_Rogers,Low,No minority ethnicity markers detected in metadata. Provisional White classification; should be manually reviewed.
00-0039651,Sam Schnee,RB,White,https://en.wikipedia.org/wiki/2023_Northern_Iowa_Panthers_football_team,Low,No minority ethnicity markers detected in metadata. Provisional White classification; should be manually reviewed.
00-0033526,Samaje Perine,RB,Black,https://en.wikipedia.org/wiki/Samaje_Perine,Medium,Wikipedia metadata matched Black/African-American language.
00-0019484,Sammy Morris,RB,White,https://en.wikipedia.org/wiki/Sammy_Morris,Low,No minority ethnicity markers detected in metadata. Provisional White classification; should be manually reviewed.
00-0036449,Sandro Platzgummer,RB,White,https://en.wikipedia.org/wiki/Sandro_Platzgummer,Low,No minority ethnicity markers detected in metadata. Provisional White classification; should be manually reviewed.
00-0034844,Saquon Barkley,RB,Black,https://en.wikipedia.org/wiki/Saquon_Barkley,Medium,Wikipedia metadata matched Black/African-American language.
00-0004508,Scott Dragos,RB,White,https://en.wikipedia.org/wiki/Scott_Dragos,Low,No minority ethnicity markers detected in metadata. Provisional White classification; should be manually reviewed.
00-0038614,Scott Matlock,RB,White,https://en.wikipedia.org/wiki/Scott_Matlock,Low,No minority ethnicity markers detected in metadata. Provisional White classification; should be manually reviewed.
00-0036069,Scottie Phillips,RB,White,https://en.wikipedia.org/wiki/Scottie_Phillips,Low,No minority ethnicity markers detected in metadata. Provisional White classification; should be manually reviewed.
00-0001112,Sean Bennett,RB,White,https://en.wikipedia.org/wiki/Sean_Bennett,Low,No minority ethnicity markers detected in metadata. Provisional White classification; should be manually reviewed.
00-0038951,Sean Tucker,RB,Black,https://en.wikipedia.org/wiki/Sean_Tucker_(American_football),Medium,Wikipedia metadata matched Black/African-American language.
00-0008046,Sedrick Irvin,RB,Black,https://en.wikipedia.org/wiki/Sedrick_Irvin,Medium,Wikipedia metadata matched Black/African-American language.
00-0024549,Selvin Young,RB,Black,https://en.wikipedia.org/wiki/Selvin_Young,Medium,Wikipedia metadata matched Black/African-American language.
00-0031209,Senorise Perry,RB,White,https://en.wikipedia.org/wiki/Senorise_Perry,Low,No minority ethnicity markers detected in metadata. Provisional White classification; should be manually reviewed.
00-0036033,Sewo Olonilua,RB,White,https://en.wikipedia.org/wiki/Sewo_Olonilua,Low,No minority ethnicity markers detected in metadata. Provisional White classification; should be manually reviewed.
00-0033719,Shane Smith,RB,White,https://en.wikipedia.org/wiki/Shane_Smith_(American_football),Low,No minority ethnicity markers detected in metadata. Provisional White classification; should be manually reviewed.
00-0027994,Shane Vereen,RB,White,https://en.wikipedia.org/wiki/Shane_Vereen,Low,No minority ethnicity markers detected in metadata. Provisional White classification; should be manually reviewed.
00-0022538,Shaud Williams,RB,White,https://en.wikipedia.org/wiki/Shaud_Williams,Low,No minority ethnicity markers detected in metadata. Provisional White classification; should be manually reviewed.
00-0019647,Shaun Alexander,RB,Black,https://en.wikipedia.org/wiki/Shaun_Alexander,Medium,Wikipedia metadata matched Black/African-American language.
00-0028158,Shaun Chapas,RB,White,https://en.wikipedia.org/wiki/Shaun_Chapas,Low,No minority ethnicity markers detected in metadata. Provisional White classification; should be manually reviewed.
00-0028202,Shaun Draughn,RB,White,https://en.wikipedia.org/wiki/Shaun_Draughn,Low,No minority ethnicity markers detected in metadata. Provisional White classification; should be manually reviewed.
00-0034621,Shaun Wilson,RB,White,https://en.wikipedia.org/wiki/Shaun_Wilson_(American_football),Low,No minority ethnicity markers detected in metadata. Provisional White classification; should be manually reviewed.
00-0002159,Shawn Bryson,RB,White,https://en.wikipedia.org/wiki/Shawn_Bryson,Low,No minority ethnicity markers detected in metadata. Provisional White classification; should be manually reviewed.
00-0034786,Sherman Badie,RB,Black,https://en.wikipedia.org/wiki/Robert_Kelley_(American_football),Medium,Wikipedia metadata matched Black/African-American language.
00-0037419,Shermari Jones,RB,White,https://en.wikipedia.org/wiki/2023_Houston_Gamblers_season,Low,No minority ethnicity markers detected in metadata. Provisional White classification; should be manually reviewed.
00-0026899,Shonn Greene,RB,Black,https://en.wikipedia.org/wiki/Shonn_Greene,Medium,Wikipedia metadata matched Black/African-American language.
00-0018971,Shyrone Stith,RB,White,https://en.wikipedia.org/wiki/Shyrone_Stith,Low,No minority ethnicity markers detected in metadata. Provisional White classification; should be manually reviewed.
00-0031008,Silas Redd,RB,Black,https://en.wikipedia.org/wiki/Silas_Redd,Medium,Wikipedia metadata matched Black/African-American language.
00-0037509,Sincere McCormick,RB,White,https://en.wikipedia.org/wiki/Sincere_McCormick,Low,No minority ethnicity markers detected in metadata. Provisional White classification; should be manually reviewed.
00-0032878,Sione Houma,RB,Pacific Islander,https://en.wikipedia.org/wiki/Sione_Houma,Medium,Wikipedia metadata matched Pacific Islander language.
00-0039364,Sione Vaki,RB,White,https://en.wikipedia.org/wiki/Sione_Vaki,Low,No minority ethnicity markers detected in metadata. Provisional White classification; should be manually reviewed.
00-0007389,Skip Hicks,RB,Black,https://en.wikipedia.org/wiki/Skip_Hicks,Medium,Wikipedia metadata matched Black/African-American language.
00-0037265,Snoop Conner,RB,White,https://en.wikipedia.org/wiki/Snoop_Conner,Low,No minority ethnicity markers detected in metadata. Provisional White classification; should be manually reviewed.
00-0032737,Soma Vainuku,RB,White,https://en.wikipedia.org/wiki/2013_Stanford_Cardinal_football_team,Low,No minority ethnicity markers detected in metadata. Provisional White classification; should be manually reviewed.
00-0034845,Sony Michel,RB,White,https://en.wikipedia.org/wiki/Sony_Michel,Low,No minority ethnicity markers detected in metadata. Provisional White classification; should be manually reviewed.
00-0036543,Spencer Brown,RB,White,https://en.wikipedia.org/wiki/Spencer_Brown,Low,No minority ethnicity markers detected in metadata. Provisional White classification; should be manually reviewed.
00-0026323,Spencer Larsen,RB,White,https://en.wikipedia.org/wiki/Spencer_Larsen,Low,No minority ethnicity markers detected in metadata. Provisional White classification; should be manually reviewed.
00-0022036,Spencer Nead,RB,White,https://en.wikipedia.org/wiki/Spencer_Nead,Low,No minority ethnicity markers detected in metadata. Provisional White classification; should be manually reviewed.
00-0030414,Spencer Ware,RB,White,https://en.wikipedia.org/wiki/Spencer_Ware,Low,No minority ethnicity markers detected in metadata. Provisional White classification; should be manually reviewed.
00-0010240,Stacey Mack,RB,White,https://en.wikipedia.org/wiki/Stacey_Mack,Low,No minority ethnicity markers detected in metadata. Provisional White classification; should be manually reviewed.
00-0024137,Stacy Tutt,RB,White,https://en.wikipedia.org/wiki/Stacy_Tutt,Low,No minority ethnicity markers detected in metadata. Provisional White classification; should be manually reviewed.
00-0028178,Stanley Havili,RB,Pacific Islander,https://en.wikipedia.org/wiki/Stanley_Havili,Medium,Wikipedia metadata matched Pacific Islander language.
00-0013262,Stanley Pritchett,RB,White,https://en.wikipedia.org/wiki/Stanley_Pritchett,Low,No minority ethnicity markers detected in metadata. Provisional White classification; should be manually reviewed.
00-0033349,Stanley Williams,RB,White,https://en.wikipedia.org/wiki/Stan_Williams,Low,No minority ethnicity markers detected in metadata. Provisional White classification; should be manually reviewed.
00-0030282,Stepfan Taylor,RB,White,https://en.wikipedia.org/wiki/Stepfan_Taylor,Low,No minority ethnicity markers detected in metadata. Provisional White classification; should be manually reviewed.
00-0004052,Stephen Davis,RB,White,https://en.wikipedia.org/wiki/Stephen_Davis_(American_football),Low,No minority ethnicity markers detected in metadata. Provisional White classification; should be manually reviewed.
00-0030685,Stephen Houston,RB,White,https://en.wikipedia.org/wiki/Kayden_McDonald,Low,No minority ethnicity markers detected in metadata. Provisional White classification; should be manually reviewed.
00-0020094,Stephen Trejo,RB,Latino,https://en.wikipedia.org/wiki/Trejo,Medium,Wikipedia metadata matched Latino/Hispanic language.
00-0028011,Stevan Ridley,RB,White,https://en.wikipedia.org/wiki/Stevan_Ridley,Low,No minority ethnicity markers detected in metadata. Provisional White classification; should be manually reviewed.
00-0002380,Steve Bush,RB,White,https://en.wikipedia.org/wiki/Steve_Bush,Low,No minority ethnicity markers detected in metadata. Provisional White classification; should be manually reviewed.
00-0026229,Steve Slaton,RB,Black,https://en.wikipedia.org/wiki/Steve_Slaton,Medium,Wikipedia metadata matched Black/African-American language.
00-0022736,Steven Jackson,RB,Black,https://en.wikipedia.org/wiki/Steven_Jackson,Medium,Wikipedia metadata matched Black/African-American language.
00-0023852,Steven Jackson,RB,Black,https://en.wikipedia.org/wiki/Steven_Jackson,Medium,Wikipedia metadata matched Black/African-American language.
00-0036548,Stevie Scott,RB,White,https://en.wikipedia.org/wiki/Stevie_Scott,Low,No minority ethnicity markers detected in metadata. Provisional White classification; should be manually reviewed.
00-0031243,Storm Johnson,RB,White,https://en.wikipedia.org/wiki/Orlando_Storm,Low,No minority ethnicity markers detected in metadata. Provisional White classification; should be manually reviewed.
00-0021581,Sultan McCullough,RB,White,https://en.wikipedia.org/wiki/McCullough,Low,No minority ethnicity markers detected in metadata. Provisional White classification; should be manually reviewed.
00-0021376,T.J. Duckett,RB,White,https://en.wikipedia.org/wiki/T._J._Duckett,Low,No minority ethnicity markers detected in metadata. Provisional White classification; should be manually reviewed.
00-0033789,T.J. Logan,RB,White,https://en.wikipedia.org/wiki/T._J._Logan,Low,No minority ethnicity markers detected in metadata. Provisional White classification; should be manually reviewed.
00-0037652,T.J. Pledger,RB,White,https://en.wikipedia.org/wiki/TJ_Hall,Low,No minority ethnicity markers detected in metadata. Provisional White classification; should be manually reviewed.
00-0032209,T.J. Yeldon,RB,Black,https://en.wikipedia.org/wiki/T._J._Yeldon,Medium,Wikipedia metadata matched Black/African-American language.
00-0039308,TaMerik Williams,RB,White,https://en.wikipedia.org/wiki/2024_Seattle_Seahawks_season,Low,No minority ethnicity markers detected in metadata. Provisional White classification; should be manually reviewed.
00-0028063,Taiwan Jones,RB,White,https://en.wikipedia.org/wiki/Taiwan_Jones,Low,No minority ethnicity markers detected in metadata. Provisional White classification; should be manually reviewed.
00-0035658,Taj McGowan,RB,White,https://en.wikipedia.org/wiki/Taj_(name),Low,No minority ethnicity markers detected in metadata. Provisional White classification; should be manually reviewed.
00-0032852,Tani Tupou,RB,Pacific Islander,https://en.wikipedia.org/wiki/Tupou,Medium,Wikipedia metadata matched Pacific Islander language.
00-0038555,Tank Bigsby,RB,White,https://en.wikipedia.org/wiki/Tank_Bigsby,Low,No minority ethnicity markers detected in metadata. Provisional White classification; should be manually reviewed.
00-0033373,Taquan Mizzell,RB,White,https://en.wikipedia.org/wiki/Taquan_Mizzell,Low,No minority ethnicity markers detected in metadata. Provisional White classification; should be manually reviewed.
00-0014265,Tarek Saleh,RB,White,https://en.wikipedia.org/wiki/Tarek_Saleh,Low,No minority ethnicity markers detected in metadata. Provisional White classification; should be manually reviewed.
00-0033556,Tarik Cohen,RB,White,https://en.wikipedia.org/wiki/Tarik_Cohen,Low,No minority ethnicity markers detected in metadata. Provisional White classification; should be manually reviewed.
00-0026262,Tashard Choice,RB,Black,https://en.wikipedia.org/wiki/Tashard_Choice,Medium,Wikipedia metadata matched Black/African-American language.
00-0022893,Tatum Bell,RB,White,https://en.wikipedia.org/wiki/Tatum_Bell,Low,No minority ethnicity markers detected in metadata. Provisional White classification; should be manually reviewed.
00-0029401,Tauren Poole,RB,White,https://en.wikipedia.org/wiki/Tauren_Poole,Low,No minority ethnicity markers detected in metadata. Provisional White classification; should be manually reviewed.
00-0035825,Tavien Feaster,RB,White,https://en.wikipedia.org/wiki/Tavien_Feaster,Low,No minority ethnicity markers detected in metadata. Provisional White classification; should be manually reviewed.
00-0037211,Tayon Fleet-Davis,RB,White,https://en.wikipedia.org/wiki/Tayon_Fleet-Davis,Low,No minority ethnicity markers detected in metadata. Provisional White classification; should be manually reviewed.
00-0020871,Tellis Redmon,RB,White,https://en.wikipedia.org/wiki/2000_MicronPC.com_Bowl,Low,No minority ethnicity markers detected in metadata. Provisional White classification; should be manually reviewed.
00-0029427,Terrance Ganaway,RB,White,https://en.wikipedia.org/wiki/Terrance_Ganaway,Low,No minority ethnicity markers detected in metadata. Provisional White classification; should be manually reviewed.
00-0031375,Terrance West,RB,White,https://en.wikipedia.org/wiki/Terrance_West,Low,No minority ethnicity markers detected in metadata. Provisional White classification; should be manually reviewed.
00-0004054,Terrell Davis,RB,Black,https://en.wikipedia.org/wiki/Terrell_Davis,Medium,Wikipedia metadata matched Black/African-American language.
00-0005324,Terrell Fletcher,RB,Black,https://en.wikipedia.org/wiki/Terrell_Fletcher,Medium,Wikipedia metadata matched Black/African-American language.
00-0039757,Terrell Jennings,RB,White,https://en.wikipedia.org/wiki/Terrell_Jennings,Low,No minority ethnicity markers detected in metadata. Provisional White classification; should be manually reviewed.
00-0033331,Terrell Newby,RB,White,https://en.wikipedia.org/wiki/2026_NFL_draft,Low,No minority ethnicity markers detected in metadata. Provisional White classification; should be manually reviewed.
00-0031793,Terrell Watson,RB,White,https://en.wikipedia.org/wiki/Terrell_Watson,Low,No minority ethnicity markers detected in metadata. Provisional White classification; should be manually reviewed.
00-0019587,Terrelle Smith,RB,White,https://en.wikipedia.org/wiki/Terrelle_Smith,Low,No minority ethnicity markers detected in metadata. Provisional White classification; should be manually reviewed.
00-0031768,Terrence Magee,RB,White,https://en.wikipedia.org/wiki/Terence_(given_name),Low,No minority ethnicity markers detected in metadata. Provisional White classification; should be manually reviewed.
00-0031682,Terron Ward,RB,White,https://en.wikipedia.org/wiki/Terron_Ward,Low,No minority ethnicity markers detected in metadata. Provisional White classification; should be manually reviewed.
00-0000232,Terry Allen,RB,White,https://en.wikipedia.org/wiki/Terry_Allen_(American_football_coach),Low,No minority ethnicity markers detected in metadata. Provisional White classification; should be manually reviewed.
00-0023716,Terry Butler,RB,White,https://en.wikipedia.org/wiki/Terry_Butler_(disambiguation),Low,No minority ethnicity markers detected in metadata. Provisional White classification; should be manually reviewed.
00-0008196,Terry Jackson,RB,White,https://en.wikipedia.org/wiki/Terry_Jackson,Low,No minority ethnicity markers detected in metadata. Provisional White classification; should be manually reviewed.
00-0009288,Terry Kirby,RB,White,https://en.wikipedia.org/wiki/Terry_Kirby,Low,No minority ethnicity markers detected in metadata. Provisional White classification; should be manually reviewed.
00-0034632,Terry Swanson,RB,White,https://en.wikipedia.org/wiki/Terry_Swanson,Low,No minority ethnicity markers detected in metadata. Provisional White classification; should be manually reviewed.
00-0033160,Terry Williams,RB,White,https://en.wikipedia.org/wiki/Terry_Williams,Low,No minority ethnicity markers detected in metadata. Provisional White classification; should be manually reviewed.
00-0020181,Terry Witherspoon,RB,White,https://en.wikipedia.org/wiki/Terry_Witherspoon,Low,No minority ethnicity markers detected in metadata. Provisional White classification; should be manually reviewed.
00-0032058,Tevin Coleman,RB,Black,https://en.wikipedia.org/wiki/Tevin_Coleman,Medium,Wikipedia metadata matched Black/African-American language.
00-0030107,Theo Riddick,RB,White,https://en.wikipedia.org/wiki/Theo_Riddick,Low,No minority ethnicity markers detected in metadata. Provisional White classification; should be manually reviewed.
00-0026312,Thomas Brown,RB,Black,https://en.wikipedia.org/wiki/Thomas_Brown_(American_football_coach),Medium,Wikipedia metadata matched Black/African-American language.
00-0025573,Thomas Clayton,RB,White,https://en.wikipedia.org/wiki/Thomas_Clayton_(American_football),Low,No minority ethnicity markers detected in metadata. Provisional White classification; should be manually reviewed.
00-0019489,Thomas Hamner,RB,White,https://en.wikipedia.org/wiki/Thomas_Hamner,Low,No minority ethnicity markers detected in metadata. Provisional White classification; should be manually reviewed.
00-0019641,Thomas Jones,RB,Black,https://en.wikipedia.org/wiki/Thomas_Jones_(American_football),Medium,Wikipedia metadata matched Black/African-American language.
00-0031897,Thomas Rawls,RB,Black,https://en.wikipedia.org/wiki/Thomas_Rawls,Medium,Wikipedia metadata matched Black/African-American language.
00-0022797,Thomas Tapeh,RB,White,https://en.wikipedia.org/wiki/Thomas_Tapeh,Low,No minority ethnicity markers detected in metadata. Provisional White classification; should be manually reviewed.
00-0022325,Thump Belton,RB,White,https://en.wikipedia.org/wiki/Keith_Belton,Low,No minority ethnicity markers detected in metadata. Provisional White classification; should be manually reviewed.
00-0016331,Thurman Thomas,RB,White,https://en.wikipedia.org/wiki/Thurman_Thomas,Low,No minority ethnicity markers detected in metadata. Provisional White classification; should be manually reviewed.
00-0000745,Tiki Barber,RB,Black,https://en.wikipedia.org/wiki/Tiki_Barber,Medium,Wikipedia metadata matched Black/African-American language.
00-0001224,Tim Biakabutuka,RB,White,https://en.wikipedia.org/wiki/Tim_Biakabutuka,Low,No minority ethnicity markers detected in metadata. Provisional White classification; should be manually reviewed.
00-0025672,Tim Castille,RB,Black,https://en.wikipedia.org/wiki/Caleb_Castille,Medium,Wikipedia metadata matched Black/African-American language.
00-0033683,Tim Cook,RB,White,https://en.wikipedia.org/wiki/Tim_Cook,Low,No minority ethnicity markers detected in metadata. Provisional White classification; should be manually reviewed.
00-0026289,Tim Hightower,RB,Black,https://en.wikipedia.org/wiki/Tim_Hightower,Medium,Wikipedia metadata matched Black/African-American language.
00-0033748,Tion Green,RB,White,https://en.wikipedia.org/wiki/Tion_Green,Low,No minority ethnicity markers detected in metadata. Provisional White classification; should be manually reviewed.
00-0030429,Toben Opurum,RB,White,https://en.wikipedia.org/wiki/Toben_Opurum,Low,No minority ethnicity markers detected in metadata. Provisional White classification; should be manually reviewed.
00-0027888,Toby Gerhart,RB,White,https://en.wikipedia.org/wiki/Toby_Gerhart,Low,No minority ethnicity markers detected in metadata. Provisional White classification; should be manually reviewed.
00-0032241,Todd Gurley,RB,Black,https://en.wikipedia.org/wiki/Todd_Gurley,Medium,Wikipedia metadata matched Black/African-American language.
00-0021777,Tom Lopienski,RB,White,https://en.wikipedia.org/wiki/Tom_Lopienski,Low,No minority ethnicity markers detected in metadata. Provisional White classification; should be manually reviewed.
00-0030112,Tommy Bohanon,RB,White,https://en.wikipedia.org/wiki/Tommy_Bohanon,Low,No minority ethnicity markers detected in metadata. Provisional White classification; should be manually reviewed.
00-0035551,Tony Brooks-James,RB,White,https://en.wikipedia.org/wiki/Tony_Brooks,Low,No minority ethnicity markers detected in metadata. Provisional White classification; should be manually reviewed.
00-0002713,Tony Carter,RB,Black,https://en.wikipedia.org/wiki/Tony_Carter_(cornerback),Medium,Wikipedia metadata matched Black/African-American language.
00-0027093,Tony Fiammetta,RB,White,https://en.wikipedia.org/wiki/Tony_Fiammetta,Low,No minority ethnicity markers detected in metadata. Provisional White classification; should be manually reviewed.
00-0020964,Tony Fisher,RB,White,https://en.wikipedia.org/wiki/Tony_Fisher_(American_football),Low,No minority ethnicity markers detected in metadata. Provisional White classification; should be manually reviewed.
00-0022116,Tony Hollings,RB,White,https://en.wikipedia.org/wiki/Tony_Hollings,Low,No minority ethnicity markers detected in metadata. Provisional White classification; should be manually reviewed.
00-0025477,Tony Hunt,RB,White,https://en.wikipedia.org/wiki/Tony_Hunt_(American_football),Low,No minority ethnicity markers detected in metadata. Provisional White classification; should be manually reviewed.
00-0035860,Tony Jones,RB,White,https://en.wikipedia.org/wiki/Tony_Jones,Low,No minority ethnicity markers detected in metadata. Provisional White classification; should be manually reviewed.
00-0035261,Tony Pollard,RB,White,https://en.wikipedia.org/wiki/Tony_Pollard,Low,No minority ethnicity markers detected in metadata. Provisional White classification; should be manually reviewed.
00-0013694,Tony Richardson,RB,White,https://en.wikipedia.org/wiki/Tony_Richardson_(American_football),Low,No minority ethnicity markers detected in metadata. Provisional White classification; should be manually reviewed.
00-0020112,Tony Taylor,RB,White,https://en.wikipedia.org/wiki/Tony_Taylor_(American_football),Low,No minority ethnicity markers detected in metadata. Provisional White classification; should be manually reviewed.
00-0036691,Tory Carter,RB,White,https://en.wikipedia.org/wiki/Tory_Carter,Low,No minority ethnicity markers detected in metadata. Provisional White classification; should be manually reviewed.
00-0032540,Tra Carson,RB,White,https://en.wikipedia.org/wiki/Tra_Carson,Low,No minority ethnicity markers detected in metadata. Provisional White classification; should be manually reviewed.
00-0029205,Travaris Cadet,RB,White,https://en.wikipedia.org/wiki/Travaris_Cadet,Low,No minority ethnicity markers detected in metadata. Provisional White classification; should be manually reviewed.
00-0038495,Travis Dye,RB,White,https://en.wikipedia.org/wiki/Travis_Dye,Low,No minority ethnicity markers detected in metadata. Provisional White classification; should be manually reviewed.
00-0036973,Travis Etienne,RB,White,https://en.wikipedia.org/wiki/Travis_Etienne,Low,No minority ethnicity markers detected in metadata. Provisional White classification; should be manually reviewed.
00-0020471,Travis Henry,RB,Black,https://en.wikipedia.org/wiki/Travis_Henry,Medium,Wikipedia metadata matched Black/African-American language.
00-0035594,Travis Homer,RB,White,https://en.wikipedia.org/wiki/Travis_Homer,Low,No minority ethnicity markers detected in metadata. Provisional White classification; should be manually reviewed.
00-0008391,Travis Jervey,RB,White,https://en.wikipedia.org/wiki/Travis_Jervey,Low,No minority ethnicity markers detected in metadata. Provisional White classification; should be manually reviewed.
00-0020448,Travis Minor,RB,White,https://en.wikipedia.org/wiki/Travis_Minor,Low,No minority ethnicity markers detected in metadata. Provisional White classification; should be manually reviewed.
00-0019609,Travis Prentice,RB,White,https://en.wikipedia.org/wiki/Travis_Prentice,Low,No minority ethnicity markers detected in metadata. Provisional White classification; should be manually reviewed.
00-0021386,Travis Stephens,RB,White,https://en.wikipedia.org/wiki/Travis_Stephens,Low,No minority ethnicity markers detected in metadata. Provisional White classification; should be manually reviewed.
00-0035212,Travon McMillian,RB,White,https://en.wikipedia.org/wiki/Travon_McMillian,Low,No minority ethnicity markers detected in metadata. Provisional White classification; should be manually reviewed.
00-0035176,Trayone Gray,RB,White,https://en.wikipedia.org/wiki/2015_Miami_Hurricanes_football_team,Low,No minority ethnicity markers detected in metadata. Provisional White classification; should be manually reviewed.
00-0035291,Trayveon Williams,RB,White,https://en.wikipedia.org/wiki/Trayveon_Williams,Low,No minority ethnicity markers detected in metadata. Provisional White classification; should be manually reviewed.
00-0036685,Tre Harbison,RB,White,https://en.wikipedia.org/wiki/Tre_Harbison,Low,No minority ethnicity markers detected in metadata. Provisional White classification; should be manually reviewed.
00-0032472,Tre Madden,RB,White,https://en.wikipedia.org/wiki/Tre_Madden,Low,No minority ethnicity markers detected in metadata. Provisional White classification; should be manually reviewed.
00-0031391,Tre Mason,RB,Black,https://en.wikipedia.org/wiki/Tre_Mason,Medium,Wikipedia metadata matched Black/African-American language.
00-0039581,Trent Pennix,RB,Black,https://en.wikipedia.org/wiki/Demetric_Felton,Medium,Wikipedia metadata matched Black/African-American language.
00-0029675,Trent Richardson,RB,Black,https://en.wikipedia.org/wiki/Trent_Richardson,Medium,Wikipedia metadata matched Black/African-American language.
00-0034164,Trenton Cannon,RB,White,https://en.wikipedia.org/wiki/Trenton_Cannon,Low,No minority ethnicity markers detected in metadata. Provisional White classification; should be manually reviewed.
00-0037087,Trestan Ebner,RB,White,https://en.wikipedia.org/wiki/Trestan_Ebner,Low,No minority ethnicity markers detected in metadata. Provisional White classification; should be manually reviewed.
00-0039921,Trey Benson,RB,White,https://en.wikipedia.org/wiki/Trey_Benson,Low,No minority ethnicity markers detected in metadata. Provisional White classification; should be manually reviewed.
00-0033838,Trey Edmunds,RB,White,https://en.wikipedia.org/wiki/Trey_Edmunds,Low,No minority ethnicity markers detected in metadata. Provisional White classification; should be manually reviewed.
00-0031271,Trey Millard,RB,Black,https://en.wikipedia.org/wiki/Trey_Millard,Medium,Wikipedia metadata matched Black/African-American language.
00-0036523,Trey Ragas,RB,White,https://en.wikipedia.org/wiki/Trey_Ragas,Low,No minority ethnicity markers detected in metadata. Provisional White classification; should be manually reviewed.
00-0036984,Trey Sermon,RB,White,https://en.wikipedia.org/wiki/Trey_Sermon,Low,No minority ethnicity markers detected in metadata. Provisional White classification; should be manually reviewed.
00-0030985,Trey Watts,RB,White,https://en.wikipedia.org/wiki/Trey_Watts,Low,No minority ethnicity markers detected in metadata. Provisional White classification; should be manually reviewed.
00-0031531,Trey Williams,RB,White,https://en.wikipedia.org/wiki/Trey_Williams,Low,No minority ethnicity markers detected in metadata. Provisional White classification; should be manually reviewed.
00-0022825,Troy Fleming,RB,White,https://en.wikipedia.org/wiki/Troy_Fleming,Low,No minority ethnicity markers detected in metadata. Provisional White classification; should be manually reviewed.
00-0037456,Troy Hairston,RB,Latino,https://en.wikipedia.org/wiki/Troy_Hairston,Medium,Wikipedia metadata matched Latino/Hispanic language.
00-0019516,Troy Hambrick,RB,White,https://en.wikipedia.org/wiki/Troy_Hambrick,Low,No minority ethnicity markers detected in metadata. Provisional White classification; should be manually reviewed.
00-0033164,Troymaine Pope,RB,White,https://en.wikipedia.org/wiki/Troymaine_Pope,Low,No minority ethnicity markers detected in metadata. Provisional White classification; should be manually reviewed.
00-0019649,Trung Canidate,RB,White,https://en.wikipedia.org/wiki/Trung_Canidate,Low,No minority ethnicity markers detected in metadata. Provisional White classification; should be manually reviewed.
00-0037276,Ty Chandler,RB,White,https://en.wikipedia.org/wiki/Ty_Chandler_(American_football),Low,No minority ethnicity markers detected in metadata. Provisional White classification; should be manually reviewed.
00-0035537,Ty Johnson,RB,White,https://en.wikipedia.org/wiki/Ty_Johnson_(American_football),Low,No minority ethnicity markers detected in metadata. Provisional White classification; should be manually reviewed.
00-0036457,Ty'Son Williams,RB,White,https://en.wikipedia.org/wiki/Ty%27Son_Williams,Low,No minority ethnicity markers detected in metadata. Provisional White classification; should be manually reviewed.
00-0039032,Tyjae Spears,RB,White,https://en.wikipedia.org/wiki/Tyjae_Spears,Low,No minority ethnicity markers detected in metadata. Provisional White classification; should be manually reviewed.
00-0037263,Tyler Allgeier,RB,White,https://en.wikipedia.org/wiki/Tyler_Allgeier,Low,No minority ethnicity markers detected in metadata. Provisional White classification; should be manually reviewed.
00-0037085,Tyler Badie,RB,White,https://en.wikipedia.org/wiki/Tyler_Badie,Low,No minority ethnicity markers detected in metadata. Provisional White classification; should be manually reviewed.
00-0027917,Tyler Clutts,RB,White,https://en.wikipedia.org/wiki/Tyler_Clutts,Low,No minority ethnicity markers detected in metadata. Provisional White classification; should be manually reviewed.
00-0032404,Tyler Ervin,RB,White,https://en.wikipedia.org/wiki/Tyler_Ervin,Low,No minority ethnicity markers detected in metadata. Provisional White classification; should be manually reviewed.
00-0031190,Tyler Gaffney,RB,White,https://en.wikipedia.org/wiki/Tyler_Gaffney,Low,No minority ethnicity markers detected in metadata. Provisional White classification; should be manually reviewed.
00-0037120,Tyler Goodson,RB,Black,https://en.wikipedia.org/wiki/Tyler_Goodson,Medium,Wikipedia metadata matched Black/African-American language.
00-0038867,Tyler Hoosman,RB,White,https://en.wikipedia.org/wiki/2021_Northern_Iowa_Panthers_football_team,Low,No minority ethnicity markers detected in metadata. Provisional White classification; should be manually reviewed.
00-0033318,Tyler McCloskey,RB,White,https://en.wikipedia.org/wiki/1972_Republican_Party_presidential_primaries,Low,No minority ethnicity markers detected in metadata. Provisional White classification; should be manually reviewed.
00-0033235,Tyler Renew,RB,White,https://en.wikipedia.org/wiki/Alabama%E2%80%93Georgia_Tech_football_rivalry,Low,No minority ethnicity markers detected in metadata. Provisional White classification; should be manually reviewed.
00-0031526,Tyler Varga,RB,White,https://en.wikipedia.org/wiki/Tyler_Varga,Low,No minority ethnicity markers detected in metadata. Provisional White classification; should be manually reviewed.
00-0037450,Tyreik McAllister,RB,White,https://en.wikipedia.org/wiki/Tyreik_McAllister,Low,No minority ethnicity markers detected in metadata. Provisional White classification; should be manually reviewed.
00-0026790,Tyrell Sutton,RB,White,https://en.wikipedia.org/wiki/Tyrell_Sutton,Low,No minority ethnicity markers detected in metadata. Provisional White classification; should be manually reviewed.
00-0037827,Tyrion Davis-Price,RB,White,https://en.wikipedia.org/wiki/Tyrion_Davis-Price,Low,No minority ethnicity markers detected in metadata. Provisional White classification; should be manually reviewed.
00-0039384,Tyrone Tracy Jr.,RB,White,https://en.wikipedia.org/wiki/Tyrone_Tracy_Jr.,Low,No minority ethnicity markers detected in metadata. Provisional White classification; should be manually reviewed.
00-0017486,Tyrone Wheatley,RB,Black,https://en.wikipedia.org/wiki/Tyrone_Wheatley,Medium,Wikipedia metadata matched Black/African-American language.
00-0023192,Tyson Thompson,RB,White,https://en.wikipedia.org/wiki/Tyson_Thompson,Low,No minority ethnicity markers detected in metadata. Provisional White classification; should be manually reviewed.
00-0035725,Valentine Holmes,RB,White,https://en.wikipedia.org/wiki/Valentine_Holmes,Low,No minority ethnicity markers detected in metadata. Provisional White classification; should be manually reviewed.
00-0023508,Vernand Morency,RB,White,https://en.wikipedia.org/wiki/Vernand_Morency,Low,No minority ethnicity markers detected in metadata. Provisional White classification; should be manually reviewed.
00-0021279,Verron Haynes,RB,White,https://en.wikipedia.org/wiki/Verron_Haynes,Low,No minority ethnicity markers detected in metadata. Provisional White classification; should be manually reviewed.
00-0029547,Vick Ballard,RB,White,https://en.wikipedia.org/wiki/Vick_Ballard,Low,No minority ethnicity markers detected in metadata. Provisional White classification; should be manually reviewed.
00-0022224,Vick King,RB,Black,https://en.wikipedia.org/wiki/Michael_Vick,Medium,Wikipedia metadata matched Black/African-American language.
00-0022397,Vonta Leach,RB,White,https://en.wikipedia.org/wiki/Vonta_Leach,Low,No minority ethnicity markers detected in metadata. Provisional White classification; should be manually reviewed.
00-0024384,Wali Lundy,RB,Black,https://en.wikipedia.org/wiki/Wali_Lundy,Medium,Wikipedia metadata matched Black/African-American language.
00-0004640,Warrick Dunn,RB,White,https://en.wikipedia.org/wiki/Warrick_Dunn,Low,No minority ethnicity markers detected in metadata. Provisional White classification; should be manually reviewed.
00-0033950,Wayne Gallman,RB,White,https://en.wikipedia.org/wiki/Wayne_Gallman,Low,No minority ethnicity markers detected in metadata. Provisional White classification; should be manually reviewed.
00-0039170,Wayne Taulapapa,RB,Pacific Islander,https://en.wikipedia.org/wiki/List_of_Samoans,Medium,Wikipedia metadata matched Pacific Islander language.
00-0023777,Wendell Mathis,RB,White,https://en.wikipedia.org/wiki/John_Settle,Low,No minority ethnicity markers detected in metadata. Provisional White classification; should be manually reviewed.
00-0032782,Wendell Smallwood,RB,White,https://en.wikipedia.org/wiki/Wendell_Smallwood,Low,No minority ethnicity markers detected in metadata. Provisional White classification; should be manually reviewed.
00-0035489,Wes Hills,RB,White,https://en.wikipedia.org/wiki/Wes_Hills,Low,No minority ethnicity markers detected in metadata. Provisional White classification; should be manually reviewed.
00-0019862,Wes Ours,RB,White,https://en.wikipedia.org/wiki/Wes_Ours,Low,No minority ethnicity markers detected in metadata. Provisional White classification; should be manually reviewed.
00-0028841,Will Johnson,RB,White,https://en.wikipedia.org/wiki/Ben_Johnson_(American_football_coach),Low,No minority ethnicity markers detected in metadata. Provisional White classification; should be manually reviewed.
00-0032585,Will Ratelle,RB,White,https://en.wikipedia.org/wiki/Long_Beach_State_Beach_men%27s_volleyball,Low,No minority ethnicity markers detected in metadata. Provisional White classification; should be manually reviewed.
00-0039746,Will Shipley,RB,White,https://en.wikipedia.org/wiki/Will_Shipley,Low,No minority ethnicity markers detected in metadata. Provisional White classification; should be manually reviewed.
00-0026557,Will Ta'ufo'ou,RB,Pacific Islander,https://en.wikipedia.org/wiki/Will_Ta%CA%BBufo%CA%BBou,Medium,Wikipedia metadata matched Pacific Islander language.
00-0027905,Will Tukuafu,RB,Pacific Islander,https://en.wikipedia.org/wiki/Will_Tukuafu,Medium,Wikipedia metadata matched Pacific Islander language.
00-0005361,William Floyd,RB,White,https://en.wikipedia.org/wiki/William_Floyd_(American_football),Low,No minority ethnicity markers detected in metadata. Provisional White classification; should be manually reviewed.
00-0021150,William Green,RB,Black,https://en.wikipedia.org/wiki/William_Green_(American_football),Medium,Wikipedia metadata matched Black/African-American language.
00-0007254,William Henderson,RB,White,https://en.wikipedia.org/wiki/William_Henderson_(American_football),Low,No minority ethnicity markers detected in metadata. Provisional White classification; should be manually reviewed.
00-0028736,William Powell,RB,Black,https://en.wikipedia.org/wiki/William_Powell_(gridiron_football),Medium,Wikipedia metadata matched Black/African-American language.
00-0033508,William Stanback,RB,White,https://en.wikipedia.org/wiki/William_Stanback,Low,No minority ethnicity markers detected in metadata. Provisional White classification; should be manually reviewed.
00-0022250,Willie Parker,RB,Black,https://en.wikipedia.org/wiki/Willie_Parker,Medium,Wikipedia metadata matched Black/African-American language.
00-0022178,Willis McGahee,RB,Black,https://en.wikipedia.org/wiki/Willis_McGahee,Medium,Wikipedia metadata matched Black/African-American language.
00-0012368,Winslow Oliver,RB,White,https://en.wikipedia.org/wiki/Winslow_Oliver,Low,No minority ethnicity markers detected in metadata. Provisional White classification; should be manually reviewed.
00-0020973,Woodrow Dantzler,RB,White,https://en.wikipedia.org/wiki/Woodrow_Dantzler,Low,No minority ethnicity markers detected in metadata. Provisional White classification; should be manually reviewed.
00-0036078,Xavier Jones,RB,White,https://en.wikipedia.org/wiki/Xavier_Jones,Low,No minority ethnicity markers detected in metadata. Provisional White classification; should be manually reviewed.
00-0026319,Xavier Omon,RB,Black,https://en.wikipedia.org/wiki/Xavier_Omon,Medium,Wikipedia metadata matched Black/African-American language.
00-0035494,Xavier Turner,RB,Black,https://en.wikipedia.org/wiki/Scott_Turner_(politician),Medium,Wikipedia metadata matched Black/African-American language.
00-0038727,Xazavian Valladay,RB,White,https://en.wikipedia.org/wiki/Xazavian_Valladay,Low,No minority ethnicity markers detected in metadata. Provisional White classification; should be manually reviewed.
00-0032808,Zac Brooks,RB,White,https://en.wikipedia.org/wiki/Zac_Brooks,Low,No minority ethnicity markers detected in metadata. Provisional White classification; should be manually reviewed.
00-0030536,Zac Stacy,RB,White,https://en.wikipedia.org/wiki/Zac_Stacy,Low,No minority ethnicity markers detected in metadata. Provisional White classification; should be manually reviewed.
00-0039165,Zach Charbonnet,RB,Black,https://en.wikipedia.org/wiki/Zach_Charbonnet,Medium,Wikipedia metadata matched Black/African-American language.
00-0039136,Zach Evans,RB,White,https://en.wikipedia.org/wiki/Zach_Evans,Low,No minority ethnicity markers detected in metadata. Provisional White classification; should be manually reviewed.
00-0031813,Zach Laskey,RB,White,https://en.wikipedia.org/wiki/Zach_Laskey,Low,No minority ethnicity markers detected in metadata. Provisional White classification; should be manually reviewed.
00-0029931,Zach Line,RB,White,https://en.wikipedia.org/wiki/Zach_Line,Low,No minority ethnicity markers detected in metadata. Provisional White classification; should be manually reviewed.
00-0034694,Zach Olstad,RB,Black,https://en.wikipedia.org/wiki/Aaron_Green_(American_football),Medium,Wikipedia metadata matched Black/African-American language.
00-0031665,Zach Zenner,RB,White,https://en.wikipedia.org/wiki/Zach_Zenner,Low,No minority ethnicity markers detected in metadata. Provisional White classification; should be manually reviewed.
00-0003663,Zack Crockett,RB,White,https://en.wikipedia.org/wiki/Zack_Crockett,Low,No minority ethnicity markers detected in metadata. Provisional White classification; should be manually reviewed.
00-0036251,Zack Moss,RB,White,https://en.wikipedia.org/wiki/Zack_Moss,Low,No minority ethnicity markers detected in metadata. Provisional White classification; should be manually reviewed.
00-0038040,Zamir White,RB,White,https://en.wikipedia.org/wiki/Zamir_White,Low,No minority ethnicity markers detected in metadata. Provisional White classification; should be manually reviewed.
00-0037331,Zander Horvath,RB,White,https://en.wikipedia.org/wiki/Zander_Horvath,Low,No minority ethnicity markers detected in metadata. Provisional White classification; should be manually reviewed.
00-0037357,Zaquandre White,RB,White,https://en.wikipedia.org/wiki/Columbus_Aviators,Low,No minority ethnicity markers detected in metadata. Provisional White classification; should be manually reviewed.
00-0038440,Zavier Scott,RB,White,https://en.wikipedia.org/wiki/Zavier_Scott,Low,No minority ethnicity markers detected in metadata. Provisional White classification; should be manually reviewed.
00-0037157,Zonovan Knight,RB,White,https://en.wikipedia.org/wiki/Bam_Knight,Low,No minority ethnicity markers detected in metadata. Provisional White classification; should be manually reviewed.
00-0030855,Zurlon Tipton,RB,White,https://en.wikipedia.org/wiki/Zurlon_Tipton,Low,No minority ethnicity markers detected in metadata. Provisional White classification; should be manually reviewed.
