TeamName,PrimaryPosition,PrimaryDepth,PlayerName,PlayerUID,PlayerURL,InferredRace,RaceConfidence,PlayerHeightInches,PlayerWeightLBS,PlayerBirthdate,PlayerCollege,DraftYear,DraftPosition,DraftOrganization,race,position,position_group
Atlanta Falcons,RB,3,Jase McClellan,s:20~l:28~a:4429001,https://www.espn.com/nfl/player/_/id/4429001/jase-mcclellan,Black,10000.00%,,,6/25/2002,Alabama,2024.0,"Rd 6, Pk 186",ATL,Black,RB,RB
Dallas Cowboys,LDT,3,Justin Rogers,s:20~l:28~a:4692185,https://www.espn.com/nfl/player/_/id/4692185/justin-rogers,White,7969.82%,,,9/12/2000,Auburn,2024.0,"Rd 7, Pk 244",DAL,White,LDT,DL
Las Vegas Raiders,SS,4,Jonathan Sutherland,s:20~l:28~a:4259608,https://www.espn.com/nfl/player/_/id/4259608/jonathan-sutherland,Latino Hispanic,2639.93%,,,8/9/1998,Penn State,,,,Latino,SS,DB
Los Angeles Chargers,RT,3,Tyler McLellan,s:20~l:28~a:4247248,https://www.espn.com/nfl/player/_/id/4247248/tyler-mclellan,White,9955.11%,,,7/21/1999,Campbell,,,,White,RT,OL
Los Angeles Rams,LT,4,David Quessenberry,s:20~l:28~a:15946,https://www.espn.com/nfl/player/_/id/15946/david-quessenberry,White,9203.03%,77.0,306.0,8/24/1990 (34),San Jose State,2013.0,"Rd 6, Pk 176",HOU,White,LT,OL
Minnesota Vikings,SS,3,Bubba Bolden,s:20~l:28~a:4259631,https://www.espn.com/nfl/player/_/id/4259631/bubba-bolden,Black,6150.03%,,,5/28/1999,Miami,,,,Black,SS,DB
New Orleans Saints,RB,4,Clyde Edwards-Helaire,s:20~l:28~a:4242214,https://www.espn.com/nfl/player/_/id/4242214/clyde-edwards-helaire,Black,10000.00%,67.0,207.0,4/11/1999 (26),LSU,2020.0,"Rd 1, Pk 32",KC,Black,RB,RB
New York Jets,RT,3,Zack Bailey,s:20~l:28~a:3924352,https://www.espn.com/nfl/player/_/id/3924352/zack-bailey,White,8054.60%,,,11/8/1995,South Carolina,,,,White,RT,OL
Pittsburgh Steelers,TE,4,Donald Parham Jr.,s:20~l:28~a:3912092,https://www.espn.com/nfl/player/_/id/3912092/donald-parham-jr,Black,10000.00%,80.0,237.0,8/16/1997 (27),Stetson,,,,Black,TE,TE
Tampa Bay Buccaneers,RT,4,Lorenz Metz,s:20~l:28~a:4360063,https://www.espn.com/nfl/player/_/id/4360063/lorenz-metz,White,9886.47%,81.0,310.0,3/7/1997 (28),Cincinnati,,,,White,RT,OL
Tampa Bay Buccaneers,RT,3,Garret Greenfield,s:20~l:28~a:4368306,https://www.espn.com/nfl/player/_/id/4368306/garret-greenfield,White,9888.90%,78.0,310.0,9/20/1999 (25),S Dakota St,,,,White,RT,OL
Arizona Cardinals,LDT,2,Calais Campbell,s:20~l:28~a:11284,https://www.espn.com/nfl/player/_/id/11284/calais-campbell,Black,9962.84%,80.0,307.0,9/1/1986 (38),Miami,2008.0,"Rd 2, Pk 50",ARI,Black,LDT,DL
Arizona Cardinals,LT,2,Kelvin Beachum,s:20~l:28~a:15035,https://www.espn.com/nfl/player/_/id/15035/kelvin-beachum,Black,9998.54%,75.0,308.0,6/8/1989 (36),SMU,2012.0,"Rd 7, Pk 248",PIT,Black,LT,OL
Arizona Cardinals,QB,2,Jacoby Brissett,s:20~l:28~a:2578570,https://www.espn.com/nfl/player/_/id/2578570/jacoby-brissett,Black,10000.00%,76.0,235.0,12/11/1992 (32),NC State,2016.0,"Rd 3, Pk 91",NE,Black,QB,QB
Arizona Cardinals,RDT,1,Dalvin Tomlinson,s:20~l:28~a:2979860,https://www.espn.com/nfl/player/_/id/2979860/dalvin-tomlinson,Black,10000.00%,75.0,325.0,2/28/1994 (31),Alabama,2017.0,"Rd 2, Pk 55",NYG,Black,RDT,DL
Arizona Cardinals,RB,1,James Conner,s:20~l:28~a:3045147,https://www.espn.com/nfl/player/_/id/3045147/james-conner,Latino Hispanic,3372.45%,73.0,233.0,5/5/1995 (30),Pitt,2017.0,"Rd 3, Pk 105",PIT,Latino,RB,RB
Arizona Cardinals,WR,2,Zay Jones,s:20~l:28~a:3059722,https://www.espn.com/nfl/player/_/id/3059722/zay-jones,Black,9975.94%,74.0,200.0,3/30/1995 (30),ECU,2017.0,"Rd 2, Pk 37",BUF,Black,WR,WR
Arizona Cardinals,RDE,4,L.J. Collier,s:20~l:28~a:3116449,https://www.espn.com/nfl/player/_/id/3116449/lj-collier,Black,10000.00%,74.0,291.0,9/12/1995 (29),TCU,2019.0,"Rd 1, Pk 29",SEA,Black,RDE,DL
Arizona Cardinals,RDE,1,Justin Jones,s:20~l:28~a:3116746,https://www.espn.com/nfl/player/_/id/3116746/justin-jones,Black,10000.00%,75.0,309.0,8/28/1996 (28),NC State,2018.0,"Rd 3, Pk 84",LAC,Black,RDE,DL
Arizona Cardinals,LDT,3,Bilal Nichols,s:20~l:28~a:3117922,https://www.espn.com/nfl/player/_/id/3117922/bilal-nichols,Black,10000.00%,76.0,313.0,9/14/1996 (28),Delaware,2018.0,"Rd 5, Pk 145",CHI,Black,LDT,DL
Arizona Cardinals,FS,1,Budda Baker,s:20~l:28~a:3127287,https://www.espn.com/nfl/player/_/id/3127287/budda-baker,Black,9958.64%,70.0,195.0,1/10/1996 (29),Washington,2017.0,"Rd 2, Pk 36",ARI,Black,FS,DB
Arizona Cardinals,LG,1,Evan Brown,s:20~l:28~a:3128412,https://www.espn.com/nfl/player/_/id/3128412/evan-brown,White,9577.74%,75.0,320.0,9/16/1996 (28),SMU,,,,White,LG,OL
Arizona Cardinals,LDE,1,Josh Sweat,s:20~l:28~a:3693166,https://www.espn.com/nfl/player/_/id/3693166/josh-sweat,Black,10000.00%,77.0,265.0,3/29/1997 (28),FSU,2018.0,"Rd 4, Pk 130",PHI,Black,LDE,DL
Arizona Cardinals,C,1,Hjalte Froholdt,s:20~l:28~a:3886633,https://www.espn.com/nfl/player/_/id/3886633/hjalte-froholdt,White,9574.75%,77.0,310.0,8/20/1996 (28),Arkansas,2019.0,"Rd 4, Pk 118",NE,White,C,OL
Arizona Cardinals,WR,3,Andre Baccellia,s:20~l:28~a:3886809,https://www.espn.com/nfl/player/_/id/3886809/andre-baccellia,Latino Hispanic,3565.49%,70.0,175.0,1/7/1997 (28),Washington,,,,Latino,WR,WR
Arizona Cardinals,TE,4,Josiah Deguara,s:20~l:28~a:3914151,https://www.espn.com/nfl/player/_/id/3914151/josiah-deguara,White,6162.92%,74.0,238.0,2/14/1997 (28),Cincinnati,2020.0,"Rd 3, Pk 94",GB,White,TE,TE
Arizona Cardinals,MLB,1,Akeem Davis-Gaither,s:20~l:28~a:3917142,https://www.espn.com/nfl/player/_/id/3917142/akeem-davis-gaither,Black,10000.00%,74.0,238.0,9/21/1997 (27),App State,2020.0,"Rd 4, Pk 107",CIN,Black,MLB,LB
Arizona Cardinals,QB,1,Kyler Murray,s:20~l:28~a:3917315,https://www.espn.com/nfl/player/_/id/3917315/kyler-murray,Black,9999.99%,70.0,207.0,8/7/1997 (27),Oklahoma,2019.0,"Rd 1, Pk 1",ARI,Black,QB,QB
Arizona Cardinals,RG,3,Nick Leverett,s:20~l:28~a:3920591,https://www.espn.com/nfl/player/_/id/3920591/nick-leverett,Black,10000.00%,75.0,310.0,1/11/1997 (28),Rice,,,,Black,RG,OL
Arizona Cardinals,LG,3,Jake Curhan,s:20~l:28~a:4035870,https://www.espn.com/nfl/player/_/id/4035870/jake-curhan,White,5100.34%,78.0,316.0,2/9/1998 (27),California,,,,White,LG,OL
Arizona Cardinals,WR,1,Greg Dortch,s:20~l:28~a:4037235,https://www.espn.com/nfl/player/_/id/4037235/greg-dortch,Black,10000.00%,67.0,175.0,5/29/1998 (27),Wake Forest,,,,Black,WR,WR
Arizona Cardinals,RT,1,Jonah Williams,s:20~l:28~a:4040726,https://www.espn.com/nfl/player/_/id/4040726/jonah-williams,White,9792.02%,77.0,312.0,11/17/1997 (27),Alabama,2019.0,"Rd 1, Pk 11",CIN,White,RT,OL
Arizona Cardinals,SS,1,Jalen Thompson,s:20~l:28~a:4043089,https://www.espn.com/nfl/player/_/id/4043089/jalen-thompson,Black,10000.00%,71.0,190.0,7/18/1998 (26),Washington St,,,,Black,SS,DB
Arizona Cardinals,WR,4,Trishton Jackson,s:20~l:28~a:4046715,https://www.espn.com/nfl/player/_/id/4046715/trishton-jackson,Black,10000.00%,73.0,191.0,3/9/1998 (27),Syracuse,,,,Black,WR,WR
Arizona Cardinals,RG,2,Royce Newman,s:20~l:28~a:4047660,https://www.espn.com/nfl/player/_/id/4047660/royce-newman,White,9996.78%,77.0,310.0,8/17/1997 (27),Ole Miss,2021.0,"Rd 4, Pk 142",GB,White,RG,OL
Arizona Cardinals,WR,3,Quez Watkins,s:20~l:28~a:4050373,https://www.espn.com/nfl/player/_/id/4050373/quez-watkins,Black,10000.00%,72.0,193.0,6/9/1998 (27),Southern Miss,2020.0,"Rd 6, Pk 200",PHI,Black,WR,WR
Arizona Cardinals,RB,4,Michael Carter,s:20~l:28~a:4240657,https://www.espn.com/nfl/player/_/id/4240657/michael-carter,Black,10000.00%,68.0,201.0,5/7/1999 (26),North Carolina,2021.0,"Rd 4, Pk 107",NYJ,Black,RB,RB
Arizona Cardinals,FS,2,Joey Blount,s:20~l:28~a:4240824,https://www.espn.com/nfl/player/_/id/4240824/joey-blount,Black,8318.52%,73.0,201.0,11/16/1998 (26),Virginia,,,,Black,FS,DB
Arizona Cardinals,MLB,2,J.J. Russell,s:20~l:28~a:4243366,https://www.espn.com/nfl/player/_/id/4243366/jj-russell,Black,10000.00%,73.0,225.0,10/12/1998 (26),Memphis,,,,Black,MLB,LB
Arizona Cardinals,LDE,2,Zaven Collins,s:20~l:28~a:4244606,https://www.espn.com/nfl/player/_/id/4244606/zaven-collins,Black,8373.41%,76.0,260.0,5/19/1999 (26),Tulsa,2021.0,"Rd 1, Pk 16",ARI,Black,LDE,DL
Arizona Cardinals,LG,4,McClendon Curtis,s:20~l:28~a:4247276,https://www.espn.com/nfl/player/_/id/4247276/mcclendon-curtis,Black,10000.00%,78.0,325.0,9/16/1999 (25),Chattanooga,,,,Black,LG,OL
Arizona Cardinals,MLB,4,Vi Jones,s:20~l:28~a:4259636,https://www.espn.com/nfl/player/_/id/4259636/vi-jones,Black,9890.71%,74.0,225.0,5/5/1998 (27),NC State,,,,Black,MLB,LB
Arizona Cardinals,QB,3,Clayton Tune,s:20~l:28~a:4360175,https://www.espn.com/nfl/player/_/id/4360175/clayton-tune,White,9998.95%,75.0,220.0,3/23/1999 (26),Houston,2023.0,"Rd 5, Pk 139",ARI,White,QB,QB
Arizona Cardinals,WR,2,Simi Fehoko,s:20~l:28~a:4360739,https://www.espn.com/nfl/player/_/id/4360739/simi-fehoko,Latino Hispanic,2603.94%,76.0,218.0,11/5/1997 (27),Stanford,2021.0,"Rd 5, Pk 179",DAL,Latino,WR,WR
Arizona Cardinals,WR,1,Michael Wilson,s:20~l:28~a:4360761,https://www.espn.com/nfl/player/_/id/4360761/michael-wilson,Latino Hispanic,4623.96%,74.0,213.0,2/23/2000 (25),Stanford,2023.0,"Rd 3, Pk 94",ARI,Latino,WR,WR
Arizona Cardinals,TE,1,Trey McBride,s:20~l:28~a:4361307,https://www.espn.com/nfl/player/_/id/4361307/trey-mcbride,White,9999.90%,76.0,246.0,11/22/1999 (25),Colorado State,2022.0,"Rd 2, Pk 55",ARI,White,TE,TE
Arizona Cardinals,RDT,2,PJ Mustipher,s:20~l:28~a:4361421,https://www.espn.com/nfl/player/_/id/4361421/pj-mustipher,Black,6653.42%,76.0,318.0,11/10/1999 (25),Penn State,,,,Black,RDT,DL
Arizona Cardinals,RT,2,Christian Jones,s:20~l:28~a:4362103,https://www.espn.com/nfl/player/_/id/4362103/christian-jones,Black,10000.00%,77.0,305.0,5/12/2000 (25),Texas,2024.0,"Rd 5, Pk 162",ARI,Black,RT,OL
Arizona Cardinals,LDE,4,Dante Stills,s:20~l:28~a:4362225,https://www.espn.com/nfl/player/_/id/4362225/dante-stills,Black,9987.20%,76.0,286.0,12/14/1999 (25),West Virginia,2023.0,"Rd 6, Pk 213",ARI,Black,LDE,DL
Arizona Cardinals,RB,3,Emari Demercado,s:20~l:28~a:4362478,https://www.espn.com/nfl/player/_/id/4362478/emari-demercado,Black,9999.96%,69.0,215.0,1/20/1999 (26),TCU,,,,Black,RB,RB
Arizona Cardinals,C,2,Jon Gaines II,s:20~l:28~a:4367199,https://www.espn.com/nfl/player/_/id/4367199/jon-gaines-ii,Black,10000.00%,76.0,303.0,5/24/1999 (26),UCLA,2023.0,"Rd 4, Pk 122",ARI,Black,C,OL
Arizona Cardinals,TE,3,Elijah Higgins,s:20~l:28~a:4426844,https://www.espn.com/nfl/player/_/id/4426844/elijah-higgins,Black,9720.33%,75.0,235.0,10/27/2000 (24),Stanford,2023.0,"Rd 6, Pk 197",MIA,Black,TE,TE
Arizona Cardinals,C,3,Sincere Haynesworth,s:20~l:28~a:4427423,https://www.espn.com/nfl/player/_/id/4427423/sincere-haynesworth,Black,9998.24%,73.0,300.0,4/13/2001 (24),Tulane,,,,Black,C,OL
Arizona Cardinals,LT,3,Valentin Senn,s:20~l:28~a:4428458,https://www.espn.com/nfl/player/_/id/4428458/valentin-senn,White,9617.03%,79.0,310.0,,UConn,,,,White,LT,OL
Arizona Cardinals,SS,2,Dadrion Taylor-Demerson,s:20~l:28~a:4428633,https://www.espn.com/nfl/player/_/id/4428633/dadrion-taylor-demerson,Black,9999.62%,70.0,197.0,1/20/2001 (24),Texas Tech,2024.0,"Rd 4, Pk 104",ARI,Black,SS,DB
Arizona Cardinals,WR,2,Xavier Weaver,s:20~l:28~a:4428811,https://www.espn.com/nfl/player/_/id/4428811/xavier-weaver,Black,9579.93%,73.0,169.0,10/12/2000 (24),Colorado,,,,Black,WR,WR
Arizona Cardinals,LT,1,Paris Johnson Jr.,s:20~l:28~a:4428991,https://www.espn.com/nfl/player/_/id/4428991/paris-johnson-jr,Black,10000.00%,78.0,313.0,7/3/2001 (23),Ohio State,2023.0,"Rd 1, Pk 6",ARI,Black,LT,OL
Arizona Cardinals,RDE,3,Jordan Burch,s:20~l:28~a:4428996,https://www.espn.com/nfl/player/_/id/4428996/jordan-burch,Black,9298.82%,76.0,279.0,10/10/2001 (23),Oregon,2025.0,"Rd 3, Pk 78",ARI,Black,RDE,DL
Arizona Cardinals,MLB,3,Cody Simon,s:20~l:28~a:4429071,https://www.espn.com/nfl/player/_/id/4429071/cody-simon,Black,3125.55%,74.0,229.0,4/1/2002 (23),Ohio State,2025.0,"Rd 4, Pk 115",ARI,Black,MLB,LB
Arizona Cardinals,LDE,3,BJ Ojulari,s:20~l:28~a:4429111,https://www.espn.com/nfl/player/_/id/4429111/bj-ojulari,Black,10000.00%,74.0,248.0,4/5/2002 (23),LSU,2023.0,"Rd 2, Pk 41",ARI,Black,LDE,DL
Arizona Cardinals,RB,2,Trey Benson,s:20~l:28~a:4429275,https://www.espn.com/nfl/player/_/id/4429275/trey-benson,Black,10000.00%,72.0,216.0,7/23/2002 (22),Florida St,2024.0,"Rd 3, Pk 66",ARI,Black,RB,RB
Arizona Cardinals,RT,3,Josh Fryar,s:20~l:28~a:4429782,https://www.espn.com/nfl/player/_/id/4429782/josh-fryar,Latino Hispanic,3077.68%,77.0,320.0,,Ohio State,,,,Latino,RT,OL
Arizona Cardinals,FS,3,Jammie Robinson,s:20~l:28~a:4430411,https://www.espn.com/nfl/player/_/id/4430411/jammie-robinson,Black,10000.00%,71.0,195.0,1/24/2001 (24),Florida St,2023.0,"Rd 5, Pk 145",CAR,Black,FS,DB
Arizona Cardinals,RDT,3,Elijah Simmons,s:20~l:28~a:4430478,https://www.espn.com/nfl/player/_/id/4430478/elijah-simmons,Black,10000.00%,73.0,334.0,,Tennessee,,,,Black,RDT,DL
Arizona Cardinals,SS,3,Kitan Crawford,s:20~l:28~a:4430821,https://www.espn.com/nfl/player/_/id/4430821/kitan-crawford,Black,10000.00%,71.0,202.0,12/31/2001 (23),Nevada,2025.0,"Rd 7, Pk 225",ARI,Black,SS,DB
Arizona Cardinals,LDT,4,Patrick Jenkins,s:20~l:28~a:4431172,https://www.espn.com/nfl/player/_/id/4431172/patrick-jenkins,Black,9982.18%,74.0,293.0,,Tulane,,,,Black,LDT,DL
Arizona Cardinals,LG,2,Hayden Conner,s:20~l:28~a:4431214,https://www.espn.com/nfl/player/_/id/4431214/hayden-conner,White,9941.02%,78.0,314.0,4/26/2002 (23),Texas,2025.0,"Rd 6, Pk 211",ARI,White,LG,OL
Arizona Cardinals,WR,4,Bryson Green,s:20~l:28~a:4432705,https://www.espn.com/nfl/player/_/id/4432705/bryson-green,Latino Hispanic,3047.44%,73.0,207.0,,Wisconsin,,,,Latino,WR,WR
Arizona Cardinals,WR,1,Marvin Harrison Jr.,s:20~l:28~a:4432708,https://www.espn.com/nfl/player/_/id/4432708/marvin-harrison-jr,Black,10000.00%,75.0,209.0,8/11/2002 (22),Ohio State,2024.0,"Rd 1, Pk 4",ARI,Black,WR,WR
Arizona Cardinals,RDE,2,Darius Robinson,s:20~l:28~a:4569480,https://www.espn.com/nfl/player/_/id/4569480/darius-robinson,Black,10000.00%,77.0,285.0,9/13/2001 (23),Missouri,2024.0,"Rd 1, Pk 27",ARI,Black,RDE,DL
Arizona Cardinals,RT,4,Jeremiah Byers,s:20~l:28~a:4575664,https://www.espn.com/nfl/player/_/id/4575664/jeremiah-byers,White,9875.72%,76.0,320.0,,Miami,,,,White,RT,OL
Arizona Cardinals,LDT,1,Walter Nolen III,s:20~l:28~a:4685503,https://www.espn.com/nfl/player/_/id/4685503/walter-nolen-iii,Black,10000.00%,76.0,296.0,10/14/2003 (21),Ole Miss,2025.0,"Rd 1, Pk 16",ARI,Black,LDT,DL
Arizona Cardinals,TE,2,Tip Reiman,s:20~l:28~a:4696700,https://www.espn.com/nfl/player/_/id/4696700/tip-reiman,White,9999.41%,77.0,271.0,9/17/2001 (23),Illinois,2024.0,"Rd 3, Pk 82",ARI,White,TE,TE
Arizona Cardinals,WR,3,Tejhaun Palmer,s:20~l:28~a:4875912,https://www.espn.com/nfl/player/_/id/4875912/tejhaun-palmer,Black,10000.00%,73.0,210.0,5/19/2000 (25),UAB,2024.0,"Rd 6, Pk 191",ARI,Black,WR,WR
Arizona Cardinals,RG,1,Isaiah Adams,s:20~l:28~a:5084939,https://www.espn.com/nfl/player/_/id/5084939/isaiah-adams,Latino Hispanic,3265.48%,76.0,315.0,7/21/2000 (24),Illinois,2024.0,"Rd 3, Pk 71",ARI,Latino,RG,OL
Atlanta Falcons,QB,2,Kirk Cousins,s:20~l:28~a:14880,https://www.espn.com/nfl/player/_/id/14880/kirk-cousins,White,9999.91%,75.0,205.0,8/19/1988 (36),Michigan State,2012.0,"Rd 4, Pk 102",WSH,White,QB,QB
Atlanta Falcons,LT,1,Jake Matthews,s:20~l:28~a:16713,https://www.espn.com/nfl/player/_/id/16713/jake-matthews,White,9242.87%,77.0,310.0,2/11/1992 (33),Texas A&M,2014.0,"Rd 1, Pk 6",ATL,White,LT,OL
Atlanta Falcons,LT,2,Storm Norton,s:20~l:28~a:2973014,https://www.espn.com/nfl/player/_/id/2973014/storm-norton,White,9999.96%,79.0,310.0,5/16/1994 (31),Toledo,,,,White,LT,OL
Atlanta Falcons,WR,2,KhaDarel Hodge,s:20~l:28~a:3047876,https://www.espn.com/nfl/player/_/id/3047876/khadarel-hodge,Black,10000.00%,74.0,210.0,1/3/1995 (30),PV A&M,,,,Black,WR,WR
Atlanta Falcons,LDE,1,Morgan Fox,s:20~l:28~a:3059620,https://www.espn.com/nfl/player/_/id/3059620/morgan-fox,White,9966.56%,75.0,259.0,9/12/1994 (30),CO St Pueb,,,,White,LDE,DL
Atlanta Falcons,LG,2,Elijah Wilkinson,s:20~l:28~a:3059839,https://www.espn.com/nfl/player/_/id/3059839/elijah-wilkinson,Black,9987.96%,76.0,310.0,2/10/1995 (30),UMass,,,,Black,LG,OL
Atlanta Falcons,WR,2,Jamal Agnew,s:20~l:28~a:3061612,https://www.espn.com/nfl/player/_/id/3061612/jamal-agnew,Black,9936.43%,70.0,190.0,4/3/1995 (30),San Diego,2017.0,"Rd 5, Pk 165",DET,Black,WR,WR
Atlanta Falcons,RT,2,Brandon Parker,s:20~l:28~a:3072292,https://www.espn.com/nfl/player/_/id/3072292/brandon-parker,Black,9999.99%,79.0,320.0,10/21/1995 (29),NC A&T,2018.0,"Rd 3, Pk 65",OAK,Black,RT,OL
Atlanta Falcons,NT,2,Kentavius Street,s:20~l:28~a:3116726,https://www.espn.com/nfl/player/_/id/3116726/kentavius-street,Black,10000.00%,74.0,315.0,5/8/1996 (29),NC State,2018.0,"Rd 4, Pk 128",SF,Black,NT,DL
Atlanta Falcons,QB,3,Easton Stick,s:20~l:28~a:3120590,https://www.espn.com/nfl/player/_/id/3120590/easton-stick,White,9853.72%,73.0,217.0,9/15/1995 (29),North Dakota St,2019.0,"Rd 5, Pk 166",LAC,White,QB,QB
Atlanta Falcons,RT,1,Kaleb McGary,s:20~l:28~a:3127304,https://www.espn.com/nfl/player/_/id/3127304/kaleb-mcgary,White,9985.72%,78.0,330.0,2/22/1995 (30),Washington,2019.0,"Rd 1, Pk 31",ATL,White,RT,OL
Atlanta Falcons,RG,1,Chris Lindstrom,s:20~l:28~a:3672833,https://www.espn.com/nfl/player/_/id/3672833/chris-lindstrom,Latino Hispanic,4366.13%,75.0,310.0,2/28/1997 (28),Boston College,2019.0,"Rd 1, Pk 14",ATL,Latino,RG,OL
Atlanta Falcons,WR,1,Ray-Ray McCloud III,s:20~l:28~a:3728262,https://www.espn.com/nfl/player/_/id/3728262/ray-ray-mccloud-iii,Black,10000.00%,69.0,185.0,10/15/1996 (28),Clemson,2018.0,"Rd 6, Pk 187",BUF,Black,WR,WR
Atlanta Falcons,WR,4,David Sills V,s:20~l:28~a:3871102,https://www.espn.com/nfl/player/_/id/3871102/david-sills-v,White,9996.26%,75.0,211.0,5/29/1996 (29),West Virginia,,,,White,WR,WR
Atlanta Falcons,SS,1,Jessie Bates III,s:20~l:28~a:3919512,https://www.espn.com/nfl/player/_/id/3919512/jessie-bates-iii,Latino Hispanic,3062.36%,73.0,210.0,2/26/1997 (28),Wake Forest,2018.0,"Rd 2, Pk 54",CIN,Latino,SS,DB
Atlanta Falcons,RT,4,Jordan Williams,s:20~l:28~a:3928939,https://www.espn.com/nfl/player/_/id/3928939/jordan-williams,Latino Hispanic,3719.95%,,,5/26/1997,Baylor,,,,Latino,RT,OL
Atlanta Falcons,RT,3,Tyrone Wheatley Jr.,s:20~l:28~a:3929922,https://www.espn.com/nfl/player/_/id/3929922/tyrone-wheatley-jr,Black,10000.00%,78.0,265.0,2/4/1997 (28),Morgan State,,,,Black,RT,OL
Atlanta Falcons,RDE,1,David Onyemata,s:20~l:28~a:4002046,https://www.espn.com/nfl/player/_/id/4002046/david-onyemata,Black,10000.00%,76.0,300.0,11/13/1992 (32),Manitoba,2016.0,"Rd 4, Pk 120",NO,Black,RDE,DL
Atlanta Falcons,TE,3,Feleipe Franks,s:20~l:28~a:4034948,https://www.espn.com/nfl/player/_/id/4034948/feleipe-franks,Indian,3111.49%,78.0,234.0,12/22/1997 (27),Arkansas,,,,Asian,TE,TE
Atlanta Falcons,TE,2,Charlie Woerner,s:20~l:28~a:4035020,https://www.espn.com/nfl/player/_/id/4035020/charlie-woerner,White,9986.66%,77.0,250.0,10/16/1997 (27),Georgia,2020.0,"Rd 6, Pk 190",SF,White,TE,TE
Atlanta Falcons,C,1,Ryan Neuzil,s:20~l:28~a:4036444,https://www.espn.com/nfl/player/_/id/4036444/ryan-neuzil,White,10000.00%,75.0,301.0,7/31/1997 (27),App State,,,,White,C,OL
Atlanta Falcons,FS,1,Jordan Fuller,s:20~l:28~a:4040613,https://www.espn.com/nfl/player/_/id/4040613/jordan-fuller,Black,10000.00%,74.0,203.0,3/4/1998 (27),Ohio State,2020.0,"Rd 6, Pk 199",LAR,Black,FS,DB
Atlanta Falcons,WR,1,Darnell Mooney,s:20~l:28~a:4040655,https://www.espn.com/nfl/player/_/id/4040655/darnell-mooney,Black,10000.00%,71.0,180.0,10/29/1997 (27),Tulane,2020.0,"Rd 5, Pk 173",CHI,Black,WR,WR
Atlanta Falcons,RB,3,Carlos Washington Jr.,s:20~l:28~a:4248425,https://www.espn.com/nfl/player/_/id/4248425/carlos-washington-jr,Black,10000.00%,71.0,210.0,12/26/1998 (26),SE Louisiana,,,,Black,RB,RB
Atlanta Falcons,RB,4,Elijah Dotson,s:20~l:28~a:4248909,https://www.espn.com/nfl/player/_/id/4248909/elijah-dotson,Black,9995.79%,69.0,202.0,1/19/1999 (26),N Colorado,,,,Black,RB,RB
Atlanta Falcons,FS,3,Josh Thompson,s:20~l:28~a:4259346,https://www.espn.com/nfl/player/_/id/4259346/josh-thompson,Black,10000.00%,72.0,194.0,10/20/1998 (26),Texas,,,,Black,FS,DB
Atlanta Falcons,RDE,2,Ta'Quon Graham,s:20~l:28~a:4262197,https://www.espn.com/nfl/player/_/id/4262197/taquon-graham,Black,10000.00%,76.0,300.0,12/1/1998 (26),Texas,2021.0,"Rd 5, Pk 148",ATL,Black,RDE,DL
Atlanta Falcons,QB,4,Emory Jones,s:20~l:28~a:4360230,https://www.espn.com/nfl/player/_/id/4360230/emory-jones,Indian,7806.65%,74.0,210.0,4/29/2000 (25),Cincinnati,,,,Asian,QB,QB
Atlanta Falcons,TE,1,Kyle Pitts,s:20~l:28~a:4360248,https://www.espn.com/nfl/player/_/id/4360248/kyle-pitts,Black,10000.00%,78.0,250.0,10/6/2000 (24),Florida,2021.0,"Rd 1, Pk 4",ATL,Black,TE,TE
Atlanta Falcons,QB,1,Michael Penix Jr.,s:20~l:28~a:4360423,https://www.espn.com/nfl/player/_/id/4360423/michael-penix-jr,Black,10000.00%,74.0,220.0,5/8/2000 (25),Washington,2024.0,"Rd 1, Pk 8",ATL,Black,QB,QB
Atlanta Falcons,C,2,Jovaughn Gwyn,s:20~l:28~a:4362845,https://www.espn.com/nfl/player/_/id/4362845/jovaughn-gwyn,Latino Hispanic,5548.75%,74.0,310.0,3/18/1999 (26),South Carolina,2023.0,"Rd 7, Pk 225",ATL,Latino,C,OL
Atlanta Falcons,WR,3,Dylan Drummond,s:20~l:28~a:4363551,https://www.espn.com/nfl/player/_/id/4363551/dylan-drummond,Black,6006.01%,72.0,190.0,1/17/2000 (25),E Michigan,,,,Black,WR,WR
Atlanta Falcons,WR,3,Chris Blair,s:20~l:28~a:4369886,https://www.espn.com/nfl/player/_/id/4369886/chris-blair,Black,10000.00%,74.0,215.0,10/6/1997 (27),Alcorn St,,,,Black,WR,WR
Atlanta Falcons,C,3,Matthew Cindric,s:20~l:28~a:4372738,https://www.espn.com/nfl/player/_/id/4372738/matthew-cindric,White,9999.80%,76.0,295.0,8/2/1999 (25),California,,,,White,C,OL
Atlanta Falcons,RB,2,Tyler Allgeier,s:20~l:28~a:4373626,https://www.espn.com/nfl/player/_/id/4373626/tyler-allgeier,Asian,5735.07%,71.0,225.0,4/15/2000 (25),BYU,2022.0,"Rd 5, Pk 151",ATL,Asian,RB,RB
Atlanta Falcons,TE,4,Teagan Quitoriano,s:20~l:28~a:4374045,https://www.espn.com/nfl/player/_/id/4374045/teagan-quitoriano,White,9999.82%,78.0,259.0,3/15/2000 (25),Oregon St,2022.0,"Rd 5, Pk 170",HOU,White,TE,TE
Atlanta Falcons,NT,3,LaCale London,s:20~l:28~a:4376288,https://www.espn.com/nfl/player/_/id/4376288/lacale-london,Latino Hispanic,3771.22%,75.0,330.0,8/5/1997 (27),W Illinois,,,,Latino,NT,DL
Atlanta Falcons,WR,3,Jesse Matthews,s:20~l:28~a:4379569,https://www.espn.com/nfl/player/_/id/4379569/jesse-matthews,Black,3570.46%,72.0,190.0,8/12/1999 (25),San Diego St,,,,Black,WR,WR
Atlanta Falcons,LDE,2,Zach Harrison,s:20~l:28~a:4426412,https://www.espn.com/nfl/player/_/id/4426412/zach-harrison,Black,10000.00%,77.0,270.0,8/14/2001 (23),Ohio State,2023.0,"Rd 3, Pk 75",ATL,Black,LDE,DL
Atlanta Falcons,WR,1,Drake London,s:20~l:28~a:4426502,https://www.espn.com/nfl/player/_/id/4426502/drake-london,Latino Hispanic,4456.83%,76.0,215.0,7/24/2001 (23),USC,2022.0,"Rd 1, Pk 8",ATL,Latino,WR,WR
Atlanta Falcons,RDE,3,Brandon Dorlus,s:20~l:28~a:4427090,https://www.espn.com/nfl/player/_/id/4427090/brandon-dorlus,Black,8024.48%,75.0,295.0,3/22/2001 (24),Oregon,2024.0,"Rd 4, Pk 109",ATL,Black,RDE,DL
Atlanta Falcons,WR,2,Casey Washington,s:20~l:28~a:4428796,https://www.espn.com/nfl/player/_/id/4428796/casey-washington,Latino Hispanic,2867.52%,72.0,205.0,3/6/2001 (24),Illinois,2024.0,"Rd 6, Pk 187",ATL,Latino,WR,WR
Atlanta Falcons,NT,1,Ruke Orhorhoro,s:20~l:28~a:4430271,https://www.espn.com/nfl/player/_/id/4430271/ruke-orhorhoro,Black,10000.00%,76.0,295.0,10/13/2001 (23),Clemson,2024.0,"Rd 2, Pk 35",ATL,Black,NT,DL
Atlanta Falcons,WR,4,Makai Polk,s:20~l:28~a:4430325,https://www.espn.com/nfl/player/_/id/4430325/makai-polk,Black,10000.00%,75.0,197.0,8/4/2001 (23),Mississippi St,,,,Black,WR,WR
Atlanta Falcons,RB,1,Bijan Robinson,s:20~l:28~a:4430807,https://www.espn.com/nfl/player/_/id/4430807/bijan-robinson,Black,10000.00%,71.0,215.0,1/30/2002 (23),Texas,2023.0,"Rd 1, Pk 8",ATL,Black,RB,RB
Atlanta Falcons,FS,2,Xavier Watts,s:20~l:28~a:4431005,https://www.espn.com/nfl/player/_/id/4431005/xavier-watts,Black,4689.88%,71.0,204.0,11/22/2001 (23),Notre Dame,2025.0,"Rd 3, Pk 96",ATL,Black,FS,DB
Atlanta Falcons,C,4,Michael Gonzalez,s:20~l:28~a:4431548,https://www.espn.com/nfl/player/_/id/4431548/michael-gonzalez,Latino Hispanic,3927.43%,76.0,305.0,,Louisville,,,,Latino,C,OL
Atlanta Falcons,SS,2,DeMarcco Hellams,s:20~l:28~a:4567111,https://www.espn.com/nfl/player/_/id/4567111/demarcco-hellams,Black,10000.00%,73.0,203.0,6/5/2000 (25),Alabama,2023.0,"Rd 7, Pk 224",ATL,Black,SS,DB
Atlanta Falcons,LG,1,Matthew Bergeron,s:20~l:28~a:4568510,https://www.espn.com/nfl/player/_/id/4568510/matthew-bergeron,Indian,6402.38%,77.0,315.0,2/26/2000 (25),Syracuse,2023.0,"Rd 2, Pk 38",ATL,Asian,LG,OL
Atlanta Falcons,WR,4,Nick Nash,s:20~l:28~a:4570242,https://www.espn.com/nfl/player/_/id/4570242/nick-nash,Latino Hispanic,3496.61%,74.0,203.0,,San José St,,,,Latino,WR,WR
Atlanta Falcons,LG,3,Joshua Gray,s:20~l:28~a:4570485,https://www.espn.com/nfl/player/_/id/4570485/joshua-gray,Black,8360.10%,77.0,299.0,,Oregon St,,,,Black,LG,OL
Atlanta Falcons,LDE,3,Simeon Barrow Jr.,s:20~l:28~a:4578889,https://www.espn.com/nfl/player/_/id/4578889/simeon-barrow-jr,Black,10000.00%,73.0,283.0,,Miami,,,,Black,LDE,DL
Atlanta Falcons,RG,2,Kyle Hinton,s:20~l:28~a:4682831,https://www.espn.com/nfl/player/_/id/4682831/kyle-hinton,Black,9999.69%,74.0,315.0,2/27/1998 (27),Washburn,2020.0,"Rd 7, Pk 253",MIN,Black,RG,OL
Atlanta Falcons,SS,3,Malik Verdon,s:20~l:28~a:4684636,https://www.espn.com/nfl/player/_/id/4684636/malik-verdon,Latino Hispanic,3658.07%,75.0,218.0,,Iowa State,,,,Latino,SS,DB
Atlanta Falcons,LT,4,Kilian Zierer,s:20~l:28~a:4689088,https://www.espn.com/nfl/player/_/id/4689088/kilian-zierer,White,8514.94%,79.0,312.0,2/24/1998 (27),Auburn,,,,White,LT,OL
Atlanta Falcons,LT,3,Jack Nelson,s:20~l:28~a:4693369,https://www.espn.com/nfl/player/_/id/4693369/jack-nelson,White,9999.83%,79.0,314.0,1/15/2002 (23),Wisconsin,2025.0,"Rd 7, Pk 218",ATL,White,LT,OL
Baltimore Ravens,WR,1,DeAndre Hopkins,s:20~l:28~a:15795,https://www.espn.com/nfl/player/_/id/15795/deandre-hopkins,Black,10000.00%,73.0,218.0,6/6/1992 (33),Clemson,2013.0,"Rd 1, Pk 27",HOU,Black,WR,WR
Baltimore Ravens,NT,2,John Jenkins,s:20~l:28~a:15846,https://www.espn.com/nfl/player/_/id/15846/john-jenkins,Black,9999.99%,75.0,327.0,7/11/1989 (35),Georgia,2013.0,"Rd 3, Pk 82",NO,Black,NT,DL
Baltimore Ravens,QB,2,Cooper Rush,s:20~l:28~a:2972515,https://www.espn.com/nfl/player/_/id/2972515/cooper-rush,White,7454.70%,75.0,225.0,11/21/1993 (31),Cent Michigan,,,,White,QB,QB
Baltimore Ravens,FB,1,Patrick Ricard,s:20~l:28~a:2975417,https://www.espn.com/nfl/player/_/id/2975417/patrick-ricard,White,9846.21%,75.0,300.0,5/27/1994 (31),Maine,,,,White,FB,RB
Baltimore Ravens,LT,1,Ronnie Stanley,s:20~l:28~a:2980153,https://www.espn.com/nfl/player/_/id/2980153/ronnie-stanley,Black,4526.11%,78.0,310.0,3/18/1994 (31),Notre Dame,2016.0,"Rd 1, Pk 6",BAL,Black,LT,OL
Baltimore Ravens,LT,2,Joe Noteboom,s:20~l:28~a:3040008,https://www.espn.com/nfl/player/_/id/3040008/joe-noteboom,Black,4383.63%,77.0,321.0,6/19/1995 (29),TCU,2018.0,"Rd 3, Pk 89",LAR,Black,LT,OL
Baltimore Ravens,RB,1,Derrick Henry,s:20~l:28~a:3043078,https://www.espn.com/nfl/player/_/id/3043078/derrick-henry,Black,10000.00%,74.0,247.0,1/4/1994 (31),Alabama,2016.0,"Rd 2, Pk 45",TEN,Black,RB,RB
Baltimore Ravens,WR,3,Keith Kirkwood,s:20~l:28~a:3046401,https://www.espn.com/nfl/player/_/id/3046401/keith-kirkwood,Black,9160.14%,75.0,210.0,12/26/1993 (31),Temple,,,,Black,WR,WR
Baltimore Ravens,WR,3,Anthony Miller,s:20~l:28~a:3050487,https://www.espn.com/nfl/player/_/id/3050487/anthony-miller,Black,10000.00%,71.0,190.0,10/9/1994 (30),Memphis,2018.0,"Rd 2, Pk 51",CHI,Black,WR,WR
Baltimore Ravens,TE,1,Mark Andrews,s:20~l:28~a:3116365,https://www.espn.com/nfl/player/_/id/3116365/mark-andrews,White,8329.66%,77.0,250.0,9/6/1995 (29),Oklahoma,2018.0,"Rd 3, Pk 86",BAL,White,TE,TE
Baltimore Ravens,RDE,1,Broderick Washington,s:20~l:28~a:3915837,https://www.espn.com/nfl/player/_/id/3915837/broderick-washington,Black,9999.76%,74.0,315.0,12/4/1996 (28),Texas Tech,2020.0,"Rd 5, Pk 170",BAL,Black,RDE,DL
Baltimore Ravens,QB,1,Lamar Jackson,s:20~l:28~a:3916387,https://www.espn.com/nfl/player/_/id/3916387/lamar-jackson,Black,10000.00%,74.0,205.0,1/7/1997 (28),Louisville,2018.0,"Rd 1, Pk 32",BAL,Black,QB,QB
Baltimore Ravens,LG,2,Ben Cleveland,s:20~l:28~a:4035002,https://www.espn.com/nfl/player/_/id/4035002/ben-cleveland,White,9606.73%,78.0,360.0,8/25/1998 (26),Georgia,2021.0,"Rd 3, Pk 94",BAL,White,LG,OL
Baltimore Ravens,LDE,1,Nnamdi Madubuike,s:20~l:28~a:4035245,https://www.espn.com/nfl/player/_/id/4035245/nnamdi-madubuike,Black,10000.00%,75.0,305.0,11/17/1997 (27),Texas A&M,2020.0,"Rd 3, Pk 71",BAL,Black,LDE,DL
Baltimore Ravens,RB,2,Justice Hill,s:20~l:28~a:4038441,https://www.espn.com/nfl/player/_/id/4038441/justice-hill,Black,10000.00%,70.0,195.0,11/14/1997 (27),Oklahoma State,2019.0,"Rd 4, Pk 113",BAL,Black,RB,RB
Baltimore Ravens,WR,3,Malik Cunningham,s:20~l:28~a:4240069,https://www.espn.com/nfl/player/_/id/4240069/malik-cunningham,Black,10000.00%,73.0,186.0,10/6/1998 (26),Louisville,,,,Black,WR,WR
Baltimore Ravens,TE,3,Charlie Kolar,s:20~l:28~a:4241263,https://www.espn.com/nfl/player/_/id/4241263/charlie-kolar,White,9476.05%,78.0,267.0,2/10/1999 (26),Iowa State,2022.0,"Rd 4, Pk 128",BAL,White,TE,TE
Baltimore Ravens,WR,2,Tylan Wallace,s:20~l:28~a:4241424,https://www.espn.com/nfl/player/_/id/4241424/tylan-wallace,Latino Hispanic,3652.04%,71.0,202.0,5/13/1999 (26),Oklahoma St,2021.0,"Rd 4, Pk 131",BAL,Latino,WR,WR
Baltimore Ravens,LG,1,Andrew Vorhees,s:20~l:28~a:4243220,https://www.espn.com/nfl/player/_/id/4243220/andrew-vorhees,White,8703.25%,78.0,320.0,1/21/1999 (26),USC,2023.0,"Rd 7, Pk 229",BAL,White,LG,OL
Baltimore Ravens,C,1,Tyler Linderbaum,s:20~l:28~a:4360499,https://www.espn.com/nfl/player/_/id/4360499/tyler-linderbaum,Latino Hispanic,4109.15%,74.0,314.0,4/7/2000 (25),Iowa,2022.0,"Rd 1, Pk 25",BAL,Latino,C,OL
Baltimore Ravens,WR,1,Rashod Bateman,s:20~l:28~a:4360939,https://www.espn.com/nfl/player/_/id/4360939/rashod-bateman,Black,10000.00%,73.0,195.0,11/29/1999 (25),Minnesota,2021.0,"Rd 1, Pk 27",BAL,Black,WR,WR
Baltimore Ravens,RG,1,Daniel Faalele,s:20~l:28~a:4360964,https://www.espn.com/nfl/player/_/id/4360964/daniel-faalele,Latino Hispanic,4445.12%,80.0,380.0,11/9/1999 (25),Minnesota,2022.0,"Rd 4, Pk 110",BAL,Latino,RG,OL
Baltimore Ravens,TE,2,Isaiah Likely,s:20~l:28~a:4361050,https://www.espn.com/nfl/player/_/id/4361050/isaiah-likely,Black,9748.73%,76.0,247.0,4/18/2000 (25),Coast Carolina,2022.0,"Rd 4, Pk 139",BAL,Black,TE,TE
Baltimore Ravens,QB,3,Devin Leary,s:20~l:28~a:4361653,https://www.espn.com/nfl/player/_/id/4361653/devin-leary,White,9967.25%,73.0,216.0,9/10/1999 (25),Kentucky,2024.0,"Rd 6, Pk 218",BAL,White,QB,QB
Baltimore Ravens,NT,1,Travis Jones,s:20~l:28~a:4362139,https://www.espn.com/nfl/player/_/id/4362139/travis-jones,Black,9988.88%,76.0,338.0,10/15/1999 (25),UConn,2022.0,"Rd 3, Pk 76",BAL,Black,NT,DL
Baltimore Ravens,SS,4,Ar'Darius Washington,s:20~l:28~a:4362492,https://www.espn.com/nfl/player/_/id/4362492/ardarius-washington,Black,9999.87%,68.0,180.0,11/2/1999 (25),TCU,,,,Black,SS,DB
Baltimore Ravens,LG,4,Jared Penning,s:20~l:28~a:4428225,https://www.espn.com/nfl/player/_/id/4428225/jared-penning,N/A (Scrape Failed),0.00%,77.0,319.0,,Northern Iowa,,,,N/A (Scrape Failed),LG,OL
Baltimore Ravens,C,2,Nick Samac,s:20~l:28~a:4428421,https://www.espn.com/nfl/player/_/id/4428421/nick-samac,White,5519.93%,76.0,314.0,8/21/2001 (23),Michigan St,2024.0,"Rd 7, Pk 228",BAL,White,C,OL
Baltimore Ravens,WR,4,Dayton Wade,s:20~l:28~a:4428763,https://www.espn.com/nfl/player/_/id/4428763/dayton-wade,Black,10000.00%,69.0,184.0,9/8/2000 (24),Ole Miss,,,,Black,WR,WR
Baltimore Ravens,FS,2,Beau Brade,s:20~l:28~a:4429291,https://www.espn.com/nfl/player/_/id/4429291/beau-brade,Black,10000.00%,72.0,209.0,1/29/2002 (23),Maryland,,,,Black,FS,DB
Baltimore Ravens,WR,1,Zay Flowers,s:20~l:28~a:4429615,https://www.espn.com/nfl/player/_/id/4429615/zay-flowers,Black,10000.00%,69.0,175.0,9/11/2000 (24),Boston College,2023.0,"Rd 1, Pk 22",BAL,Black,WR,WR
Baltimore Ravens,RG,4,Reid Holskey,s:20~l:28~a:4429951,https://www.espn.com/nfl/player/_/id/4429951/reid-holskey,White,9458.46%,78.0,306.0,,Miami OH,,,,White,RG,OL
Baltimore Ravens,SS,2,Sanoussi Kane,s:20~l:28~a:4430118,https://www.espn.com/nfl/player/_/id/4430118/sanoussi-kane,Black,10000.00%,71.0,210.0,10/6/2001 (23),Purdue,2024.0,"Rd 7, Pk 250",BAL,Black,SS,DB
Baltimore Ravens,RT,1,Roger Rosengarten,s:20~l:28~a:4430876,https://www.espn.com/nfl/player/_/id/4430876/roger-rosengarten,White,9998.30%,77.0,316.0,6/3/2002 (23),Washington,2024.0,"Rd 2, Pk 62",BAL,White,RT,OL
Baltimore Ravens,NT,4,Jayson Jones,s:20~l:28~a:4431184,https://www.espn.com/nfl/player/_/id/4431184/jayson-jones,Black,9999.98%,78.0,325.0,,Auburn,,,,Black,NT,DL
Baltimore Ravens,LG,3,Garrett Dellinger,s:20~l:28~a:4431252,https://www.espn.com/nfl/player/_/id/4431252/garrett-dellinger,White,9957.33%,77.0,320.0,2/18/2002 (23),LSU,2025.0,"Rd 7, Pk 243",BAL,White,LG,OL
Baltimore Ravens,LDE,2,Aeneas Peebles,s:20~l:28~a:4565311,https://www.espn.com/nfl/player/_/id/4565311/aeneas-peebles,Black,9999.04%,72.0,289.0,9/3/2001 (23),Virginia Tech,2025.0,"Rd 6, Pk 210",BAL,Black,LDE,DL
Baltimore Ravens,C,3,Darrian Dalcourt,s:20~l:28~a:4567132,https://www.espn.com/nfl/player/_/id/4567132/darrian-dalcourt,Latino Hispanic,4549.93%,75.0,320.0,9/17/2000 (24),Alabama,,,,Latino,C,OL
Baltimore Ravens,WR,4,Jahmal Banks,s:20~l:28~a:4571935,https://www.espn.com/nfl/player/_/id/4571935/jahmal-banks,Black,10000.00%,75.0,218.0,,Nebraska,,,,Black,WR,WR
Baltimore Ravens,SS,1,Kyle Hamilton,s:20~l:28~a:4575517,https://www.espn.com/nfl/player/_/id/4575517/kyle-hamilton,Latino Hispanic,3036.62%,76.0,224.0,3/16/2001 (24),Notre Dame,2022.0,"Rd 1, Pk 14",BAL,Latino,SS,DB
Baltimore Ravens,RG,3,Corey Bullock,s:20~l:28~a:4576075,https://www.espn.com/nfl/player/_/id/4576075/corey-bullock,Black,10000.00%,75.0,314.0,12/9/2001 (23),Maryland,,,,Black,RG,OL
Baltimore Ravens,RT,2,Ozzie Hutchinson,s:20~l:28~a:4578080,https://www.espn.com/nfl/player/_/id/4578080/ozzie-hutchinson,Black,9999.99%,76.0,305.0,,UAlbany,,,,Black,RT,OL
Baltimore Ravens,RB,3,Keaton Mitchell,s:20~l:28~a:4596334,https://www.espn.com/nfl/player/_/id/4596334/keaton-mitchell,Black,9999.91%,68.0,191.0,1/17/2002 (23),East Carolina,,,,Black,RB,RB
Baltimore Ravens,SS,3,Desmond Igbinosun,s:20~l:28~a:4683464,https://www.espn.com/nfl/player/_/id/4683464/desmond-igbinosun,Black,10000.00%,74.0,223.0,,Rutgers,,,,Black,SS,DB
Baltimore Ravens,FS,1,Malaki Starks,s:20~l:28~a:4685530,https://www.espn.com/nfl/player/_/id/4685530/malaki-starks,Black,9999.94%,73.0,203.0,11/13/2003 (21),Georgia,2025.0,"Rd 1, Pk 27",BAL,Black,FS,DB
Baltimore Ravens,RG,2,Emery Jones Jr.,s:20~l:28~a:4685736,https://www.espn.com/nfl/player/_/id/4685736/emery-jones-jr,Black,10000.00%,77.0,315.0,3/5/2004 (21),LSU,2025.0,"Rd 3, Pk 91",BAL,Black,RG,OL
Baltimore Ravens,LT,4,Gerad Lichtenhan,s:20~l:28~a:4686768,https://www.espn.com/nfl/player/_/id/4686768/gerad-lichtenhan,White,9254.54%,80.0,315.0,,Oregon St,,,,White,LT,OL
Baltimore Ravens,RB,4,Rasheen Ali,s:20~l:28~a:4690013,https://www.espn.com/nfl/player/_/id/4690013/rasheen-ali,Black,10000.00%,71.0,212.0,2/16/2001 (24),Marshall,2024.0,"Rd 5, Pk 165",BAL,Black,RB,RB
Baltimore Ravens,WR,2,LaJohntay Wester,s:20~l:28~a:4690143,https://www.espn.com/nfl/player/_/id/4690143/lajohntay-wester,White,9283.03%,69.0,170.0,3/29/2002 (23),Colorado,2025.0,"Rd 6, Pk 203",BAL,White,WR,WR
Baltimore Ravens,WR,4,Xavier Guillory,s:20~l:28~a:4695910,https://www.espn.com/nfl/player/_/id/4695910/xavier-guillory,Indian,6831.95%,74.0,203.0,,Arizona St,,,,Asian,WR,WR
Baltimore Ravens,WR,2,Devontez Walker,s:20~l:28~a:4696882,https://www.espn.com/nfl/player/_/id/4696882/devontez-walker,Black,10000.00%,73.0,198.0,6/19/2001 (23),North Carolina,2024.0,"Rd 4, Pk 113",BAL,Black,WR,WR
Baltimore Ravens,RDE,2,C.J. Ravenell,s:20~l:28~a:4700676,https://www.espn.com/nfl/player/_/id/4700676/cj-ravenell,Latino Hispanic,3139.89%,77.0,292.0,7/7/2000 (24),MO Westrn,,,,Latino,RDE,DL
Baltimore Ravens,LT,3,Carson Vinson,s:20~l:28~a:4769895,https://www.espn.com/nfl/player/_/id/4769895/carson-vinson,Black,10000.00%,79.0,321.0,11/13/2001 (23),Alabama A&M,2025.0,"Rd 5, Pk 141",BAL,Black,LT,OL
Baltimore Ravens,TE,4,Zaire Mitchell-Paden,s:20~l:28~a:4876006,https://www.espn.com/nfl/player/_/id/4876006/zaire-mitchell-paden,Black,10000.00%,77.0,257.0,8/20/1999 (25),FAU,,,,Black,TE,TE
Baltimore Ravens,FS,3,Keondre Jackson,s:20~l:28~a:4878287,https://www.espn.com/nfl/player/_/id/4878287/keondre-jackson,N/A (Scrape Failed),0.00%,74.0,211.0,,Illinois St,,,,N/A (Scrape Failed),FS,DB
Baltimore Ravens,RDE,3,Adedayo Odeleye,s:20~l:28~a:5066095,https://www.espn.com/nfl/player/_/id/5066095/adedayo-odeleye,Black,10000.00%,77.0,271.0,10/17/1997 (27),,,,,Black,RDE,DL
Baltimore Ravens,NT,3,CJ Okoye,s:20~l:28~a:5144942,https://www.espn.com/nfl/player/_/id/5144942/cj-okoye,Black,10000.00%,78.0,315.0,10/20/2001 (23),,,,,Black,NT,DL
Buffalo Bills,LDT,1,DaQuan Jones,s:20~l:28~a:16910,https://www.espn.com/nfl/player/_/id/16910/daquan-jones,Black,9999.99%,76.0,320.0,12/17/1991 (33),Penn State,2014.0,"Rd 4, Pk 112",TEN,Black,LDT,DL
Buffalo Bills,QB,2,Mitchell Trubisky,s:20~l:28~a:3039707,https://www.espn.com/nfl/player/_/id/3039707/mitchell-trubisky,White,8667.72%,75.0,222.0,8/20/1994 (30),UNC,2017.0,"Rd 1, Pk 2",CHI,White,QB,QB
Buffalo Bills,LT,1,Dion Dawkins,s:20~l:28~a:3051324,https://www.espn.com/nfl/player/_/id/3051324/dion-dawkins,Black,9442.90%,77.0,320.0,4/26/1994 (31),Temple,2017.0,"Rd 2, Pk 63",BUF,Black,LT,OL
Buffalo Bills,QB,3,Mike White,s:20~l:28~a:3051381,https://www.espn.com/nfl/player/_/id/3051381/mike-white,Middle Eastern,5906.05%,77.0,220.0,3/25/1995 (30),W Kentucky,2018.0,"Rd 5, Pk 171",DAL,Middle Eastern,QB,QB
Buffalo Bills,RDE,1,Joey Bosa,s:20~l:28~a:3051389,https://www.espn.com/nfl/player/_/id/3051389/joey-bosa,White,9999.93%,77.0,280.0,7/11/1995 (29),OSU,2016.0,"Rd 1, Pk 3",SD,White,RDE,DL
Buffalo Bills,WR,2,Curtis Samuel,s:20~l:28~a:3121427,https://www.espn.com/nfl/player/_/id/3121427/curtis-samuel,Black,10000.00%,71.0,195.0,8/11/1996 (28),OSU,2017.0,"Rd 2, Pk 40",CAR,Black,WR,WR
Buffalo Bills,WR,4,Kristian Wilkerson,s:20~l:28~a:3910176,https://www.espn.com/nfl/player/_/id/3910176/kristian-wilkerson,Black,9999.48%,73.0,214.0,1/10/1997 (28),SE Missouri,,,,Black,WR,WR
Buffalo Bills,RB,3,Ty Johnson,s:20~l:28~a:3915411,https://www.espn.com/nfl/player/_/id/3915411/ty-johnson,Black,3664.24%,70.0,210.0,9/17/1997 (27),Maryland,2019.0,"Rd 6, Pk 186",DET,Black,RB,RB
Buffalo Bills,LG,1,David Edwards,s:20~l:28~a:3917660,https://www.espn.com/nfl/player/_/id/3917660/david-edwards,White,9002.52%,78.0,308.0,3/20/1997 (28),Wisconsin,2019.0,"Rd 5, Pk 169",LAR,White,LG,OL
Buffalo Bills,QB,1,Josh Allen,s:20~l:28~a:3918298,https://www.espn.com/nfl/player/_/id/3918298/josh-allen,White,9997.38%,77.0,237.0,5/21/1996 (29),Wyoming,2018.0,"Rd 1, Pk 7",BUF,White,QB,QB
Buffalo Bills,TE,1,Dawson Knox,s:20~l:28~a:3930086,https://www.espn.com/nfl/player/_/id/3930086/dawson-knox,White,9994.09%,76.0,254.0,11/14/1996 (28),Ole Miss,2019.0,"Rd 3, Pk 96",BUF,White,TE,TE
Buffalo Bills,RT,1,Spencer Brown,s:20~l:28~a:4030899,https://www.espn.com/nfl/player/_/id/4030899/spencer-brown,White,9987.43%,80.0,311.0,2/28/1998 (27),Northern Iowa,2021.0,"Rd 3, Pk 93",BUF,White,RT,OL
Buffalo Bills,LDE,4,Michael Hoecht,s:20~l:28~a:4033234,https://www.espn.com/nfl/player/_/id/4033234/michael-hoecht,White,9055.45%,76.0,310.0,10/5/1997 (27),Brown,,,,White,LDE,DL
Buffalo Bills,C,1,Connor McGovern,s:20~l:28~a:4033748,https://www.espn.com/nfl/player/_/id/4033748/connor-mcgovern,Asian,2629.11%,77.0,318.0,11/3/1997 (27),Penn State,2019.0,"Rd 3, Pk 90",DAL,Asian,C,OL
Buffalo Bills,FS,1,Damar Hamlin,s:20~l:28~a:4036060,https://www.espn.com/nfl/player/_/id/4036060/damar-hamlin,Black,10000.00%,72.0,200.0,3/24/1998 (27),Pitt,2021.0,"Rd 6, Pk 212",BUF,Black,FS,DB
Buffalo Bills,RB,4,Darrynton Evans,s:20~l:28~a:4036431,https://www.espn.com/nfl/player/_/id/4036431/darrynton-evans,Black,10000.00%,70.0,203.0,7/9/1998 (26),App State,2020.0,"Rd 3, Pk 93",TEN,Black,RB,RB
Buffalo Bills,WR,3,Jalen Virgil,s:20~l:28~a:4036448,https://www.espn.com/nfl/player/_/id/4036448/jalen-virgil,Black,7638.02%,73.0,210.0,7/13/1998 (26),App State,,,,Black,WR,WR
Buffalo Bills,SS,1,Taylor Rapp,s:20~l:28~a:4039007,https://www.espn.com/nfl/player/_/id/4039007/taylor-rapp,Asian,8267.74%,72.0,208.0,12/22/1997 (27),Washington,2019.0,"Rd 2, Pk 61",LAR,Asian,SS,DB
Buffalo Bills,QB,4,Shane Buechele,s:20~l:28~a:4039034,https://www.espn.com/nfl/player/_/id/4039034/shane-buechele,White,9985.23%,72.0,210.0,1/8/1998 (27),SMU,,,,White,QB,QB
Buffalo Bills,RDT,1,Ed Oliver,s:20~l:28~a:4039303,https://www.espn.com/nfl/player/_/id/4039303/ed-oliver,Black,9995.32%,73.0,287.0,12/12/1997 (27),Houston,2019.0,"Rd 1, Pk 9",BUF,Black,RDT,DL
Buffalo Bills,FB,1,Reggie Gilliam,s:20~l:28~a:4039505,https://www.espn.com/nfl/player/_/id/4039505/reggie-gilliam,Black,9978.06%,72.0,244.0,8/20/1997 (27),Toledo,,,,Black,FB,RB
Buffalo Bills,FS,3,Darrick Forrest,s:20~l:28~a:4239088,https://www.espn.com/nfl/player/_/id/4239088/darrick-forrest,Black,10000.00%,71.0,200.0,5/22/1999 (26),Cincinnati,2021.0,"Rd 5, Pk 163",WSH,Black,FS,DB
Buffalo Bills,RT,2,Ryan Van Demark,s:20~l:28~a:4239140,https://www.espn.com/nfl/player/_/id/4239140/ryan-van-demark,White,3627.55%,78.0,307.0,3/22/1998 (27),UConn,,,,White,RT,OL
Buffalo Bills,MLB,2,Baylon Spector,s:20~l:28~a:4239997,https://www.espn.com/nfl/player/_/id/4239997/baylon-spector,White,9953.46%,72.0,233.0,10/20/1998 (26),Clemson,2022.0,"Rd 7, Pk 231",BUF,White,MLB,LB
Buffalo Bills,WR,3,KJ Hamler,s:20~l:28~a:4240380,https://www.espn.com/nfl/player/_/id/4240380/kj-hamler,Black,9972.96%,69.0,178.0,7/8/1999 (25),Penn State,2020.0,"Rd 2, Pk 46",DEN,Black,WR,WR
Buffalo Bills,RG,2,Kendrick Green,s:20~l:28~a:4240548,https://www.espn.com/nfl/player/_/id/4240548/kendrick-green,Latino Hispanic,3017.32%,76.0,315.0,12/22/1998 (26),Illinois,2021.0,"Rd 3, Pk 87",PIT,Latino,RG,OL
Buffalo Bills,RDE,2,AJ Epenesa,s:20~l:28~a:4240585,https://www.espn.com/nfl/player/_/id/4240585/aj-epenesa,Indian,3789.88%,78.0,260.0,9/15/1998 (26),Iowa,2020.0,"Rd 2, Pk 54",BUF,Asian,RDE,DL
Buffalo Bills,WR,4,Tyrell Shavers,s:20~l:28~a:4241476,https://www.espn.com/nfl/player/_/id/4241476/tyrell-shavers,White,8779.62%,76.0,211.0,8/18/1999 (25),MTSU,,,,White,WR,WR
Buffalo Bills,WR,1,Joshua Palmer,s:20~l:28~a:4242433,https://www.espn.com/nfl/player/_/id/4242433/joshua-palmer,Black,10000.00%,73.0,210.0,9/22/1999 (25),Tennessee,2021.0,"Rd 3, Pk 77",LAC,Black,WR,WR
Buffalo Bills,WR,2,Laviska Shenault Jr.,s:20~l:28~a:4243160,https://www.espn.com/nfl/player/_/id/4243160/laviska-shenault-jr,Black,10000.00%,73.0,227.0,10/5/1998 (26),Colorado,2020.0,"Rd 2, Pk 42",JAX,Black,WR,WR
Buffalo Bills,MLB,1,Terrel Bernard,s:20~l:28~a:4259166,https://www.espn.com/nfl/player/_/id/4259166/terrel-bernard,White,4915.96%,73.0,224.0,5/7/1999 (26),Baylor,2022.0,"Rd 3, Pk 89",BUF,White,MLB,LB
Buffalo Bills,LT,3,Richard Gouraige,s:20~l:28~a:4360246,https://www.espn.com/nfl/player/_/id/4360246/richard-gouraige,Black,10000.00%,77.0,306.0,10/15/1998 (26),Florida,,,,Black,LT,OL
Buffalo Bills,LDT,4,Casey Rogers,s:20~l:28~a:4361189,https://www.espn.com/nfl/player/_/id/4361189/casey-rogers,White,9949.42%,77.0,305.0,12/18/1998 (26),Oregon,,,,White,LDT,DL
Buffalo Bills,LDE,1,Greg Rousseau,s:20~l:28~a:4362506,https://www.espn.com/nfl/player/_/id/4362506/greg-rousseau,Black,10000.00%,78.0,266.0,4/5/2000 (25),Miami,2021.0,"Rd 1, Pk 30",BUF,Black,LDE,DL
Buffalo Bills,MLB,3,Joe Andreessen,s:20~l:28~a:4366349,https://www.espn.com/nfl/player/_/id/4366349/joe-andreessen,White,9238.15%,73.0,232.0,2/7/2000 (25),Buffalo,,,,White,MLB,LB
Buffalo Bills,LG,2,Alec Anderson,s:20~l:28~a:4367203,https://www.espn.com/nfl/player/_/id/4367203/alec-anderson,White,6759.02%,77.0,305.0,10/3/1999 (25),UCLA,,,,White,LG,OL
Buffalo Bills,LT,2,Tylan Grable,s:20~l:28~a:4368828,https://www.espn.com/nfl/player/_/id/4368828/tylan-grable,Black,5083.99%,77.0,309.0,10/4/1999 (25),UCF,2024.0,"Rd 6, Pk 204",BUF,Black,LT,OL
Buffalo Bills,WR,2,Elijah Moore,s:20~l:28~a:4372414,https://www.espn.com/nfl/player/_/id/4372414/elijah-moore,Black,10000.00%,70.0,178.0,3/27/2000 (25),Ole Miss,2021.0,"Rd 2, Pk 34",NYJ,Black,WR,WR
Buffalo Bills,WR,1,Khalil Shakir,s:20~l:28~a:4373678,https://www.espn.com/nfl/player/_/id/4373678/khalil-shakir,Black,8094.96%,72.0,190.0,2/3/2000 (25),Boise St,2022.0,"Rd 5, Pk 148",BUF,Black,WR,WR
Buffalo Bills,RB,1,James Cook,s:20~l:28~a:4379399,https://www.espn.com/nfl/player/_/id/4379399/james-cook,Black,10000.00%,71.0,190.0,9/25/1999 (25),Georgia,2022.0,"Rd 2, Pk 63",BUF,Black,RB,RB
Buffalo Bills,TE,2,Dalton Kincaid,s:20~l:28~a:4385690,https://www.espn.com/nfl/player/_/id/4385690/dalton-kincaid,White,9316.83%,76.0,240.0,10/18/1999 (25),Utah,2023.0,"Rd 1, Pk 25",BUF,White,TE,TE
Buffalo Bills,RDT,3,DeWayne Carter,s:20~l:28~a:4426883,https://www.espn.com/nfl/player/_/id/4426883/dewayne-carter,Black,9999.79%,75.0,305.0,12/10/2000 (24),Duke,2024.0,"Rd 3, Pk 95",BUF,Black,RDT,DL
Buffalo Bills,LDE,3,Hayden Harris,s:20~l:28~a:4427389,https://www.espn.com/nfl/player/_/id/4427389/hayden-harris,Latino Hispanic,3113.23%,77.0,255.0,,Montana,,,,Latino,LDE,DL
Buffalo Bills,LDT,3,Zion Logue,s:20~l:28~a:4427826,https://www.espn.com/nfl/player/_/id/4427826/zion-logue,Black,9993.67%,78.0,314.0,7/13/2002 (22),Georgia,2024.0,"Rd 6, Pk 197",ATL,Black,LDT,DL
Buffalo Bills,RT,3,Chase Lundt,s:20~l:28~a:4427843,https://www.espn.com/nfl/player/_/id/4427843/chase-lundt,Asian,9331.91%,79.0,304.0,6/16/2000 (25),UConn,2025.0,"Rd 6, Pk 206",BUF,Asian,RT,OL
Buffalo Bills,RDE,3,Javon Solomon,s:20~l:28~a:4428548,https://www.espn.com/nfl/player/_/id/4428548/javon-solomon,Black,8688.90%,73.0,247.0,1/17/2001 (24),Troy,2024.0,"Rd 5, Pk 168",BUF,Black,RDE,DL
Buffalo Bills,RG,1,O'Cyrus Torrence,s:20~l:28~a:4428696,https://www.espn.com/nfl/player/_/id/4428696/ocyrus-torrence,Black,10000.00%,77.0,347.0,1/20/2000 (25),Florida,2023.0,"Rd 2, Pk 59",BUF,Black,RG,OL
Buffalo Bills,RB,2,Ray Davis,s:20~l:28~a:4429501,https://www.espn.com/nfl/player/_/id/4429501/ray-davis,Black,10000.00%,68.0,220.0,11/11/1999 (25),Kentucky,2024.0,"Rd 4, Pk 128",BUF,Black,RB,RB
Buffalo Bills,C,2,Sedrick Van Pran-Granger,s:20~l:28~a:4430815,https://www.espn.com/nfl/player/_/id/4430815/sedrick-van-pran-granger,Black,9321.73%,76.0,310.0,10/23/2001 (23),Georgia,2024.0,"Rd 5, Pk 141",BUF,Black,C,OL
Buffalo Bills,WR,3,Kaden Prather,s:20~l:28~a:4431509,https://www.espn.com/nfl/player/_/id/4431509/kaden-prather,Black,10000.00%,75.0,204.0,9/6/2002 (22),Maryland,2025.0,"Rd 7, Pk 240",BUF,Black,WR,WR
Buffalo Bills,LDE,2,Landon Jackson,s:20~l:28~a:4432715,https://www.espn.com/nfl/player/_/id/4432715/landon-jackson,White,9239.41%,78.0,264.0,2/2/2003 (22),Arkansas,2025.0,"Rd 3, Pk 72",BUF,White,LDE,DL
Buffalo Bills,RDT,4,Marcus Harris,s:20~l:28~a:4573152,https://www.espn.com/nfl/player/_/id/4573152/marcus-harris,Black,10000.00%,74.0,298.0,9/27/2000 (24),Auburn,2024.0,"Rd 7, Pk 247",HOU,Black,RDT,DL
Buffalo Bills,SS,3,Wande Owens,s:20~l:28~a:4573684,https://www.espn.com/nfl/player/_/id/4573684/wande-owens,N/A (Scrape Failed),0.00%,,,N/A (Bio Scrape Failed),N/A (Bio Scrape Failed),,,,N/A (Scrape Failed),SS,DB
Buffalo Bills,TE,3,Jackson Hawes,s:20~l:28~a:4573699,https://www.espn.com/nfl/player/_/id/4573699/jackson-hawes,White,9967.76%,76.0,253.0,12/6/2000 (24),Georgia Tech,2025.0,"Rd 5, Pk 173",BUF,White,TE,TE
Buffalo Bills,FS,2,Jordan Hancock,s:20~l:28~a:4596480,https://www.espn.com/nfl/player/_/id/4596480/jordan-hancock,Black,4602.64%,72.0,195.0,8/12/2003 (21),Ohio State,2025.0,"Rd 5, Pk 170",BUF,Black,FS,DB
Buffalo Bills,WR,1,Keon Coleman,s:20~l:28~a:4635008,https://www.espn.com/nfl/player/_/id/4635008/keon-coleman,Black,9986.71%,76.0,215.0,5/17/2003 (22),Florida St,2024.0,"Rd 2, Pk 33",BUF,Black,WR,WR
Buffalo Bills,SS,2,Cole Bishop,s:20~l:28~a:4676004,https://www.espn.com/nfl/player/_/id/4676004/cole-bishop,White,7267.06%,74.0,207.0,10/24/2002 (22),Utah,2024.0,"Rd 2, Pk 60",BUF,White,SS,DB
Buffalo Bills,RDT,2,T.J. Sanders,s:20~l:28~a:4684527,https://www.espn.com/nfl/player/_/id/4684527/tj-sanders,Black,10000.00%,76.0,297.0,7/30/2003 (21),South Carolina,2025.0,"Rd 2, Pk 41",BUF,Black,RDT,DL
Buffalo Bills,RDE,4,Paris Shand,s:20~l:28~a:4697755,https://www.espn.com/nfl/player/_/id/4697755/paris-shand,Black,10000.00%,76.0,268.0,,LSU,,,,Black,RDE,DL
Buffalo Bills,TE,4,Zach Davidson,s:20~l:28~a:4746079,https://www.espn.com/nfl/player/_/id/4746079/zach-davidson,White,9855.06%,79.0,251.0,7/15/1998 (26),C Missouri,2021.0,"Rd 5, Pk 168",MIN,White,TE,TE
Buffalo Bills,LG,3,Rush Reimer,s:20~l:28~a:4775214,https://www.espn.com/nfl/player/_/id/4775214/rush-reimer,White,9999.14%,77.0,305.0,,California,,,,White,LG,OL
Buffalo Bills,LDT,2,Deone Walker,s:20~l:28~a:4831989,https://www.espn.com/nfl/player/_/id/4831989/deone-walker,Black,9976.61%,79.0,331.0,3/11/2004 (21),Kentucky,2025.0,"Rd 4, Pk 109",BUF,Black,LDT,DL
Buffalo Bills,C,3,Jacob Bayer,s:20~l:28~a:4879478,https://www.espn.com/nfl/player/_/id/4879478/jacob-bayer,White,9989.93%,75.0,310.0,12/12/2002 (22),Arkansas St,,,,White,C,OL
Buffalo Bills,WR,4,Kelly Akharaiyi,s:20~l:28~a:5082289,https://www.espn.com/nfl/player/_/id/5082289/kelly-akharaiyi,White,4793.88%,73.0,200.0,,Mississippi St,,,,White,WR,WR
Buffalo Bills,RT,4,Travis Clayton,s:20~l:28~a:5209587,https://www.espn.com/nfl/player/_/id/5209587/travis-clayton,Black,7783.04%,79.0,301.0,2/17/2001 (24),,2024.0,"Rd 7, Pk 221",BUF,Black,RT,OL
Carolina Panthers,QB,2,Andy Dalton,s:20~l:28~a:14012,https://www.espn.com/nfl/player/_/id/14012/andy-dalton,White,9762.08%,74.0,220.0,10/29/1987 (37),TCU,2011.0,"Rd 2, Pk 35",CIN,White,QB,QB
Carolina Panthers,WR,1,Adam Thielen,s:20~l:28~a:16460,https://www.espn.com/nfl/player/_/id/16460/adam-thielen,White,9989.59%,74.0,195.0,8/22/1990 (34),Minnesota State,,,,White,WR,WR
Carolina Panthers,RT,1,Taylor Moton,s:20~l:28~a:2973051,https://www.espn.com/nfl/player/_/id/2973051/taylor-moton,Black,10000.00%,77.0,325.0,8/18/1994 (30),W Michigan,2017.0,"Rd 2, Pk 64",CAR,Black,RT,OL
Carolina Panthers,RDE,2,A'Shawn Robinson,s:20~l:28~a:3054857,https://www.espn.com/nfl/player/_/id/3054857/ashawn-robinson,Black,10000.00%,75.0,320.0,3/21/1995 (30),Alabama,2016.0,"Rd 2, Pk 46",DET,Black,RDE,DL
Carolina Panthers,C,1,Austin Corbett,s:20~l:28~a:3056608,https://www.espn.com/nfl/player/_/id/3056608/austin-corbett,White,6580.57%,76.0,305.0,12/17/1995 (29),Nevada,2018.0,"Rd 2, Pk 33",CLE,White,C,OL
Carolina Panthers,FS,1,Nick Scott,s:20~l:28~a:3116179,https://www.espn.com/nfl/player/_/id/3116179/nick-scott,White,5534.70%,71.0,200.0,5/17/1995 (30),Penn State,2019.0,"Rd 7, Pk 243",LAR,White,FS,DB
Carolina Panthers,WR,2,Hunter Renfrow,s:20~l:28~a:3135321,https://www.espn.com/nfl/player/_/id/3135321/hunter-renfrow,White,9771.70%,70.0,185.0,12/21/1995 (29),Clemson,2019.0,"Rd 5, Pk 149",OAK,White,WR,WR
Carolina Panthers,RT,2,Yosh Nijman,s:20~l:28~a:3871880,https://www.espn.com/nfl/player/_/id/3871880/yosh-nijman,Black,10000.00%,79.0,314.0,1/2/1996 (29),VT,,,,Black,RT,OL
Carolina Panthers,NT,2,Shy Tuttle,s:20~l:28~a:3886601,https://www.espn.com/nfl/player/_/id/3886601/shy-tuttle,Black,4709.57%,75.0,300.0,10/20/1995 (29),Tennessee,,,,Black,NT,DL
Carolina Panthers,RG,1,Robert Hunt,s:20~l:28~a:3917592,https://www.espn.com/nfl/player/_/id/3917592/robert-hunt,Black,10000.00%,78.0,323.0,8/25/1996 (28),Louisiana,2020.0,"Rd 2, Pk 39",MIA,Black,RG,OL
Carolina Panthers,WR,3,Dan Chisena,s:20~l:28~a:3929637,https://www.espn.com/nfl/player/_/id/3929637/dan-chisena,White,9999.91%,75.0,202.0,2/25/1997 (28),Penn State,,,,White,WR,WR
Carolina Panthers,LDE,1,Derrick Brown,s:20~l:28~a:4035495,https://www.espn.com/nfl/player/_/id/4035495/derrick-brown,Black,10000.00%,77.0,320.0,4/15/1998 (27),Auburn,2020.0,"Rd 1, Pk 7",CAR,Black,LDE,DL
Carolina Panthers,TE,4,Dominique Dafney,s:20~l:28~a:4036129,https://www.espn.com/nfl/player/_/id/4036129/dominique-dafney,Black,10000.00%,75.0,235.0,6/3/1997 (28),Indiana St,,,,Black,TE,TE
Carolina Panthers,RB,2,Rico Dowdle,s:20~l:28~a:4038815,https://www.espn.com/nfl/player/_/id/4038815/rico-dowdle,Black,10000.00%,71.0,215.0,6/14/1998 (27),South Carolina,,,,Black,RB,RB
Carolina Panthers,RT,3,Brandon Walton,s:20~l:28~a:4040778,https://www.espn.com/nfl/player/_/id/4040778/brandon-walton,Black,10000.00%,77.0,300.0,3/18/1998 (27),FAU,,,,Black,RT,OL
Carolina Panthers,RDE,1,Tershawn Wharton,s:20~l:28~a:4058925,https://www.espn.com/nfl/player/_/id/4058925/tershawn-wharton,Black,10000.00%,73.0,280.0,6/25/1998 (26),MO S&T,,,,Black,RDE,DL
Carolina Panthers,LDE,3,Sam Roberts,s:20~l:28~a:4077786,https://www.espn.com/nfl/player/_/id/4077786/sam-roberts,Black,10000.00%,77.0,295.0,4/14/1998 (27),NW MO ST,2022.0,"Rd 6, Pk 200",NE,Black,LDE,DL
Carolina Panthers,WR,2,David Moore,s:20~l:28~a:4212909,https://www.espn.com/nfl/player/_/id/4212909/david-moore,Black,10000.00%,72.0,220.0,1/15/1995 (30),E Cen OK,2017.0,"Rd 7, Pk 226",SEA,Black,WR,WR
Carolina Panthers,RB,1,Chuba Hubbard,s:20~l:28~a:4241416,https://www.espn.com/nfl/player/_/id/4241416/chuba-hubbard,Black,9375.47%,73.0,210.0,6/11/1999 (26),Oklahoma St,2021.0,"Rd 4, Pk 126",CAR,Black,RB,RB
Carolina Panthers,LDE,2,LaBryan Ray,s:20~l:28~a:4241473,https://www.espn.com/nfl/player/_/id/4241473/labryan-ray,Black,10000.00%,76.0,290.0,12/5/1997 (27),Alabama,,,,Black,LDE,DL
Carolina Panthers,LDE,4,Popo Aumavae,s:20~l:28~a:4242498,https://www.espn.com/nfl/player/_/id/4242498/popo-aumavae,Indian,3369.23%,75.0,315.0,1/15/1999 (26),Oregon,,,,Asian,LDE,DL
Carolina Panthers,LT,2,Brady Christensen,s:20~l:28~a:4256062,https://www.espn.com/nfl/player/_/id/4256062/brady-christensen,White,10000.00%,78.0,300.0,9/27/1996 (28),BYU,2021.0,"Rd 3, Pk 70",CAR,White,LT,OL
Carolina Panthers,RB,4,Raheem Blackshear,s:20~l:28~a:4259308,https://www.espn.com/nfl/player/_/id/4259308/raheem-blackshear,Black,10000.00%,69.0,190.0,6/5/1998 (27),Virginia Tech,,,,Black,RB,RB
Carolina Panthers,WR,3,Brycen Tremayne,s:20~l:28~a:4360763,https://www.espn.com/nfl/player/_/id/4360763/brycen-tremayne,Latino Hispanic,3177.55%,76.0,212.0,11/18/1999 (25),Stanford,,,,Latino,WR,WR
Carolina Panthers,QB,3,Jack Plummer,s:20~l:28~a:4361493,https://www.espn.com/nfl/player/_/id/4361493/jack-plummer,White,9978.68%,77.0,215.0,10/21/1999 (25),Louisville,,,,White,QB,QB
Carolina Panthers,C,2,Cade Mays,s:20~l:28~a:4361788,https://www.espn.com/nfl/player/_/id/4361788/cade-mays,White,9996.03%,78.0,325.0,4/26/1999 (26),Tennessee,2022.0,"Rd 6, Pk 199",CAR,White,C,OL
Carolina Panthers,SS,1,Tre'von Moehrig,s:20~l:28~a:4362487,https://www.espn.com/nfl/player/_/id/4362487/trevon-moehrig,Latino Hispanic,3524.24%,74.0,202.0,6/16/1999 (26),TCU,2021.0,"Rd 2, Pk 43",LV,Latino,SS,DB
Carolina Panthers,LG,1,Damien Lewis,s:20~l:28~a:4362647,https://www.espn.com/nfl/player/_/id/4362647/damien-lewis,Black,10000.00%,74.0,327.0,3/21/1997 (28),LSU,2020.0,"Rd 3, Pk 69",SEA,Black,LG,OL
Carolina Panthers,RDE,3,Jaden Crumedy,s:20~l:28~a:4362910,https://www.espn.com/nfl/player/_/id/4362910/jaden-crumedy,Black,10000.00%,76.0,309.0,7/30/2000 (24),Mississippi St,2024.0,"Rd 6, Pk 200",CAR,Black,RDE,DL
Carolina Panthers,RG,2,Ja'Tyre Carter,s:20~l:28~a:4369950,https://www.espn.com/nfl/player/_/id/4369950/jatyre-carter,Black,9999.35%,75.0,311.0,1/15/1999 (26),Southern,2022.0,"Rd 7, Pk 226",CHI,Black,RG,OL
Carolina Panthers,WR,4,T.J. Luther,s:20~l:28~a:4370162,https://www.espn.com/nfl/player/_/id/4370162/tj-luther,Black,9999.94%,73.0,180.0,5/13/2000 (25),Gardner-Webb,,,,Black,WR,WR
Carolina Panthers,NT,1,Bobby Brown III,s:20~l:28~a:4372518,https://www.espn.com/nfl/player/_/id/4372518/bobby-brown-iii,Black,10000.00%,76.0,332.0,8/7/2000 (24),Texas A&M,2021.0,"Rd 4, Pk 117",LAR,Black,NT,DL
Carolina Panthers,TE,1,Tommy Tremble,s:20~l:28~a:4372780,https://www.espn.com/nfl/player/_/id/4372780/tommy-tremble,Black,4638.06%,76.0,250.0,6/2/2000 (25),Notre Dame,2021.0,"Rd 3, Pk 83",CAR,Black,TE,TE
Carolina Panthers,RG,3,Jarrett Kingston,s:20~l:28~a:4373474,https://www.espn.com/nfl/player/_/id/4373474/jarrett-kingston,White,6725.72%,76.0,308.0,12/2/1999 (25),USC,2024.0,"Rd 6, Pk 215",SF,White,RG,OL
Carolina Panthers,FS,2,Demani Richardson,s:20~l:28~a:4426926,https://www.espn.com/nfl/player/_/id/4426926/demani-richardson,Black,10000.00%,73.0,215.0,10/7/2000 (24),Texas A&M,,,,Black,FS,DB
Carolina Panthers,LT,1,Ikem Ekwonu,s:20~l:28~a:4427132,https://www.espn.com/nfl/player/_/id/4427132/ikem-ekwonu,Black,10000.00%,76.0,320.0,10/31/2000 (24),NC State,2022.0,"Rd 1, Pk 6",CAR,Black,LT,OL
Carolina Panthers,RDE,4,Jared Harrison-Hunte,s:20~l:28~a:4427401,https://www.espn.com/nfl/player/_/id/4427401/jared-harrison-hunte,White,8710.55%,76.0,294.0,,SMU,,,,White,RDE,DL
Carolina Panthers,WR,4,Kobe Hudson,s:20~l:28~a:4429056,https://www.espn.com/nfl/player/_/id/4429056/kobe-hudson,White,7623.56%,72.0,193.0,,UCF,,,,White,WR,WR
Carolina Panthers,QB,4,Ethan Garbers,s:20~l:28~a:4429068,https://www.espn.com/nfl/player/_/id/4429068/ethan-garbers,White,8420.46%,74.0,207.0,,UCLA,,,,White,QB,QB
Carolina Panthers,SS,2,Lathan Ransom,s:20~l:28~a:4429110,https://www.espn.com/nfl/player/_/id/4429110/lathan-ransom,Indian,2932.34%,72.0,206.0,7/16/2002 (22),Ohio State,2025.0,"Rd 4, Pk 122",CAR,Asian,SS,DB
Carolina Panthers,SS,3,Isaac Gifford,s:20~l:28~a:4429797,https://www.espn.com/nfl/player/_/id/4429797/isaac-gifford,White,9933.55%,72.0,203.0,,Nebraska,,,,White,SS,DB
Carolina Panthers,WR,1,Xavier Legette,s:20~l:28~a:4430034,https://www.espn.com/nfl/player/_/id/4430034/xavier-legette,Black,9999.99%,75.0,227.0,1/29/2001 (24),South Carolina,2024.0,"Rd 1, Pk 32",CAR,Black,WR,WR
Carolina Panthers,RG,4,Luke Kandra,s:20~l:28~a:4430116,https://www.espn.com/nfl/player/_/id/4430116/luke-kandra,White,9848.18%,76.0,319.0,,Cincinnati,,,,White,RG,OL
Carolina Panthers,TE,2,Ja'Tavion Sanders,s:20~l:28~a:4431588,https://www.espn.com/nfl/player/_/id/4431588/jatavion-sanders,Black,9917.42%,76.0,252.0,3/27/2003 (22),Texas,2024.0,"Rd 4, Pk 101",CAR,Black,TE,TE
Carolina Panthers,RT,4,Michael Tarquin,s:20~l:28~a:4567412,https://www.espn.com/nfl/player/_/id/4567412/michael-tarquin,White,7394.85%,78.0,313.0,,Oklahoma,,,,White,RT,OL
Carolina Panthers,WR,4,Jacolby George,s:20~l:28~a:4567784,https://www.espn.com/nfl/player/_/id/4567784/jacolby-george,Black,8806.71%,71.0,172.0,1/25/2003 (22),Miami,,,,Black,WR,WR
Carolina Panthers,SS,4,Trevian Thomas,s:20~l:28~a:4570633,https://www.espn.com/nfl/player/_/id/4570633/trevian-thomas,Black,10000.00%,71.0,196.0,,Arkansas St,,,,Black,SS,DB
Carolina Panthers,TE,3,Mitchell Evans,s:20~l:28~a:4683243,https://www.espn.com/nfl/player/_/id/4683243/mitchell-evans,White,9713.16%,77.0,258.0,3/18/2003 (22),Notre Dame,2025.0,"Rd 5, Pk 163",CAR,White,TE,TE
Carolina Panthers,RB,3,Trevor Etienne,s:20~l:28~a:4685350,https://www.espn.com/nfl/player/_/id/4685350/trevor-etienne,Black,9999.86%,68.0,198.0,7/9/2004 (20),Georgia,2025.0,"Rd 4, Pk 114",CAR,Black,RB,RB
Carolina Panthers,WR,1,Tetairoa McMillan,s:20~l:28~a:4685472,https://www.espn.com/nfl/player/_/id/4685472/tetairoa-mcmillan,Asian,3970.19%,77.0,212.0,4/5/2003 (22),Arizona,2025.0,"Rd 1, Pk 8",CAR,Asian,WR,WR
Carolina Panthers,QB,1,Bryce Young,s:20~l:28~a:4685720,https://www.espn.com/nfl/player/_/id/4685720/bryce-young,Latino Hispanic,4114.00%,70.0,204.0,7/25/2001 (23),Alabama,2023.0,"Rd 1, Pk 1",CAR,Latino,QB,QB
Carolina Panthers,NT,3,Cam Jackson,s:20~l:28~a:4687513,https://www.espn.com/nfl/player/_/id/4687513/cam-jackson,Black,9999.99%,78.0,328.0,8/7/2002 (22),Florida,2025.0,"Rd 5, Pk 140",CAR,Black,NT,DL
Carolina Panthers,WR,2,Jalen Coker,s:20~l:28~a:4695883,https://www.espn.com/nfl/player/_/id/4695883/jalen-coker,Black,9431.10%,75.0,213.0,10/30/2001 (23),Holy Cross,,,,Black,WR,WR
Carolina Panthers,FS,3,Jack Henderson,s:20~l:28~a:4696820,https://www.espn.com/nfl/player/_/id/4696820/jack-henderson,White,8883.70%,74.0,215.0,,Minnesota,,,,White,FS,DB
Carolina Panthers,WR,3,Jimmy Horn Jr.,s:20~l:28~a:4708486,https://www.espn.com/nfl/player/_/id/4708486/jimmy-horn-jr,Black,10000.00%,68.0,174.0,9/12/2002 (22),Colorado,2025.0,"Rd 6, Pk 208",CAR,Black,WR,WR
Carolina Panthers,LG,2,Chandler Zavala,s:20~l:28~a:4710661,https://www.espn.com/nfl/player/_/id/4710661/chandler-zavala,Black,9999.98%,75.0,322.0,4/2/1999 (26),NC State,2023.0,"Rd 4, Pk 114",CAR,Black,LG,OL
Chicago Bears,QB,3,Case Keenum,s:20~l:28~a:15168,https://www.espn.com/nfl/player/_/id/15168/case-keenum,White,7700.69%,73.0,206.0,2/17/1988 (37),Houston,,,,White,QB,QB
Chicago Bears,FS,1,Kevin Byard III,s:20~l:28~a:2574056,https://www.espn.com/nfl/player/_/id/2574056/kevin-byard-iii,Black,10000.00%,71.0,212.0,8/17/1993 (31),Mid Tennessee,2016.0,"Rd 3, Pk 64",TEN,Black,FS,DB
Chicago Bears,LDT,1,Grady Jarrett,s:20~l:28~a:2576492,https://www.espn.com/nfl/player/_/id/2576492/grady-jarrett,Black,10000.00%,72.0,305.0,4/28/1993 (32),Clemson,2015.0,"Rd 5, Pk 137",ATL,Black,LDT,DL
Chicago Bears,LG,1,Joe Thuney,s:20~l:28~a:2577773,https://www.espn.com/nfl/player/_/id/2577773/joe-thuney,White,7926.69%,76.0,305.0,11/18/1992 (32),NC State,2016.0,"Rd 3, Pk 78",NE,White,LG,OL
Chicago Bears,LDT,2,Andrew Billings,s:20~l:28~a:3051775,https://www.espn.com/nfl/player/_/id/3051775/andrew-billings,Black,10000.00%,73.0,311.0,3/6/1995 (30),Baylor,2016.0,"Rd 4, Pk 122",CIN,Black,LDT,DL
Chicago Bears,TE,3,Durham Smythe,s:20~l:28~a:3052897,https://www.espn.com/nfl/player/_/id/3052897/durham-smythe,White,9975.71%,76.0,248.0,8/9/1995 (29),Notre Dame,2018.0,"Rd 4, Pk 123",MIA,White,TE,TE
Chicago Bears,RT,3,Joshua Miles,s:20~l:28~a:3120434,https://www.espn.com/nfl/player/_/id/3120434/joshua-miles,Black,9999.99%,77.0,325.0,1/4/1996 (29),Morgan St,2019.0,"Rd 7, Pk 248",ARI,Black,RT,OL
Chicago Bears,MLB,1,T.J. Edwards,s:20~l:28~a:3121544,https://www.espn.com/nfl/player/_/id/3121544/tj-edwards,Latino Hispanic,3128.54%,73.0,242.0,8/12/1996 (28),Wisconsin,,,,Latino,MLB,LB
Chicago Bears,LDE,1,Montez Sweat,s:20~l:28~a:3134690,https://www.espn.com/nfl/player/_/id/3134690/montez-sweat,Latino Hispanic,4724.00%,78.0,262.0,9/4/1996 (28),Miss St,2019.0,"Rd 1, Pk 26",WSH,Latino,LDE,DL
Chicago Bears,RG,2,Bill Murray,s:20~l:28~a:3912189,https://www.espn.com/nfl/player/_/id/3912189/bill-murray,White,8623.58%,76.0,307.0,7/3/1997 (27),William & Mary,,,,White,RG,OL
Chicago Bears,WR,3,Maurice Alexander,s:20~l:28~a:3914307,https://www.espn.com/nfl/player/_/id/3914307/maurice-alexander,Black,8819.19%,71.0,180.0,1/10/1997 (28),Florida Intl,,,,Black,WR,WR
Chicago Bears,WR,1,DJ Moore,s:20~l:28~a:3915416,https://www.espn.com/nfl/player/_/id/3915416/dj-moore,Black,9999.85%,71.0,210.0,4/14/1997 (28),Maryland,2018.0,"Rd 1, Pk 24",CAR,Black,WR,WR
Chicago Bears,WR,2,Olamide Zaccheaus,s:20~l:28~a:3917914,https://www.espn.com/nfl/player/_/id/3917914/olamide-zaccheaus,Black,10000.00%,68.0,193.0,7/23/1997 (27),UVA,,,,Black,WR,WR
Chicago Bears,LG,2,Ryan Bates,s:20~l:28~a:3929631,https://www.espn.com/nfl/player/_/id/3929631/ryan-bates,White,5634.16%,76.0,302.0,2/14/1997 (28),Penn State,,,,White,LG,OL
Chicago Bears,RG,1,Jonah Jackson,s:20~l:28~a:3930040,https://www.espn.com/nfl/player/_/id/3930040/jonah-jackson,Latino Hispanic,5071.51%,76.0,312.0,2/5/1997 (28),Ohio State,2020.0,"Rd 3, Pk 75",DET,Latino,RG,OL
Chicago Bears,WR,3,Miles Boykin,s:20~l:28~a:3932423,https://www.espn.com/nfl/player/_/id/3932423/miles-boykin,Black,10000.00%,76.0,220.0,10/12/1996 (28),Notre Dame,2019.0,"Rd 3, Pk 93",BAL,Black,WR,WR
Chicago Bears,TE,4,Stephen Carlson,s:20~l:28~a:3948283,https://www.espn.com/nfl/player/_/id/3948283/stephen-carlson,White,9713.48%,76.0,240.0,12/12/1996 (28),Princeton,,,,White,TE,TE
Chicago Bears,WR,3,Samori Toure,s:20~l:28~a:4027873,https://www.espn.com/nfl/player/_/id/4027873/samori-toure,Black,7063.88%,73.0,191.0,3/24/1998 (27),Nebraska,2022.0,"Rd 7, Pk 258",GB,Black,WR,WR
Chicago Bears,LDT,3,Chris Williams,s:20~l:28~a:4034530,https://www.espn.com/nfl/player/_/id/4034530/chris-williams,Black,10000.00%,74.0,302.0,6/16/1998 (27),Wagner,,,,Black,LDT,DL
Chicago Bears,RB,4,Travis Homer,s:20~l:28~a:4037457,https://www.espn.com/nfl/player/_/id/4037457/travis-homer,Black,5789.32%,70.0,202.0,8/7/1998 (26),Miami,2019.0,"Rd 6, Pk 204",SEA,Black,RB,RB
Chicago Bears,MLB,2,Amen Ogbongbemiga,s:20~l:28~a:4038432,https://www.espn.com/nfl/player/_/id/4038432/amen-ogbongbemiga,Black,10000.00%,72.0,231.0,9/4/1998 (26),Oklahoma St,,,,Black,MLB,LB
Chicago Bears,WR,2,Devin Duvernay,s:20~l:28~a:4039050,https://www.espn.com/nfl/player/_/id/4039050/devin-duvernay,Black,9999.73%,71.0,200.0,9/12/1997 (27),Texas,2020.0,"Rd 3, Pk 92",BAL,Black,WR,WR
Chicago Bears,SS,3,Tarvarius Moore,s:20~l:28~a:4039278,https://www.espn.com/nfl/player/_/id/4039278/tarvarius-moore,Black,10000.00%,74.0,200.0,8/16/1996 (28),Southern Miss,2018.0,"Rd 3, Pk 95",SF,Black,SS,DB
Chicago Bears,C,2,Doug Kramer Jr.,s:20~l:28~a:4047178,https://www.espn.com/nfl/player/_/id/4047178/doug-kramer-jr,White,9960.51%,74.0,300.0,6/4/1998 (27),Illinois,2022.0,"Rd 6, Pk 207",CHI,White,C,OL
Chicago Bears,LG,3,Chris Glaser,s:20~l:28~a:4240836,https://www.espn.com/nfl/player/_/id/4240836/chris-glaser,Latino Hispanic,3256.27%,76.0,300.0,10/1/1999 (25),Virginia,,,,Latino,LG,OL
Chicago Bears,SS,2,Elijah Hicks,s:20~l:28~a:4242402,https://www.espn.com/nfl/player/_/id/4242402/elijah-hicks,Black,10000.00%,71.0,200.0,10/16/1999 (25),California,2022.0,"Rd 7, Pk 254",CHI,Black,SS,DB
Chicago Bears,C,1,Drew Dalman,s:20~l:28~a:4242553,https://www.espn.com/nfl/player/_/id/4242553/drew-dalman,White,9984.70%,75.0,300.0,10/15/1998 (26),Stanford,2021.0,"Rd 4, Pk 114",ATL,White,C,OL
Chicago Bears,RDE,1,Dayo Odeyingbo,s:20~l:28~a:4242659,https://www.espn.com/nfl/player/_/id/4242659/dayo-odeyingbo,Black,9999.11%,78.0,276.0,9/24/1999 (25),Vanderbilt,2021.0,"Rd 2, Pk 54",IND,Black,RDE,DL
Chicago Bears,FS,3,Alex Cook,s:20~l:28~a:4243320,https://www.espn.com/nfl/player/_/id/4243320/alex-cook,Black,9291.15%,73.0,196.0,5/21/1999 (26),Washington,,,,Black,FS,DB
Chicago Bears,RDE,2,Dominique Robinson,s:20~l:28~a:4244300,https://www.espn.com/nfl/player/_/id/4244300/dominique-robinson,Asian,5771.34%,77.0,253.0,7/2/1998 (26),Miami OH,2022.0,"Rd 5, Pk 174",CHI,Asian,RDE,DL
Chicago Bears,LT,1,Braxton Jones,s:20~l:28~a:4251007,https://www.espn.com/nfl/player/_/id/4251007/braxton-jones,Black,9156.13%,77.0,310.0,3/27/1999 (26),Southern Utah,2022.0,"Rd 5, Pk 168",CHI,Black,LT,OL
Chicago Bears,TE,1,Cole Kmet,s:20~l:28~a:4258595,https://www.espn.com/nfl/player/_/id/4258595/cole-kmet,White,8261.64%,78.0,260.0,3/10/1999 (26),Notre Dame,2020.0,"Rd 2, Pk 43",CHI,White,TE,TE
Chicago Bears,RB,1,D'Andre Swift,s:20~l:28~a:4259545,https://www.espn.com/nfl/player/_/id/4259545/dandre-swift,Black,8675.40%,69.0,215.0,1/14/1999 (26),Georgia,2020.0,"Rd 2, Pk 35",DET,Black,RB,RB
Chicago Bears,RDT,4,Jonathan Ford,s:20~l:28~a:4259762,https://www.espn.com/nfl/player/_/id/4259762/jonathan-ford,Black,10000.00%,77.0,338.0,9/29/1998 (26),Miami,2022.0,"Rd 7, Pk 234",GB,Black,RDT,DL
Chicago Bears,FS,2,Jonathan Owens,s:20~l:28~a:4331768,https://www.espn.com/nfl/player/_/id/4331768/jonathan-owens,Black,9999.99%,71.0,210.0,7/22/1995 (29),MO Westrn,,,,Black,FS,DB
Chicago Bears,RG,3,Jordan McFadden,s:20~l:28~a:4360319,https://www.espn.com/nfl/player/_/id/4360319/jordan-mcfadden,Black,10000.00%,74.0,303.0,11/16/1999 (25),Clemson,2023.0,"Rd 5, Pk 156",LAC,Black,RG,OL
Chicago Bears,RDE,3,Daniel Hardy,s:20~l:28~a:4365629,https://www.espn.com/nfl/player/_/id/4365629/daniel-hardy,Black,7101.82%,75.0,240.0,12/15/1998 (26),Montana St,2022.0,"Rd 7, Pk 235",LAR,Black,RDE,DL
Chicago Bears,QB,4,Austin Reed,s:20~l:28~a:4368343,https://www.espn.com/nfl/player/_/id/4368343/austin-reed,White,9996.84%,73.0,220.0,2/22/2000 (25),Western KY,,,,White,QB,QB
Chicago Bears,RDE,4,Jamree Kromah,s:20~l:28~a:4372463,https://www.espn.com/nfl/player/_/id/4372463/jamree-kromah,Black,6594.98%,76.0,275.0,6/14/2000 (25),James Madison,,,,Black,RDE,DL
Chicago Bears,RDT,3,Zacch Pickens,s:20~l:28~a:4426332,https://www.espn.com/nfl/player/_/id/4426332/zacch-pickens,Black,9999.98%,76.0,300.0,3/6/2000 (25),South Carolina,2023.0,"Rd 3, Pk 64",CHI,Black,RDT,DL
Chicago Bears,RT,1,Darnell Wright,s:20~l:28~a:4426358,https://www.espn.com/nfl/player/_/id/4426358/darnell-wright,Black,4864.21%,78.0,333.0,8/10/2001 (23),Tennessee,2023.0,"Rd 1, Pk 10",CHI,Black,RT,OL
Chicago Bears,RB,2,Roschon Johnson,s:20~l:28~a:4426386,https://www.espn.com/nfl/player/_/id/4426386/roschon-johnson,Black,9961.70%,72.0,225.0,1/31/2001 (24),Texas,2023.0,"Rd 4, Pk 115",CHI,Black,RB,RB
Chicago Bears,RDT,1,Gervon Dexter Sr.,s:20~l:28~a:4429014,https://www.espn.com/nfl/player/_/id/4429014/gervon-dexter-sr,Black,10000.00%,78.0,312.0,10/5/2001 (23),Florida,2023.0,"Rd 2, Pk 53",CHI,Black,RDT,DL
Chicago Bears,SS,4,Major Burns,s:20~l:28~a:4429036,https://www.espn.com/nfl/player/_/id/4429036/major-burns,Black,10000.00%,74.0,207.0,,LSU,,,,Black,SS,DB
Chicago Bears,LDE,3,Xavier Carlton,s:20~l:28~a:4429189,https://www.espn.com/nfl/player/_/id/4429189/xavier-carlton,White,9564.30%,78.0,273.0,,California,,,,White,LDE,DL
Chicago Bears,WR,1,Rome Odunze,s:20~l:28~a:4431299,https://www.espn.com/nfl/player/_/id/4431299/rome-odunze,Black,3181.41%,75.0,215.0,6/3/2002 (23),Washington,2024.0,"Rd 1, Pk 9",CHI,Black,WR,WR
Chicago Bears,FS,4,Tysheem Johnson,s:20~l:28~a:4431405,https://www.espn.com/nfl/player/_/id/4431405/tysheem-johnson,Black,10000.00%,70.0,195.0,,Oregon St,,,,Black,FS,DB
Chicago Bears,QB,1,Caleb Williams,s:20~l:28~a:4431611,https://www.espn.com/nfl/player/_/id/4431611/caleb-williams,Black,9569.45%,73.0,215.0,11/18/2001 (23),USC,2024.0,"Rd 1, Pk 1",CHI,Black,QB,QB
Chicago Bears,RT,2,Ozzy Trapilo,s:20~l:28~a:4432595,https://www.espn.com/nfl/player/_/id/4432595/ozzy-trapilo,White,9926.40%,80.0,316.0,10/17/2001 (23),Boston College,2025.0,"Rd 2, Pk 56",CHI,White,RT,OL
Chicago Bears,MLB,3,Power Echols,s:20~l:28~a:4432695,https://www.espn.com/nfl/player/_/id/4432695/power-echols,Black,10000.00%,71.0,237.0,1/20/2003 (22),North Carolina,,,,Black,MLB,LB
Chicago Bears,RDT,2,Shemar Turner,s:20~l:28~a:4432804,https://www.espn.com/nfl/player/_/id/4432804/shemar-turner,Black,10000.00%,75.0,290.0,1/14/2003 (22),Texas A&M,2025.0,"Rd 2, Pk 62",CHI,Black,RDT,DL
Chicago Bears,QB,2,Tyson Bagent,s:20~l:28~a:4434153,https://www.espn.com/nfl/player/_/id/4434153/tyson-bagent,White,9999.81%,75.0,213.0,6/8/2000 (25),Shepherd,,,,White,QB,QB
Chicago Bears,WR,2,Tyler Scott,s:20~l:28~a:4565908,https://www.espn.com/nfl/player/_/id/4565908/tyler-scott,Black,9062.41%,71.0,185.0,10/12/2001 (23),Cincinnati,2023.0,"Rd 4, Pk 133",CHI,Black,WR,WR
Chicago Bears,C,4,Ricky Stromberg,s:20~l:28~a:4567173,https://www.espn.com/nfl/player/_/id/4567173/ricky-stromberg,White,7954.20%,76.0,313.0,11/10/2000 (24),Arkansas,2023.0,"Rd 3, Pk 97",WSH,White,C,OL
Chicago Bears,WR,4,John Jackson III,s:20~l:28~a:4569510,https://www.espn.com/nfl/player/_/id/4569510/john-jackson-iii,Black,9979.65%,73.0,215.0,8/23/1999 (25),Nevada,,,,Black,WR,WR
Chicago Bears,SS,1,Jaquan Brisker,s:20~l:28~a:4570044,https://www.espn.com/nfl/player/_/id/4570044/jaquan-brisker,Black,9346.64%,73.0,200.0,4/20/1999 (26),Penn State,2022.0,"Rd 2, Pk 48",CHI,Black,SS,DB
Chicago Bears,RB,3,Kyle Monangai,s:20~l:28~a:4608686,https://www.espn.com/nfl/player/_/id/4608686/kyle-monangai,Black,10000.00%,68.0,211.0,6/6/2002 (23),Rutgers,2025.0,"Rd 7, Pk 233",CHI,Black,RB,RB
Chicago Bears,LDE,2,Austin Booker,s:20~l:28~a:4683553,https://www.espn.com/nfl/player/_/id/4683553/austin-booker,Latino Hispanic,3575.16%,78.0,245.0,12/14/2002 (22),Kansas,2024.0,"Rd 5, Pk 144",CHI,Latino,LDE,DL
Chicago Bears,WR,4,JP Richardson,s:20~l:28~a:4685183,https://www.espn.com/nfl/player/_/id/4685183/jp-richardson,White,3069.69%,71.0,192.0,,TCU,,,,White,WR,WR
Chicago Bears,WR,1,Luther Burden III,s:20~l:28~a:4685278,https://www.espn.com/nfl/player/_/id/4685278/luther-burden-iii,White,4696.75%,72.0,206.0,12/12/2003 (21),Missouri,2025.0,"Rd 2, Pk 39",CHI,White,WR,WR
Chicago Bears,C,3,Luke Newman,s:20~l:28~a:4695895,https://www.espn.com/nfl/player/_/id/4695895/luke-newman,White,9996.74%,76.0,308.0,3/31/2002 (23),Michigan St,2025.0,"Rd 6, Pk 195",CHI,White,C,OL
Chicago Bears,TE,2,Colston Loveland,s:20~l:28~a:4723086,https://www.espn.com/nfl/player/_/id/4723086/colston-loveland,White,9919.32%,78.0,248.0,4/9/2004 (21),Michigan,2025.0,"Rd 1, Pk 10",CHI,White,TE,TE
Chicago Bears,LT,2,Kiran Amegadjie,s:20~l:28~a:4883090,https://www.espn.com/nfl/player/_/id/4883090/kiran-amegadjie,Black,9985.43%,77.0,326.0,2/1/2002 (23),Yale,2024.0,"Rd 3, Pk 75",CHI,Black,LT,OL
Chicago Bears,LG,4,Theo Benedet,s:20~l:28~a:5125873,https://www.espn.com/nfl/player/_/id/5125873/theo-benedet,White,9958.45%,79.0,305.0,12/10/2001 (23),Britsh Col,,,,White,LG,OL
Chicago Bears,WR,4,Jahdae Walker,s:20~l:28~a:5160110,https://www.espn.com/nfl/player/_/id/5160110/jahdae-walker,Black,9996.81%,75.0,199.0,,Texas A&M,,,,Black,WR,WR
Cincinnati Bengals,C,1,Ted Karras,s:20~l:28~a:2576188,https://www.espn.com/nfl/player/_/id/2576188/ted-karras,White,9999.82%,76.0,310.0,3/15/1993 (32),Illinois,2016.0,"Rd 6, Pk 221",NE,White,C,OL
Cincinnati Bengals,RG,2,Lucas Patrick,s:20~l:28~a:2576736,https://www.espn.com/nfl/player/_/id/2576736/lucas-patrick,White,9269.68%,75.0,313.0,7/30/1993 (31),Duke,,,,White,RG,OL
Cincinnati Bengals,QB,3,Logan Woodside,s:20~l:28~a:3042749,https://www.espn.com/nfl/player/_/id/3042749/logan-woodside,White,9784.38%,73.0,210.0,1/27/1995 (30),Toledo,2018.0,"Rd 7, Pk 249",CIN,White,QB,QB
Cincinnati Bengals,TE,4,Tanner Hudson,s:20~l:28~a:3050481,https://www.espn.com/nfl/player/_/id/3050481/tanner-hudson,White,9984.95%,77.0,241.0,11/12/1994 (30),S Ark,,,,White,TE,TE
Cincinnati Bengals,RDE,1,Trey Hendrickson,s:20~l:28~a:3052743,https://www.espn.com/nfl/player/_/id/3052743/trey-hendrickson,White,7698.50%,76.0,265.0,12/5/1994 (30),FAU,2017.0,"Rd 3, Pk 103",NO,White,RDE,DL
Cincinnati Bengals,TE,1,Mike Gesicki,s:20~l:28~a:3116164,https://www.espn.com/nfl/player/_/id/3116164/mike-gesicki,White,9970.66%,78.0,245.0,10/3/1995 (29),Penn State,2018.0,"Rd 2, Pk 42",MIA,White,TE,TE
Cincinnati Bengals,LT,1,Orlando Brown Jr.,s:20~l:28~a:3116370,https://www.espn.com/nfl/player/_/id/3116370/orlando-brown-jr,Black,9999.96%,80.0,350.0,5/2/1996 (29),Oklahoma,2018.0,"Rd 3, Pk 83",BAL,Black,LT,OL
Cincinnati Bengals,RB,3,Samaje Perine,s:20~l:28~a:3116389,https://www.espn.com/nfl/player/_/id/3116389/samaje-perine,Black,10000.00%,71.0,240.0,9/16/1995 (29),Oklahoma,2017.0,"Rd 4, Pk 114",WSH,Black,RB,RB
Cincinnati Bengals,LDT,1,B.J. Hill,s:20~l:28~a:3116748,https://www.espn.com/nfl/player/_/id/3116748/bj-hill,Black,10000.00%,75.0,311.0,4/20/1995 (30),NC State,2018.0,"Rd 3, Pk 69",NYG,Black,LDT,DL
Cincinnati Bengals,TE,2,Drew Sample,s:20~l:28~a:3127310,https://www.espn.com/nfl/player/_/id/3127310/drew-sample,White,9967.88%,77.0,260.0,4/16/1996 (29),Washington,2019.0,"Rd 2, Pk 52",CIN,White,TE,TE
Cincinnati Bengals,RG,1,Cody Ford,s:20~l:28~a:3707061,https://www.espn.com/nfl/player/_/id/3707061/cody-ford,Latino Hispanic,4837.78%,75.0,345.0,12/28/1996 (28),Oklahoma,2019.0,"Rd 2, Pk 38",BUF,Latino,RG,OL
Cincinnati Bengals,QB,2,Jake Browning,s:20~l:28~a:3886812,https://www.espn.com/nfl/player/_/id/3886812/jake-browning,White,9703.42%,74.0,209.0,4/11/1996 (29),Washington,,,,White,QB,QB
Cincinnati Bengals,QB,1,Joe Burrow,s:20~l:28~a:3915511,https://www.espn.com/nfl/player/_/id/3915511/joe-burrow,White,6395.52%,76.0,215.0,12/10/1996 (28),LSU,2020.0,"Rd 1, Pk 1",CIN,White,QB,QB
Cincinnati Bengals,MLB,3,Joe Giles-Harris,s:20~l:28~a:3917797,https://www.espn.com/nfl/player/_/id/3917797/joe-giles-harris,Black,9999.95%,74.0,234.0,4/1/1997 (28),Duke,,,,Black,MLB,LB
Cincinnati Bengals,MLB,1,Logan Wilson,s:20~l:28~a:3918330,https://www.espn.com/nfl/player/_/id/3918330/logan-wilson,White,9998.83%,74.0,245.0,7/8/1996 (28),Wyoming,2020.0,"Rd 3, Pk 65",CIN,White,MLB,LB
Cincinnati Bengals,RT,2,Devin Cochran,s:20~l:28~a:4035270,https://www.espn.com/nfl/player/_/id/4035270/devin-cochran,White,8112.82%,79.0,330.0,7/17/1998 (26),Georgia Tech,,,,White,RT,OL
Cincinnati Bengals,RB,2,Zack Moss,s:20~l:28~a:4035676,https://www.espn.com/nfl/player/_/id/4035676/zack-moss,Black,6553.19%,70.0,220.0,12/15/1997 (27),Utah,2020.0,"Rd 3, Pk 86",BUF,Black,RB,RB
Cincinnati Bengals,WR,2,Kendric Pryor,s:20~l:28~a:4035776,https://www.espn.com/nfl/player/_/id/4035776/kendric-pryor,Black,5162.21%,71.0,189.0,1/6/1998 (27),Wisconsin,,,,Black,WR,WR
Cincinnati Bengals,LG,1,Cordell Volson,s:20~l:28~a:4040950,https://www.espn.com/nfl/player/_/id/4040950/cordell-volson,White,9999.99%,78.0,315.0,7/20/1998 (26),N Dakota St,2022.0,"Rd 4, Pk 136",CIN,White,LG,OL
Cincinnati Bengals,WR,1,Tee Higgins,s:20~l:28~a:4239993,https://www.espn.com/nfl/player/_/id/4239993/tee-higgins,Black,10000.00%,76.0,220.0,1/18/1999 (26),Clemson,2020.0,"Rd 2, Pk 33",CIN,Black,WR,WR
Cincinnati Bengals,FS,1,Geno Stone,s:20~l:28~a:4240575,https://www.espn.com/nfl/player/_/id/4240575/geno-stone,Latino Hispanic,3638.40%,71.0,210.0,4/19/1999 (26),Iowa,2020.0,"Rd 7, Pk 219",BAL,Latino,FS,DB
Cincinnati Bengals,RDT,1,T.J. Slaton,s:20~l:28~a:4240612,https://www.espn.com/nfl/player/_/id/4240612/tj-slaton,Black,10000.00%,77.0,340.0,10/3/1997 (27),Florida,2021.0,"Rd 5, Pk 173",GB,Black,RDT,DL
Cincinnati Bengals,RDE,4,Raymond Johnson III,s:20~l:28~a:4241135,https://www.espn.com/nfl/player/_/id/4241135/raymond-johnson-iii,Black,10000.00%,75.0,270.0,10/21/1998 (26),GA Southern,,,,Black,RDE,DL
Cincinnati Bengals,LDE,4,Isaiah Thomas,s:20~l:28~a:4241404,https://www.espn.com/nfl/player/_/id/4241404/isaiah-thomas,White,7913.42%,77.0,272.0,12/3/1998 (26),Oklahoma,2022.0,"Rd 7, Pk 223",CLE,White,LDE,DL
Cincinnati Bengals,RG,3,Tashawn Manning,s:20~l:28~a:4242529,https://www.espn.com/nfl/player/_/id/4242529/tashawn-manning,Black,10000.00%,76.0,340.0,5/23/1998 (27),Kentucky,,,,Black,RG,OL
Cincinnati Bengals,LG,3,Jaxson Kirkland,s:20~l:28~a:4243324,https://www.espn.com/nfl/player/_/id/4243324/jaxson-kirkland,White,4409.61%,79.0,325.0,7/30/1998 (26),Washington,,,,White,LG,OL
Cincinnati Bengals,LDE,3,Cam Sample,s:20~l:28~a:4243923,https://www.espn.com/nfl/player/_/id/4243923/cam-sample,Black,10000.00%,75.0,272.0,9/20/1999 (25),Tulane,2021.0,"Rd 4, Pk 111",CIN,Black,LDE,DL
Cincinnati Bengals,WR,2,Charlie Jones,s:20~l:28~a:4257188,https://www.espn.com/nfl/player/_/id/4257188/charlie-jones,White,9982.37%,72.0,190.0,10/29/1998 (26),Purdue,2023.0,"Rd 4, Pk 131",CIN,White,WR,WR
Cincinnati Bengals,FS,2,Tycen Anderson,s:20~l:28~a:4257240,https://www.espn.com/nfl/player/_/id/4257240/tycen-anderson,Black,10000.00%,74.0,205.0,6/13/1999 (26),Toledo,2022.0,"Rd 5, Pk 166",CIN,Black,FS,DB
Cincinnati Bengals,RT,3,Andrew Stueber,s:20~l:28~a:4258207,https://www.espn.com/nfl/player/_/id/4258207/andrew-stueber,White,7995.05%,79.0,338.0,7/1/1999 (25),Michigan,2022.0,"Rd 7, Pk 245",NE,White,RT,OL
Cincinnati Bengals,LDE,1,Joseph Ossai,s:20~l:28~a:4362094,https://www.espn.com/nfl/player/_/id/4362094/joseph-ossai,Black,10000.00%,76.0,263.0,4/12/2000 (25),Texas,2021.0,"Rd 3, Pk 69",CIN,Black,LDE,DL
Cincinnati Bengals,RB,1,Chase Brown,s:20~l:28~a:4362238,https://www.espn.com/nfl/player/_/id/4362238/chase-brown,White,4668.15%,70.0,210.0,3/21/2000 (25),Illinois,2023.0,"Rd 5, Pk 163",CIN,White,RB,RB
Cincinnati Bengals,WR,1,Ja'Marr Chase,s:20~l:28~a:4362628,https://www.espn.com/nfl/player/_/id/4362628/jamarr-chase,Black,7758.98%,72.0,205.0,3/1/2000 (25),LSU,2021.0,"Rd 1, Pk 5",CIN,Black,WR,WR
Cincinnati Bengals,SS,3,Jaylen Key,s:20~l:28~a:4363417,https://www.espn.com/nfl/player/_/id/4363417/jaylen-key,White,7623.92%,74.0,210.0,2/29/2000 (25),Alabama,2024.0,"Rd 7, Pk 257",NYJ,White,SS,DB
Cincinnati Bengals,WR,1,Andrei Iosivas,s:20~l:28~a:4368003,https://www.espn.com/nfl/player/_/id/4368003/andrei-iosivas,White,3543.79%,75.0,210.0,10/15/1999 (25),Princeton,2023.0,"Rd 6, Pk 206",CIN,White,WR,WR
Cincinnati Bengals,LDT,3,Howard Cross III,s:20~l:28~a:4426992,https://www.espn.com/nfl/player/_/id/4426992/howard-cross-iii,Latino Hispanic,5297.25%,73.0,285.0,7/31/2001 (23),Notre Dame,,,,Latino,LDT,DL
Cincinnati Bengals,TE,3,Erick All Jr.,s:20~l:28~a:4427834,https://www.espn.com/nfl/player/_/id/4427834/erick-all-jr,Latino Hispanic,3489.75%,77.0,255.0,9/13/2000 (24),Iowa,2024.0,"Rd 4, Pk 115",CIN,Latino,TE,TE
Cincinnati Bengals,MLB,2,Maema Njongmeta,s:20~l:28~a:4428125,https://www.espn.com/nfl/player/_/id/4428125/maema-njongmeta,Black,10000.00%,72.0,232.0,3/9/2001 (24),Wisconsin,,,,Black,MLB,LB
Cincinnati Bengals,MLB,4,Craig Young,s:20~l:28~a:4428962,https://www.espn.com/nfl/player/_/id/4428962/craig-young,Black,9999.76%,75.0,225.0,3/13/2001 (24),Kansas,,,,Black,MLB,LB
Cincinnati Bengals,RDE,2,Myles Murphy,s:20~l:28~a:4428985,https://www.espn.com/nfl/player/_/id/4428985/myles-murphy,Black,10000.00%,77.0,275.0,1/3/2002 (23),Clemson,2023.0,"Rd 1, Pk 28",CIN,Black,RDE,DL
Cincinnati Bengals,LT,2,Jalen Rivers,s:20~l:28~a:4429010,https://www.espn.com/nfl/player/_/id/4429010/jalen-rivers,Black,10000.00%,77.0,319.0,9/12/2002 (22),Miami,2025.0,"Rd 5, Pk 153",CIN,Black,LT,OL
Cincinnati Bengals,WR,2,Jermaine Burton,s:20~l:28~a:4429033,https://www.espn.com/nfl/player/_/id/4429033/jermaine-burton,Latino Hispanic,3100.48%,72.0,204.0,6/28/2001 (23),Alabama,2024.0,"Rd 3, Pk 80",CIN,Latino,WR,WR
Cincinnati Bengals,C,3,Seth McLaughlin,s:20~l:28~a:4429187,https://www.espn.com/nfl/player/_/id/4429187/seth-mclaughlin,White,9815.91%,76.0,304.0,,Ohio State,,,,White,C,OL
Cincinnati Bengals,RB,4,Tahj Brooks,s:20~l:28~a:4429299,https://www.espn.com/nfl/player/_/id/4429299/tahj-brooks,Black,10000.00%,70.0,230.0,5/13/2002 (23),Texas Tech,2025.0,"Rd 6, Pk 193",CIN,Black,RB,RB
Cincinnati Bengals,LT,3,Andrew Coker,s:20~l:28~a:4429430,https://www.espn.com/nfl/player/_/id/4429430/andrew-coker,Black,8070.87%,79.0,315.0,3/23/2001 (24),TCU,,,,Black,LT,OL
Cincinnati Bengals,FS,3,PJ Jules,s:20~l:28~a:4429946,https://www.espn.com/nfl/player/_/id/4429946/pj-jules,Black,10000.00%,72.0,203.0,5/14/2001 (24),S Illinois,,,,Black,FS,DB
Cincinnati Bengals,RDE,3,Cedric Johnson,s:20~l:28~a:4430065,https://www.espn.com/nfl/player/_/id/4430065/cedric-johnson,Black,9999.46%,75.0,264.0,9/6/2002 (22),Ole Miss,2024.0,"Rd 6, Pk 214",CIN,Black,RDE,DL
Cincinnati Bengals,WR,4,Rashod Owens,s:20~l:28~a:4430577,https://www.espn.com/nfl/player/_/id/4430577/rashod-owens,Black,9999.80%,74.0,218.0,,Oklahoma St,,,,Black,WR,WR
Cincinnati Bengals,QB,4,Payton Thorne,s:20~l:28~a:4430590,https://www.espn.com/nfl/player/_/id/4430590/payton-thorne,Latino Hispanic,2661.65%,74.0,207.0,6/26/2001 (23),Auburn,,,,Latino,QB,QB
Cincinnati Bengals,RT,1,Amarius Mims,s:20~l:28~a:4431571,https://www.espn.com/nfl/player/_/id/4431571/amarius-mims,Black,10000.00%,80.0,350.0,10/14/2002 (22),Georgia,2024.0,"Rd 1, Pk 18",CIN,Black,RT,OL
Cincinnati Bengals,RDT,2,Kris Jenkins Jr.,s:20~l:28~a:4432301,https://www.espn.com/nfl/player/_/id/4432301/kris-jenkins-jr,Black,9997.22%,75.0,310.0,10/10/2001 (23),Michigan,2024.0,"Rd 2, Pk 49",CIN,Black,RDT,DL
Cincinnati Bengals,SS,1,Jordan Battle,s:20~l:28~a:4567098,https://www.espn.com/nfl/player/_/id/4567098/jordan-battle,Black,10000.00%,73.0,215.0,12/14/2000 (24),Alabama,2023.0,"Rd 3, Pk 95",CIN,Black,SS,DB
Cincinnati Bengals,RDT,3,Eric Gregory,s:20~l:28~a:4567171,https://www.espn.com/nfl/player/_/id/4567171/eric-gregory,Black,9969.14%,75.0,319.0,9/13/2000 (24),Arkansas,,,,Black,RDT,DL
Cincinnati Bengals,C,2,Matt Lee,s:20~l:28~a:4568986,https://www.espn.com/nfl/player/_/id/4568986/matt-lee,White,5269.24%,76.0,310.0,6/6/2001 (24),Miami,2024.0,"Rd 7, Pk 237",CIN,White,C,OL
Cincinnati Bengals,WR,3,Isaiah Williams,s:20~l:28~a:4569371,https://www.espn.com/nfl/player/_/id/4569371/isaiah-williams,Black,9999.98%,70.0,185.0,1/29/2001 (24),Illinois,,,,Black,WR,WR
Cincinnati Bengals,WR,4,Jordan Moore,s:20~l:28~a:4594444,https://www.espn.com/nfl/player/_/id/4594444/jordan-moore,Black,8818.95%,72.0,191.0,4/18/2002 (23),Duke,,,,Black,WR,WR
Cincinnati Bengals,LG,2,Dylan Fairchild,s:20~l:28~a:4646773,https://www.espn.com/nfl/player/_/id/4646773/dylan-fairchild,Middle Eastern,4423.93%,77.0,318.0,5/8/2003 (22),Georgia,2025.0,"Rd 3, Pk 81",CIN,Middle Eastern,LG,OL
Cincinnati Bengals,SS,4,Shaquan Loyal,s:20~l:28~a:4682634,https://www.espn.com/nfl/player/_/id/4682634/shaquan-loyal,Black,6345.34%,72.0,202.0,,Rutgers,,,,Black,SS,DB
Cincinnati Bengals,LDE,2,Shemar Stewart,s:20~l:28~a:4685562,https://www.espn.com/nfl/player/_/id/4685562/shemar-stewart,White,6517.61%,77.0,267.0,11/12/2003 (21),Texas A&M,2025.0,"Rd 1, Pk 17",CIN,White,LDE,DL
Cincinnati Bengals,WR,3,Mitchell Tinsley,s:20~l:28~a:4690070,https://www.espn.com/nfl/player/_/id/4690070/mitchell-tinsley,Black,10000.00%,73.0,205.0,9/15/1999 (25),Penn State,,,,Black,WR,WR
Cincinnati Bengals,LDT,2,McKinnley Jackson,s:20~l:28~a:4692680,https://www.espn.com/nfl/player/_/id/4692680/mckinnley-jackson,Black,9999.04%,74.0,330.0,12/26/2001 (23),Texas A&M,2024.0,"Rd 3, Pk 97",CIN,Black,LDT,DL
Cincinnati Bengals,WR,4,Jamoi Mayes,s:20~l:28~a:4692972,https://www.espn.com/nfl/player/_/id/4692972/jamoi-mayes,Black,9804.25%,70.0,206.0,,Cincinnati,,,,Black,WR,WR
Cincinnati Bengals,SS,2,Daijahn Anthony,s:20~l:28~a:4874448,https://www.espn.com/nfl/player/_/id/4874448/daijahn-anthony,Asian,6778.82%,72.0,200.0,9/9/2000 (24),Ole Miss,2024.0,"Rd 7, Pk 224",CIN,Asian,SS,DB
Cincinnati Bengals,LT,4,Caleb Etienne,s:20~l:28~a:4880297,https://www.espn.com/nfl/player/_/id/4880297/caleb-etienne,Black,10000.00%,79.0,329.0,,BYU,,,,Black,LT,OL
Cincinnati Bengals,WR,3,Cole Burgess,s:20~l:28~a:5192448,https://www.espn.com/nfl/player/_/id/5192448/cole-burgess,Black,6131.45%,73.0,198.0,2/11/2000 (25),Cortland,,,,Black,WR,WR
Cincinnati Bengals,RDT,4,Dante Barnett,s:20~l:28~a:5278715,https://www.espn.com/nfl/player/_/id/5278715/dante-barnett,N/A (Scrape Failed),0.00%,,,N/A (Bio Scrape Failed),N/A (Bio Scrape Failed),,,,N/A (Scrape Failed),RDT,DL
Cleveland Browns,QB,3,Joe Flacco,s:20~l:28~a:11252,https://www.espn.com/nfl/player/_/id/11252/joe-flacco,Middle Eastern,9850.18%,78.0,230.0,1/16/1985 (40),Delaware,2008.0,"Rd 1, Pk 18",BAL,Middle Eastern,QB,QB
Cleveland Browns,LG,1,Joel Bitonio,s:20~l:28~a:16740,https://www.espn.com/nfl/player/_/id/16740/joel-bitonio,White,9990.34%,76.0,320.0,10/11/1991 (33),Nevada,2014.0,"Rd 2, Pk 35",CLE,White,LG,OL
Cleveland Browns,RDT,2,Shelby Harris,s:20~l:28~a:16837,https://www.espn.com/nfl/player/_/id/16837/shelby-harris,White,9124.56%,74.0,288.0,8/11/1991 (33),Illinois State,2014.0,"Rd 7, Pk 235",OAK,White,RDT,DL
Cleveland Browns,RT,2,Cornelius Lucas,s:20~l:28~a:17202,https://www.espn.com/nfl/player/_/id/17202/cornelius-lucas,Black,9995.98%,81.0,325.0,7/18/1991 (33),Kansas State,,,,Black,RT,OL
Cleveland Browns,MLB,1,Jordan Hicks,s:20~l:28~a:2514270,https://www.espn.com/nfl/player/_/id/2514270/jordan-hicks,Black,9999.98%,73.0,235.0,6/27/1992 (32),Texas,2015.0,"Rd 3, Pk 84",PHI,Black,MLB,LB
Cleveland Browns,WR,3,DeAndre Carter,s:20~l:28~a:2580216,https://www.espn.com/nfl/player/_/id/2580216/deandre-carter,Black,10000.00%,68.0,188.0,4/10/1993 (32),Sacramento St,,,,Black,WR,WR
Cleveland Browns,FS,2,Rayshawn Jenkins,s:20~l:28~a:2969961,https://www.espn.com/nfl/player/_/id/2969961/rayshawn-jenkins,Black,8069.73%,73.0,220.0,1/25/1994 (31),Miami,2017.0,"Rd 4, Pk 113",LAC,Black,FS,DB
Cleveland Browns,SS,2,Damontae Kazee,s:20~l:28~a:2976099,https://www.espn.com/nfl/player/_/id/2976099/damontae-kazee,Black,10000.00%,71.0,174.0,6/5/1993 (32),San Diego State,2017.0,"Rd 5, Pk 149",ATL,Black,SS,DB
Cleveland Browns,RT,1,Jack Conklin,s:20~l:28~a:2979534,https://www.espn.com/nfl/player/_/id/2979534/jack-conklin,White,8049.66%,78.0,308.0,8/17/1994 (30),Michigan State,2016.0,"Rd 1, Pk 8",TEN,White,RT,OL
Cleveland Browns,LDT,1,Maliek Collins,s:20~l:28~a:3040471,https://www.espn.com/nfl/player/_/id/3040471/maliek-collins,White,8138.33%,74.0,311.0,4/8/1995 (30),Nebraska,2016.0,"Rd 3, Pk 67",DAL,White,LDT,DL
Cleveland Browns,C,1,Ethan Pocic,s:20~l:28~a:3042738,https://www.espn.com/nfl/player/_/id/3042738/ethan-pocic,White,9987.84%,78.0,320.0,8/5/1995 (29),LSU,2017.0,"Rd 2, Pk 58",SEA,White,C,OL
Cleveland Browns,RG,1,Wyatt Teller,s:20~l:28~a:3045474,https://www.espn.com/nfl/player/_/id/3045474/wyatt-teller,Latino Hispanic,4173.64%,76.0,315.0,11/21/1994 (30),Virginia Tech,2018.0,"Rd 5, Pk 166",BUF,Latino,RG,OL
Cleveland Browns,RDE,3,Ogbo Okoronkwo,s:20~l:28~a:3052667,https://www.espn.com/nfl/player/_/id/3052667/ogbo-okoronkwo,Black,9999.86%,74.0,250.0,4/24/1995 (30),Oklahoma,2018.0,"Rd 5, Pk 160",LAR,Black,RDE,DL
Cleveland Browns,LDE,1,Myles Garrett,s:20~l:28~a:3122132,https://www.espn.com/nfl/player/_/id/3122132/myles-garrett,White,3382.94%,76.0,272.0,12/29/1995 (29),Texas A&M,2017.0,"Rd 1, Pk 1",CLE,White,LDE,DL
Cleveland Browns,QB,1,Deshaun Watson,s:20~l:28~a:3122840,https://www.espn.com/nfl/player/_/id/3122840/deshaun-watson,Black,9977.09%,75.0,223.0,9/14/1995 (29),Clemson,2017.0,"Rd 1, Pk 12",HOU,Black,QB,QB
Cleveland Browns,RT,3,Jackson Barton,s:20~l:28~a:3122865,https://www.espn.com/nfl/player/_/id/3122865/jackson-barton,White,9998.59%,79.0,302.0,8/8/1995 (29),Utah,2019.0,"Rd 7, Pk 240",IND,White,RT,OL
Cleveland Browns,TE,1,David Njoku,s:20~l:28~a:3123076,https://www.espn.com/nfl/player/_/id/3123076/david-njoku,White,4896.16%,76.0,246.0,7/10/1996 (28),Miami,2017.0,"Rd 1, Pk 29",CLE,White,TE,TE
Cleveland Browns,MLB,2,Jerome Baker,s:20~l:28~a:3915507,https://www.espn.com/nfl/player/_/id/3915507/jerome-baker,Black,10000.00%,74.0,232.0,12/25/1996 (28),OSU,2018.0,"Rd 3, Pk 73",MIA,Black,MLB,LB
Cleveland Browns,WR,1,Diontae Johnson,s:20~l:28~a:3932905,https://www.espn.com/nfl/player/_/id/3932905/diontae-johnson,Black,10000.00%,70.0,183.0,7/5/1996 (28),Toledo,2019.0,"Rd 3, Pk 66",PIT,Black,WR,WR
Cleveland Browns,LDE,4,Elerson G. Smith,s:20~l:28~a:4030924,https://www.espn.com/nfl/player/_/id/4030924/elerson-g-smith,Latino Hispanic,6166.05%,79.0,245.0,7/17/1998 (26),Northern Iowa,2021.0,"Rd 4, Pk 116",NYG,Latino,LDE,DL
Cleveland Browns,LDT,3,Sam Kamara,s:20~l:28~a:4033855,https://www.espn.com/nfl/player/_/id/4033855/sam-kamara,White,5403.02%,72.0,272.0,12/21/1997 (27),Stony Brook,,,,White,LDT,DL
Cleveland Browns,LG,2,Teven Jenkins,s:20~l:28~a:4038457,https://www.espn.com/nfl/player/_/id/4038457/teven-jenkins,White,3989.81%,78.0,321.0,3/3/1998 (27),Oklahoma St,2021.0,"Rd 2, Pk 39",CHI,White,LG,OL
Cleveland Browns,LDE,3,Julian Okwara,s:20~l:28~a:4046690,https://www.espn.com/nfl/player/_/id/4046690/julian-okwara,Black,9999.95%,76.0,250.0,12/27/1997 (27),Notre Dame,2020.0,"Rd 3, Pk 67",DET,Black,LDE,DL
Cleveland Browns,LDT,4,Ralph Holley,s:20~l:28~a:4240164,https://www.espn.com/nfl/player/_/id/4240164/ralph-holley,Black,10000.00%,72.0,285.0,1/22/1999 (26),W Michigan,,,,Black,LDT,DL
Cleveland Browns,QB,2,Kenny Pickett,s:20~l:28~a:4240703,https://www.espn.com/nfl/player/_/id/4240703/kenny-pickett,White,10000.00%,75.0,220.0,6/6/1998 (27),Pitt,2022.0,"Rd 1, Pk 20",PIT,White,QB,QB
Cleveland Browns,WR,1,Jerry Jeudy,s:20~l:28~a:4241463,https://www.espn.com/nfl/player/_/id/4241463/jerry-jeudy,White,6383.91%,73.0,195.0,4/24/1999 (26),Alabama,2020.0,"Rd 1, Pk 15",DEN,White,WR,WR
Cleveland Browns,SS,1,Grant Delpit,s:20~l:28~a:4242208,https://www.espn.com/nfl/player/_/id/4242208/grant-delpit,Latino Hispanic,3924.23%,75.0,208.0,9/20/1998 (26),LSU,2020.0,"Rd 2, Pk 44",CLE,Latino,SS,DB
Cleveland Browns,RDE,2,Joe Tryon-Shoyinka,s:20~l:28~a:4243333,https://www.espn.com/nfl/player/_/id/4243333/joe-tryon-shoyinka,Asian,4031.33%,77.0,259.0,4/30/1999 (26),Washington,2021.0,"Rd 1, Pk 32",TB,Asian,RDE,DL
Cleveland Browns,RB,4,Pierre Strong Jr.,s:20~l:28~a:4249836,https://www.espn.com/nfl/player/_/id/4249836/pierre-strong-jr,Black,10000.00%,71.0,215.0,12/10/1998 (26),S Dakota St,2022.0,"Rd 4, Pk 127",NE,Black,RB,RB
Cleveland Browns,FB,1,Troy Hairston,s:20~l:28~a:4274040,https://www.espn.com/nfl/player/_/id/4274040/troy-hairston,Black,9897.38%,71.0,245.0,12/8/1998 (26),C Michigan,,,,Black,FB,RB
Cleveland Browns,WR,2,Michael Woods II,s:20~l:28~a:4360174,https://www.espn.com/nfl/player/_/id/4360174/michael-woods-ii,Black,9998.53%,73.0,204.0,3/19/2000 (25),Oklahoma,2022.0,"Rd 6, Pk 202",CLE,Black,WR,WR
Cleveland Browns,LT,3,Julian Pearl,s:20~l:28~a:4360391,https://www.espn.com/nfl/player/_/id/4360391/julian-pearl,Black,9485.70%,78.0,325.0,10/6/1999 (25),Illinois,,,,Black,LT,OL
Cleveland Browns,WR,3,Jaelen Gill,s:20~l:28~a:4361351,https://www.espn.com/nfl/player/_/id/4361351/jaelen-gill,Black,9030.05%,72.0,185.0,11/17/1999 (25),Fresno St,,,,Black,WR,WR
Cleveland Browns,RDE,4,Cameron Thomas,s:20~l:28~a:4361510,https://www.espn.com/nfl/player/_/id/4361510/cameron-thomas,White,6095.31%,76.0,265.0,1/7/2000 (25),San Diego St,2022.0,"Rd 3, Pk 87",ARI,White,RDE,DL
Cleveland Browns,TE,3,Blake Whiteheart,s:20~l:28~a:4362018,https://www.espn.com/nfl/player/_/id/4362018/blake-whiteheart,Middle Eastern,3448.03%,76.0,250.0,3/22/2000 (25),Wake Forest,,,,Middle Eastern,TE,TE
Cleveland Browns,TE,4,Brenden Bates,s:20~l:28~a:4362603,https://www.espn.com/nfl/player/_/id/4362603/brenden-bates,White,9997.73%,77.0,255.0,10/16/1999 (25),Kentucky,,,,White,TE,TE
Cleveland Browns,MLB,3,Nathaniel Watson,s:20~l:28~a:4362895,https://www.espn.com/nfl/player/_/id/4362895/nathaniel-watson,Black,10000.00%,72.0,233.0,9/1/2000 (24),Mississippi St,2024.0,"Rd 6, Pk 206",CLE,Black,MLB,LB
Cleveland Browns,LT,2,Lorenzo Thompson,s:20~l:28~a:4367040,https://www.espn.com/nfl/player/_/id/4367040/lorenzo-thompson,White,9864.46%,78.0,305.0,6/21/2000 (24),Rhode Island,,,,White,LT,OL
Cleveland Browns,WR,1,Cedric Tillman,s:20~l:28~a:4369863,https://www.espn.com/nfl/player/_/id/4369863/cedric-tillman,Black,10000.00%,75.0,215.0,4/19/2000 (25),Tennessee,2023.0,"Rd 3, Pk 74",CLE,Black,WR,WR
Cleveland Browns,RB,1,Jerome Ford,s:20~l:28~a:4372019,https://www.espn.com/nfl/player/_/id/4372019/jerome-ford,Black,10000.00%,70.0,210.0,9/12/1999 (25),Cincinnati,2022.0,"Rd 5, Pk 156",CLE,Black,RB,RB
Cleveland Browns,RDT,3,Jowon Briggs,s:20~l:28~a:4426676,https://www.espn.com/nfl/player/_/id/4426676/jowon-briggs,Black,9564.08%,73.0,313.0,9/1/2001 (23),Cincinnati,2024.0,"Rd 7, Pk 243",CLE,Black,RDT,DL
Cleveland Browns,QB,4,Dillon Gabriel,s:20~l:28~a:4427238,https://www.espn.com/nfl/player/_/id/4427238/dillon-gabriel,Latino Hispanic,3833.54%,71.0,205.0,12/28/2000 (24),Oregon,2025.0,"Rd 3, Pk 94",CLE,Latino,QB,QB
Cleveland Browns,LT,1,Dawand Jones,s:20~l:28~a:4427637,https://www.espn.com/nfl/player/_/id/4427637/dawand-jones,White,6294.32%,80.0,374.0,8/6/2001 (23),Ohio State,2023.0,"Rd 4, Pk 111",CLE,White,LT,OL
Cleveland Browns,RDE,1,Isaiah McGuire,s:20~l:28~a:4427963,https://www.espn.com/nfl/player/_/id/4427963/isaiah-mcguire,White,9390.99%,76.0,268.0,7/27/2001 (23),Missouri,2023.0,"Rd 4, Pk 126",CLE,White,RDE,DL
Cleveland Browns,WR,2,Jamari Thrash,s:20~l:28~a:4428678,https://www.espn.com/nfl/player/_/id/4428678/jamari-thrash,Black,10000.00%,72.0,190.0,12/19/2000 (24),Louisville,2024.0,"Rd 5, Pk 156",CLE,Black,WR,WR
Cleveland Browns,C,2,Luke Wypler,s:20~l:28~a:4430806,https://www.espn.com/nfl/player/_/id/4430806/luke-wypler,White,4460.62%,75.0,303.0,5/3/2001 (24),Ohio State,2023.0,"Rd 6, Pk 190",CLE,White,C,OL
Cleveland Browns,RG,2,Zak Zinter,s:20~l:28~a:4433963,https://www.espn.com/nfl/player/_/id/4433963/zak-zinter,White,6816.57%,78.0,310.0,4/17/2001 (24),Michigan,2024.0,"Rd 3, Pk 85",CLE,White,RG,OL
Cleveland Browns,WR,4,Luke Floriea,s:20~l:28~a:4566157,https://www.espn.com/nfl/player/_/id/4566157/luke-floriea,White,9248.51%,68.0,179.0,,Kent State,,,,White,WR,WR
Cleveland Browns,RG,3,Brady Latham,s:20~l:28~a:4567178,https://www.espn.com/nfl/player/_/id/4567178/brady-latham,White,9997.66%,77.0,312.0,9/30/2000 (24),Arkansas,,,,White,RG,OL
Cleveland Browns,C,3,Justin Osborne,s:20~l:28~a:4567230,https://www.espn.com/nfl/player/_/id/4567230/justin-osborne,Latino Hispanic,3242.25%,76.0,307.0,,SMU,,,,Latino,C,OL
Cleveland Browns,FS,1,Ronnie Hickman,s:20~l:28~a:4569620,https://www.espn.com/nfl/player/_/id/4569620/ronnie-hickman,Black,9916.38%,73.0,209.0,10/11/2001 (23),Ohio State,,,,Black,FS,DB
Cleveland Browns,LDE,2,Alex Wright,s:20~l:28~a:4570119,https://www.espn.com/nfl/player/_/id/4570119/alex-wright,Black,10000.00%,77.0,267.0,9/5/2000 (24),UAB,2022.0,"Rd 3, Pk 78",CLE,Black,LDE,DL
Cleveland Browns,WR,2,David Bell,s:20~l:28~a:4570409,https://www.espn.com/nfl/player/_/id/4570409/david-bell,Black,9958.59%,73.0,212.0,12/14/2000 (24),Purdue,2022.0,"Rd 3, Pk 99",CLE,Black,WR,WR
Cleveland Browns,LG,4,Dartanyan Tinsley,s:20~l:28~a:4585283,https://www.espn.com/nfl/player/_/id/4585283/dartanyan-tinsley,Black,8330.38%,75.0,340.0,,Cincinnati,,,,Black,LG,OL
Cleveland Browns,LDT,2,Mike Hall Jr.,s:20~l:28~a:4600415,https://www.espn.com/nfl/player/_/id/4600415/mike-hall-jr,Black,9242.43%,75.0,300.0,6/13/2003 (22),Ohio State,2024.0,"Rd 2, Pk 54",CLE,Black,LDT,DL
Cleveland Browns,RDT,4,Adin Huntington,s:20~l:28~a:4605792,https://www.espn.com/nfl/player/_/id/4605792/adin-huntington,White,8990.36%,73.0,281.0,,Tulane,,,,White,RDT,DL
Cleveland Browns,RB,2,Quinshon Judkins,s:20~l:28~a:4685702,https://www.espn.com/nfl/player/_/id/4685702/quinshon-judkins,Black,10000.00%,71.0,221.0,10/29/2003 (21),Ohio State,2025.0,"Rd 2, Pk 36",CLE,Black,RB,RB
Cleveland Browns,SS,3,Donovan McMillon,s:20~l:28~a:4686027,https://www.espn.com/nfl/player/_/id/4686027/donovan-mcmillon,Latino Hispanic,3111.03%,73.0,208.0,,Pitt,,,,Latino,SS,DB
Cleveland Browns,LG,3,Javion Cohen,s:20~l:28~a:4692037,https://www.espn.com/nfl/player/_/id/4692037/javion-cohen,Black,10000.00%,76.0,322.0,8/8/2002 (22),Miami,,,,Black,LG,OL
Cleveland Browns,WR,4,Kisean Johnson,s:20~l:28~a:4693881,https://www.espn.com/nfl/player/_/id/4693881/kisean-johnson,Black,9997.34%,73.0,216.0,,Western KY,,,,Black,WR,WR
Cleveland Browns,RDT,1,Mason Graham,s:20~l:28~a:4873232,https://www.espn.com/nfl/player/_/id/4873232/mason-graham,White,9653.61%,75.0,296.0,9/2/2003 (21),Michigan,2025.0,"Rd 1, Pk 5",CLE,White,RDT,DL
Cleveland Browns,WR,4,Gage Larvadain,s:20~l:28~a:4877203,https://www.espn.com/nfl/player/_/id/4877203/gage-larvadain,Black,9999.85%,68.0,171.0,,South Carolina,,,,Black,WR,WR
Cleveland Browns,RT,4,Jason Ivey,s:20~l:28~a:4882116,https://www.espn.com/nfl/player/_/id/4882116/jason-ivey,Black,10000.00%,77.0,300.0,,NC A&T,,,,Black,RT,OL
Cleveland Browns,LT,4,Roy Mbaeteka,s:20~l:28~a:5024661,https://www.espn.com/nfl/player/_/id/5024661/roy-mbaeteka,Black,6497.72%,80.0,330.0,2/13/2000 (25),,,,,Black,LT,OL
Cleveland Browns,WR,3,Kaden Davis,s:20~l:28~a:5065495,https://www.espn.com/nfl/player/_/id/5065495/kaden-davis,White,9406.94%,73.0,193.0,9/25/1998 (26),,,,,White,WR,WR
Cleveland Browns,RB,3,Dylan Sampson,s:20~l:28~a:5081397,https://www.espn.com/nfl/player/_/id/5081397/dylan-sampson,Black,9907.85%,68.0,200.0,9/14/2004 (20),Tennessee,2025.0,"Rd 4, Pk 126",CLE,Black,RB,RB
Cleveland Browns,TE,2,Harold Fannin Jr.,s:20~l:28~a:5083076,https://www.espn.com/nfl/player/_/id/5083076/harold-fannin-jr,Black,10000.00%,75.0,241.0,7/20/2004 (20),Bowling Green,2025.0,"Rd 3, Pk 67",CLE,Black,TE,TE
Dallas Cowboys,QB,1,Dak Prescott,s:20~l:28~a:2577417,https://www.espn.com/nfl/player/_/id/2577417/dak-prescott,Black,7035.31%,74.0,238.0,7/29/1993 (31),Miss St,2016.0,"Rd 4, Pk 135",DAL,Black,QB,QB
Dallas Cowboys,LDE,1,Dante Fowler Jr.,s:20~l:28~a:2980100,https://www.espn.com/nfl/player/_/id/2980100/dante-fowler-jr,White,8159.91%,75.0,261.0,8/3/1994 (30),Florida,2015.0,"Rd 1, Pk 3",JAX,White,LDE,DL
Dallas Cowboys,QB,3,Will Grier,s:20~l:28~a:3115252,https://www.espn.com/nfl/player/_/id/3115252/will-grier,White,5040.79%,73.0,220.0,4/3/1995 (30),West Virginia,2019.0,"Rd 3, Pk 100",CAR,White,QB,QB
Dallas Cowboys,RDT,2,Solomon Thomas,s:20~l:28~a:3117258,https://www.espn.com/nfl/player/_/id/3117258/solomon-thomas,Black,9947.18%,74.0,256.0,12/20/1995 (29),Stanford,2017.0,"Rd 1, Pk 3",SF,Black,RDT,DL
Dallas Cowboys,WR,3,Parris Campbell,s:20~l:28~a:3121410,https://www.espn.com/nfl/player/_/id/3121410/parris-campbell,Black,9999.02%,72.0,208.0,7/16/1997 (27),Ohio State,2019.0,"Rd 2, Pk 59",IND,Black,WR,WR
Dallas Cowboys,FS,1,Malik Hooker,s:20~l:28~a:3121415,https://www.espn.com/nfl/player/_/id/3121415/malik-hooker,Black,9999.98%,74.0,212.0,4/2/1996 (29),OSU,2017.0,"Rd 1, Pk 15",IND,Black,FS,DB
Dallas Cowboys,SS,1,Donovan Wilson,s:20~l:28~a:3122135,https://www.espn.com/nfl/player/_/id/3122135/donovan-wilson,Black,9995.53%,72.0,204.0,2/21/1995 (30),Texas A&M,2019.0,"Rd 6, Pk 213",DAL,Black,SS,DB
Dallas Cowboys,MLB,4,Darius Harris,s:20~l:28~a:3122906,https://www.espn.com/nfl/player/_/id/3122906/darius-harris,Black,10000.00%,74.0,238.0,1/17/1996 (29),Mid Tennessee,,,,Black,MLB,LB
Dallas Cowboys,WR,2,KaVontae Turpin,s:20~l:28~a:3676833,https://www.espn.com/nfl/player/_/id/3676833/kavontae-turpin,Black,10000.00%,69.0,153.0,8/2/1996 (28),TCU,,,,Black,WR,WR
Dallas Cowboys,RT,1,Terence Steele,s:20~l:28~a:3915834,https://www.espn.com/nfl/player/_/id/3915834/terence-steele,Latino Hispanic,5114.81%,78.0,310.0,6/4/1997 (28),Texas Tech,,,,Latino,RT,OL
Dallas Cowboys,RDT,1,Osa Odighizuwa,s:20~l:28~a:4035840,https://www.espn.com/nfl/player/_/id/4035840/osa-odighizuwa,Black,10000.00%,74.0,280.0,8/13/1998 (26),UCLA,2021.0,"Rd 3, Pk 75",DAL,Black,RDT,DL
Dallas Cowboys,WR,4,Kelvin Harmon,s:20~l:28~a:4036163,https://www.espn.com/nfl/player/_/id/4036163/kelvin-harmon,Black,10000.00%,74.0,215.0,12/15/1996 (28),NC State,2019.0,"Rd 6, Pk 206",WSH,Black,WR,WR
Dallas Cowboys,RB,2,Miles Sanders,s:20~l:28~a:4045163,https://www.espn.com/nfl/player/_/id/4045163/miles-sanders,Black,10000.00%,71.0,211.0,5/1/1997 (28),Penn State,2019.0,"Rd 2, Pk 53",PHI,Black,RB,RB
Dallas Cowboys,RT,3,Hakeem Adeniji,s:20~l:28~a:4046557,https://www.espn.com/nfl/player/_/id/4046557/hakeem-adeniji,White,5993.92%,76.0,302.0,12/8/1997 (27),Kansas,2020.0,"Rd 6, Pk 180",CIN,White,RT,OL
Dallas Cowboys,LDE,3,Payton Turner,s:20~l:28~a:4240269,https://www.espn.com/nfl/player/_/id/4240269/payton-turner,Black,6355.73%,78.0,270.0,1/7/1999 (26),Houston,2021.0,"Rd 1, Pk 28",NO,Black,LDE,DL
Dallas Cowboys,MLB,3,Buddy Johnson,s:20~l:28~a:4240900,https://www.espn.com/nfl/player/_/id/4240900/buddy-johnson,Black,10000.00%,74.0,240.0,2/27/1999 (26),Texas A&M,2021.0,"Rd 4, Pk 140",PIT,Black,MLB,LB
Dallas Cowboys,RG,2,Brock Hoffman,s:20~l:28~a:4241087,https://www.espn.com/nfl/player/_/id/4241087/brock-hoffman,White,8755.77%,76.0,302.0,7/2/1999 (25),VT,,,,White,RG,OL
Dallas Cowboys,WR,1,CeeDee Lamb,s:20~l:28~a:4241389,https://www.espn.com/nfl/player/_/id/4241389/ceedee-lamb,Black,9872.37%,74.0,200.0,4/8/1999 (26),Oklahoma,2020.0,"Rd 1, Pk 17",DAL,Black,WR,WR
Dallas Cowboys,FS,2,Markquese Bell,s:20~l:28~a:4241921,https://www.espn.com/nfl/player/_/id/4241921/markquese-bell,Black,10000.00%,75.0,205.0,1/6/1999 (26),Florida A&M,,,,Black,FS,DB
Dallas Cowboys,LG,3,Saahdiq Charles,s:20~l:28~a:4242230,https://www.espn.com/nfl/player/_/id/4242230/saahdiq-charles,Black,10000.00%,76.0,321.0,7/26/1999 (25),LSU,2020.0,"Rd 4, Pk 108",WSH,Black,LG,OL
Dallas Cowboys,RDT,4,Earnest Brown IV,s:20~l:28~a:4242292,https://www.espn.com/nfl/player/_/id/4242292/earnest-brown-iv,Black,9744.87%,77.0,270.0,1/8/1999 (26),Northwestern,2021.0,"Rd 5, Pk 174",LAR,Black,RDT,DL
Dallas Cowboys,TE,1,Jake Ferguson,s:20~l:28~a:4242355,https://www.espn.com/nfl/player/_/id/4242355/jake-ferguson,White,9884.25%,77.0,244.0,1/18/1999 (26),Wisconsin,2022.0,"Rd 4, Pk 129",DAL,White,TE,TE
Dallas Cowboys,WR,1,Jalen Tolbert,s:20~l:28~a:4249417,https://www.espn.com/nfl/player/_/id/4249417/jalen-tolbert,Black,10000.00%,73.0,195.0,2/27/1999 (26),South Alabama,2022.0,"Rd 3, Pk 88",DAL,Black,WR,WR
Dallas Cowboys,LDE,4,Luiji Vilain,s:20~l:28~a:4258210,https://www.espn.com/nfl/player/_/id/4258210/luiji-vilain,Black,10000.00%,76.0,252.0,3/10/1998 (27),Wake Forest,,,,Black,LDE,DL
Dallas Cowboys,C,2,Dakoda Shepley,s:20~l:28~a:4335942,https://www.espn.com/nfl/player/_/id/4335942/dakoda-shepley,Middle Eastern,6181.80%,77.0,290.0,12/27/1994 (30),Britsh Col,,,,Middle Eastern,C,OL
Dallas Cowboys,SS,2,Juanyeh Thomas,s:20~l:28~a:4360590,https://www.espn.com/nfl/player/_/id/4360590/juanyeh-thomas,Black,10000.00%,75.0,217.0,6/24/2000 (24),Georgia Tech,,,,Black,SS,DB
Dallas Cowboys,QB,2,Joe Milton III,s:20~l:28~a:4360698,https://www.espn.com/nfl/player/_/id/4360698/joe-milton-iii,Black,10000.00%,77.0,246.0,3/6/2000 (25),Tennessee,2024.0,"Rd 6, Pk 193",NE,Black,QB,QB
Dallas Cowboys,TE,3,Brevyn Spann-Ford,s:20~l:28~a:4360967,https://www.espn.com/nfl/player/_/id/4360967/brevyn-spann-ford,Indian,5295.04%,79.0,270.0,12/27/1999 (25),Minnesota,,,,Asian,TE,TE
Dallas Cowboys,RDE,1,Micah Parsons,s:20~l:28~a:4361423,https://www.espn.com/nfl/player/_/id/4361423/micah-parsons,Black,10000.00%,75.0,245.0,5/26/1999 (26),Penn State,2021.0,"Rd 1, Pk 12",DAL,Black,RDE,DL
Dallas Cowboys,RB,1,Javonte Williams,s:20~l:28~a:4361579,https://www.espn.com/nfl/player/_/id/4361579/javonte-williams,Black,10000.00%,70.0,220.0,4/25/2000 (25),North Carolina,2021.0,"Rd 2, Pk 35",DEN,Black,RB,RB
Dallas Cowboys,TE,4,John Stephens Jr.,s:20~l:28~a:4362489,https://www.espn.com/nfl/player/_/id/4362489/john-stephens-jr,White,5374.87%,77.0,221.0,9/23/1999 (25),Louisiana,,,,White,TE,TE
Dallas Cowboys,RT,2,Matt Waletzko,s:20~l:28~a:4370876,https://www.espn.com/nfl/player/_/id/4370876/matt-waletzko,White,9618.08%,80.0,305.0,12/15/1999 (25),North Dakota,2022.0,"Rd 5, Pk 155",DAL,White,RT,OL
Dallas Cowboys,TE,2,Luke Schoonmaker,s:20~l:28~a:4372096,https://www.espn.com/nfl/player/_/id/4372096/luke-schoonmaker,White,10000.00%,77.0,250.0,9/28/1998 (26),Michigan,2023.0,"Rd 2, Pk 58",DAL,White,TE,TE
Dallas Cowboys,MLB,1,Jack Sanborn,s:20~l:28~a:4372576,https://www.espn.com/nfl/player/_/id/4372576/jack-sanborn,White,8879.41%,74.0,234.0,7/29/2000 (24),Wisconsin,,,,White,MLB,LB
Dallas Cowboys,FB,1,Hunter Luepke,s:20~l:28~a:4383396,https://www.espn.com/nfl/player/_/id/4383396/hunter-luepke,White,7838.70%,73.0,238.0,2/28/2000 (25),N Dakota St,,,,White,FB,RB
Dallas Cowboys,LDT,1,Mazi Smith,s:20~l:28~a:4426347,https://www.espn.com/nfl/player/_/id/4426347/mazi-smith,Black,9999.99%,75.0,337.0,6/16/2001 (24),Michigan,2023.0,"Rd 1, Pk 26",DAL,Black,LDT,DL
Dallas Cowboys,WR,1,George Pickens,s:20~l:28~a:4426354,https://www.espn.com/nfl/player/_/id/4426354/george-pickens,Black,10000.00%,75.0,200.0,3/4/2001 (24),Georgia,2022.0,"Rd 2, Pk 52",PIT,Black,WR,WR
Dallas Cowboys,WR,2,Jonathan Mingo,s:20~l:28~a:4426485,https://www.espn.com/nfl/player/_/id/4426485/jonathan-mingo,Black,9999.85%,74.0,220.0,4/20/2001 (24),Ole Miss,2023.0,"Rd 2, Pk 39",CAR,Black,WR,WR
Dallas Cowboys,C,1,Cooper Beebe,s:20~l:28~a:4426663,https://www.espn.com/nfl/player/_/id/4426663/cooper-beebe,White,9880.42%,76.0,335.0,5/19/2001 (24),Kansas St,2024.0,"Rd 3, Pk 73",DAL,White,C,OL
Dallas Cowboys,WR,3,Jalen Moreno-Cropper,s:20~l:28~a:4426990,https://www.espn.com/nfl/player/_/id/4426990/jalen-moreno-cropper,Black,7285.54%,72.0,172.0,5/3/2001 (24),Fresno St,,,,Black,WR,WR
Dallas Cowboys,LT,3,Nathan Thomas,s:20~l:28~a:4428656,https://www.espn.com/nfl/player/_/id/4428656/nathan-thomas,Black,10000.00%,76.0,331.0,8/22/2001 (23),Louisiana,2024.0,"Rd 7, Pk 233",DAL,Black,LT,OL
Dallas Cowboys,WR,4,Traeshon Holden,s:20~l:28~a:4429172,https://www.espn.com/nfl/player/_/id/4429172/traeshon-holden,Black,7804.04%,75.0,205.0,,Oregon,,,,Black,WR,WR
Dallas Cowboys,RDE,2,Marshawn Kneeland,s:20~l:28~a:4429996,https://www.espn.com/nfl/player/_/id/4429996/marshawn-kneeland,Black,8885.90%,75.0,268.0,7/8/2001 (23),W Michigan,2024.0,"Rd 2, Pk 56",DAL,Black,RDE,DL
Dallas Cowboys,LT,2,Asim Richards,s:20~l:28~a:4430379,https://www.espn.com/nfl/player/_/id/4430379/asim-richards,Black,10000.00%,76.0,307.0,10/2/2000 (24),North Carolina,2023.0,"Rd 5, Pk 169",DAL,Black,LT,OL
Dallas Cowboys,RB,4,Deuce Vaughn,s:20~l:28~a:4431453,https://www.espn.com/nfl/player/_/id/4431453/deuce-vaughn,Black,9725.70%,66.0,176.0,11/2/2001 (23),Kansas St,2023.0,"Rd 6, Pk 212",DAL,Black,RB,RB
Dallas Cowboys,LDT,2,Jay Toia,s:20~l:28~a:4431603,https://www.espn.com/nfl/player/_/id/4431603/jay-toia,Asian,4296.25%,74.0,342.0,7/16/2003 (21),UCLA,2025.0,"Rd 7, Pk 217",DAL,Asian,LDT,DL
Dallas Cowboys,RDE,3,Sam Williams,s:20~l:28~a:4567242,https://www.espn.com/nfl/player/_/id/4567242/sam-williams,Black,10000.00%,76.0,261.0,3/31/1999 (26),Ole Miss,2022.0,"Rd 2, Pk 56",DAL,Black,RDE,DL
Dallas Cowboys,LG,1,Tyler Smith,s:20~l:28~a:4568652,https://www.espn.com/nfl/player/_/id/4568652/tyler-smith,Black,9921.21%,78.0,332.0,4/3/2001 (24),Tulsa,2022.0,"Rd 1, Pk 24",DAL,Black,LG,OL
Dallas Cowboys,LG,2,Robert Jones,s:20~l:28~a:4570495,https://www.espn.com/nfl/player/_/id/4570495/robert-jones,White,9250.24%,76.0,322.0,1/28/1999 (26),MTSU,,,,White,LG,OL
Dallas Cowboys,WR,4,Josh Kelly,s:20~l:28~a:4575558,https://www.espn.com/nfl/player/_/id/4575558/josh-kelly,Black,5429.32%,73.0,195.0,,Texas Tech,,,,Black,WR,WR
Dallas Cowboys,LDT,3,Denzel Daxon,s:20~l:28~a:4577735,https://www.espn.com/nfl/player/_/id/4577735/denzel-daxon,Black,10000.00%,74.0,304.0,3/27/1999 (26),Illinois,,,,Black,LDT,DL
Dallas Cowboys,LT,1,Tyler Guyton,s:20~l:28~a:4609048,https://www.espn.com/nfl/player/_/id/4609048/tyler-guyton,Black,10000.00%,79.0,322.0,6/11/2001 (24),Oklahoma,2024.0,"Rd 1, Pk 29",DAL,Black,LT,OL
Dallas Cowboys,RDT,3,Tommy Akingbesote,s:20~l:28~a:4683450,https://www.espn.com/nfl/player/_/id/4683450/tommy-akingbesote,Black,9997.12%,75.0,306.0,,Maryland,2025.0,"Rd 7, Pk 247",DAL,Black,RDT,DL
Dallas Cowboys,LDE,2,Donovan Ezeiruaku,s:20~l:28~a:4683848,https://www.espn.com/nfl/player/_/id/4683848/donovan-ezeiruaku,Black,10000.00%,74.0,248.0,9/25/2003 (21),Boston College,2025.0,"Rd 2, Pk 44",DAL,Black,LDE,DL
Dallas Cowboys,RG,3,T.J. Bass,s:20~l:28~a:4685120,https://www.espn.com/nfl/player/_/id/4685120/tj-bass,White,9929.02%,76.0,325.0,3/31/1999 (26),Oregon,,,,White,RG,OL
Dallas Cowboys,RG,1,Tyler Booker,s:20~l:28~a:4685263,https://www.espn.com/nfl/player/_/id/4685263/tyler-booker,Black,9999.97%,76.0,321.0,4/12/2004 (21),Alabama,2025.0,"Rd 1, Pk 12",DAL,Black,RG,OL
Dallas Cowboys,RB,3,Jaydon Blue,s:20~l:28~a:4685279,https://www.espn.com/nfl/player/_/id/4685279/jaydon-blue,Black,9998.10%,69.0,196.0,1/8/2004 (21),Texas,2025.0,"Rd 5, Pk 149",DAL,Black,RB,RB
Dallas Cowboys,MLB,2,Shemar James,s:20~l:28~a:4685400,https://www.espn.com/nfl/player/_/id/4685400/shemar-james,White,8038.41%,73.0,222.0,6/24/2004 (20),Florida,2025.0,"Rd 5, Pk 152",DAL,White,MLB,LB
Dallas Cowboys,FS,3,Zion Childress,s:20~l:28~a:4685841,https://www.espn.com/nfl/player/_/id/4685841/zion-childress,Black,9998.31%,72.0,195.0,,Kentucky,,,,Black,FS,DB
Dallas Cowboys,SS,3,Mike Smith Jr.,s:20~l:28~a:4686238,https://www.espn.com/nfl/player/_/id/4686238/mike-smith-jr,Black,5726.47%,73.0,206.0,,E Kentucky,,,,Black,SS,DB
Dallas Cowboys,RDE,4,Tyrus Wheat,s:20~l:28~a:4689333,https://www.espn.com/nfl/player/_/id/4689333/tyrus-wheat,Black,9990.89%,74.0,260.0,12/8/1999 (25),Mississippi St,,,,Black,RDE,DL
Dallas Cowboys,WR,2,Jalen Brooks,s:20~l:28~a:4692835,https://www.espn.com/nfl/player/_/id/4692835/jalen-brooks,Black,10000.00%,74.0,205.0,5/7/2000 (25),South Carolina,2023.0,"Rd 7, Pk 244",DAL,Black,WR,WR
Dallas Cowboys,RT,4,Ajani Cornelius,s:20~l:28~a:4696203,https://www.espn.com/nfl/player/_/id/4696203/ajani-cornelius,Black,9915.92%,76.0,310.0,5/21/2002 (23),Oregon,2025.0,"Rd 6, Pk 204",DAL,Black,RT,OL
Dallas Cowboys,WR,3,Ryan Flournoy,s:20~l:28~a:5083754,https://www.espn.com/nfl/player/_/id/5083754/ryan-flournoy,Black,9999.99%,73.0,200.0,10/27/1999 (25),SE Missouri,2024.0,"Rd 6, Pk 216",DAL,Black,WR,WR
Denver Broncos,FB,1,Michael Burton,s:20~l:28~a:2515270,https://www.espn.com/nfl/player/_/id/2515270/michael-burton,White,10000.00%,72.0,247.0,2/1/1992 (33),Rutgers,2015.0,"Rd 5, Pk 168",DET,White,FB,RB
Denver Broncos,TE,1,Evan Engram,s:20~l:28~a:3051876,https://www.espn.com/nfl/player/_/id/3051876/evan-engram,Black,3106.28%,75.0,240.0,9/2/1994 (30),Ole Miss,2017.0,"Rd 1, Pk 23",NYG,Black,TE,TE
Denver Broncos,RT,1,Mike McGlinchey,s:20~l:28~a:3052885,https://www.espn.com/nfl/player/_/id/3052885/mike-mcglinchey,White,9051.58%,80.0,315.0,1/12/1995 (30),Notre Dame,2018.0,"Rd 1, Pk 9",SF,White,RT,OL
Denver Broncos,RDE,1,John Franklin-Myers,s:20~l:28~a:3120464,https://www.espn.com/nfl/player/_/id/3120464/john-franklin-myers,Black,9998.54%,76.0,288.0,9/26/1996 (28),SF Austin,2018.0,"Rd 4, Pk 135",LAR,Black,RDE,DL
Denver Broncos,WR,2,Trent Sherfield Sr.,s:20~l:28~a:3122168,https://www.espn.com/nfl/player/_/id/3122168/trent-sherfield-sr,Black,10000.00%,73.0,205.0,2/25/1996 (29),Vanderbilt,,,,Black,WR,WR
Denver Broncos,WR,1,Courtland Sutton,s:20~l:28~a:3128429,https://www.espn.com/nfl/player/_/id/3128429/courtland-sutton,Black,9999.63%,76.0,216.0,10/10/1995 (29),SMU,2018.0,"Rd 2, Pk 40",DEN,Black,WR,WR
Denver Broncos,QB,2,Jarrett Stidham,s:20~l:28~a:3892775,https://www.espn.com/nfl/player/_/id/3892775/jarrett-stidham,White,9945.15%,75.0,215.0,8/8/1996 (28),Auburn,2019.0,"Rd 4, Pk 133",NE,White,QB,QB
Denver Broncos,NT,1,D.J. Jones,s:20~l:28~a:3894915,https://www.espn.com/nfl/player/_/id/3894915/dj-jones,Black,10000.00%,72.0,305.0,1/19/1995 (30),Ole Miss,2017.0,"Rd 6, Pk 198",SF,Black,NT,DL
Denver Broncos,TE,2,Adam Trautman,s:20~l:28~a:3911853,https://www.espn.com/nfl/player/_/id/3911853/adam-trautman,White,9998.34%,77.0,253.0,2/5/1997 (28),Dayton,2020.0,"Rd 3, Pk 105",NO,White,TE,TE
Denver Broncos,LG,2,Calvin Throckmorton,s:20~l:28~a:3915147,https://www.espn.com/nfl/player/_/id/3915147/calvin-throckmorton,Latino Hispanic,3621.53%,77.0,311.0,8/16/1996 (28),Oregon,,,,Latino,LG,OL
Denver Broncos,LDE,1,Zach Allen,s:20~l:28~a:3915282,https://www.espn.com/nfl/player/_/id/3915282/zach-allen,White,9961.94%,77.0,285.0,8/20/1997 (27),Boston College,2019.0,"Rd 3, Pk 65",ARI,White,LDE,DL
Denver Broncos,LT,2,Matt Peart,s:20~l:28~a:3921936,https://www.espn.com/nfl/player/_/id/3921936/matt-peart,White,8050.34%,79.0,318.0,6/11/1997 (28),UConn,2020.0,"Rd 3, Pk 99",NYG,White,LT,OL
Denver Broncos,SS,2,P.J. Locke,s:20~l:28~a:3929850,https://www.espn.com/nfl/player/_/id/3929850/pj-locke,Latino Hispanic,4289.93%,70.0,202.0,2/12/1997 (28),Texas,,,,Latino,SS,DB
Denver Broncos,WR,3,Michael Bandy,s:20~l:28~a:4034704,https://www.espn.com/nfl/player/_/id/4034704/michael-bandy,White,5582.05%,70.0,190.0,12/5/1997 (27),San Diego,,,,White,WR,WR
Denver Broncos,LT,1,Garett Bolles,s:20~l:28~a:4035662,https://www.espn.com/nfl/player/_/id/4035662/garett-bolles,White,9901.50%,77.0,300.0,5/27/1992 (33),Utah,2017.0,"Rd 1, Pk 20",DEN,White,LT,OL
Denver Broncos,FS,2,Devon Key,s:20~l:28~a:4037559,https://www.espn.com/nfl/player/_/id/4037559/devon-key,Latino Hispanic,2796.89%,72.0,208.0,10/28/1997 (27),Western KY,,,,Latino,FS,DB
Denver Broncos,LG,1,Ben Powers,s:20~l:28~a:4037650,https://www.espn.com/nfl/player/_/id/4037650/ben-powers,White,9999.81%,76.0,310.0,10/29/1996 (28),Oklahoma,2019.0,"Rd 4, Pk 123",BAL,White,LG,OL
Denver Broncos,C,1,Luke Wattenberg,s:20~l:28~a:4039018,https://www.espn.com/nfl/player/_/id/4039018/luke-wattenberg,Asian,6262.67%,77.0,300.0,9/10/1997 (27),Washington,2022.0,"Rd 5, Pk 171",DEN,Asian,C,OL
Denver Broncos,FS,1,Brandon Jones,s:20~l:28~a:4039059,https://www.espn.com/nfl/player/_/id/4039059/brandon-jones,Black,10000.00%,72.0,191.0,4/2/1998 (27),Texas,2020.0,"Rd 3, Pk 70",MIA,Black,FS,DB
Denver Broncos,NT,2,Malcolm Roach,s:20~l:28~a:4039064,https://www.espn.com/nfl/player/_/id/4039064/malcolm-roach,Black,8181.64%,75.0,290.0,6/9/1998 (27),Texas,,,,Black,NT,DL
Denver Broncos,FS,3,Sam Franklin Jr.,s:20~l:28~a:4044133,https://www.espn.com/nfl/player/_/id/4044133/sam-franklin-jr,Black,9999.99%,75.0,210.0,2/2/1996 (29),Temple,,,,Black,FS,DB
Denver Broncos,RDE,3,Eyioma Uwazurike,s:20~l:28~a:4066109,https://www.espn.com/nfl/player/_/id/4066109/eyioma-uwazurike,Black,10000.00%,78.0,320.0,5/6/1998 (27),Iowa State,2022.0,"Rd 4, Pk 116",DEN,Black,RDE,DL
Denver Broncos,RT,2,Alex Palczewski,s:20~l:28~a:4240551,https://www.espn.com/nfl/player/_/id/4240551/alex-palczewski,White,9997.84%,78.0,314.0,8/3/1999 (25),Illinois,,,,White,RT,OL
Denver Broncos,QB,3,Sam Ehlinger,s:20~l:28~a:4241820,https://www.espn.com/nfl/player/_/id/4241820/sam-ehlinger,White,9994.70%,73.0,222.0,9/30/1998 (26),Texas,2021.0,"Rd 6, Pk 218",IND,White,QB,QB
Denver Broncos,RB,2,J.K. Dobbins,s:20~l:28~a:4241985,https://www.espn.com/nfl/player/_/id/4241985/jk-dobbins,Black,10000.00%,70.0,215.0,12/17/1998 (26),Ohio State,2020.0,"Rd 2, Pk 55",BAL,Black,RB,RB
Denver Broncos,LDE,3,Matt Henningsen,s:20~l:28~a:4242358,https://www.espn.com/nfl/player/_/id/4242358/matt-henningsen,White,7566.74%,75.0,291.0,7/9/1999 (25),Wisconsin,2022.0,"Rd 6, Pk 206",DEN,White,LDE,DL
Denver Broncos,C,2,Alex Forsyth,s:20~l:28~a:4242503,https://www.espn.com/nfl/player/_/id/4242503/alex-forsyth,White,9989.77%,76.0,312.0,2/13/1999 (26),Oregon,2023.0,"Rd 7, Pk 257",DEN,White,C,OL
Denver Broncos,RG,3,Will Sherman,s:20~l:28~a:4243186,https://www.espn.com/nfl/player/_/id/4243186/will-sherman,Black,10000.00%,76.0,300.0,5/27/1999 (26),Colorado,2021.0,"Rd 6, Pk 197",NE,Black,RG,OL
Denver Broncos,RDE,2,Jordan Jackson,s:20~l:28~a:4261090,https://www.espn.com/nfl/player/_/id/4261090/jordan-jackson,Black,10000.00%,76.0,294.0,1/30/1998 (27),Air Force,2022.0,"Rd 6, Pk 194",NO,Black,RDE,DL
Denver Broncos,TE,3,Lucas Krull,s:20~l:28~a:4360231,https://www.espn.com/nfl/player/_/id/4360231/lucas-krull,White,9999.77%,78.0,260.0,7/11/1998 (26),Pitt,,,,White,TE,TE
Denver Broncos,FS,4,Delarrin Turner-Yell,s:20~l:28~a:4360287,https://www.espn.com/nfl/player/_/id/4360287/delarrin-turner-yell,Black,10000.00%,71.0,200.0,12/16/1999 (25),Oklahoma,2022.0,"Rd 5, Pk 152",DEN,Black,FS,DB
Denver Broncos,SS,1,Talanoa Hufanga,s:20~l:28~a:4360853,https://www.espn.com/nfl/player/_/id/4360853/talanoa-hufanga,Latino Hispanic,3634.79%,72.0,200.0,2/1/2000 (25),USC,2021.0,"Rd 5, Pk 180",SF,Latino,SS,DB
Denver Broncos,LT,3,Frank Crum,s:20~l:28~a:4361691,https://www.espn.com/nfl/player/_/id/4361691/frank-crum,White,9969.25%,79.0,315.0,5/14/2000 (25),Wyoming,,,,White,LT,OL
Denver Broncos,WR,3,A.T. Perry,s:20~l:28~a:4362019,https://www.espn.com/nfl/player/_/id/4362019/at-perry,White,9564.55%,77.0,205.0,10/26/1999 (25),Wake Forest,2023.0,"Rd 6, Pk 195",NO,White,WR,WR
Denver Broncos,NT,3,Jordan Miller,s:20~l:28~a:4362524,https://www.espn.com/nfl/player/_/id/4362524/jordan-miller,Black,5047.59%,75.0,307.0,1/20/2000 (25),SMU,,,,Black,NT,DL
Denver Broncos,RG,2,Nick Gargiulo,s:20~l:28~a:4368033,https://www.espn.com/nfl/player/_/id/4368033/nick-gargiulo,White,9983.16%,77.0,310.0,7/19/2000 (24),South Carolina,2024.0,"Rd 7, Pk 256",DEN,White,RG,OL
Denver Broncos,SS,4,Keidron Smith,s:20~l:28~a:4372418,https://www.espn.com/nfl/player/_/id/4372418/keidron-smith,Black,9997.00%,74.0,210.0,11/6/1999 (25),Kentucky,,,,Black,SS,DB
Denver Broncos,LT,4,Marques Cox,s:20~l:28~a:4374089,https://www.espn.com/nfl/player/_/id/4374089/marques-cox,Black,10000.00%,77.0,312.0,,Kentucky,,,,Black,LT,OL
Denver Broncos,TE,4,Nate Adkins,s:20~l:28~a:4383440,https://www.espn.com/nfl/player/_/id/4383440/nate-adkins,White,6690.27%,75.0,252.0,7/9/1999 (25),South Carolina,,,,White,TE,TE
Denver Broncos,LG,3,Clay Webb,s:20~l:28~a:4426336,https://www.espn.com/nfl/player/_/id/4426336/clay-webb,White,9964.72%,75.0,312.0,3/28/2000 (25),J'Ville St,,,,White,LG,OL
Denver Broncos,QB,1,Bo Nix,s:20~l:28~a:4426338,https://www.espn.com/nfl/player/_/id/4426338/bo-nix,White,6467.17%,74.0,217.0,2/25/2000 (25),Oregon,2024.0,"Rd 1, Pk 12",DEN,White,QB,QB
Denver Broncos,RT,3,Xavier Truss,s:20~l:28~a:4427080,https://www.espn.com/nfl/player/_/id/4427080/xavier-truss,White,8984.57%,79.0,320.0,,Georgia,,,,White,RT,OL
Denver Broncos,C,3,Joe Michalski,s:20~l:28~a:4427998,https://www.espn.com/nfl/player/_/id/4427998/joe-michalski,White,5503.03%,77.0,305.0,,Oklahoma St,,,,White,C,OL
Denver Broncos,SS,3,JL Skinner,s:20~l:28~a:4428503,https://www.espn.com/nfl/player/_/id/4428503/jl-skinner,Black,10000.00%,76.0,220.0,4/16/2001 (24),Boise St,2023.0,"Rd 6, Pk 183",DEN,Black,SS,DB
Denver Broncos,LDE,4,Kristian Williams,s:20~l:28~a:4428886,https://www.espn.com/nfl/player/_/id/4428886/kristian-williams,Black,10000.00%,74.0,285.0,,Missouri,,,,Black,LDE,DL
Denver Broncos,WR,4,Jerjuan Newton,s:20~l:28~a:4430254,https://www.espn.com/nfl/player/_/id/4430254/jerjuan-newton,Black,9996.21%,71.0,192.0,,Toledo,,,,Black,WR,WR
Denver Broncos,WR,2,Troy Franklin,s:20~l:28~a:4431280,https://www.espn.com/nfl/player/_/id/4431280/troy-franklin,Black,9999.73%,75.0,180.0,2/6/2003 (22),Oregon,2024.0,"Rd 4, Pk 102",DEN,Black,WR,WR
Denver Broncos,WR,4,Courtney Jackson,s:20~l:28~a:4565172,https://www.espn.com/nfl/player/_/id/4565172/courtney-jackson,Black,10000.00%,71.0,179.0,,Arkansas St,,,,Black,WR,WR
Denver Broncos,RB,1,RJ Harvey,s:20~l:28~a:4568490,https://www.espn.com/nfl/player/_/id/4568490/rj-harvey,Black,10000.00%,68.0,205.0,2/4/2001 (24),UCF,2025.0,"Rd 2, Pk 60",DEN,Black,RB,RB
Denver Broncos,WR,1,Devaughn Vele,s:20~l:28~a:4569559,https://www.espn.com/nfl/player/_/id/4569559/devaughn-vele,Latino Hispanic,3415.48%,77.0,210.0,12/12/1997 (27),Utah,2024.0,"Rd 7, Pk 235",DEN,Latino,WR,WR
Denver Broncos,RB,3,Audric Estime,s:20~l:28~a:4569682,https://www.espn.com/nfl/player/_/id/4569682/audric-estime,Black,10000.00%,71.0,227.0,9/6/2003 (21),Notre Dame,2024.0,"Rd 5, Pk 147",DEN,Black,RB,RB
Denver Broncos,WR,4,Kyrese White,s:20~l:28~a:4574860,https://www.espn.com/nfl/player/_/id/4574860/kyrese-white,Black,7210.64%,70.0,185.0,,Utah State,,,,Black,WR,WR
Denver Broncos,WR,2,Pat Bryant,s:20~l:28~a:4600981,https://www.espn.com/nfl/player/_/id/4600981/pat-bryant,Black,5922.56%,74.0,204.0,12/10/2002 (22),Illinois,2025.0,"Rd 3, Pk 74",DEN,Black,WR,WR
Denver Broncos,LDE,2,Sai'vion Jones,s:20~l:28~a:4603189,https://www.espn.com/nfl/player/_/id/4603189/saivion-jones,Black,9999.94%,77.0,289.0,7/3/2003 (21),LSU,2025.0,"Rd 3, Pk 101",DEN,Black,LDE,DL
Denver Broncos,RG,1,Quinn Meinerz,s:20~l:28~a:4608138,https://www.espn.com/nfl/player/_/id/4608138/quinn-meinerz,White,9999.83%,75.0,320.0,11/15/1998 (26),Wis Whtwtr,2021.0,"Rd 3, Pk 98",DEN,White,RG,OL
Denver Broncos,WR,1,Marvin Mims Jr.,s:20~l:28~a:4686472,https://www.espn.com/nfl/player/_/id/4686472/marvin-mims-jr,Black,10000.00%,71.0,182.0,3/19/2002 (23),Oklahoma,2023.0,"Rd 2, Pk 63",DEN,Black,WR,WR
Denver Broncos,WR,3,Joaquin Davis,s:20~l:28~a:4696907,https://www.espn.com/nfl/player/_/id/4696907/joaquin-davis,Asian,6576.21%,76.0,195.0,,NC Central,,,,Asian,WR,WR
Denver Broncos,RB,4,Jaleel McLaughlin,s:20~l:28~a:4722893,https://www.espn.com/nfl/player/_/id/4722893/jaleel-mclaughlin,Black,10000.00%,67.0,187.0,9/13/2000 (24),Youngstown St,,,,Black,RB,RB
Detroit Lions,C,1,Graham Glasgow,s:20~l:28~a:2576245,https://www.espn.com/nfl/player/_/id/2576245/graham-glasgow,White,6624.12%,78.0,315.0,8/19/1992 (32),Michigan,2016.0,"Rd 3, Pk 95",DET,White,C,OL
Detroit Lions,WR,2,Kalif Raymond,s:20~l:28~a:2973405,https://www.espn.com/nfl/player/_/id/2973405/kalif-raymond,Black,10000.00%,68.0,180.0,8/8/1994 (30),Holy Cross,,,,Black,WR,WR
Detroit Lions,LT,1,Taylor Decker,s:20~l:28~a:2976292,https://www.espn.com/nfl/player/_/id/2976292/taylor-decker,White,9997.64%,79.0,318.0,8/23/1994 (30),OSU,2016.0,"Rd 1, Pk 16",DET,White,LT,OL
Detroit Lions,RDT,1,DJ Reader,s:20~l:28~a:2977670,https://www.espn.com/nfl/player/_/id/2977670/dj-reader,Black,10000.00%,75.0,335.0,7/1/1994 (30),Clemson,2016.0,"Rd 5, Pk 166",HOU,Black,RDT,DL
Detroit Lions,LT,2,Dan Skipper,s:20~l:28~a:3046435,https://www.espn.com/nfl/player/_/id/3046435/dan-skipper,White,7123.15%,81.0,330.0,9/20/1994 (30),Arkansas,,,,White,LT,OL
Detroit Lions,QB,1,Jared Goff,s:20~l:28~a:3046779,https://www.espn.com/nfl/player/_/id/3046779/jared-goff,White,9850.89%,76.0,217.0,10/14/1994 (30),Cal,2016.0,"Rd 1, Pk 1",LAR,White,QB,QB
Detroit Lions,MLB,3,Zach Cunningham,s:20~l:28~a:3051750,https://www.espn.com/nfl/player/_/id/3051750/zach-cunningham,Black,9999.93%,75.0,230.0,12/2/1994 (30),Vanderbilt,2017.0,"Rd 2, Pk 57",HOU,Black,MLB,LB
Detroit Lions,RDE,2,Al-Quadin Muhammad,s:20~l:28~a:3051942,https://www.espn.com/nfl/player/_/id/3051942/al-quadin-muhammad,Black,10000.00%,75.0,250.0,3/28/1995 (30),Miami,2017.0,"Rd 6, Pk 196",NO,Black,RDE,DL
Detroit Lions,QB,3,Kyle Allen,s:20~l:28~a:3115293,https://www.espn.com/nfl/player/_/id/3115293/kyle-allen,White,10000.00%,75.0,210.0,3/8/1996 (29),Houston,,,,White,QB,QB
Detroit Lions,LT,4,Jamarco Jones,s:20~l:28~a:3121417,https://www.espn.com/nfl/player/_/id/3121417/jamarco-jones,Black,10000.00%,76.0,305.0,6/4/1996 (29),Ohio State,2018.0,"Rd 5, Pk 168",SEA,Black,LT,OL
Detroit Lions,RDE,1,Marcus Davenport,s:20~l:28~a:3124058,https://www.espn.com/nfl/player/_/id/3124058/marcus-davenport,Black,9664.97%,78.0,285.0,9/4/1996 (28),UTSA,2018.0,"Rd 1, Pk 14",NO,Black,RDE,DL
Detroit Lions,WR,3,Tom Kennedy,s:20~l:28~a:3126997,https://www.espn.com/nfl/player/_/id/3126997/tom-kennedy,White,9938.60%,70.0,195.0,7/29/1996 (28),Bryant,,,,White,WR,WR
Detroit Lions,WR,1,Tim Patrick,s:20~l:28~a:3134353,https://www.espn.com/nfl/player/_/id/3134353/tim-patrick,Black,8788.86%,77.0,210.0,11/23/1993 (31),Utah,,,,Black,WR,WR
Detroit Lions,RG,2,Trystan Colon,s:20~l:28~a:4035112,https://www.espn.com/nfl/player/_/id/4035112/trystan-colon,Latino Hispanic,5034.48%,75.0,313.0,3/23/1998 (27),Missouri,,,,Latino,RG,OL
Detroit Lions,RB,2,David Montgomery,s:20~l:28~a:4035538,https://www.espn.com/nfl/player/_/id/4035538/david-montgomery,Black,9999.99%,71.0,230.0,6/7/1997 (28),Iowa State,2019.0,"Rd 3, Pk 73",CHI,Black,RB,RB
Detroit Lions,LDT,2,Levi Onwuzurike,s:20~l:28~a:4039020,https://www.espn.com/nfl/player/_/id/4039020/levi-onwuzurike,Black,10000.00%,75.0,304.0,3/2/1998 (27),Washington,2021.0,"Rd 2, Pk 41",DET,Black,LDT,DL
Detroit Lions,LDT,4,Myles Adams,s:20~l:28~a:4039164,https://www.espn.com/nfl/player/_/id/4039164/myles-adams,Black,10000.00%,74.0,290.0,3/9/1998 (27),Rice,,,,Black,LDT,DL
Detroit Lions,RDT,3,Roy Lopez,s:20~l:28~a:4040805,https://www.espn.com/nfl/player/_/id/4040805/roy-lopez,Latino Hispanic,2551.06%,74.0,318.0,8/7/1997 (27),Arizona,2021.0,"Rd 6, Pk 195",HOU,Latino,RDT,DL
Detroit Lions,RG,3,Kayode Awosika,s:20~l:28~a:4040842,https://www.espn.com/nfl/player/_/id/4040842/kayode-awosika,Black,10000.00%,75.0,322.0,10/27/1998 (26),Buffalo,,,,Black,RG,OL
Detroit Lions,LG,2,Netane Muti,s:20~l:28~a:4040910,https://www.espn.com/nfl/player/_/id/4040910/netane-muti,Black,9505.02%,75.0,325.0,3/27/1999 (26),Fresno St,2020.0,"Rd 6, Pk 181",DEN,Black,LG,OL
Detroit Lions,TE,3,Kenny Yeboah,s:20~l:28~a:4044144,https://www.espn.com/nfl/player/_/id/4044144/kenny-yeboah,Black,10000.00%,75.0,250.0,10/30/1998 (26),Ole Miss,,,,Black,TE,TE
Detroit Lions,C,2,Michael Niese,s:20~l:28~a:4051353,https://www.espn.com/nfl/player/_/id/4051353/michael-niese,White,8326.64%,77.0,300.0,1/13/1998 (27),Temple,,,,White,C,OL
Detroit Lions,MLB,2,Grant Stuard,s:20~l:28~a:4240255,https://www.espn.com/nfl/player/_/id/4240255/grant-stuard,White,8940.54%,71.0,230.0,10/15/1998 (26),Houston,2021.0,"Rd 7, Pk 259",TB,White,MLB,LB
Detroit Lions,QB,2,Hendon Hooker,s:20~l:28~a:4240858,https://www.espn.com/nfl/player/_/id/4240858/hendon-hooker,Black,10000.00%,75.0,220.0,1/13/1998 (27),Tennessee,2023.0,"Rd 3, Pk 68",DET,Black,QB,QB
Detroit Lions,TE,2,Brock Wright,s:20~l:28~a:4242392,https://www.espn.com/nfl/player/_/id/4242392/brock-wright,White,9998.62%,77.0,254.0,11/27/1998 (26),Notre Dame,,,,White,TE,TE
Detroit Lions,RDE,4,Isaac Ukwu,s:20~l:28~a:4249608,https://www.espn.com/nfl/player/_/id/4249608/isaac-ukwu,Black,10000.00%,75.0,265.0,1/14/1999 (26),Ole Miss,,,,Black,RDE,DL
Detroit Lions,LDE,2,Josh Paschal,s:20~l:28~a:4259994,https://www.espn.com/nfl/player/_/id/4259994/josh-paschal,White,3400.68%,75.0,282.0,12/17/1999 (25),Kentucky,2022.0,"Rd 2, Pk 46",DET,White,LDE,DL
Detroit Lions,FS,1,Kerby Joseph,s:20~l:28~a:4360383,https://www.espn.com/nfl/player/_/id/4360383/kerby-joseph,Black,10000.00%,73.0,208.0,11/14/2000 (24),Illinois,2022.0,"Rd 3, Pk 97",DET,Black,FS,DB
Detroit Lions,LDT,1,Alim McNeill,s:20~l:28~a:4361662,https://www.espn.com/nfl/player/_/id/4361662/alim-mcneill,Black,10000.00%,74.0,315.0,5/11/2000 (25),NC State,2021.0,"Rd 3, Pk 72",DET,Black,LDT,DL
Detroit Lions,RDT,4,Brodric Martin,s:20~l:28~a:4365457,https://www.espn.com/nfl/player/_/id/4365457/brodric-martin,Black,10000.00%,77.0,322.0,5/24/1999 (26),Western KY,2023.0,"Rd 3, Pk 96",DET,Black,RDT,DL
Detroit Lions,RT,2,Colby Sorsdal,s:20~l:28~a:4367775,https://www.espn.com/nfl/player/_/id/4367775/colby-sorsdal,White,9993.78%,78.0,315.0,3/1/2000 (25),William & Mary,2023.0,"Rd 5, Pk 152",DET,White,RT,OL
Detroit Lions,WR,3,Ronnie Bell,s:20~l:28~a:4372063,https://www.espn.com/nfl/player/_/id/4372063/ronnie-bell,Indian,3167.22%,72.0,190.0,1/28/2000 (25),Michigan,2023.0,"Rd 7, Pk 253",SF,Asian,WR,WR
Detroit Lions,LDE,1,Aidan Hutchinson,s:20~l:28~a:4372099,https://www.espn.com/nfl/player/_/id/4372099/aidan-hutchinson,White,8711.66%,79.0,268.0,8/9/2000 (24),Michigan,2022.0,"Rd 1, Pk 2",DET,White,LDE,DL
Detroit Lions,FS,3,Erick Hallett II,s:20~l:28~a:4373320,https://www.espn.com/nfl/player/_/id/4373320/erick-hallett-ii,White,6725.66%,71.0,190.0,4/24/2000 (25),Pitt,2023.0,"Rd 6, Pk 208",JAX,White,FS,DB
Detroit Lions,RT,1,Penei Sewell,s:20~l:28~a:4373825,https://www.espn.com/nfl/player/_/id/4373825/penei-sewell,Latino Hispanic,4459.65%,77.0,335.0,10/9/2000 (24),Oregon,2021.0,"Rd 1, Pk 7",DET,Latino,RT,OL
Detroit Lions,WR,1,Amon-Ra St. Brown,s:20~l:28~a:4374302,https://www.espn.com/nfl/player/_/id/4374302/amon-ra-st-brown,Black,10000.00%,72.0,202.0,10/24/1999 (25),USC,2021.0,"Rd 4, Pk 112",DET,Black,WR,WR
Detroit Lions,WR,3,Malik Taylor,s:20~l:28~a:4408988,https://www.espn.com/nfl/player/_/id/4408988/malik-taylor,Black,9998.94%,75.0,220.0,12/21/1995 (29),Ferris St,,,,Black,WR,WR
Detroit Lions,RB,3,Craig Reynolds,s:20~l:28~a:4421446,https://www.espn.com/nfl/player/_/id/4421446/craig-reynolds,Black,9999.74%,71.0,216.0,6/15/1996 (29),Kutztown,,,,Black,RB,RB
Detroit Lions,WR,1,Jameson Williams,s:20~l:28~a:4426388,https://www.espn.com/nfl/player/_/id/4426388/jameson-williams,Black,10000.00%,73.0,180.0,3/26/2001 (24),Alabama,2022.0,"Rd 1, Pk 12",DET,Black,WR,WR
Detroit Lions,LG,1,Christian Mahogany,s:20~l:28~a:4427864,https://www.espn.com/nfl/player/_/id/4427864/christian-mahogany,Asian,6915.90%,75.0,322.0,10/11/2000 (24),Boston College,2024.0,"Rd 6, Pk 210",DET,Asian,LG,OL
Detroit Lions,RG,1,Tate Ratledge,s:20~l:28~a:4429035,https://www.espn.com/nfl/player/_/id/4429035/tate-ratledge,White,9713.27%,78.0,308.0,4/26/2001 (24),Georgia,2025.0,"Rd 2, Pk 57",DET,White,RG,OL
Detroit Lions,RB,1,Jahmyr Gibbs,s:20~l:28~a:4429795,https://www.espn.com/nfl/player/_/id/4429795/jahmyr-gibbs,Black,10000.00%,69.0,202.0,3/20/2002 (23),Alabama,2023.0,"Rd 1, Pk 12",DET,Black,RB,RB
Detroit Lions,TE,1,Sam LaPorta,s:20~l:28~a:4430027,https://www.espn.com/nfl/player/_/id/4430027/sam-laporta,White,7863.94%,75.0,245.0,1/12/2001 (24),Iowa,2023.0,"Rd 2, Pk 34",DET,White,TE,TE
Detroit Lions,RDT,2,Tyleik Williams,s:20~l:28~a:4431615,https://www.espn.com/nfl/player/_/id/4431615/tyleik-williams,Latino Hispanic,6064.79%,75.0,334.0,2/25/2003 (22),Ohio State,2025.0,"Rd 1, Pk 28",DET,Latino,RDT,DL
Detroit Lions,C,3,Kingsley Eguakun,s:20~l:28~a:4567410,https://www.espn.com/nfl/player/_/id/4567410/kingsley-eguakun,Black,9579.10%,75.0,312.0,3/23/2001 (24),Florida,,,,Black,C,OL
Detroit Lions,MLB,1,Jack Campbell,s:20~l:28~a:4569465,https://www.espn.com/nfl/player/_/id/4569465/jack-campbell,White,9778.60%,77.0,246.0,8/22/2000 (24),Iowa,2023.0,"Rd 1, Pk 18",DET,White,MLB,LB
Detroit Lions,LDE,4,Nate Lynn,s:20~l:28~a:4574142,https://www.espn.com/nfl/player/_/id/4574142/nate-lynn,Black,9674.38%,75.0,252.0,7/6/2002 (22),William & Mary,,,,Black,LDE,DL
Detroit Lions,SS,2,Dan Jackson,s:20~l:28~a:4575115,https://www.espn.com/nfl/player/_/id/4575115/dan-jackson,White,9999.94%,73.0,195.0,11/30/2000 (24),Georgia,2025.0,"Rd 7, Pk 230",DET,White,SS,DB
Detroit Lions,LDT,3,Mekhi Wingo,s:20~l:28~a:4586333,https://www.espn.com/nfl/player/_/id/4586333/mekhi-wingo,Black,10000.00%,72.0,288.0,4/17/2003 (22),LSU,2024.0,"Rd 6, Pk 189",DET,Black,LDT,DL
Detroit Lions,LDE,3,Mitchell Agude,s:20~l:28~a:4591235,https://www.espn.com/nfl/player/_/id/4591235/mitchell-agude,Black,10000.00%,76.0,250.0,3/10/1999 (26),Miami,,,,Black,LDE,DL
Detroit Lions,WR,2,Dominic Lovett,s:20~l:28~a:4596439,https://www.espn.com/nfl/player/_/id/4596439/dominic-lovett,Black,9998.74%,70.0,185.0,11/8/2002 (22),Georgia,2025.0,"Rd 7, Pk 244",DET,Black,WR,WR
Detroit Lions,WR,4,Jackson Meeks,s:20~l:28~a:4602788,https://www.espn.com/nfl/player/_/id/4602788/jackson-meeks,Asian,6776.48%,74.0,210.0,3/24/2003 (22),Syracuse,,,,Asian,WR,WR
Detroit Lions,TE,4,Shane Zylstra,s:20~l:28~a:4608362,https://www.espn.com/nfl/player/_/id/4608362/shane-zylstra,White,5489.44%,76.0,244.0,11/16/1996 (28),Minnesota St,,,,White,TE,TE
Detroit Lions,RG,4,Miles Frazier,s:20~l:28~a:4608890,https://www.espn.com/nfl/player/_/id/4608890/miles-frazier,Black,10000.00%,78.0,317.0,9/12/2001 (23),LSU,2025.0,"Rd 5, Pk 171",DET,Black,RG,OL
Detroit Lions,SS,1,Brian Branch,s:20~l:28~a:4692025,https://www.espn.com/nfl/player/_/id/4692025/brian-branch,Black,8431.98%,72.0,203.0,10/22/2001 (23),Alabama,2023.0,"Rd 2, Pk 45",DET,Black,SS,DB
Detroit Lions,RT,3,Mason Miller,s:20~l:28~a:4693332,https://www.espn.com/nfl/player/_/id/4693332/mason-miller,White,7986.97%,79.0,305.0,,N Dakota St,,,,White,RT,OL
Detroit Lions,RDE,3,Ahmed Hassanein,s:20~l:28~a:4710422,https://www.espn.com/nfl/player/_/id/4710422/ahmed-hassanein,Latino Hispanic,4003.67%,74.0,267.0,7/9/2002 (22),Boise St,2025.0,"Rd 6, Pk 196",DET,Latino,RDE,DL
Detroit Lions,FB,1,Zach Horton,s:20~l:28~a:4877824,https://www.espn.com/nfl/player/_/id/4877824/zach-horton,White,9715.17%,76.0,252.0,,Indiana,,,,White,FB,RB
Detroit Lions,FS,2,Morice Norris,s:20~l:28~a:4880777,https://www.espn.com/nfl/player/_/id/4880777/morice-norris,Black,10000.00%,71.0,192.0,9/27/2000 (24),Fresno St,,,,Black,FS,DB
Detroit Lions,RB,4,Sione Vaki,s:20~l:28~a:4912274,https://www.espn.com/nfl/player/_/id/4912274/sione-vaki,Asian,3353.07%,71.0,213.0,7/30/2001 (23),Utah,2024.0,"Rd 4, Pk 132",DET,Asian,RB,RB
Detroit Lions,SS,3,Loren Strickland,s:20~l:28~a:4917439,https://www.espn.com/nfl/player/_/id/4917439/loren-strickland,White,5488.97%,70.0,202.0,5/31/2000 (25),Ball State,,,,White,SS,DB
Detroit Lions,WR,2,Isaac TeSlaa,s:20~l:28~a:5123663,https://www.espn.com/nfl/player/_/id/5123663/isaac-teslaa,White,9998.78%,76.0,214.0,2/20/2002 (23),Arkansas,2025.0,"Rd 3, Pk 70",DET,White,WR,WR
Detroit Lions,WR,4,Jakobie Keeney-James,s:20~l:28~a:5178972,https://www.espn.com/nfl/player/_/id/5178972/jakobie-keeney-james,Latino Hispanic,5304.73%,73.0,195.0,,UMass,,,,Latino,WR,WR
Detroit Lions,LT,3,Giovanni Manu,s:20~l:28~a:5209589,https://www.espn.com/nfl/player/_/id/5209589/giovanni-manu,Latino Hispanic,5330.24%,79.0,354.0,1/26/2001 (24),Britsh Col,2024.0,"Rd 4, Pk 126",DET,Latino,LT,OL
Detroit Lions,SS,4,Ian Kennelly,s:20~l:28~a:5281603,https://www.espn.com/nfl/player/_/id/5281603/ian-kennelly,N/A (Scrape Failed),0.00%,,,N/A (Bio Scrape Failed),N/A (Bio Scrape Failed),,,,N/A (Scrape Failed),SS,DB
Green Bay Packers,LT,3,John Williams,s:20~l:28~a:2312707,https://www.espn.com/nfl/player/_/id/2312707/john-williams,Indian,3838.39%,76.0,322.0,,Cincinnati,2025.0,"Rd 7, Pk 250",GB,Asian,LT,OL
Green Bay Packers,C,1,Elgton Jenkins,s:20~l:28~a:3115485,https://www.espn.com/nfl/player/_/id/3115485/elgton-jenkins,Black,9999.84%,77.0,311.0,12/26/1995 (29),Miss St,2019.0,"Rd 2, Pk 44",GB,Black,C,OL
Green Bay Packers,LDT,1,Kenny Clark,s:20~l:28~a:3122752,https://www.espn.com/nfl/player/_/id/3122752/kenny-clark,Black,10000.00%,75.0,314.0,10/4/1995 (29),UCLA,2016.0,"Rd 1, Pk 27",GB,Black,LDT,DL
Green Bay Packers,RB,4,Chris Brooks,s:20~l:28~a:3149687,https://www.espn.com/nfl/player/_/id/3149687/chris-brooks,Black,9999.96%,73.0,219.0,1/11/2000 (25),BYU,,,,Black,RB,RB
Green Bay Packers,RG,2,Jordan Morgan,s:20~l:28~a:3821571,https://www.espn.com/nfl/player/_/id/3821571/jordan-morgan,Latino Hispanic,3511.80%,77.0,311.0,8/4/2001 (23),Arizona,2024.0,"Rd 1, Pk 25",GB,Latino,RG,OL
Green Bay Packers,SS,2,Zayne Anderson,s:20~l:28~a:3932335,https://www.espn.com/nfl/player/_/id/3932335/zayne-anderson,White,9987.76%,74.0,206.0,1/3/1997 (28),BYU,,,,White,SS,DB
Green Bay Packers,WR,3,Mecole Hardman,s:20~l:28~a:4035004,https://www.espn.com/nfl/player/_/id/4035004/mecole-hardman,Black,9999.90%,70.0,187.0,3/12/1998 (27),Georgia,2019.0,"Rd 2, Pk 56",KC,Black,WR,WR
Green Bay Packers,QB,1,Jordan Love,s:20~l:28~a:4036378,https://www.espn.com/nfl/player/_/id/4036378/jordan-love,Latino Hispanic,4746.45%,76.0,219.0,11/2/1998 (26),Utah State,2020.0,"Rd 1, Pk 26",GB,Latino,QB,QB
Green Bay Packers,RDE,1,Rashan Gary,s:20~l:28~a:4046523,https://www.espn.com/nfl/player/_/id/4046523/rashan-gary,Black,10000.00%,77.0,277.0,12/3/1997 (27),Michigan,2019.0,"Rd 1, Pk 12",GB,Black,RDE,DL
Green Bay Packers,RB,1,Josh Jacobs,s:20~l:28~a:4047365,https://www.espn.com/nfl/player/_/id/4047365/josh-jacobs,Black,10000.00%,70.0,223.0,2/11/1998 (27),Alabama,2019.0,"Rd 1, Pk 24",OAK,Black,RB,RB
Green Bay Packers,RT,1,Zach Tom,s:20~l:28~a:4240435,https://www.espn.com/nfl/player/_/id/4240435/zach-tom,Black,9999.98%,76.0,304.0,3/26/1999 (26),Wake Forest,2022.0,"Rd 4, Pk 140",GB,Black,RT,OL
Green Bay Packers,LG,3,Kadeem Telfort,s:20~l:28~a:4240615,https://www.espn.com/nfl/player/_/id/4240615/kadeem-telfort,Black,9998.07%,79.0,322.0,11/10/1998 (26),UAB,,,,Black,LG,OL
Green Bay Packers,LDE,4,Deslin Alexandre,s:20~l:28~a:4240728,https://www.espn.com/nfl/player/_/id/4240728/deslin-alexandre,Black,10000.00%,75.0,264.0,6/11/1998 (27),Pitt,,,,Black,LDE,DL
Green Bay Packers,FS,1,Xavier McKinney,s:20~l:28~a:4241470,https://www.espn.com/nfl/player/_/id/4241470/xavier-mckinney,Black,9999.99%,72.0,201.0,8/8/1998 (26),Alabama,2020.0,"Rd 2, Pk 36",NYG,Black,FS,DB
Green Bay Packers,LG,1,Aaron Banks,s:20~l:28~a:4242390,https://www.espn.com/nfl/player/_/id/4242390/aaron-banks,Latino Hispanic,5060.50%,77.0,325.0,9/3/1997 (27),Notre Dame,2021.0,"Rd 2, Pk 48",SF,Latino,LG,OL
Green Bay Packers,QB,2,Malik Willis,s:20~l:28~a:4242512,https://www.espn.com/nfl/player/_/id/4242512/malik-willis,Black,5353.31%,73.0,225.0,5/25/1999 (26),Liberty,2022.0,"Rd 3, Pk 86",TEN,Black,QB,QB
Green Bay Packers,RDE,4,Arron Mosby,s:20~l:28~a:4242996,https://www.espn.com/nfl/player/_/id/4242996/arron-mosby,Black,9999.22%,75.0,250.0,4/13/1999 (26),Fresno St,,,,Black,RDE,DL
Green Bay Packers,WR,4,Julian Hicks,s:20~l:28~a:4244768,https://www.espn.com/nfl/player/_/id/4244768/julian-hicks,Black,10000.00%,74.0,201.0,9/29/1999 (25),UAlbany,,,,Black,WR,WR
Green Bay Packers,WR,2,Christian Watson,s:20~l:28~a:4248528,https://www.espn.com/nfl/player/_/id/4248528/christian-watson,Black,5940.65%,76.0,208.0,5/12/1999 (26),N Dakota St,2022.0,"Rd 2, Pk 34",GB,Black,WR,WR
Green Bay Packers,WR,3,Bo Melton,s:20~l:28~a:4259305,https://www.espn.com/nfl/player/_/id/4259305/bo-melton,Black,10000.00%,71.0,189.0,5/18/1999 (26),Rutgers,2022.0,"Rd 7, Pk 229",SEA,Black,WR,WR
Green Bay Packers,QB,3,Sean Clifford,s:20~l:28~a:4259592,https://www.espn.com/nfl/player/_/id/4259592/sean-clifford,White,9862.86%,74.0,218.0,7/14/1998 (26),Penn State,2023.0,"Rd 5, Pk 149",GB,White,QB,QB
Green Bay Packers,LG,2,Donovan Jennings,s:20~l:28~a:4360887,https://www.espn.com/nfl/player/_/id/4360887/donovan-jennings,Latino Hispanic,4203.14%,76.0,323.0,11/24/1999 (25),South Florida,,,,Latino,LG,OL
Green Bay Packers,LT,1,Rasheed Walker,s:20~l:28~a:4361429,https://www.espn.com/nfl/player/_/id/4361429/rasheed-walker,Black,9388.77%,78.0,324.0,2/13/2000 (25),Penn State,2022.0,"Rd 7, Pk 249",GB,Black,LT,OL
Green Bay Packers,WR,1,Romeo Doubs,s:20~l:28~a:4361432,https://www.espn.com/nfl/player/_/id/4361432/romeo-doubs,Black,10000.00%,74.0,204.0,4/13/2000 (25),Nevada,2022.0,"Rd 4, Pk 132",GB,Black,WR,WR
Green Bay Packers,LDE,3,Brenton Cox Jr.,s:20~l:28~a:4361776,https://www.espn.com/nfl/player/_/id/4361776/brenton-cox-jr,Black,10000.00%,76.0,250.0,1/30/2000 (25),Florida,,,,Black,LDE,DL
Green Bay Packers,C,3,Trey Hill,s:20~l:28~a:4361787,https://www.espn.com/nfl/player/_/id/4361787/trey-hill,Black,10000.00%,76.0,319.0,1/23/2000 (25),Georgia,2021.0,"Rd 6, Pk 190",CIN,Black,C,OL
Green Bay Packers,RDT,1,Devonte Wyatt,s:20~l:28~a:4361791,https://www.espn.com/nfl/player/_/id/4361791/devonte-wyatt,Black,10000.00%,75.0,304.0,3/31/1998 (27),Georgia,2022.0,"Rd 1, Pk 28",GB,Black,RDT,DL
Green Bay Packers,LG,4,Travis Glover,s:20~l:28~a:4361904,https://www.espn.com/nfl/player/_/id/4361904/travis-glover,Black,10000.00%,78.0,317.0,8/17/2000 (24),Georgia St,2024.0,"Rd 6, Pk 202",GB,Black,LG,OL
Green Bay Packers,WR,1,Jayden Reed,s:20~l:28~a:4362249,https://www.espn.com/nfl/player/_/id/4362249/jayden-reed,Black,10000.00%,71.0,187.0,4/28/2000 (25),Michigan St,2023.0,"Rd 2, Pk 50",GB,Black,WR,WR
Green Bay Packers,LDT,4,Nesta Jade Silvera,s:20~l:28~a:4362497,https://www.espn.com/nfl/player/_/id/4362497/nesta-jade-silvera,Black,10000.00%,74.0,304.0,1/23/2000 (25),Arizona St,2023.0,"Rd 7, Pk 231",LV,Black,LDT,DL
Green Bay Packers,RDE,2,Kingsley Enagbare,s:20~l:28~a:4362840,https://www.espn.com/nfl/player/_/id/4362840/kingsley-enagbare,Black,10000.00%,76.0,258.0,1/18/2000 (25),South Carolina,2022.0,"Rd 5, Pk 179",GB,Black,RDE,DL
Green Bay Packers,TE,3,Ben Sims,s:20~l:28~a:4373030,https://www.espn.com/nfl/player/_/id/4373030/ben-sims,White,9775.34%,77.0,250.0,5/16/2000 (25),Baylor,,,,White,TE,TE
Green Bay Packers,LDT,2,Karl Brooks,s:20~l:28~a:4373423,https://www.espn.com/nfl/player/_/id/4373423/karl-brooks,Black,8907.65%,75.0,296.0,5/8/2000 (25),Bowling Green,2023.0,"Rd 6, Pk 179",GB,Black,LDT,DL
Green Bay Packers,FS,2,Kitan Oladapo,s:20~l:28~a:4374037,https://www.espn.com/nfl/player/_/id/4374037/kitan-oladapo,Black,10000.00%,74.0,216.0,10/10/2000 (24),Oregon St,2024.0,"Rd 5, Pk 169",GB,Black,FS,DB
Green Bay Packers,TE,4,John FitzPatrick,s:20~l:28~a:4379401,https://www.espn.com/nfl/player/_/id/4379401/john-fitzpatrick,White,9999.99%,79.0,262.0,3/9/2000 (25),Georgia,2022.0,"Rd 6, Pk 213",ATL,White,TE,TE
Green Bay Packers,RG,1,Sean Rhyan,s:20~l:28~a:4426411,https://www.espn.com/nfl/player/_/id/4426411/sean-rhyan,White,4309.96%,77.0,321.0,9/15/2000 (24),UCLA,2022.0,"Rd 3, Pk 92",GB,White,RG,OL
Green Bay Packers,WR,4,Cornelius Johnson,s:20~l:28~a:4426479,https://www.espn.com/nfl/player/_/id/4426479/cornelius-johnson,Black,10000.00%,75.0,212.0,11/29/2000 (24),Michigan,2024.0,"Rd 7, Pk 253",LAC,Black,WR,WR
Green Bay Packers,RT,2,Brant Banks,s:20~l:28~a:4426623,https://www.espn.com/nfl/player/_/id/4426623/brant-banks,White,9979.66%,79.0,306.0,5/1/2000 (25),Rice,,,,White,RT,OL
Green Bay Packers,SS,3,Omar Brown,s:20~l:28~a:4426794,https://www.espn.com/nfl/player/_/id/4426794/omar-brown,Black,6994.98%,73.0,205.0,10/12/2000 (24),Nebraska,,,,Black,SS,DB
Green Bay Packers,C,2,Jacob Monk,s:20~l:28~a:4428037,https://www.espn.com/nfl/player/_/id/4428037/jacob-monk,Black,9992.30%,75.0,308.0,6/4/2001 (24),Duke,2024.0,"Rd 5, Pk 163",GB,Black,C,OL
Green Bay Packers,TE,2,Luke Musgrave,s:20~l:28~a:4428085,https://www.espn.com/nfl/player/_/id/4428085/luke-musgrave,White,9346.45%,78.0,253.0,9/2/2000 (24),Oregon St,2023.0,"Rd 2, Pk 42",GB,White,TE,TE
Green Bay Packers,WR,2,Dontayvion Wicks,s:20~l:28~a:4428850,https://www.espn.com/nfl/player/_/id/4428850/dontayvion-wicks,Black,10000.00%,73.0,206.0,6/16/2001 (24),Virginia,2023.0,"Rd 5, Pk 159",GB,Black,WR,WR
Green Bay Packers,SS,1,Evan Williams,s:20~l:28~a:4428863,https://www.espn.com/nfl/player/_/id/4428863/evan-williams,Latino Hispanic,4184.40%,71.0,200.0,7/28/2001 (23),Oregon,2024.0,"Rd 4, Pk 111",GB,Latino,SS,DB
Green Bay Packers,RB,2,MarShawn Lloyd,s:20~l:28~a:4429023,https://www.espn.com/nfl/player/_/id/4429023/marshawn-lloyd,Black,10000.00%,69.0,220.0,1/5/2001 (24),USC,2024.0,"Rd 3, Pk 88",GB,Black,RB,RB
Green Bay Packers,RDT,2,Warren Brinson,s:20~l:28~a:4429136,https://www.espn.com/nfl/player/_/id/4429136/warren-brinson,White,8025.34%,77.0,315.0,2/4/2002 (23),Georgia,2025.0,"Rd 6, Pk 198",GB,White,RDT,DL
Green Bay Packers,RDT,3,Nazir Stackhouse,s:20~l:28~a:4429142,https://www.espn.com/nfl/player/_/id/4429142/nazir-stackhouse,Black,9946.08%,76.0,327.0,,Georgia,,,,Black,RDT,DL
Green Bay Packers,RDT,4,James Ester,s:20~l:28~a:4429576,https://www.espn.com/nfl/player/_/id/4429576/james-ester,Black,10000.00%,75.0,289.0,8/30/2001 (23),N Illinois,,,,Black,RDT,DL
Green Bay Packers,MLB,1,Edgerrin Cooper,s:20~l:28~a:4430438,https://www.espn.com/nfl/player/_/id/4430438/edgerrin-cooper,Black,10000.00%,74.0,229.0,11/17/2001 (23),Texas A&M,2024.0,"Rd 2, Pk 45",GB,Black,MLB,LB
Green Bay Packers,WR,2,Savion Williams,s:20~l:28~a:4431487,https://www.espn.com/nfl/player/_/id/4431487/savion-williams,Black,9984.84%,76.0,222.0,11/22/2001 (23),TCU,2025.0,"Rd 3, Pk 87",GB,Black,WR,WR
Green Bay Packers,LDT,3,Colby Wooden,s:20~l:28~a:4567224,https://www.espn.com/nfl/player/_/id/4567224/colby-wooden,Black,10000.00%,76.0,273.0,12/21/2000 (24),Auburn,2023.0,"Rd 4, Pk 116",GB,Black,LDT,DL
Green Bay Packers,TE,1,Tucker Kraft,s:20~l:28~a:4572680,https://www.espn.com/nfl/player/_/id/4572680/tucker-kraft,White,6978.82%,77.0,259.0,11/3/2000 (24),S Dakota St,2023.0,"Rd 3, Pk 78",GB,White,TE,TE
Green Bay Packers,WR,4,Sam Brown Jr.,s:20~l:28~a:4587977,https://www.espn.com/nfl/player/_/id/4587977/sam-brown-jr,Black,9987.86%,74.0,200.0,,Miami,,,,Black,WR,WR
Green Bay Packers,RDE,3,Collin Oliver,s:20~l:28~a:4683059,https://www.espn.com/nfl/player/_/id/4683059/collin-oliver,Black,9999.70%,74.0,240.0,9/23/2002 (22),Oklahoma St,2025.0,"Rd 5, Pk 159",GB,Black,RDE,DL
Green Bay Packers,LDE,2,Barryn Sorrell,s:20~l:28~a:4683643,https://www.espn.com/nfl/player/_/id/4683643/barryn-sorrell,Black,10000.00%,75.0,256.0,12/22/2002 (22),Texas,2025.0,"Rd 4, Pk 124",GB,Black,LDE,DL
Green Bay Packers,LDE,1,Lukas Van Ness,s:20~l:28~a:4686906,https://www.espn.com/nfl/player/_/id/4686906/lukas-van-ness,White,9976.84%,77.0,272.0,7/6/2001 (23),Iowa,2023.0,"Rd 1, Pk 13",GB,White,LDE,DL
Green Bay Packers,WR,3,Malik Heath,s:20~l:28~a:4689334,https://www.espn.com/nfl/player/_/id/4689334/malik-heath,Black,9996.17%,74.0,213.0,3/31/2000 (25),Ole Miss,,,,Black,WR,WR
Green Bay Packers,WR,1,Matthew Golden,s:20~l:28~a:4701936,https://www.espn.com/nfl/player/_/id/4701936/matthew-golden,Black,9981.35%,71.0,191.0,8/1/2003 (21),Texas,2025.0,"Rd 1, Pk 23",GB,Black,WR,WR
Green Bay Packers,SS,4,Johnathan Baldwin,s:20~l:28~a:4709980,https://www.espn.com/nfl/player/_/id/4709980/johnathan-baldwin,Black,9998.29%,72.0,190.0,,UNLV,,,,Black,SS,DB
Green Bay Packers,LT,2,Anthony Belton,s:20~l:28~a:4873706,https://www.espn.com/nfl/player/_/id/4873706/anthony-belton,Black,10000.00%,78.0,335.0,2/23/2001 (24),NC State,2025.0,"Rd 2, Pk 54",GB,Black,LT,OL
Green Bay Packers,FS,3,Kahzir Brown,s:20~l:28~a:4877862,https://www.espn.com/nfl/player/_/id/4877862/kahzir-brown,Black,9993.51%,73.0,223.0,,FAU,,,,Black,FS,DB
Green Bay Packers,RB,3,Emanuel Wilson,s:20~l:28~a:4887558,https://www.espn.com/nfl/player/_/id/4887558/emanuel-wilson,Black,10000.00%,70.0,226.0,5/8/1999 (26),Ft Valley,,,,Black,RB,RB
Green Bay Packers,QB,4,Taylor Elgersma,s:20~l:28~a:5278103,https://www.espn.com/nfl/player/_/id/5278103/taylor-elgersma,N/A (Scrape Failed),0.00%,,,N/A (Bio Scrape Failed),N/A (Bio Scrape Failed),,,,N/A (Scrape Failed),QB,QB
Houston Texans,FS,2,Jimmie Ward,s:20~l:28~a:16717,https://www.espn.com/nfl/player/_/id/16717/jimmie-ward,Black,10000.00%,71.0,193.0,7/18/1991 (33),N Illinois,2014.0,"Rd 1, Pk 30",SF,Black,FS,DB
Houston Texans,LDE,2,Denico Autry,s:20~l:28~a:17447,https://www.espn.com/nfl/player/_/id/17447/denico-autry,Black,10000.00%,77.0,285.0,7/15/1990 (34),Miss St,,,,Black,LDE,DL
Houston Texans,LG,1,Laken Tomlinson,s:20~l:28~a:2512477,https://www.espn.com/nfl/player/_/id/2512477/laken-tomlinson,Black,10000.00%,75.0,323.0,2/9/1992 (33),Duke,2015.0,"Rd 1, Pk 28",DET,Black,LG,OL
Houston Texans,RDT,2,Mario Edwards Jr.,s:20~l:28~a:2969921,https://www.espn.com/nfl/player/_/id/2969921/mario-edwards-jr,Black,10000.00%,75.0,280.0,1/25/1994 (31),FSU,2015.0,"Rd 2, Pk 35",OAK,Black,RDT,DL
Houston Texans,LDT,2,Sheldon Rankins,s:20~l:28~a:2970204,https://www.espn.com/nfl/player/_/id/2970204/sheldon-rankins,Black,9936.28%,74.0,305.0,4/2/1994 (31),Louisville,2016.0,"Rd 1, Pk 12",NO,Black,LDT,DL
Houston Texans,RDE,1,Danielle Hunter,s:20~l:28~a:2976560,https://www.espn.com/nfl/player/_/id/2976560/danielle-hunter,Black,10000.00%,77.0,263.0,10/29/1994 (30),LSU,2015.0,"Rd 3, Pk 88",MIN,Black,RDE,DL
Houston Texans,RT,3,Trent Brown,s:20~l:28~a:3043109,https://www.espn.com/nfl/player/_/id/3043109/trent-brown,Black,10000.00%,80.0,380.0,4/13/1993 (32),Florida,2015.0,"Rd 7, Pk 244",SF,Black,RT,OL
Houston Texans,RDT,1,Folorunso Fatukasi,s:20~l:28~a:3045172,https://www.espn.com/nfl/player/_/id/3045172/folorunso-fatukasi,Black,10000.00%,76.0,318.0,3/4/1995 (30),UConn,2018.0,"Rd 6, Pk 180",NYJ,Black,RDT,DL
Houston Texans,LT,1,Cam Robinson,s:20~l:28~a:3115313,https://www.espn.com/nfl/player/_/id/3115313/cam-robinson,Black,10000.00%,78.0,335.0,10/9/1995 (29),Alabama,2017.0,"Rd 2, Pk 34",JAX,Black,LT,OL
Houston Texans,RDE,3,Derek Barnett,s:20~l:28~a:3115336,https://www.espn.com/nfl/player/_/id/3115336/derek-barnett,White,7698.15%,75.0,259.0,6/25/1996 (28),Tennessee,2017.0,"Rd 1, Pk 14",PHI,White,RDE,DL
Houston Texans,FB,1,Jakob Johnson,s:20~l:28~a:3115349,https://www.espn.com/nfl/player/_/id/3115349/jakob-johnson,Indian,4414.81%,75.0,255.0,12/15/1994 (30),Tennessee,,,,Asian,FB,RB
Houston Texans,RB,1,Joe Mixon,s:20~l:28~a:3116385,https://www.espn.com/nfl/player/_/id/3116385/joe-mixon,Black,10000.00%,73.0,220.0,7/24/1996 (28),Oklahoma,2017.0,"Rd 2, Pk 48",CIN,Black,RB,RB
Houston Texans,SS,2,M.J. Stewart,s:20~l:28~a:3116679,https://www.espn.com/nfl/player/_/id/3116679/mj-stewart,Black,10000.00%,71.0,205.0,9/16/1995 (29),UNC,2018.0,"Rd 2, Pk 53",TB,Black,SS,DB
Houston Texans,TE,1,Dalton Schultz,s:20~l:28~a:3117256,https://www.espn.com/nfl/player/_/id/3117256/dalton-schultz,White,9995.62%,77.0,242.0,7/11/1996 (28),Stanford,2018.0,"Rd 4, Pk 137",DAL,White,TE,TE
Houston Texans,WR,3,Justin Watson,s:20~l:28~a:3118892,https://www.espn.com/nfl/player/_/id/3118892/justin-watson,White,9882.49%,74.0,215.0,4/4/1996 (29),Penn,2018.0,"Rd 5, Pk 144",TB,White,WR,WR
Houston Texans,WR,3,Braxton Berrios,s:20~l:28~a:3123075,https://www.espn.com/nfl/player/_/id/3123075/braxton-berrios,White,9997.68%,69.0,185.0,10/6/1995 (29),Miami,2018.0,"Rd 6, Pk 210",NE,White,WR,WR
Houston Texans,RB,2,Nick Chubb,s:20~l:28~a:3128720,https://www.espn.com/nfl/player/_/id/3128720/nick-chubb,White,7132.75%,71.0,227.0,12/27/1995 (29),Georgia,2018.0,"Rd 2, Pk 35",CLE,White,RB,RB
Houston Texans,RG,1,Tytus Howard,s:20~l:28~a:3131498,https://www.espn.com/nfl/player/_/id/3131498/tytus-howard,Black,9113.84%,77.0,322.0,5/23/1996 (29),Alabama State,2019.0,"Rd 1, Pk 23",HOU,Black,RG,OL
Houston Texans,WR,1,Christian Kirk,s:20~l:28~a:3895856,https://www.espn.com/nfl/player/_/id/3895856/christian-kirk,Latino Hispanic,3628.16%,71.0,200.0,11/18/1996 (28),Texas A&M,2018.0,"Rd 2, Pk 47",ARI,Latino,WR,WR
Houston Texans,RDE,2,Darrell Taylor,s:20~l:28~a:3915396,https://www.espn.com/nfl/player/_/id/3915396/darrell-taylor,Black,10000.00%,76.0,255.0,3/24/1997 (28),Tennessee,2020.0,"Rd 2, Pk 48",SEA,Black,RDE,DL
Houston Texans,MLB,1,Azeez Al-Shaair,s:20~l:28~a:3919117,https://www.espn.com/nfl/player/_/id/3919117/azeez-al-shaair,Black,10000.00%,74.0,228.0,8/4/1997 (27),FAU,,,,Black,MLB,LB
Houston Texans,LDT,1,Tim Settle Jr.,s:20~l:28~a:3929956,https://www.espn.com/nfl/player/_/id/3929956/tim-settle-jr,Black,9999.51%,75.0,313.0,7/11/1997 (27),VT,2018.0,"Rd 5, Pk 163",WSH,Black,LDT,DL
Houston Texans,LDE,4,Casey Toohill,s:20~l:28~a:3931408,https://www.espn.com/nfl/player/_/id/3931408/casey-toohill,White,10000.00%,77.0,250.0,8/21/1996 (28),Stanford,2020.0,"Rd 7, Pk 233",PHI,White,LDE,DL
Houston Texans,FS,1,C.J. Gardner-Johnson,s:20~l:28~a:4034953,https://www.espn.com/nfl/player/_/id/4034953/cj-gardner-johnson,Black,9999.68%,71.0,208.0,12/20/1997 (27),Florida,2019.0,"Rd 4, Pk 105",NO,Black,FS,DB
Houston Texans,MLB,2,Nick Niemann,s:20~l:28~a:4036141,https://www.espn.com/nfl/player/_/id/4036141/nick-niemann,White,9997.86%,75.0,234.0,12/2/1997 (27),Iowa,2021.0,"Rd 6, Pk 185",LAC,White,MLB,LB
Houston Texans,LG,3,Zach Thomas,s:20~l:28~a:4036834,https://www.espn.com/nfl/player/_/id/4036834/zach-thomas,White,7187.63%,77.0,308.0,5/26/1998 (27),San Diego St,2022.0,"Rd 6, Pk 186",CHI,White,LG,OL
Houston Texans,FS,3,Russ Yeast,s:20~l:28~a:4240071,https://www.espn.com/nfl/player/_/id/4240071/russ-yeast,Asian,9844.77%,70.0,195.0,5/8/1999 (26),Kansas St,2022.0,"Rd 7, Pk 253",LAR,Asian,FS,DB
Houston Texans,RG,2,Ed Ingram,s:20~l:28~a:4242227,https://www.espn.com/nfl/player/_/id/4242227/ed-ingram,Black,10000.00%,75.0,307.0,2/11/1999 (26),LSU,2022.0,"Rd 2, Pk 59",MIN,Black,RG,OL
Houston Texans,RT,2,Austin Deculus,s:20~l:28~a:4242229,https://www.espn.com/nfl/player/_/id/4242229/austin-deculus,White,3023.09%,77.0,321.0,3/12/1999 (26),LSU,2022.0,"Rd 6, Pk 205",HOU,White,RT,OL
Houston Texans,WR,4,Johnny Johnson III,s:20~l:28~a:4242504,https://www.espn.com/nfl/player/_/id/4242504/johnny-johnson-iii,Black,9996.58%,73.0,199.0,5/4/1999 (26),Oregon,,,,Black,WR,WR
Houston Texans,QB,2,Davis Mills,s:20~l:28~a:4242546,https://www.espn.com/nfl/player/_/id/4242546/davis-mills,White,9963.97%,76.0,225.0,10/21/1998 (26),Stanford,2021.0,"Rd 3, Pk 67",HOU,White,QB,QB
Houston Texans,WR,1,Nico Collins,s:20~l:28~a:4258173,https://www.espn.com/nfl/player/_/id/4258173/nico-collins,Black,10000.00%,76.0,222.0,3/19/1999 (26),Michigan,2021.0,"Rd 3, Pk 89",HOU,Black,WR,WR
Houston Texans,RDT,3,Kurt Hinish,s:20~l:28~a:4258594,https://www.espn.com/nfl/player/_/id/4258594/kurt-hinish,White,5732.39%,73.0,296.0,4/27/1999 (26),Notre Dame,,,,White,RDT,DL
Houston Texans,RB,3,Dameon Pierce,s:20~l:28~a:4360238,https://www.espn.com/nfl/player/_/id/4360238/dameon-pierce,Black,3927.63%,70.0,215.0,2/19/2000 (25),Florida,2022.0,"Rd 4, Pk 107",HOU,Black,RB,RB
Houston Texans,RT,4,Jaylon Thomas,s:20~l:28~a:4360561,https://www.espn.com/nfl/player/_/id/4360561/jaylon-thomas,Black,10000.00%,77.0,311.0,3/31/2000 (25),SMU,,,,Black,RT,OL
Houston Texans,LDT,4,Tommy Togiai,s:20~l:28~a:4361366,https://www.espn.com/nfl/player/_/id/4361366/tommy-togiai,Indian,3684.26%,74.0,296.0,9/19/1999 (25),Ohio State,2021.0,"Rd 4, Pk 132",CLE,Asian,LDT,DL
Houston Texans,LG,2,Juice Scruggs,s:20~l:28~a:4361425,https://www.espn.com/nfl/player/_/id/4361425/juice-scruggs,Latino Hispanic,4731.49%,75.0,310.0,1/19/2000 (25),Penn State,2023.0,"Rd 2, Pk 62",HOU,Latino,LG,OL
Houston Texans,RDE,4,Solomon Byrd,s:20~l:28~a:4361689,https://www.espn.com/nfl/player/_/id/4361689/solomon-byrd,Black,10000.00%,75.0,250.0,12/1/1999 (25),USC,2024.0,"Rd 7, Pk 238",HOU,Black,RDE,DL
Houston Texans,TE,2,Brevin Jordan,s:20~l:28~a:4362504,https://www.espn.com/nfl/player/_/id/4362504/brevin-jordan,Black,10000.00%,75.0,245.0,7/16/2000 (24),Miami,2021.0,"Rd 5, Pk 147",HOU,Black,TE,TE
Houston Texans,C,1,Jake Andrews,s:20~l:28~a:4362732,https://www.espn.com/nfl/player/_/id/4362732/jake-andrews,White,9359.48%,75.0,308.0,11/11/1999 (25),Troy,2023.0,"Rd 4, Pk 107",NE,White,C,OL
Houston Texans,WR,1,Tank Dell,s:20~l:28~a:4366031,https://www.espn.com/nfl/player/_/id/4366031/tank-dell,Black,10000.00%,70.0,165.0,10/29/1999 (25),Houston,2023.0,"Rd 3, Pk 69",HOU,Black,WR,WR
Houston Texans,C,2,Jarrett Patterson,s:20~l:28~a:4372774,https://www.espn.com/nfl/player/_/id/4372774/jarrett-patterson,White,6785.77%,76.0,310.0,9/1/1999 (25),Notre Dame,2023.0,"Rd 6, Pk 201",HOU,White,C,OL
Houston Texans,LDE,3,Dylan Horton,s:20~l:28~a:4374066,https://www.espn.com/nfl/player/_/id/4374066/dylan-horton,Black,10000.00%,76.0,275.0,8/21/2000 (24),TCU,2023.0,"Rd 4, Pk 109",HOU,Black,LDE,DL
Houston Texans,WR,4,Xavier Johnson,s:20~l:28~a:4385430,https://www.espn.com/nfl/player/_/id/4385430/xavier-johnson,Black,6354.00%,73.0,204.0,5/11/1999 (26),Ohio State,,,,Black,WR,WR
Houston Texans,QB,3,Graham Mertz,s:20~l:28~a:4426335,https://www.espn.com/nfl/player/_/id/4426335/graham-mertz,White,7475.74%,74.0,216.0,12/6/2000 (24),Florida,2025.0,"Rd 6, Pk 197",HOU,White,QB,QB
Houston Texans,TE,3,Cade Stover,s:20~l:28~a:4426496,https://www.espn.com/nfl/player/_/id/4426496/cade-stover,White,9210.19%,76.0,251.0,6/12/2000 (25),Ohio State,2024.0,"Rd 4, Pk 123",HOU,White,TE,TE
Houston Texans,C,3,Eli Cox,s:20~l:28~a:4426981,https://www.espn.com/nfl/player/_/id/4426981/eli-cox,White,9616.20%,76.0,309.0,,Kentucky,,,,White,C,OL
Houston Texans,LG,4,LaDarius Henderson,s:20~l:28~a:4427448,https://www.espn.com/nfl/player/_/id/4427448/ladarius-henderson,Black,10000.00%,76.0,309.0,12/11/2001 (23),Michigan,2024.0,"Rd 7, Pk 249",HOU,Black,LG,OL
Houston Texans,QB,4,Kedon Slovis,s:20~l:28~a:4428512,https://www.espn.com/nfl/player/_/id/4428512/kedon-slovis,White,9825.20%,74.0,223.0,4/11/2001 (24),BYU,,,,White,QB,QB
Houston Texans,RB,4,Woody Marks,s:20~l:28~a:4429059,https://www.espn.com/nfl/player/_/id/4429059/woody-marks,Black,10000.00%,70.0,208.0,12/29/2000 (24),USC,2025.0,"Rd 4, Pk 116",HOU,Black,RB,RB
Houston Texans,LT,2,Aireontae Ersery,s:20~l:28~a:4429693,https://www.espn.com/nfl/player/_/id/4429693/aireontae-ersery,Black,9989.08%,78.0,330.0,2/19/2002 (23),Minnesota,2025.0,"Rd 2, Pk 48",HOU,Black,LT,OL
Houston Texans,WR,4,Jared Wayne,s:20~l:28~a:4430681,https://www.espn.com/nfl/player/_/id/4430681/jared-wayne,Black,9938.79%,75.0,210.0,10/7/2000 (24),Pitt,,,,Black,WR,WR
Houston Texans,SS,1,Calen Bullock,s:20~l:28~a:4431517,https://www.espn.com/nfl/player/_/id/4431517/calen-bullock,Black,3330.32%,75.0,190.0,4/30/2003 (22),USC,2024.0,"Rd 3, Pk 78",HOU,Black,SS,DB
Houston Texans,TE,4,Luke Lachey,s:20~l:28~a:4432338,https://www.espn.com/nfl/player/_/id/4432338/luke-lachey,White,9620.86%,78.0,247.0,6/29/2001 (23),Iowa,2025.0,"Rd 7, Pk 255",HOU,White,TE,TE
Houston Texans,QB,1,C.J. Stroud,s:20~l:28~a:4432577,https://www.espn.com/nfl/player/_/id/4432577/cj-stroud,Latino Hispanic,2641.41%,75.0,218.0,10/3/2001 (23),Ohio State,2023.0,"Rd 1, Pk 2",HOU,Latino,QB,QB
Houston Texans,RT,1,Blake Fisher,s:20~l:28~a:4432699,https://www.espn.com/nfl/player/_/id/4432699/blake-fisher,Black,9933.34%,78.0,312.0,3/25/2003 (22),Notre Dame,2024.0,"Rd 2, Pk 59",HOU,Black,RT,OL
Houston Texans,SS,3,Jaylen Reed,s:20~l:28~a:4432758,https://www.espn.com/nfl/player/_/id/4432758/jaylen-reed,Black,9999.92%,72.0,212.0,1/29/2003 (22),Purdue,2025.0,"Rd 6, Pk 187",HOU,Black,SS,DB
Houston Texans,WR,2,John Metchie III,s:20~l:28~a:4567096,https://www.espn.com/nfl/player/_/id/4567096/john-metchie-iii,Black,10000.00%,72.0,195.0,7/18/2000 (24),Alabama,2022.0,"Rd 2, Pk 44",HOU,Black,WR,WR
Houston Texans,WR,2,Jaylin Noel,s:20~l:28~a:4586312,https://www.espn.com/nfl/player/_/id/4586312/jaylin-noel,Black,4222.03%,71.0,201.0,9/4/2002 (22),Iowa State,2025.0,"Rd 3, Pk 79",HOU,Black,WR,WR
Houston Texans,LDT,3,Kyonte Hamilton,s:20~l:28~a:4677281,https://www.espn.com/nfl/player/_/id/4677281/kyonte-hamilton,Black,9999.61%,76.0,304.0,,Rutgers,2025.0,"Rd 7, Pk 224",HOU,Black,LDT,DL
Houston Texans,MLB,4,Jackson Woodard,s:20~l:28~a:4685637,https://www.espn.com/nfl/player/_/id/4685637/jackson-woodard,White,9995.49%,74.0,230.0,,UNLV,,,,White,MLB,LB
Houston Texans,LDE,1,Will Anderson Jr.,s:20~l:28~a:4685724,https://www.espn.com/nfl/player/_/id/4685724/will-anderson-jr,White,5819.59%,76.0,243.0,9/2/2001 (23),Alabama,2023.0,"Rd 1, Pk 3",HOU,White,LDE,DL
Houston Texans,WR,3,Xavier Hutchinson,s:20~l:28~a:4686422,https://www.espn.com/nfl/player/_/id/4686422/xavier-hutchinson,Black,6289.14%,75.0,210.0,6/1/2000 (25),Iowa State,2023.0,"Rd 6, Pk 205",HOU,Black,WR,WR
Houston Texans,MLB,3,K.C. Ossai,s:20~l:28~a:4687188,https://www.espn.com/nfl/player/_/id/4687188/kc-ossai,Black,10000.00%,73.0,240.0,,Louisiana,,,,Black,MLB,LB
Houston Texans,RDT,4,Junior Tafuna,s:20~l:28~a:4695607,https://www.espn.com/nfl/player/_/id/4695607/junior-tafuna,Black,4529.43%,75.0,305.0,,Utah,,,,Black,RDT,DL
Houston Texans,WR,2,Jayden Higgins,s:20~l:28~a:4877706,https://www.espn.com/nfl/player/_/id/4877706/jayden-higgins,Indian,2983.62%,76.0,215.0,12/15/2002 (22),Iowa State,2025.0,"Rd 2, Pk 34",HOU,Asian,WR,WR
Indianapolis Colts,RT,3,Jack Wilson,s:20~l:28~a:2517081,https://www.espn.com/nfl/player/_/id/2517081/jack-wilson,White,6285.67%,83.0,310.0,,Minnesota,,,,White,RT,OL
Indianapolis Colts,RDT,1,DeForest Buckner,s:20~l:28~a:2971282,https://www.espn.com/nfl/player/_/id/2971282/deforest-buckner,Black,9695.38%,79.0,295.0,3/17/1994 (31),Oregon,2016.0,"Rd 1, Pk 7",SF,Black,RDT,DL
Indianapolis Colts,TE,2,Mo Alie-Cox,s:20~l:28~a:2998565,https://www.espn.com/nfl/player/_/id/2998565/mo-alie-cox,Black,10000.00%,77.0,267.0,9/19/1993 (31),VCU,,,,Black,TE,TE
Indianapolis Colts,RDE,3,Tyquan Lewis,s:20~l:28~a:3040513,https://www.espn.com/nfl/player/_/id/3040513/tyquan-lewis,Black,10000.00%,75.0,267.0,1/30/1995 (30),OSU,2018.0,"Rd 2, Pk 64",IND,Black,RDE,DL
Indianapolis Colts,RDE,2,Samson Ebukam,s:20~l:28~a:3045527,https://www.espn.com/nfl/player/_/id/3045527/samson-ebukam,Black,10000.00%,75.0,245.0,5/9/1995 (30),E Washington,2017.0,"Rd 4, Pk 125",LAR,Black,RDE,DL
Indianapolis Colts,WR,3,Laquon Treadwell,s:20~l:28~a:3051889,https://www.espn.com/nfl/player/_/id/3051889/laquon-treadwell,Black,10000.00%,74.0,215.0,6/14/1995 (30),Ole Miss,2016.0,"Rd 1, Pk 23",MIN,Black,WR,WR
Indianapolis Colts,RT,1,Braden Smith,s:20~l:28~a:3121595,https://www.espn.com/nfl/player/_/id/3121595/braden-smith,White,10000.00%,78.0,312.0,3/25/1996 (29),Auburn,2018.0,"Rd 2, Pk 37",IND,White,RT,OL
Indianapolis Colts,MLB,1,Zaire Franklin,s:20~l:28~a:3124005,https://www.espn.com/nfl/player/_/id/3124005/zaire-franklin,Black,9999.99%,72.0,235.0,7/2/1996 (28),Syracuse,2018.0,"Rd 7, Pk 235",IND,Black,MLB,LB
Indianapolis Colts,LG,1,Quenton Nelson,s:20~l:28~a:3129308,https://www.espn.com/nfl/player/_/id/3129308/quenton-nelson,White,4914.03%,77.0,330.0,3/19/1996 (29),Notre Dame,2018.0,"Rd 1, Pk 6",IND,White,LG,OL
Indianapolis Colts,RDT,2,Neville Gallimore,s:20~l:28~a:3892883,https://www.espn.com/nfl/player/_/id/3892883/neville-gallimore,White,8645.91%,74.0,307.0,1/17/1997 (28),Oklahoma,2020.0,"Rd 3, Pk 82",DAL,White,RDT,DL
Indianapolis Colts,C,2,Danny Pinter,s:20~l:28~a:3915470,https://www.espn.com/nfl/player/_/id/3915470/danny-pinter,White,7089.05%,76.0,301.0,6/19/1996 (28),Ball State,2020.0,"Rd 5, Pk 149",IND,White,C,OL
Indianapolis Colts,C,3,Wesley French,s:20~l:28~a:3916746,https://www.espn.com/nfl/player/_/id/3916746/wesley-french,White,9999.11%,76.0,307.0,11/30/1996 (28),W Michigan,,,,White,C,OL
Indianapolis Colts,QB,2,Daniel Jones,s:20~l:28~a:3917792,https://www.espn.com/nfl/player/_/id/3917792/daniel-jones,White,8723.45%,77.0,230.0,5/27/1997 (28),Duke,2019.0,"Rd 1, Pk 6",NYG,White,QB,QB
Indianapolis Colts,WR,1,Michael Pittman Jr.,s:20~l:28~a:4035687,https://www.espn.com/nfl/player/_/id/4035687/michael-pittman-jr,Black,7110.58%,76.0,223.0,10/5/1997 (27),USC,2020.0,"Rd 2, Pk 34",IND,Black,WR,WR
Indianapolis Colts,FS,1,Camryn Bynum,s:20~l:28~a:4035861,https://www.espn.com/nfl/player/_/id/4035861/camryn-bynum,Black,8073.25%,72.0,200.0,7/19/1998 (26),California,2021.0,"Rd 4, Pk 125",MIN,Black,FS,DB
Indianapolis Colts,RB,2,Khalil Herbert,s:20~l:28~a:4035886,https://www.espn.com/nfl/player/_/id/4035886/khalil-herbert,Black,10000.00%,69.0,212.0,4/21/1998 (27),Virginia Tech,2021.0,"Rd 6, Pk 217",CHI,Black,RB,RB
Indianapolis Colts,LG,2,Josh Sills,s:20~l:28~a:4039243,https://www.espn.com/nfl/player/_/id/4039243/josh-sills,White,7992.91%,78.0,325.0,12/26/1998 (26),Oklahoma State,,,,White,LG,OL
Indianapolis Colts,LDT,4,Eric Johnson II,s:20~l:28~a:4050971,https://www.espn.com/nfl/player/_/id/4050971/eric-johnson-ii,Black,6830.99%,76.0,299.0,7/16/1998 (26),Missouri St,2022.0,"Rd 5, Pk 159",IND,Black,LDT,DL
Indianapolis Colts,LDT,1,Grover Stewart,s:20~l:28~a:4058825,https://www.espn.com/nfl/player/_/id/4058825/grover-stewart,Black,9999.93%,76.0,314.0,10/20/1993 (31),Albany St,2017.0,"Rd 4, Pk 144",IND,Black,LDT,DL
Indianapolis Colts,WR,2,Ashton Dulin,s:20~l:28~a:4061956,https://www.espn.com/nfl/player/_/id/4061956/ashton-dulin,Black,10000.00%,74.0,215.0,5/15/1997 (28),Malone,,,,Black,WR,WR
Indianapolis Colts,TE,4,Jelani Woods,s:20~l:28~a:4241410,https://www.espn.com/nfl/player/_/id/4241410/jelani-woods,Black,10000.00%,79.0,253.0,10/9/1998 (26),Virginia,2022.0,"Rd 3, Pk 73",IND,Black,TE,TE
Indianapolis Colts,MLB,3,Jacob Phillips,s:20~l:28~a:4242206,https://www.espn.com/nfl/player/_/id/4242206/jacob-phillips,Black,10000.00%,75.0,228.0,4/1/1999 (26),LSU,2020.0,"Rd 3, Pk 97",CLE,Black,MLB,LB
Indianapolis Colts,RB,1,Jonathan Taylor,s:20~l:28~a:4242335,https://www.espn.com/nfl/player/_/id/4242335/jonathan-taylor,Black,9992.75%,70.0,226.0,1/19/1999 (26),Wisconsin,2020.0,"Rd 2, Pk 41",IND,Black,RB,RB
Indianapolis Colts,SS,2,Daniel Scott,s:20~l:28~a:4242415,https://www.espn.com/nfl/player/_/id/4242415/daniel-scott,Latino Hispanic,2779.43%,73.0,208.0,10/26/1998 (26),California,2023.0,"Rd 5, Pk 158",IND,Latino,SS,DB
Indianapolis Colts,FS,2,Rodney Thomas II,s:20~l:28~a:4248455,https://www.espn.com/nfl/player/_/id/4248455/rodney-thomas-ii,Black,4417.09%,73.0,196.0,6/26/1998 (26),Yale,2022.0,"Rd 7, Pk 239",IND,Black,FS,DB
Indianapolis Colts,WR,3,D.J. Montgomery,s:20~l:28~a:4249030,https://www.espn.com/nfl/player/_/id/4249030/dj-montgomery,Black,9999.96%,73.0,201.0,11/17/1996 (28),Austin Peay,,,,Black,WR,WR
Indianapolis Colts,LDE,1,Kwity Paye,s:20~l:28~a:4258194,https://www.espn.com/nfl/player/_/id/4258194/kwity-paye,Black,10000.00%,75.0,265.0,11/19/1998 (26),Michigan,2021.0,"Rd 1, Pk 21",IND,Black,LDE,DL
Indianapolis Colts,WR,1,Alec Pierce,s:20~l:28~a:4360078,https://www.espn.com/nfl/player/_/id/4360078/alec-pierce,White,9999.69%,75.0,211.0,5/2/2000 (25),Cincinnati,2022.0,"Rd 2, Pk 53",IND,White,WR,WR
Indianapolis Colts,RDE,4,Durell Nchami,s:20~l:28~a:4360638,https://www.espn.com/nfl/player/_/id/4360638/durell-nchami,Black,9872.52%,76.0,258.0,2/11/2000 (25),Maryland,,,,Black,RDE,DL
Indianapolis Colts,QB,4,Jason Bean,s:20~l:28~a:4360900,https://www.espn.com/nfl/player/_/id/4360900/jason-bean,Latino Hispanic,3884.95%,74.0,196.0,12/3/1999 (25),Kansas,,,,Latino,QB,QB
Indianapolis Colts,LT,3,Luke Tenuta,s:20~l:28~a:4361979,https://www.espn.com/nfl/player/_/id/4361979/luke-tenuta,White,8300.31%,81.0,315.0,9/1/1999 (25),Virginia Tech,2022.0,"Rd 6, Pk 209",BUF,White,LT,OL
Indianapolis Colts,LT,1,Bernhard Raimann,s:20~l:28~a:4362580,https://www.espn.com/nfl/player/_/id/4362580/bernhard-raimann,White,10000.00%,78.0,303.0,9/23/1997 (27),C Michigan,2022.0,"Rd 3, Pk 77",IND,White,LT,OL
Indianapolis Colts,MLB,2,Liam Anderson,s:20~l:28~a:4368056,https://www.espn.com/nfl/player/_/id/4368056/liam-anderson,White,9999.46%,75.0,226.0,4/30/2000 (25),Holy Cross,,,,White,MLB,LB
Indianapolis Colts,WR,4,Landon Parker,s:20~l:28~a:4370170,https://www.espn.com/nfl/player/_/id/4370170/landon-parker,White,7938.09%,74.0,211.0,,Troy,,,,White,WR,WR
Indianapolis Colts,RG,2,Dalton Tucker,s:20~l:28~a:4370363,https://www.espn.com/nfl/player/_/id/4370363/dalton-tucker,White,10000.00%,78.0,307.0,3/18/2000 (25),Marshall,,,,White,RG,OL
Indianapolis Colts,SS,1,Nick Cross,s:20~l:28~a:4426403,https://www.espn.com/nfl/player/_/id/4426403/nick-cross,Black,9439.43%,72.0,212.0,9/10/2001 (23),Maryland,2022.0,"Rd 3, Pk 96",IND,Black,SS,DB
Indianapolis Colts,RDE,1,Laiatu Latu,s:20~l:28~a:4426473,https://www.espn.com/nfl/player/_/id/4426473/laiatu-latu,Latino Hispanic,4947.41%,77.0,265.0,12/31/2000 (24),UCLA,2024.0,"Rd 1, Pk 15",IND,Latino,RDE,DL
Indianapolis Colts,RG,1,Matt Goncalves,s:20~l:28~a:4427298,https://www.espn.com/nfl/player/_/id/4427298/matt-goncalves,White,9277.52%,78.0,317.0,1/26/2001 (24),Pitt,2024.0,"Rd 3, Pk 79",IND,White,RG,OL
Indianapolis Colts,LDT,2,Adetomiwa Adebawore,s:20~l:28~a:4427635,https://www.espn.com/nfl/player/_/id/4427635/adetomiwa-adebawore,Black,10000.00%,74.0,282.0,3/4/2001 (24),Northwestern,2023.0,"Rd 4, Pk 110",IND,Black,LDT,DL
Indianapolis Colts,LDE,4,Desmond Little,s:20~l:28~a:4427813,https://www.espn.com/nfl/player/_/id/4427813/desmond-little,Black,10000.00%,76.0,242.0,,UAB,,,,Black,LDE,DL
Indianapolis Colts,QB,1,Anthony Richardson Sr.,s:20~l:28~a:4429084,https://www.espn.com/nfl/player/_/id/4429084/anthony-richardson-sr,Black,10000.00%,76.0,244.0,5/22/2002 (23),Florida,2023.0,"Rd 1, Pk 4",IND,Black,QB,QB
Indianapolis Colts,WR,3,Ajou Ajou,s:20~l:28~a:4429207,https://www.espn.com/nfl/player/_/id/4429207/ajou-ajou,White,8460.41%,75.0,218.0,1/10/2002 (23),Garden City CC KS,,,,White,WR,WR
Indianapolis Colts,LT,2,Blake Freeland,s:20~l:28~a:4429636,https://www.espn.com/nfl/player/_/id/4429636/blake-freeland,White,9859.77%,79.0,302.0,5/3/2001 (24),BYU,2023.0,"Rd 4, Pk 106",IND,White,LT,OL
Indianapolis Colts,RB,4,Tyler Goodson,s:20~l:28~a:4429676,https://www.espn.com/nfl/player/_/id/4429676/tyler-goodson,Black,10000.00%,69.0,197.0,11/10/2000 (24),Iowa,,,,Black,RB,RB
Indianapolis Colts,WR,2,Anthony Gould,s:20~l:28~a:4429684,https://www.espn.com/nfl/player/_/id/4429684/anthony-gould,Latino Hispanic,6654.07%,68.0,174.0,4/6/2001 (24),Oregon St,2024.0,"Rd 5, Pk 142",IND,Latino,WR,WR
Indianapolis Colts,C,1,Tanor Bortolini,s:20~l:28~a:4430957,https://www.espn.com/nfl/player/_/id/4430957/tanor-bortolini,White,5578.23%,76.0,303.0,6/18/2002 (23),Wisconsin,2024.0,"Rd 4, Pk 117",IND,White,C,OL
Indianapolis Colts,TE,1,Tyler Warren,s:20~l:28~a:4431459,https://www.espn.com/nfl/player/_/id/4431459/tyler-warren,White,9987.73%,77.0,256.0,5/24/2002 (23),Penn State,2025.0,"Rd 1, Pk 14",IND,White,TE,TE
Indianapolis Colts,SS,3,Hunter Wohler,s:20~l:28~a:4432789,https://www.espn.com/nfl/player/_/id/4432789/hunter-wohler,White,9843.59%,74.0,213.0,1/12/2003 (22),Wisconsin,2025.0,"Rd 7, Pk 232",IND,White,SS,DB
Indianapolis Colts,SS,4,Ladarius Tennison,s:20~l:28~a:4433922,https://www.espn.com/nfl/player/_/id/4433922/ladarius-tennison,Black,10000.00%,70.0,207.0,,UCF,,,,Black,SS,DB
Indianapolis Colts,LDE,2,JT Tuimoloau,s:20~l:28~a:4566154,https://www.espn.com/nfl/player/_/id/4566154/jt-tuimoloau,Latino Hispanic,3248.59%,76.0,265.0,5/10/2003 (22),Ohio State,2025.0,"Rd 2, Pk 45",IND,Latino,LDE,DL
Indianapolis Colts,LDE,3,Isaiah Land,s:20~l:28~a:4574551,https://www.espn.com/nfl/player/_/id/4574551/isaiah-land,Black,9981.86%,76.0,235.0,2/5/2000 (25),Florida A&M,,,,Black,LDE,DL
Indianapolis Colts,LDT,3,Devonta Davis,s:20~l:28~a:4574833,https://www.espn.com/nfl/player/_/id/4574833/devonta-davis,Black,10000.00%,75.0,300.0,,FAU,,,,Black,LDT,DL
Indianapolis Colts,WR,4,Coleman Owen,s:20~l:28~a:4578436,https://www.espn.com/nfl/player/_/id/4578436/coleman-owen,N/A (Scrape Failed),0.00%,,,N/A (Bio Scrape Failed),N/A (Bio Scrape Failed),,,,N/A (Scrape Failed),WR,WR
Indianapolis Colts,WR,2,Adonai Mitchell,s:20~l:28~a:4597500,https://www.espn.com/nfl/player/_/id/4597500/adonai-mitchell,Asian,3240.46%,74.0,205.0,10/8/2002 (22),Texas,2024.0,"Rd 2, Pk 52",IND,Asian,WR,WR
Indianapolis Colts,FS,3,Trey Washington,s:20~l:28~a:4599160,https://www.espn.com/nfl/player/_/id/4599160/trey-washington,Black,10000.00%,70.0,205.0,,Ole Miss,,,,Black,FS,DB
Indianapolis Colts,LT,4,Marshall Foerner,s:20~l:28~a:4608357,https://www.espn.com/nfl/player/_/id/4608357/marshall-foerner,N/A (Scrape Failed),0.00%,,,N/A (Bio Scrape Failed),N/A (Bio Scrape Failed),,,,N/A (Scrape Failed),LT,OL
Indianapolis Colts,C,4,Mose Vavao,s:20~l:28~a:4609783,https://www.espn.com/nfl/player/_/id/4609783/mose-vavao,Latino Hispanic,5313.59%,74.0,305.0,,Fresno St,,,,Latino,C,OL
Indianapolis Colts,QB,3,Riley Leonard,s:20~l:28~a:4683423,https://www.espn.com/nfl/player/_/id/4683423/riley-leonard,White,5652.14%,75.0,216.0,9/13/2002 (22),Notre Dame,2025.0,"Rd 6, Pk 189",IND,White,QB,QB
Indianapolis Colts,WR,1,Josh Downs,s:20~l:28~a:4688813,https://www.espn.com/nfl/player/_/id/4688813/josh-downs,Black,9999.42%,69.0,171.0,8/12/2001 (23),North Carolina,2023.0,"Rd 3, Pk 79",IND,Black,WR,WR
Indianapolis Colts,RDT,3,Tim Smith,s:20~l:28~a:4692033,https://www.espn.com/nfl/player/_/id/4692033/tim-smith,Black,10000.00%,76.0,302.0,8/9/2002 (22),Alabama,2025.0,"Rd 6, Pk 190",IND,Black,RDT,DL
Indianapolis Colts,TE,3,Drew Ogletree,s:20~l:28~a:4722908,https://www.espn.com/nfl/player/_/id/4722908/drew-ogletree,Black,3846.55%,77.0,260.0,7/28/1998 (26),Youngstown St,2022.0,"Rd 6, Pk 192",IND,Black,TE,TE
Indianapolis Colts,RB,3,DJ Giddens,s:20~l:28~a:4874509,https://www.espn.com/nfl/player/_/id/4874509/dj-giddens,Black,9979.76%,73.0,212.0,8/26/2003 (21),Kansas St,2025.0,"Rd 5, Pk 151",IND,Black,RB,RB
Indianapolis Colts,RT,2,Jalen Travis,s:20~l:28~a:4892240,https://www.espn.com/nfl/player/_/id/4892240/jalen-travis,Latino Hispanic,4095.55%,79.0,339.0,4/19/2002 (23),Iowa State,2025.0,"Rd 4, Pk 127",IND,Latino,RT,OL
Indianapolis Colts,WR,4,Blayne Taylor,s:20~l:28~a:5083552,https://www.espn.com/nfl/player/_/id/5083552/blayne-taylor,N/A (Scrape Failed),0.00%,,,N/A (Bio Scrape Failed),N/A (Bio Scrape Failed),,,,N/A (Scrape Failed),WR,WR
Jacksonville Jaguars,SS,1,Eric Murray,s:20~l:28~a:2970716,https://www.espn.com/nfl/player/_/id/2970716/eric-murray,Black,10000.00%,71.0,199.0,1/7/1994 (31),Minnesota,2016.0,"Rd 4, Pk 106",KC,Black,SS,DB
Jacksonville Jaguars,RDT,1,Arik Armstead,s:20~l:28~a:2971275,https://www.espn.com/nfl/player/_/id/2971275/arik-armstead,Latino Hispanic,3573.00%,79.0,290.0,11/15/1993 (31),Oregon,2015.0,"Rd 1, Pk 17",SF,Latino,RDT,DL
Jacksonville Jaguars,LDE,2,Emmanuel Ogbah,s:20~l:28~a:2977740,https://www.espn.com/nfl/player/_/id/2977740/emmanuel-ogbah,Black,10000.00%,76.0,275.0,11/6/1993 (31),Oklahoma State,2016.0,"Rd 2, Pk 32",CLE,Black,LDE,DL
Jacksonville Jaguars,RDE,2,Dawuane Smoot,s:20~l:28~a:3042476,https://www.espn.com/nfl/player/_/id/3042476/dawuane-smoot,Black,9999.97%,75.0,275.0,3/2/1995 (30),Illinois,2017.0,"Rd 3, Pk 68",JAX,Black,RDE,DL
Jacksonville Jaguars,TE,2,Johnny Mundt,s:20~l:28~a:3052096,https://www.espn.com/nfl/player/_/id/3052096/johnny-mundt,White,9999.91%,76.0,243.0,11/23/1994 (30),Oregon,,,,White,TE,TE
Jacksonville Jaguars,QB,2,Nick Mullens,s:20~l:28~a:3059989,https://www.espn.com/nfl/player/_/id/3059989/nick-mullens,White,8561.96%,72.0,210.0,3/21/1995 (30),Southern Miss,,,,White,QB,QB
Jacksonville Jaguars,QB,3,John Wolford,s:20~l:28~a:3124092,https://www.espn.com/nfl/player/_/id/3124092/john-wolford,White,7196.51%,73.0,200.0,10/16/1995 (29),Wake Forest,,,,White,QB,QB
Jacksonville Jaguars,LG,2,Chuma Edoga,s:20~l:28~a:3701582,https://www.espn.com/nfl/player/_/id/3701582/chuma-edoga,Black,5220.08%,76.0,315.0,5/25/1997 (28),USC,2019.0,"Rd 3, Pk 92",NYJ,Black,LG,OL
Jacksonville Jaguars,RG,1,Patrick Mekari,s:20~l:28~a:3863820,https://www.espn.com/nfl/player/_/id/3863820/patrick-mekari,White,3498.70%,76.0,305.0,8/13/1997 (27),California,,,,White,RG,OL
Jacksonville Jaguars,LT,2,Fred Johnson,s:20~l:28~a:3915106,https://www.espn.com/nfl/player/_/id/3915106/fred-johnson,Black,9999.93%,79.0,326.0,6/5/1997 (28),Florida,,,,Black,LT,OL
Jacksonville Jaguars,LDE,1,Josh Hines-Allen,s:20~l:28~a:3915239,https://www.espn.com/nfl/player/_/id/3915239/josh-hines-allen,Black,10000.00%,77.0,255.0,7/13/1997 (27),Kentucky,2019.0,"Rd 1, Pk 7",JAX,Black,LDE,DL
Jacksonville Jaguars,FS,1,Darnell Savage,s:20~l:28~a:3915419,https://www.espn.com/nfl/player/_/id/3915419/darnell-savage,Black,10000.00%,71.0,198.0,7/30/1997 (27),Maryland,2019.0,"Rd 1, Pk 21",GB,Black,FS,DB
Jacksonville Jaguars,LDT,1,DaVon Hamilton,s:20~l:28~a:3915520,https://www.espn.com/nfl/player/_/id/3915520/davon-hamilton,Black,9072.74%,76.0,335.0,2/1/1997 (28),Ohio State,2020.0,"Rd 3, Pk 73",JAX,Black,LDT,DL
Jacksonville Jaguars,FS,3,Andrew Wingard,s:20~l:28~a:3918331,https://www.espn.com/nfl/player/_/id/3918331/andrew-wingard,White,9967.56%,72.0,200.0,12/5/1996 (28),Wyoming,,,,White,FS,DB
Jacksonville Jaguars,WR,3,Trenton Irwin,s:20~l:28~a:3931391,https://www.espn.com/nfl/player/_/id/3931391/trenton-irwin,White,9999.74%,73.0,200.0,12/10/1995 (29),Stanford,,,,White,WR,WR
Jacksonville Jaguars,C,2,Luke Fortner,s:20~l:28~a:4035048,https://www.espn.com/nfl/player/_/id/4035048/luke-fortner,White,9949.48%,76.0,307.0,5/15/1998 (27),Kentucky,2022.0,"Rd 3, Pk 65",JAX,White,C,OL
Jacksonville Jaguars,FS,4,Daniel Thomas,s:20~l:28~a:4035505,https://www.espn.com/nfl/player/_/id/4035505/daniel-thomas,Black,10000.00%,70.0,215.0,7/1/1998 (26),Auburn,2020.0,"Rd 5, Pk 157",JAX,Black,FS,DB
Jacksonville Jaguars,RT,2,Cole Van Lanen,s:20~l:28~a:4035791,https://www.espn.com/nfl/player/_/id/4035791/cole-van-lanen,White,10000.00%,77.0,312.0,4/23/1998 (27),Wisconsin,2021.0,"Rd 6, Pk 214",GB,White,RT,OL
Jacksonville Jaguars,LG,1,Ezra Cleveland,s:20~l:28~a:4048231,https://www.espn.com/nfl/player/_/id/4048231/ezra-cleveland,White,8191.08%,78.0,312.0,5/8/1998 (27),Boise St,2020.0,"Rd 2, Pk 58",MIN,White,LG,OL
Jacksonville Jaguars,TE,3,Hunter Long,s:20~l:28~a:4239944,https://www.espn.com/nfl/player/_/id/4239944/hunter-long,White,9999.07%,77.0,243.0,8/19/1998 (26),Boston College,2021.0,"Rd 3, Pk 81",MIA,White,TE,TE
Jacksonville Jaguars,RB,1,Travis Etienne Jr.,s:20~l:28~a:4239996,https://www.espn.com/nfl/player/_/id/4239996/travis-etienne-jr,Black,10000.00%,70.0,215.0,1/26/1999 (26),Clemson,2021.0,"Rd 1, Pk 25",JAX,Black,RB,RB
Jacksonville Jaguars,C,1,Robert Hainsey,s:20~l:28~a:4242391,https://www.espn.com/nfl/player/_/id/4242391/robert-hainsey,Latino Hispanic,3761.47%,76.0,306.0,8/12/1998 (26),Notre Dame,2021.0,"Rd 3, Pk 95",TB,Latino,C,OL
Jacksonville Jaguars,LT,1,Walker Little,s:20~l:28~a:4242554,https://www.espn.com/nfl/player/_/id/4242554/walker-little,White,9764.92%,79.0,325.0,4/1/1999 (26),Stanford,2021.0,"Rd 2, Pk 45",JAX,White,LT,OL
Jacksonville Jaguars,MLB,1,Devin Lloyd,s:20~l:28~a:4243256,https://www.espn.com/nfl/player/_/id/4243256/devin-lloyd,White,6406.64%,75.0,235.0,9/30/1998 (26),Utah,2022.0,"Rd 1, Pk 27",JAX,White,MLB,LB
Jacksonville Jaguars,TE,4,Quintin Morris,s:20~l:28~a:4244049,https://www.espn.com/nfl/player/_/id/4244049/quintin-morris,Black,10000.00%,74.0,252.0,1/21/1999 (26),Bowling Green,,,,Black,TE,TE
Jacksonville Jaguars,WR,2,Austin Trammell,s:20~l:28~a:4244856,https://www.espn.com/nfl/player/_/id/4244856/austin-trammell,White,10000.00%,70.0,185.0,7/4/1998 (26),Rice,,,,White,WR,WR
Jacksonville Jaguars,LT,3,Dennis Daley,s:20~l:28~a:4259480,https://www.espn.com/nfl/player/_/id/4259480/dennis-daley,Black,9999.95%,78.0,326.0,8/7/1996 (28),South Carolina,2019.0,"Rd 6, Pk 212",CAR,Black,LT,OL
Jacksonville Jaguars,QB,1,Trevor Lawrence,s:20~l:28~a:4360310,https://www.espn.com/nfl/player/_/id/4360310/trevor-lawrence,White,9998.38%,78.0,220.0,10/6/1999 (25),Clemson,2021.0,"Rd 1, Pk 1",JAX,White,QB,QB
Jacksonville Jaguars,LG,3,Cooper Hodges,s:20~l:28~a:4360786,https://www.espn.com/nfl/player/_/id/4360786/cooper-hodges,White,5198.94%,75.0,311.0,7/13/2000 (24),App State,2023.0,"Rd 7, Pk 226",JAX,White,LG,OL
Jacksonville Jaguars,LDE,3,Yasir Abdullah,s:20~l:28~a:4360807,https://www.espn.com/nfl/player/_/id/4360807/yasir-abdullah,Black,6356.78%,73.0,240.0,4/12/2000 (25),Louisville,2023.0,"Rd 5, Pk 136",JAX,Black,LDE,DL
Jacksonville Jaguars,WR,1,Dyami Brown,s:20~l:28~a:4361577,https://www.espn.com/nfl/player/_/id/4361577/dyami-brown,Black,10000.00%,72.0,195.0,11/1/1999 (25),North Carolina,2021.0,"Rd 3, Pk 82",WSH,Black,WR,WR
Jacksonville Jaguars,RDT,3,Tyler Lacy,s:20~l:28~a:4361861,https://www.espn.com/nfl/player/_/id/4361861/tyler-lacy,Black,8528.89%,76.0,279.0,11/10/1999 (25),Oklahoma St,2023.0,"Rd 4, Pk 130",JAX,Black,RDT,DL
Jacksonville Jaguars,RT,3,Javon Foster,s:20~l:28~a:4362769,https://www.espn.com/nfl/player/_/id/4362769/javon-foster,Black,9700.51%,77.0,313.0,3/31/2000 (25),Missouri,2024.0,"Rd 4, Pk 114",JAX,Black,RT,OL
Jacksonville Jaguars,RDE,3,Myles Cole,s:20~l:28~a:4365303,https://www.espn.com/nfl/player/_/id/4365303/myles-cole,Black,9972.18%,78.0,278.0,4/29/2000 (25),Texas Tech,2024.0,"Rd 7, Pk 236",JAX,Black,RDE,DL
Jacksonville Jaguars,RDE,1,Travon Walker,s:20~l:28~a:4426349,https://www.espn.com/nfl/player/_/id/4426349/travon-walker,Black,9999.89%,77.0,272.0,12/18/2000 (24),Georgia,2022.0,"Rd 1, Pk 1",JAX,Black,RDE,DL
Jacksonville Jaguars,WR,2,Joshua Cephus,s:20~l:28~a:4426893,https://www.espn.com/nfl/player/_/id/4426893/joshua-cephus,Black,10000.00%,74.0,193.0,3/5/2001 (24),UTSA,,,,Black,WR,WR
Jacksonville Jaguars,MLB,2,Jack Kiser,s:20~l:28~a:4427716,https://www.espn.com/nfl/player/_/id/4427716/jack-kiser,White,9995.39%,74.0,231.0,9/10/2000 (24),Notre Dame,2025.0,"Rd 4, Pk 107",JAX,White,MLB,LB
Jacksonville Jaguars,RDT,4,Keivie Rose,s:20~l:28~a:4428390,https://www.espn.com/nfl/player/_/id/4428390/keivie-rose,Black,9980.51%,75.0,314.0,,Arkansas,,,,Black,RDT,DL
Jacksonville Jaguars,RG,3,Sal Wormley,s:20~l:28~a:4428935,https://www.espn.com/nfl/player/_/id/4428935/sal-wormley,Black,9995.01%,75.0,327.0,,Penn State,,,,Black,RG,OL
Jacksonville Jaguars,RB,2,Tank Bigsby,s:20~l:28~a:4429013,https://www.espn.com/nfl/player/_/id/4429013/tank-bigsby,Black,9999.75%,71.0,215.0,8/30/2002 (22),Auburn,2023.0,"Rd 3, Pk 88",JAX,Black,RB,RB
Jacksonville Jaguars,SS,2,Antonio Johnson,s:20~l:28~a:4429168,https://www.espn.com/nfl/player/_/id/4429168/antonio-johnson,Black,9818.97%,74.0,198.0,10/29/2001 (23),Texas A&M,2023.0,"Rd 5, Pk 160",JAX,Black,SS,DB
Jacksonville Jaguars,WR,4,Eli Pancol,s:20~l:28~a:4430288,https://www.espn.com/nfl/player/_/id/4430288/eli-pancol,Black,5605.23%,75.0,205.0,,Duke,,,,Black,WR,WR
Jacksonville Jaguars,C,3,Jonah Monheim,s:20~l:28~a:4430481,https://www.espn.com/nfl/player/_/id/4430481/jonah-monheim,White,9989.38%,76.0,302.0,6/7/2002 (23),USC,2025.0,"Rd 7, Pk 221",JAX,White,C,OL
Jacksonville Jaguars,TE,1,Brenton Strange,s:20~l:28~a:4430539,https://www.espn.com/nfl/player/_/id/4430539/brenton-strange,Latino Hispanic,2975.37%,76.0,253.0,12/27/2000 (24),Penn State,2023.0,"Rd 2, Pk 61",JAX,Latino,TE,TE
Jacksonville Jaguars,RG,2,Wyatt Milum,s:20~l:28~a:4431463,https://www.espn.com/nfl/player/_/id/4431463/wyatt-milum,Latino Hispanic,4968.39%,78.0,317.0,12/27/2001 (23),West Virginia,2025.0,"Rd 3, Pk 89",JAX,Latino,RG,OL
Jacksonville Jaguars,LDE,4,Ethan Downs,s:20~l:28~a:4431534,https://www.espn.com/nfl/player/_/id/4431534/ethan-downs,White,9885.14%,76.0,263.0,10/13/2002 (22),Oklahoma,,,,White,LDE,DL
Jacksonville Jaguars,RDT,2,Maason Smith,s:20~l:28~a:4431567,https://www.espn.com/nfl/player/_/id/4431567/maason-smith,Black,9902.70%,77.0,306.0,10/13/2002 (22),LSU,2024.0,"Rd 2, Pk 48",JAX,Black,RDT,DL
Jacksonville Jaguars,WR,2,Parker Washington,s:20~l:28~a:4432620,https://www.espn.com/nfl/player/_/id/4432620/parker-washington,Latino Hispanic,3805.12%,70.0,204.0,3/21/2002 (23),Penn State,2023.0,"Rd 6, Pk 185",JAX,Latino,WR,WR
Jacksonville Jaguars,WR,1,Brian Thomas Jr.,s:20~l:28~a:4432773,https://www.espn.com/nfl/player/_/id/4432773/brian-thomas-jr,Black,10000.00%,74.0,209.0,10/8/2002 (22),LSU,2024.0,"Rd 1, Pk 23",JAX,Black,WR,WR
Jacksonville Jaguars,LDT,2,Jordan Jefferson,s:20~l:28~a:4569448,https://www.espn.com/nfl/player/_/id/4569448/jordan-jefferson,Black,10000.00%,74.0,316.0,9/24/2001 (23),LSU,2024.0,"Rd 4, Pk 116",JAX,Black,LDT,DL
Jacksonville Jaguars,LDT,4,Eli Mostaert,s:20~l:28~a:4572544,https://www.espn.com/nfl/player/_/id/4572544/eli-mostaert,White,4810.78%,75.0,289.0,,N Dakota St,,,,White,LDT,DL
Jacksonville Jaguars,MLB,3,Branson Combs,s:20~l:28~a:4572704,https://www.espn.com/nfl/player/_/id/4572704/branson-combs,White,9956.74%,75.0,228.0,,Wake Forest,,,,White,MLB,LB
Jacksonville Jaguars,WR,3,Chandler Brayboy,s:20~l:28~a:4573243,https://www.espn.com/nfl/player/_/id/4573243/chandler-brayboy,Latino Hispanic,3914.23%,73.0,199.0,,Elon,,,,Latino,WR,WR
Jacksonville Jaguars,RDE,4,Danny Striggow,s:20~l:28~a:4573319,https://www.espn.com/nfl/player/_/id/4573319/danny-striggow,White,9989.20%,77.0,255.0,,Minnesota,,,,White,RDE,DL
Jacksonville Jaguars,LDT,3,James Carpenter,s:20~l:28~a:4579591,https://www.espn.com/nfl/player/_/id/4579591/james-carpenter,White,7793.52%,74.0,288.0,,Indiana,,,,White,LDT,DL
Jacksonville Jaguars,WR,4,J.J. Jones,s:20~l:28~a:4596596,https://www.espn.com/nfl/player/_/id/4596596/jj-jones,Indian,4833.59%,75.0,210.0,,North Carolina,,,,Asian,WR,WR
Jacksonville Jaguars,QB,4,Seth Henigan,s:20~l:28~a:4606194,https://www.espn.com/nfl/player/_/id/4606194/seth-henigan,White,9998.62%,75.0,215.0,3/10/2003 (22),Memphis,,,,White,QB,QB
Jacksonville Jaguars,FS,2,Caleb Ransaw,s:20~l:28~a:4683347,https://www.espn.com/nfl/player/_/id/4683347/caleb-ransaw,Black,7476.77%,71.0,197.0,12/22/2002 (22),Tulane,2025.0,"Rd 3, Pk 88",JAX,Black,FS,DB
Jacksonville Jaguars,WR,1,Travis Hunter,s:20~l:28~a:4685415,https://www.espn.com/nfl/player/_/id/4685415/travis-hunter,Black,10000.00%,73.0,185.0,5/18/2003 (22),Colorado,2025.0,"Rd 1, Pk 2",JAX,Black,WR,WR
Jacksonville Jaguars,RT,1,Anton Harrison,s:20~l:28~a:4692525,https://www.espn.com/nfl/player/_/id/4692525/anton-harrison,Black,9999.91%,76.0,315.0,2/2/2002 (23),Oklahoma,2023.0,"Rd 1, Pk 27",JAX,Black,RT,OL
Jacksonville Jaguars,WR,4,Dorian Singer,s:20~l:28~a:4711055,https://www.espn.com/nfl/player/_/id/4711055/dorian-singer,White,9324.51%,72.0,181.0,,Utah,,,,White,WR,WR
Jacksonville Jaguars,SS,4,Cam'Ron Silmon-Craig,s:20~l:28~a:4877475,https://www.espn.com/nfl/player/_/id/4877475/camron-silmon-craig,Asian,3323.85%,70.0,185.0,,Colorado,,,,Asian,SS,DB
Jacksonville Jaguars,SS,3,Rayuan Lane III,s:20~l:28~a:4880675,https://www.espn.com/nfl/player/_/id/4880675/rayuan-lane-iii,Black,10000.00%,71.0,197.0,7/21/2003 (21),Navy,2025.0,"Rd 6, Pk 200",JAX,Black,SS,DB
Jacksonville Jaguars,RB,3,Bhayshul Tuten,s:20~l:28~a:4882093,https://www.espn.com/nfl/player/_/id/4882093/bhayshul-tuten,Black,10000.00%,69.0,209.0,2/14/2003 (22),Virginia Tech,2025.0,"Rd 4, Pk 104",JAX,Black,RB,RB
Jacksonville Jaguars,RB,4,LeQuint Allen Jr.,s:20~l:28~a:4911851,https://www.espn.com/nfl/player/_/id/4911851/lequint-allen-jr,Black,9999.92%,72.0,201.0,8/5/2004 (20),Syracuse,2025.0,"Rd 7, Pk 236",JAX,Black,RB,RB
Jacksonville Jaguars,WR,3,Louis Rees-Zammit,s:20~l:28~a:5208436,https://www.espn.com/nfl/player/_/id/5208436/louis-rees-zammit,White,4969.86%,74.0,209.0,2/2/2001 (24),,,,,White,WR,WR
Kansas City Chiefs,TE,1,Travis Kelce,s:20~l:28~a:15847,https://www.espn.com/nfl/player/_/id/15847/travis-kelce,Middle Eastern,5010.22%,77.0,250.0,10/5/1989 (35),Cincinnati,2013.0,"Rd 3, Pk 63",KC,Middle Eastern,TE,TE
Kansas City Chiefs,RDT,1,Mike Pennel Jr.,s:20~l:28~a:17230,https://www.espn.com/nfl/player/_/id/17230/mike-pennel-jr,Black,10000.00%,76.0,330.0,5/9/1991 (34),Colorado St-Pueblo,,,,Black,RDT,DL
Kansas City Chiefs,SS,2,Deon Bush,s:20~l:28~a:2969944,https://www.espn.com/nfl/player/_/id/2969944/deon-bush,Black,10000.00%,72.0,200.0,8/14/1993 (31),Miami,2016.0,"Rd 4, Pk 124",CHI,Black,SS,DB
Kansas City Chiefs,TE,4,Robert Tonyan,s:20~l:28~a:2975674,https://www.espn.com/nfl/player/_/id/2975674/robert-tonyan,White,9901.39%,77.0,240.0,4/30/1994 (31),Indiana State,,,,White,TE,TE
Kansas City Chiefs,LDT,1,Chris Jones,s:20~l:28~a:3044859,https://www.espn.com/nfl/player/_/id/3044859/chris-jones,White,7696.37%,78.0,310.0,7/3/1994 (30),Miss St,2016.0,"Rd 2, Pk 37",KC,White,LDT,DL
Kansas City Chiefs,RB,2,Kareem Hunt,s:20~l:28~a:3059915,https://www.espn.com/nfl/player/_/id/3059915/kareem-hunt,White,7851.76%,71.0,216.0,8/6/1995 (29),Toledo,2017.0,"Rd 3, Pk 86",KC,White,RB,RB
Kansas City Chiefs,WR,2,JuJu Smith-Schuster,s:20~l:28~a:3120348,https://www.espn.com/nfl/player/_/id/3120348/juju-smith-schuster,Black,9996.30%,73.0,215.0,11/22/1996 (28),USC,2017.0,"Rd 2, Pk 62",PIT,Black,WR,WR
Kansas City Chiefs,QB,1,Patrick Mahomes,s:20~l:28~a:3139477,https://www.espn.com/nfl/player/_/id/3139477/patrick-mahomes,Middle Eastern,3240.79%,74.0,225.0,9/17/1995 (29),Texas Tech,2017.0,"Rd 1, Pk 10",KC,Middle Eastern,QB,QB
Kansas City Chiefs,FS,2,Mike Edwards,s:20~l:28~a:3155647,https://www.espn.com/nfl/player/_/id/3155647/mike-edwards,Black,10000.00%,70.0,205.0,5/18/1996 (29),Kentucky,2019.0,"Rd 3, Pk 99",TB,Black,FS,DB
Kansas City Chiefs,LDT,2,Jerry Tillery,s:20~l:28~a:3863182,https://www.espn.com/nfl/player/_/id/3863182/jerry-tillery,Black,10000.00%,78.0,295.0,10/8/1996 (28),Notre Dame,2019.0,"Rd 1, Pk 28",LAC,Black,LDT,DL
Kansas City Chiefs,RDE,1,Mike Danna,s:20~l:28~a:3915487,https://www.espn.com/nfl/player/_/id/3915487/mike-danna,Black,10000.00%,74.0,257.0,12/4/1997 (27),Michigan,2020.0,"Rd 5, Pk 177",KC,Black,RDE,DL
Kansas City Chiefs,LDE,2,Charles Omenihu,s:20~l:28~a:3929865,https://www.espn.com/nfl/player/_/id/3929865/charles-omenihu,White,7764.00%,77.0,280.0,8/20/1997 (27),Texas,2019.0,"Rd 5, Pk 161",HOU,White,LDE,DL
Kansas City Chiefs,RT,1,Jawaan Taylor,s:20~l:28~a:4034961,https://www.espn.com/nfl/player/_/id/4034961/jawaan-taylor,Black,10000.00%,77.0,330.0,11/25/1997 (27),Florida,2019.0,"Rd 2, Pk 35",JAX,Black,RT,OL
Kansas City Chiefs,RG,3,Tremayne Anchrum Jr.,s:20~l:28~a:4035478,https://www.espn.com/nfl/player/_/id/4035478/tremayne-anchrum-jr,Black,10000.00%,74.0,325.0,6/24/1998 (26),Clemson,2020.0,"Rd 7, Pk 250",LAR,Black,RG,OL
Kansas City Chiefs,RDE,4,Janarius Robinson,s:20~l:28~a:4035604,https://www.espn.com/nfl/player/_/id/4035604/janarius-robinson,Black,10000.00%,77.0,263.0,5/4/1998 (27),Florida St,2021.0,"Rd 4, Pk 134",MIN,Black,RDE,DL
Kansas City Chiefs,MLB,4,Cole Christiansen,s:20~l:28~a:4036959,https://www.espn.com/nfl/player/_/id/4036959/cole-christiansen,White,7376.33%,73.0,230.0,7/30/1997 (27),Army,,,,White,MLB,LB
Kansas City Chiefs,QB,2,Gardner Minshew,s:20~l:28~a:4038524,https://www.espn.com/nfl/player/_/id/4038524/gardner-minshew,White,5091.99%,73.0,225.0,5/16/1996 (29),Washington St,2019.0,"Rd 6, Pk 178",JAX,White,QB,QB
Kansas City Chiefs,LG,1,Mike Caliendo,s:20~l:28~a:4043039,https://www.espn.com/nfl/player/_/id/4043039/mike-caliendo,White,9632.96%,76.0,301.0,10/21/1997 (27),W Michigan,,,,White,LG,OL
Kansas City Chiefs,LT,1,Jaylon Moore,s:20~l:28~a:4043041,https://www.espn.com/nfl/player/_/id/4043041/jaylon-moore,Black,9999.94%,76.0,311.0,1/9/1998 (27),W Michigan,2021.0,"Rd 5, Pk 155",SF,Black,LT,OL
Kansas City Chiefs,QB,4,Chris Oladokun,s:20~l:28~a:4044111,https://www.espn.com/nfl/player/_/id/4044111/chris-oladokun,Black,10000.00%,73.0,213.0,9/3/1997 (27),S Dakota St,2022.0,"Rd 7, Pk 241",PIT,Black,QB,QB
Kansas City Chiefs,TE,2,Noah Gray,s:20~l:28~a:4240472,https://www.espn.com/nfl/player/_/id/4240472/noah-gray,White,9131.48%,75.0,240.0,4/30/1999 (26),Duke,2021.0,"Rd 5, Pk 162",KC,White,TE,TE
Kansas City Chiefs,WR,1,Hollywood Brown,s:20~l:28~a:4241372,https://www.espn.com/nfl/player/_/id/4241372/hollywood-brown,Black,10000.00%,69.0,180.0,6/4/1997 (28),Oklahoma,2019.0,"Rd 1, Pk 25",BAL,Black,WR,WR
Kansas City Chiefs,C,1,Creed Humphrey,s:20~l:28~a:4241385,https://www.espn.com/nfl/player/_/id/4241385/creed-humphrey,White,9447.10%,76.0,302.0,6/28/1999 (25),Oklahoma,2021.0,"Rd 2, Pk 63",KC,White,C,OL
Kansas City Chiefs,RB,3,Elijah Mitchell,s:20~l:28~a:4241555,https://www.espn.com/nfl/player/_/id/4241555/elijah-mitchell,Black,9706.04%,70.0,200.0,5/2/1998 (27),Louisiana,2021.0,"Rd 6, Pk 194",SF,Black,RB,RB
Kansas City Chiefs,RG,1,Trey Smith,s:20~l:28~a:4242459,https://www.espn.com/nfl/player/_/id/4242459/trey-smith,Black,10000.00%,78.0,321.0,6/16/1999 (26),Tennessee,2021.0,"Rd 6, Pk 226",KC,Black,RG,OL
Kansas City Chiefs,RDT,3,Marlon Tuipulotu,s:20~l:28~a:4243218,https://www.espn.com/nfl/player/_/id/4243218/marlon-tuipulotu,Black,9976.18%,74.0,307.0,5/31/1999 (26),USC,2021.0,"Rd 6, Pk 189",PHI,Black,RDT,DL
Kansas City Chiefs,FS,1,Bryan Cook,s:20~l:28~a:4247726,https://www.espn.com/nfl/player/_/id/4247726/bryan-cook,Black,9997.57%,73.0,206.0,9/7/1999 (25),Cincinnati,2022.0,"Rd 2, Pk 62",KC,Black,FS,DB
Kansas City Chiefs,QB,3,Bailey Zappe,s:20~l:28~a:4250360,https://www.espn.com/nfl/player/_/id/4250360/bailey-zappe,White,9999.36%,73.0,215.0,4/26/1999 (26),Western KY,2022.0,"Rd 4, Pk 137",NE,White,QB,QB
Kansas City Chiefs,WR,3,Justyn Ross,s:20~l:28~a:4360306,https://www.espn.com/nfl/player/_/id/4360306/justyn-ross,Black,10000.00%,76.0,210.0,12/15/1999 (25),Clemson,,,,Black,WR,WR
Kansas City Chiefs,RB,1,Isiah Pacheco,s:20~l:28~a:4361529,https://www.espn.com/nfl/player/_/id/4361529/isiah-pacheco,Black,9925.54%,70.0,216.0,3/2/1999 (26),Rutgers,2022.0,"Rd 7, Pk 251",KC,Black,RB,RB
Kansas City Chiefs,MLB,1,Nick Bolton,s:20~l:28~a:4362759,https://www.espn.com/nfl/player/_/id/4362759/nick-bolton,Black,10000.00%,71.0,237.0,3/10/2000 (25),Missouri,2021.0,"Rd 2, Pk 58",KC,Black,MLB,LB
Kansas City Chiefs,LDT,3,Fabien Lovett Sr.,s:20~l:28~a:4362905,https://www.espn.com/nfl/player/_/id/4362905/fabien-lovett-sr,Black,10000.00%,75.0,316.0,12/5/1999 (25),Florida St,,,,Black,LDT,DL
Kansas City Chiefs,WR,3,Tyquan Thornton,s:20~l:28~a:4362921,https://www.espn.com/nfl/player/_/id/4362921/tyquan-thornton,Black,10000.00%,74.0,185.0,8/7/2000 (24),Baylor,2022.0,"Rd 2, Pk 50",NE,Black,WR,WR
Kansas City Chiefs,C,2,Hunter Nourzad,s:20~l:28~a:4367645,https://www.espn.com/nfl/player/_/id/4367645/hunter-nourzad,White,7688.71%,75.0,317.0,11/26/2000 (24),Penn State,2024.0,"Rd 5, Pk 159",KC,White,C,OL
Kansas City Chiefs,MLB,2,Cam Jones,s:20~l:28~a:4371959,https://www.espn.com/nfl/player/_/id/4371959/cam-jones,Black,10000.00%,74.0,227.0,10/21/1999 (25),Indiana,,,,Black,MLB,LB
Kansas City Chiefs,WR,3,Nikko Remigio,s:20~l:28~a:4372716,https://www.espn.com/nfl/player/_/id/4372716/nikko-remigio,Asian,5576.51%,69.0,187.0,11/4/1999 (25),Fresno St,,,,Asian,WR,WR
Kansas City Chiefs,LDE,1,George Karlaftis,s:20~l:28~a:4426659,https://www.espn.com/nfl/player/_/id/4426659/george-karlaftis,White,5513.89%,76.0,263.0,4/3/2001 (24),Purdue,2022.0,"Rd 1, Pk 30",KC,White,LDE,DL
Kansas City Chiefs,LG,3,Dalton Cooper,s:20~l:28~a:4426972,https://www.espn.com/nfl/player/_/id/4426972/dalton-cooper,White,6785.02%,79.0,315.0,,Oklahoma St,,,,White,LG,OL
Kansas City Chiefs,WR,1,Rashee Rice,s:20~l:28~a:4428331,https://www.espn.com/nfl/player/_/id/4428331/rashee-rice,Black,10000.00%,73.0,204.0,4/22/2000 (25),SMU,2023.0,"Rd 2, Pk 55",KC,Black,WR,WR
Kansas City Chiefs,RDT,4,Coziah Izzard,s:20~l:28~a:4429076,https://www.espn.com/nfl/player/_/id/4429076/coziah-izzard,Black,10000.00%,75.0,310.0,,Penn State,,,,Black,RDT,DL
Kansas City Chiefs,WR,4,Elijhah Badger,s:20~l:28~a:4429184,https://www.espn.com/nfl/player/_/id/4429184/elijhah-badger,Black,9745.83%,73.0,192.0,,Florida,,,,Black,WR,WR
Kansas City Chiefs,WR,2,Skyy Moore,s:20~l:28~a:4430191,https://www.espn.com/nfl/player/_/id/4430191/skyy-moore,Asian,4240.85%,70.0,195.0,9/10/2000 (24),W Michigan,2022.0,"Rd 2, Pk 54",KC,Asian,WR,WR
Kansas City Chiefs,TE,3,Jared Wiley,s:20~l:28~a:4430723,https://www.espn.com/nfl/player/_/id/4430723/jared-wiley,Middle Eastern,5543.90%,78.0,249.0,11/2/2000 (24),TCU,2024.0,"Rd 4, Pk 131",KC,Middle Eastern,TE,TE
Kansas City Chiefs,FS,4,Major Williams,s:20~l:28~a:4430736,https://www.espn.com/nfl/player/_/id/4430736/major-williams,Black,10000.00%,73.0,190.0,,Carson-Newman,,,,Black,FS,DB
Kansas City Chiefs,WR,4,Mac Dalena,s:20~l:28~a:4431053,https://www.espn.com/nfl/player/_/id/4431053/mac-dalena,White,9779.51%,71.0,180.0,,Fresno St,,,,White,WR,WR
Kansas City Chiefs,LG,2,Kingsley Suamataia,s:20~l:28~a:4431595,https://www.espn.com/nfl/player/_/id/4431595/kingsley-suamataia,Latino Hispanic,5365.60%,76.0,326.0,1/18/2003 (22),BYU,2024.0,"Rd 2, Pk 63",KC,Latino,LG,OL
Kansas City Chiefs,LT,2,Josh Simmons,s:20~l:28~a:4569659,https://www.espn.com/nfl/player/_/id/4569659/josh-simmons,Black,9133.79%,77.0,310.0,12/26/2002 (22),Ohio State,2025.0,"Rd 1, Pk 32",KC,Black,LT,OL
Kansas City Chiefs,RT,2,Wanya Morris,s:20~l:28~a:4570577,https://www.espn.com/nfl/player/_/id/4570577/wanya-morris,Black,10000.00%,78.0,307.0,10/10/2000 (24),Oklahoma,2023.0,"Rd 3, Pk 92",KC,Black,RT,OL
Kansas City Chiefs,RT,3,Ethan Driskell,s:20~l:28~a:4571627,https://www.espn.com/nfl/player/_/id/4571627/ethan-driskell,White,6290.03%,80.0,313.0,6/29/2000 (24),Marshall,,,,White,RT,OL
Kansas City Chiefs,RG,2,C.J. Hanson,s:20~l:28~a:4571810,https://www.espn.com/nfl/player/_/id/4571810/cj-hanson,White,9016.81%,77.0,300.0,3/3/2001 (24),Holy Cross,2024.0,"Rd 7, Pk 248",KC,White,RG,OL
Kansas City Chiefs,RDT,2,Omarr Norman-Lott,s:20~l:28~a:4591008,https://www.espn.com/nfl/player/_/id/4591008/omarr-norman-lott,Latino Hispanic,3510.39%,75.0,315.0,3/11/2002 (23),Tennessee,2025.0,"Rd 2, Pk 63",KC,Latino,RDT,DL
Kansas City Chiefs,RB,4,Brashard Smith,s:20~l:28~a:4596602,https://www.espn.com/nfl/player/_/id/4596602/brashard-smith,Black,10000.00%,70.0,196.0,4/11/2003 (22),SMU,2025.0,"Rd 7, Pk 228",KC,Black,RB,RB
Kansas City Chiefs,MLB,3,Jeffrey Bassa,s:20~l:28~a:4602389,https://www.espn.com/nfl/player/_/id/4602389/jeffrey-bassa,Black,10000.00%,74.0,235.0,9/20/2002 (22),Oregon,2025.0,"Rd 5, Pk 156",KC,Black,MLB,LB
Kansas City Chiefs,FS,3,Kevin Knowles II,s:20~l:28~a:4602648,https://www.espn.com/nfl/player/_/id/4602648/kevin-knowles-ii,Black,10000.00%,71.0,190.0,,Florida St,,,,Black,FS,DB
Kansas City Chiefs,RDE,2,Felix Anudike-Uzomah,s:20~l:28~a:4612387,https://www.espn.com/nfl/player/_/id/4612387/felix-anudike-uzomah,Black,10000.00%,76.0,255.0,1/24/2002 (23),Kansas St,2023.0,"Rd 1, Pk 31",KC,Black,RDE,DL
Kansas City Chiefs,WR,1,Xavier Worthy,s:20~l:28~a:4683062,https://www.espn.com/nfl/player/_/id/4683062/xavier-worthy,Black,10000.00%,71.0,165.0,4/27/2003 (22),Texas,2024.0,"Rd 1, Pk 28",KC,Black,WR,WR
Kansas City Chiefs,LDE,3,Ashton Gillotte,s:20~l:28~a:4684432,https://www.espn.com/nfl/player/_/id/4684432/ashton-gillotte,Latino Hispanic,3422.77%,75.0,270.0,10/30/2002 (22),Louisville,2025.0,"Rd 3, Pk 66",KC,Latino,LDE,DL
Kansas City Chiefs,SS,1,Jaden Hicks,s:20~l:28~a:4685232,https://www.espn.com/nfl/player/_/id/4685232/jaden-hicks,Black,8557.15%,73.0,215.0,8/16/2002 (22),Washington St,2024.0,"Rd 4, Pk 133",KC,Black,SS,DB
Kansas City Chiefs,WR,4,Jason Brownlee,s:20~l:28~a:4689988,https://www.espn.com/nfl/player/_/id/4689988/jason-brownlee,Black,10000.00%,75.0,202.0,1/30/1999 (26),Southern Miss,,,,Black,WR,WR
Kansas City Chiefs,LDE,4,BJ Thompson,s:20~l:28~a:4691084,https://www.espn.com/nfl/player/_/id/4691084/bj-thompson,Black,10000.00%,78.0,243.0,3/23/1999 (26),SF Austin,2023.0,"Rd 5, Pk 166",KC,Black,LDE,DL
Kansas City Chiefs,SS,3,Glendon Miller,s:20~l:28~a:4692807,https://www.espn.com/nfl/player/_/id/4692807/glendon-miller,Black,3560.70%,74.0,206.0,,Maryland,,,,Black,SS,DB
Kansas City Chiefs,FB,1,Carson Steele,s:20~l:28~a:4714365,https://www.espn.com/nfl/player/_/id/4714365/carson-steele,White,8998.47%,72.0,228.0,10/21/2002 (22),UCLA,,,,White,FB,RB
Kansas City Chiefs,WR,2,Jalen Royals,s:20~l:28~a:5082630,https://www.espn.com/nfl/player/_/id/5082630/jalen-royals,Black,10000.00%,72.0,195.0,2/18/2003 (22),Utah State,2025.0,"Rd 4, Pk 133",KC,Black,WR,WR
Kansas City Chiefs,RT,4,Chukwuebuka Godrick,s:20~l:28~a:5144457,https://www.espn.com/nfl/player/_/id/5144457/chukwuebuka-godrick,Black,10000.00%,77.0,300.0,10/11/2000 (24),,,,,Black,RT,OL
Kansas City Chiefs,LT,3,Esa Pole,s:20~l:28~a:5153070,https://www.espn.com/nfl/player/_/id/5153070/esa-pole,Latino Hispanic,2708.05%,79.0,319.0,,Washington St,,,,Latino,LT,OL
Las Vegas Raiders,QB,1,Geno Smith,s:20~l:28~a:15864,https://www.espn.com/nfl/player/_/id/15864/geno-smith,Black,9986.99%,74.0,221.0,10/10/1990 (34),West Virginia,2013.0,"Rd 2, Pk 39",NYJ,Black,QB,QB
Las Vegas Raiders,RB,2,Raheem Mostert,s:20~l:28~a:2576414,https://www.espn.com/nfl/player/_/id/2576414/raheem-mostert,Black,9999.96%,70.0,195.0,4/9/1992 (33),Purdue,,,,Black,RB,RB
Las Vegas Raiders,RDT,1,Adam Butler,s:20~l:28~a:2972342,https://www.espn.com/nfl/player/_/id/2972342/adam-butler,Black,9999.84%,77.0,300.0,4/12/1994 (31),Vanderbilt,,,,Black,RDT,DL
Las Vegas Raiders,MLB,1,Elandon Roberts,s:20~l:28~a:2987743,https://www.espn.com/nfl/player/_/id/2987743/elandon-roberts,Black,10000.00%,71.0,235.0,4/22/1994 (31),Houston,2016.0,"Rd 6, Pk 214",NE,Black,MLB,LB
Las Vegas Raiders,MLB,3,Jaylon Smith,s:20~l:28~a:3052896,https://www.espn.com/nfl/player/_/id/3052896/jaylon-smith,Black,10000.00%,74.0,242.0,6/14/1995 (30),Notre Dame,2016.0,"Rd 2, Pk 34",DAL,Black,MLB,LB
Las Vegas Raiders,RG,1,Alex Cappa,s:20~l:28~a:3059021,https://www.espn.com/nfl/player/_/id/3059021/alex-cappa,White,10000.00%,78.0,312.0,1/27/1995 (30),Humboldt St,2018.0,"Rd 3, Pk 94",TB,White,RG,OL
Las Vegas Raiders,LT,1,Kolton Miller,s:20~l:28~a:3134312,https://www.espn.com/nfl/player/_/id/3134312/kolton-miller,White,9253.87%,80.0,325.0,9/2/1995 (29),UCLA,2018.0,"Rd 1, Pk 15",OAK,White,LT,OL
Las Vegas Raiders,LDT,1,Christian Wilkins,s:20~l:28~a:3728266,https://www.espn.com/nfl/player/_/id/3728266/christian-wilkins,Black,10000.00%,76.0,310.0,12/20/1995 (29),Clemson,2019.0,"Rd 1, Pk 13",MIA,Black,LDT,DL
Las Vegas Raiders,WR,1,Jakobi Meyers,s:20~l:28~a:3916433,https://www.espn.com/nfl/player/_/id/3916433/jakobi-meyers,Black,8614.16%,74.0,200.0,11/9/1996 (28),NC State,,,,Black,WR,WR
Las Vegas Raiders,LDE,1,Maxx Crosby,s:20~l:28~a:3916655,https://www.espn.com/nfl/player/_/id/3916655/maxx-crosby,White,9155.95%,77.0,255.0,8/22/1997 (27),E Michigan,2019.0,"Rd 4, Pk 106",OAK,White,LDE,DL
Las Vegas Raiders,WR,2,Alex Bachman,s:20~l:28~a:3919510,https://www.espn.com/nfl/player/_/id/3919510/alex-bachman,White,9998.94%,72.0,190.0,5/29/1996 (29),Wake Forest,,,,White,WR,WR
Las Vegas Raiders,LDT,2,Leki Fotu,s:20~l:28~a:4035666,https://www.espn.com/nfl/player/_/id/4035666/leki-fotu,Latino Hispanic,2456.12%,77.0,335.0,8/23/1998 (26),Utah,2020.0,"Rd 4, Pk 114",ARI,Latino,LDT,DL
Las Vegas Raiders,WR,3,Collin Johnson,s:20~l:28~a:4039043,https://www.espn.com/nfl/player/_/id/4039043/collin-johnson,Black,9995.78%,78.0,222.0,9/23/1997 (27),Texas,2020.0,"Rd 5, Pk 165",JAX,Black,WR,WR
Las Vegas Raiders,SS,1,Jeremy Chinn,s:20~l:28~a:4043169,https://www.espn.com/nfl/player/_/id/4043169/jeremy-chinn,Black,5242.41%,75.0,220.0,2/26/1998 (27),S Illinois,2020.0,"Rd 2, Pk 64",CAR,Black,SS,DB
Las Vegas Raiders,TE,3,Ian Thomas,s:20~l:28~a:4045305,https://www.espn.com/nfl/player/_/id/4045305/ian-thomas,White,6870.21%,76.0,260.0,6/6/1996 (29),Indiana,2018.0,"Rd 4, Pk 101",CAR,White,TE,TE
Las Vegas Raiders,LG,2,Jordan Meredith,s:20~l:28~a:4076803,https://www.espn.com/nfl/player/_/id/4076803/jordan-meredith,White,9998.91%,74.0,300.0,1/4/1998 (27),Western KY,,,,White,LG,OL
Las Vegas Raiders,RDE,1,Malcolm Koonce,s:20~l:28~a:4239719,https://www.espn.com/nfl/player/_/id/4239719/malcolm-koonce,Black,9967.79%,75.0,250.0,6/6/1998 (27),Buffalo,2021.0,"Rd 3, Pk 79",LV,Black,RDE,DL
Las Vegas Raiders,SS,2,Lonnie Johnson Jr.,s:20~l:28~a:4240780,https://www.espn.com/nfl/player/_/id/4240780/lonnie-johnson-jr,Black,10000.00%,74.0,213.0,11/4/1995 (29),Kentucky,2019.0,"Rd 2, Pk 54",HOU,Black,SS,DB
Las Vegas Raiders,LDE,2,Charles Snowden,s:20~l:28~a:4240849,https://www.espn.com/nfl/player/_/id/4240849/charles-snowden,Black,10000.00%,79.0,245.0,3/27/1998 (27),Virginia,,,,Black,LDE,DL
Las Vegas Raiders,RT,2,Thayer Munford Jr.,s:20~l:28~a:4242001,https://www.espn.com/nfl/player/_/id/4242001/thayer-munford-jr,Black,6757.76%,78.0,315.0,9/18/1999 (25),Ohio State,2022.0,"Rd 7, Pk 238",LV,Black,RT,OL
Las Vegas Raiders,RT,3,Dalton Wagner,s:20~l:28~a:4242177,https://www.espn.com/nfl/player/_/id/4242177/dalton-wagner,White,9505.72%,80.0,320.0,10/5/1998 (26),Arkansas,,,,White,RT,OL
Las Vegas Raiders,LG,1,Dylan Parham,s:20~l:28~a:4243375,https://www.espn.com/nfl/player/_/id/4243375/dylan-parham,Black,9999.99%,75.0,285.0,8/24/1999 (25),Memphis,2022.0,"Rd 3, Pk 90",LV,Black,LG,OL
Las Vegas Raiders,FS,1,Isaiah Pola-Mao,s:20~l:28~a:4259632,https://www.espn.com/nfl/player/_/id/4259632/isaiah-pola-mao,Asian,4027.39%,76.0,205.0,6/30/1999 (25),USC,,,,Asian,FS,DB
Las Vegas Raiders,QB,2,Aidan O'Connell,s:20~l:28~a:4260394,https://www.espn.com/nfl/player/_/id/4260394/aidan-oconnell,White,6492.01%,75.0,210.0,9/1/1998 (26),Purdue,2023.0,"Rd 4, Pk 135",LV,White,QB,QB
Las Vegas Raiders,LDE,3,Ovie Oghoufo,s:20~l:28~a:4361326,https://www.espn.com/nfl/player/_/id/4361326/ovie-oghoufo,Black,10000.00%,76.0,250.0,3/27/2000 (25),LSU,,,,Black,LDE,DL
Las Vegas Raiders,WR,3,Shedrick Jackson,s:20~l:28~a:4361332,https://www.espn.com/nfl/player/_/id/4361332/shedrick-jackson,Black,10000.00%,73.0,200.0,10/20/1999 (25),Auburn,,,,Black,WR,WR
Las Vegas Raiders,TE,4,Justin Shorter,s:20~l:28~a:4361426,https://www.espn.com/nfl/player/_/id/4361426/justin-shorter,Black,10000.00%,77.0,228.0,4/17/2000 (25),Florida,2023.0,"Rd 5, Pk 150",BUF,Black,TE,TE
Las Vegas Raiders,RB,4,Zamir White,s:20~l:28~a:4361777,https://www.espn.com/nfl/player/_/id/4361777/zamir-white,Black,9963.48%,72.0,215.0,9/18/1999 (25),Georgia,2022.0,"Rd 4, Pk 122",LV,Black,RB,RB
Las Vegas Raiders,QB,4,Carter Bradley,s:20~l:28~a:4362260,https://www.espn.com/nfl/player/_/id/4362260/carter-bradley,White,9811.80%,75.0,213.0,3/9/2000 (25),South Alabama,,,,White,QB,QB
Las Vegas Raiders,WR,3,Kyle Philips,s:20~l:28~a:4367175,https://www.espn.com/nfl/player/_/id/4367175/kyle-philips,White,9049.15%,71.0,189.0,6/17/1999 (26),UCLA,2022.0,"Rd 5, Pk 163",TEN,White,WR,WR
Las Vegas Raiders,RDE,2,Tyree Wilson,s:20~l:28~a:4372533,https://www.espn.com/nfl/player/_/id/4372533/tyree-wilson,Black,9999.76%,78.0,275.0,5/20/2000 (25),Texas Tech,2023.0,"Rd 1, Pk 7",LV,Black,RDE,DL
Las Vegas Raiders,RDT,2,Jonah Laulu,s:20~l:28~a:4373956,https://www.espn.com/nfl/player/_/id/4373956/jonah-laulu,Black,2892.15%,77.0,292.0,6/30/2000 (24),Oklahoma,2024.0,"Rd 7, Pk 234",IND,Black,RDT,DL
Las Vegas Raiders,FS,3,Chris Smith II,s:20~l:28~a:4379413,https://www.espn.com/nfl/player/_/id/4379413/chris-smith-ii,Black,9955.52%,71.0,195.0,5/1/2000 (25),Georgia,2023.0,"Rd 5, Pk 170",LV,Black,FS,DB
Las Vegas Raiders,C,2,Will Putnam,s:20~l:28~a:4426393,https://www.espn.com/nfl/player/_/id/4426393/will-putnam,White,9809.38%,76.0,301.0,8/13/2000 (24),Clemson,,,,White,C,OL
Las Vegas Raiders,WR,4,Zakhari Franklin,s:20~l:28~a:4427225,https://www.espn.com/nfl/player/_/id/4427225/zakhari-franklin,Black,10000.00%,73.0,204.0,,Illinois,,,,Black,WR,WR
Las Vegas Raiders,RDE,4,Jahfari Harvey,s:20~l:28~a:4427408,https://www.espn.com/nfl/player/_/id/4427408/jahfari-harvey,Black,10000.00%,74.0,255.0,,SMU,,,,Black,RDE,DL
Las Vegas Raiders,WR,1,Tre Tucker,s:20~l:28~a:4428718,https://www.espn.com/nfl/player/_/id/4428718/tre-tucker,Black,10000.00%,69.0,185.0,3/8/2001 (24),Cincinnati,2023.0,"Rd 3, Pk 100",LV,Black,WR,WR
Las Vegas Raiders,TE,2,Michael Mayer,s:20~l:28~a:4429086,https://www.espn.com/nfl/player/_/id/4429086/michael-mayer,White,9934.54%,76.0,265.0,7/6/2001 (23),Notre Dame,2023.0,"Rd 2, Pk 35",LV,White,TE,TE
Las Vegas Raiders,LDT,3,Tonka Hemingway,s:20~l:28~a:4429109,https://www.espn.com/nfl/player/_/id/4429109/tonka-hemingway,Black,10000.00%,74.0,284.0,10/31/2001 (23),South Carolina,2025.0,"Rd 4, Pk 135",LV,Black,LDT,DL
Las Vegas Raiders,C,3,Jarrod Hufford,s:20~l:28~a:4429871,https://www.espn.com/nfl/player/_/id/4429871/jarrod-hufford,White,9972.94%,75.0,322.0,,Iowa State,,,,White,C,OL
Las Vegas Raiders,RB,3,Sincere McCormick,s:20~l:28~a:4430104,https://www.espn.com/nfl/player/_/id/4430104/sincere-mccormick,Black,9973.54%,69.0,205.0,9/10/2000 (24),UTSA,,,,Black,RB,RB
Las Vegas Raiders,LDE,4,Jah Joyner,s:20~l:28~a:4430111,https://www.espn.com/nfl/player/_/id/4430111/jah-joyner,Black,9999.80%,76.0,262.0,7/30/2001 (23),Minnesota,,,,Black,LDE,DL
Las Vegas Raiders,RDT,3,JJ Pegues,s:20~l:28~a:4430896,https://www.espn.com/nfl/player/_/id/4430896/jj-pegues,Black,10000.00%,74.0,309.0,11/25/2001 (23),Ole Miss,2025.0,"Rd 6, Pk 180",LV,Black,RDT,DL
Las Vegas Raiders,RT,4,Parker Clements,s:20~l:28~a:4431023,https://www.espn.com/nfl/player/_/id/4431023/parker-clements,White,5245.97%,78.0,295.0,,Virginia Tech,,,,White,RT,OL
Las Vegas Raiders,WR,4,Ketron Jackson Jr.,s:20~l:28~a:4431389,https://www.espn.com/nfl/player/_/id/4431389/ketron-jackson-jr,Black,10000.00%,73.0,203.0,,Baylor,,,,Black,WR,WR
Las Vegas Raiders,TE,1,Brock Bowers,s:20~l:28~a:4432665,https://www.espn.com/nfl/player/_/id/4432665/brock-bowers,White,9998.85%,76.0,230.0,12/13/2002 (22),Georgia,2024.0,"Rd 1, Pk 13",LV,White,TE,TE
Las Vegas Raiders,WR,2,Dont'e Thornton Jr.,s:20~l:28~a:4432775,https://www.espn.com/nfl/player/_/id/4432775/donte-thornton-jr,Black,9541.51%,77.0,205.0,11/30/2002 (22),Tennessee,2025.0,"Rd 4, Pk 108",LV,Black,WR,WR
Las Vegas Raiders,RG,2,Caleb Rogers,s:20~l:28~a:4433889,https://www.espn.com/nfl/player/_/id/4433889/caleb-rogers,White,6072.70%,76.0,312.0,10/3/2001 (23),Texas Tech,2025.0,"Rd 3, Pk 98",LV,White,RG,OL
Las Vegas Raiders,FS,4,Hudson Clark,s:20~l:28~a:4567158,https://www.espn.com/nfl/player/_/id/4567158/hudson-clark,White,9556.93%,72.0,194.0,,Arkansas,,,,White,FS,DB
Las Vegas Raiders,FS,2,Thomas Harper,s:20~l:28~a:4569323,https://www.espn.com/nfl/player/_/id/4569323/thomas-harper,Black,10000.00%,70.0,195.0,11/5/2000 (24),Notre Dame,,,,Black,FS,DB
Las Vegas Raiders,LDT,4,Tank Booker,s:20~l:28~a:4569496,https://www.espn.com/nfl/player/_/id/4569496/tank-booker,Black,10000.00%,75.0,347.0,,SMU,,,,Black,LDT,DL
Las Vegas Raiders,MLB,4,Matt Jones,s:20~l:28~a:4571882,https://www.espn.com/nfl/player/_/id/4571882/matt-jones,White,9999.26%,74.0,236.0,,Baylor,,,,White,MLB,LB
Las Vegas Raiders,RDE,3,Andre Carter II,s:20~l:28~a:4577333,https://www.espn.com/nfl/player/_/id/4577333/andre-carter-ii,Asian,4019.64%,78.0,256.0,3/28/2000 (25),Army,,,,Asian,RDE,DL
Las Vegas Raiders,WR,1,Jack Bech,s:20~l:28~a:4603186,https://www.espn.com/nfl/player/_/id/4603186/jack-bech,White,3922.88%,73.0,214.0,12/18/2002 (22),TCU,2025.0,"Rd 2, Pk 58",LV,White,WR,WR
Las Vegas Raiders,RT,1,DJ Glaze,s:20~l:28~a:4606683,https://www.espn.com/nfl/player/_/id/4606683/dj-glaze,Black,10000.00%,76.0,323.0,8/4/2002 (22),Maryland,2024.0,"Rd 3, Pk 77",LV,Black,RT,OL
Las Vegas Raiders,WR,4,Key'Shawn Smith,s:20~l:28~a:4607419,https://www.espn.com/nfl/player/_/id/4607419/keyshawn-smith,White,8154.17%,71.0,187.0,,SMU,,,,White,WR,WR
Las Vegas Raiders,MLB,2,Cody Lindenberg,s:20~l:28~a:4685126,https://www.espn.com/nfl/player/_/id/4685126/cody-lindenberg,White,9999.80%,74.0,236.0,1/15/2002 (23),Minnesota,2025.0,"Rd 7, Pk 222",LV,White,MLB,LB
Las Vegas Raiders,QB,3,Cam Miller,s:20~l:28~a:4693331,https://www.espn.com/nfl/player/_/id/4693331/cam-miller,White,7329.84%,73.0,215.0,6/18/2001 (24),N Dakota St,2025.0,"Rd 6, Pk 215",LV,White,QB,QB
Las Vegas Raiders,SS,3,Trey Taylor,s:20~l:28~a:4693816,https://www.espn.com/nfl/player/_/id/4693816/trey-taylor,Black,9993.85%,72.0,213.0,1/30/2001 (24),Air Force,2024.0,"Rd 7, Pk 223",LV,Black,SS,DB
Las Vegas Raiders,LT,2,Charles Grant,s:20~l:28~a:4694505,https://www.espn.com/nfl/player/_/id/4694505/charles-grant,Black,10000.00%,76.0,309.0,3/22/2002 (23),William & Mary,2025.0,"Rd 3, Pk 99",LV,Black,LT,OL
Las Vegas Raiders,WR,2,Tommy Mellott,s:20~l:28~a:4775196,https://www.espn.com/nfl/player/_/id/4775196/tommy-mellott,White,9937.65%,71.0,200.0,,Montana St,2025.0,"Rd 6, Pk 213",LV,White,WR,WR
Las Vegas Raiders,C,1,Jackson Powers-Johnson,s:20~l:28~a:4875295,https://www.espn.com/nfl/player/_/id/4875295/jackson-powers-johnson,Asian,4026.02%,75.0,328.0,1/23/2003 (22),Oregon,2024.0,"Rd 2, Pk 44",LV,Asian,C,OL
Las Vegas Raiders,RB,1,Ashton Jeanty,s:20~l:28~a:4890973,https://www.espn.com/nfl/player/_/id/4890973/ashton-jeanty,Black,10000.00%,68.0,211.0,12/2/2003 (21),Boise St,2025.0,"Rd 1, Pk 6",LV,Black,RB,RB
Las Vegas Raiders,LT,3,Gottlieb Ayedze,s:20~l:28~a:5145719,https://www.espn.com/nfl/player/_/id/5145719/gottlieb-ayedze,Black,9891.47%,76.0,309.0,4/10/2000 (25),Maryland,,,,Black,LT,OL
Las Vegas Raiders,RDT,4,Laki Tasi,s:20~l:28~a:5278710,https://www.espn.com/nfl/player/_/id/5278710/laki-tasi,N/A (Scrape Failed),0.00%,,,N/A (Bio Scrape Failed),N/A (Bio Scrape Failed),,,,N/A (Scrape Failed),RDT,DL
Los Angeles Chargers,SS,2,Tony Jefferson,s:20~l:28~a:16195,https://www.espn.com/nfl/player/_/id/16195/tony-jefferson,Black,10000.00%,71.0,212.0,1/27/1992 (33),Oklahoma,,,,Black,SS,DB
Los Angeles Chargers,QB,2,Taylor Heinicke,s:20~l:28~a:2565969,https://www.espn.com/nfl/player/_/id/2565969/taylor-heinicke,White,9863.85%,73.0,210.0,3/15/1993 (32),Old Dominion,,,,White,QB,QB
Los Angeles Chargers,WR,1,Mike Williams,s:20~l:28~a:3045138,https://www.espn.com/nfl/player/_/id/3045138/mike-williams,Black,10000.00%,76.0,218.0,10/4/1994 (30),Clemson,2017.0,"Rd 1, Pk 7",LAC,Black,WR,WR
Los Angeles Chargers,LG,1,Bradley Bozeman,s:20~l:28~a:3054842,https://www.espn.com/nfl/player/_/id/3054842/bradley-bozeman,White,9999.98%,77.0,325.0,11/24/1994 (30),Alabama,2018.0,"Rd 6, Pk 215",BAL,White,LG,OL
Los Angeles Chargers,LDE,1,Da'Shawn Hand,s:20~l:28~a:3126352,https://www.espn.com/nfl/player/_/id/3126352/dashawn-hand,Black,9999.57%,75.0,302.0,11/14/1995 (29),Alabama,2018.0,"Rd 4, Pk 114",DET,Black,LDE,DL
Los Angeles Chargers,TE,1,Will Dissly,s:20~l:28~a:3127292,https://www.espn.com/nfl/player/_/id/3127292/will-dissly,White,10000.00%,76.0,265.0,7/8/1996 (28),Washington,2018.0,"Rd 4, Pk 120",SEA,White,TE,TE
Los Angeles Chargers,SS,1,Derwin James Jr.,s:20~l:28~a:3691739,https://www.espn.com/nfl/player/_/id/3691739/derwin-james-jr,Black,10000.00%,74.0,215.0,8/3/1996 (28),FSU,2018.0,"Rd 1, Pk 17",LAC,Black,SS,DB
Los Angeles Chargers,TE,2,Tyler Conklin,s:20~l:28~a:3915486,https://www.espn.com/nfl/player/_/id/3915486/tyler-conklin,White,5704.97%,75.0,248.0,7/30/1995 (29),Cent Michigan,2018.0,"Rd 5, Pk 157",MIN,White,TE,TE
Los Angeles Chargers,C,2,Andre James,s:20~l:28~a:3932244,https://www.espn.com/nfl/player/_/id/3932244/andre-james,White,7913.94%,76.0,300.0,5/2/1997 (28),UCLA,,,,White,C,OL
Los Angeles Chargers,WR,4,Dez Fitzpatrick,s:20~l:28~a:4036026,https://www.espn.com/nfl/player/_/id/4036026/dez-fitzpatrick,Black,9999.97%,74.0,208.0,12/17/1997 (27),Louisville,2021.0,"Rd 4, Pk 109",TEN,Black,WR,WR
Los Angeles Chargers,QB,1,Justin Herbert,s:20~l:28~a:4038941,https://www.espn.com/nfl/player/_/id/4038941/justin-herbert,White,6593.00%,78.0,236.0,3/10/1998 (27),Oregon,2020.0,"Rd 1, Pk 6",LAC,White,QB,QB
Los Angeles Chargers,FS,1,Alohi Gilman,s:20~l:28~a:4039413,https://www.espn.com/nfl/player/_/id/4039413/alohi-gilman,Latino Hispanic,3496.56%,70.0,201.0,9/17/1997 (27),Notre Dame,2020.0,"Rd 6, Pk 186",LAC,Latino,FS,DB
Los Angeles Chargers,RDE,2,Naquan Jones,s:20~l:28~a:4046716,https://www.espn.com/nfl/player/_/id/4046716/naquan-jones,Black,9999.90%,75.0,313.0,2/5/1998 (27),Michigan St,,,,Black,RDE,DL
Los Angeles Chargers,RG,1,Mekhi Becton,s:20~l:28~a:4240090,https://www.espn.com/nfl/player/_/id/4240090/mekhi-becton,Black,6755.86%,79.0,363.0,4/18/1999 (26),Louisville,2020.0,"Rd 1, Pk 11",NYJ,Black,RG,OL
Los Angeles Chargers,RB,1,Najee Harris,s:20~l:28~a:4241457,https://www.espn.com/nfl/player/_/id/4241457/najee-harris,Black,10000.00%,73.0,242.0,3/9/1998 (27),Alabama,2021.0,"Rd 1, Pk 24",PIT,Black,RB,RB
Los Angeles Chargers,WR,3,Jalen Reagor,s:20~l:28~a:4241802,https://www.espn.com/nfl/player/_/id/4241802/jalen-reagor,Black,10000.00%,71.0,197.0,1/1/1999 (26),TCU,2020.0,"Rd 1, Pk 21",PHI,Black,WR,WR
Los Angeles Chargers,LT,1,Rashawn Slater,s:20~l:28~a:4242283,https://www.espn.com/nfl/player/_/id/4242283/rashawn-slater,Latino Hispanic,5186.65%,76.0,315.0,3/26/1999 (26),Northwestern,2021.0,"Rd 1, Pk 13",LAC,Latino,LT,OL
Los Angeles Chargers,TE,4,Tucker Fisk,s:20~l:28~a:4242558,https://www.espn.com/nfl/player/_/id/4242558/tucker-fisk,White,8884.35%,76.0,285.0,1/19/1999 (26),Stanford,,,,White,TE,TE
Los Angeles Chargers,FS,2,Elijah Molden,s:20~l:28~a:4243328,https://www.espn.com/nfl/player/_/id/4243328/elijah-molden,White,6937.08%,70.0,192.0,1/30/1999 (26),Washington,2021.0,"Rd 3, Pk 100",TEN,White,FS,DB
Los Angeles Chargers,C,1,Zion Johnson,s:20~l:28~a:4247347,https://www.espn.com/nfl/player/_/id/4247347/zion-johnson,Black,10000.00%,75.0,316.0,11/18/1999 (25),Boston College,2022.0,"Rd 1, Pk 17",LAC,Black,C,OL
Los Angeles Chargers,FS,3,Kendall Williamson,s:20~l:28~a:4360745,https://www.espn.com/nfl/player/_/id/4360745/kendall-williamson,Black,10000.00%,72.0,203.0,8/24/2000 (24),Stanford,2023.0,"Rd 7, Pk 258",CHI,Black,FS,DB
Los Angeles Chargers,FS,4,Emany Johnson,s:20~l:28~a:4361437,https://www.espn.com/nfl/player/_/id/4361437/emany-johnson,Black,10000.00%,74.0,218.0,11/17/2000 (24),Nevada,,,,Black,FS,DB
Los Angeles Chargers,WR,2,Derius Davis,s:20~l:28~a:4362477,https://www.espn.com/nfl/player/_/id/4362477/derius-davis,Black,10000.00%,68.0,165.0,9/11/2000 (24),TCU,2023.0,"Rd 4, Pk 125",LAC,Black,WR,WR
Los Angeles Chargers,RDE,1,Otito Ogbonnia,s:20~l:28~a:4367210,https://www.espn.com/nfl/player/_/id/4367210/otito-ogbonnia,Black,10000.00%,76.0,320.0,8/25/2000 (24),UCLA,2022.0,"Rd 5, Pk 160",LAC,Black,RDE,DL
Los Angeles Chargers,RB,3,Hassan Haskins,s:20~l:28~a:4372071,https://www.espn.com/nfl/player/_/id/4372071/hassan-haskins,Black,10000.00%,74.0,228.0,11/26/1999 (25),Michigan,2022.0,"Rd 4, Pk 131",TEN,Black,RB,RB
Los Angeles Chargers,FB,1,Scott Matlock,s:20~l:28~a:4373684,https://www.espn.com/nfl/player/_/id/4373684/scott-matlock,White,10000.00%,76.0,296.0,6/28/2000 (24),Boise St,2023.0,"Rd 6, Pk 200",LAC,White,FB,RB
Los Angeles Chargers,NT,1,Teair Tart,s:20~l:28~a:4374269,https://www.espn.com/nfl/player/_/id/4374269/teair-tart,White,7867.56%,74.0,315.0,2/28/1997 (28),Florida Intl,,,,White,NT,DL
Los Angeles Chargers,WR,3,Jaylen Johnson,s:20~l:28~a:4379405,https://www.espn.com/nfl/player/_/id/4379405/jaylen-johnson,Black,9311.43%,74.0,194.0,5/26/2000 (25),East Carolina,,,,Black,WR,WR
Los Angeles Chargers,RG,2,Jamaree Salyer,s:20~l:28~a:4379412,https://www.espn.com/nfl/player/_/id/4379412/jamaree-salyer,Black,10000.00%,76.0,325.0,7/13/2000 (24),Georgia,2022.0,"Rd 6, Pk 195",LAC,Black,RG,OL
Los Angeles Chargers,QB,3,Trey Lance,s:20~l:28~a:4383351,https://www.espn.com/nfl/player/_/id/4383351/trey-lance,Asian,2513.95%,76.0,226.0,5/9/2000 (25),N Dakota St,2021.0,"Rd 1, Pk 3",SF,Asian,QB,QB
Los Angeles Chargers,RT,2,Trey Pipkins III,s:20~l:28~a:4411189,https://www.espn.com/nfl/player/_/id/4411189/trey-pipkins-iii,Black,9998.60%,78.0,307.0,9/5/1996 (28),Siouxfalls,2019.0,"Rd 3, Pk 91",LAC,Black,RT,OL
Los Angeles Chargers,LG,2,Karsen Barnhart,s:20~l:28~a:4426638,https://www.espn.com/nfl/player/_/id/4426638/karsen-barnhart,White,9966.21%,77.0,316.0,3/2/2001 (24),Michigan,,,,White,LG,OL
Los Angeles Chargers,RT,4,Elijah Ellis,s:20~l:28~a:4427142,https://www.espn.com/nfl/player/_/id/4427142/elijah-ellis,Black,10000.00%,76.0,336.0,,Marshall,,,,Black,RT,OL
Los Angeles Chargers,RDE,3,Josh Fuga,s:20~l:28~a:4427234,https://www.espn.com/nfl/player/_/id/4427234/josh-fuga,Asian,5209.45%,74.0,313.0,,Virginia Tech,,,,Asian,RDE,DL
Los Angeles Chargers,SS,3,R.J. Mickens,s:20~l:28~a:4429018,https://www.espn.com/nfl/player/_/id/4429018/rj-mickens,Black,9993.01%,72.0,210.0,7/10/2001 (23),Clemson,2025.0,"Rd 6, Pk 214",LAC,Black,SS,DB
Los Angeles Chargers,QB,4,DJ Uiagalelei,s:20~l:28~a:4429020,https://www.espn.com/nfl/player/_/id/4429020/dj-uiagalelei,Latino Hispanic,3120.44%,76.0,252.0,4/17/2001 (24),Florida St,,,,Latino,QB,QB
Los Angeles Chargers,WR,2,Quentin Johnston,s:20~l:28~a:4429025,https://www.espn.com/nfl/player/_/id/4429025/quentin-johnston,Black,10000.00%,74.0,208.0,9/6/2001 (23),TCU,2023.0,"Rd 1, Pk 21",LAC,Black,WR,WR
Los Angeles Chargers,C,3,Josh Kaltenberger,s:20~l:28~a:4430114,https://www.espn.com/nfl/player/_/id/4430114/josh-kaltenberger,White,9629.80%,78.0,308.0,,Maryland,,,,White,C,OL
Los Angeles Chargers,WR,2,KeAndre Lambert-Smith,s:20~l:28~a:4430870,https://www.espn.com/nfl/player/_/id/4430870/keandre-lambert-smith,Black,10000.00%,73.0,182.0,7/29/2002 (22),Auburn,2025.0,"Rd 5, Pk 158",LAC,Black,WR,WR
Los Angeles Chargers,RB,4,Kimani Vidal,s:20~l:28~a:4430968,https://www.espn.com/nfl/player/_/id/4430968/kimani-vidal,Black,10000.00%,68.0,215.0,8/28/2001 (23),Troy,2024.0,"Rd 6, Pk 181",LAC,Black,RB,RB
Los Angeles Chargers,NT,3,TeRah Edwards,s:20~l:28~a:4431077,https://www.espn.com/nfl/player/_/id/4431077/terah-edwards,Black,10000.00%,74.0,305.0,,Illinois,,,,Black,NT,DL
Los Angeles Chargers,WR,4,Luke Grimm,s:20~l:28~a:4433830,https://www.espn.com/nfl/player/_/id/4433830/luke-grimm,White,9929.02%,72.0,190.0,8/8/2001 (23),Iowa State,,,,White,WR,WR
Los Angeles Chargers,LT,2,Branson Taylor,s:20~l:28~a:4433914,https://www.espn.com/nfl/player/_/id/4433914/branson-taylor,Latino Hispanic,3233.00%,78.0,330.0,2/13/2002 (23),Pitt,2025.0,"Rd 6, Pk 199",LAC,Latino,LT,OL
Los Angeles Chargers,RT,3,Savion Washington,s:20~l:28~a:4565320,https://www.espn.com/nfl/player/_/id/4565320/savion-washington,Black,3772.76%,81.0,340.0,,Syracuse,,,,Black,RT,OL
Los Angeles Chargers,LDE,2,Justin Eboigbe,s:20~l:28~a:4567138,https://www.espn.com/nfl/player/_/id/4567138/justin-eboigbe,Black,10000.00%,77.0,292.0,4/9/2001 (24),Alabama,2024.0,"Rd 4, Pk 105",LAC,Black,LDE,DL
Los Angeles Chargers,WR,4,Dalevon Campbell,s:20~l:28~a:4569372,https://www.espn.com/nfl/player/_/id/4569372/dalevon-campbell,Black,10000.00%,76.0,220.0,,South Carolina,,,,Black,WR,WR
Los Angeles Chargers,TE,3,Oronde Gadsden II,s:20~l:28~a:4595342,https://www.espn.com/nfl/player/_/id/4595342/oronde-gadsden-ii,Black,9550.63%,77.0,236.0,6/25/2003 (21),Syracuse,2025.0,"Rd 5, Pk 165",LAC,Black,TE,TE
Los Angeles Chargers,LT,3,Corey Stewart,s:20~l:28~a:4606672,https://www.espn.com/nfl/player/_/id/4606672/corey-stewart,Black,10000.00%,78.0,318.0,,Purdue,,,,Black,LT,OL
Los Angeles Chargers,WR,1,Ladd McConkey,s:20~l:28~a:4612826,https://www.espn.com/nfl/player/_/id/4612826/ladd-mcconkey,White,9977.20%,72.0,185.0,11/11/2001 (23),Georgia,2024.0,"Rd 2, Pk 34",LAC,White,WR,WR
Los Angeles Chargers,SS,4,Jaylen Jones,s:20~l:28~a:4683330,https://www.espn.com/nfl/player/_/id/4683330/jaylen-jones,Black,10000.00%,73.0,203.0,,Virginia Tech,,,,Black,SS,DB
Los Angeles Chargers,RT,1,Joe Alt,s:20~l:28~a:4683487,https://www.espn.com/nfl/player/_/id/4683487/joe-alt,White,8572.49%,80.0,322.0,2/28/2003 (22),Notre Dame,2024.0,"Rd 1, Pk 5",LAC,White,RT,OL
Los Angeles Chargers,RB,2,Omarion Hampton,s:20~l:28~a:4685382,https://www.espn.com/nfl/player/_/id/4685382/omarion-hampton,White,8535.41%,72.0,220.0,3/16/2003 (22),North Carolina,2025.0,"Rd 1, Pk 22",LAC,White,RB,RB
Los Angeles Chargers,WR,1,Tre Harris,s:20~l:28~a:4686612,https://www.espn.com/nfl/player/_/id/4686612/tre-harris,Black,9999.99%,75.0,210.0,2/28/2002 (23),Ole Miss,2025.0,"Rd 2, Pk 55",LAC,Black,WR,WR
Los Angeles Chargers,WR,3,Brenden Rice,s:20~l:28~a:4686781,https://www.espn.com/nfl/player/_/id/4686781/brenden-rice,Black,9997.43%,75.0,210.0,3/18/2002 (23),USC,2024.0,"Rd 7, Pk 225",LAC,Black,WR,WR
Los Angeles Chargers,LG,3,Nash Jones,s:20~l:28~a:4688371,https://www.espn.com/nfl/player/_/id/4688371/nash-jones,Black,9990.75%,77.0,320.0,,Texas St,,,,Black,LG,OL
Los Angeles Chargers,NT,2,Jamaree Caldwell,s:20~l:28~a:5089178,https://www.espn.com/nfl/player/_/id/5089178/jamaree-caldwell,Black,9880.18%,73.0,340.0,8/30/2000 (24),Oregon,2025.0,"Rd 3, Pk 86",LAC,Black,NT,DL
Los Angeles Rams,QB,1,Matthew Stafford,s:20~l:28~a:12483,https://www.espn.com/nfl/player/_/id/12483/matthew-stafford,White,9924.30%,75.0,214.0,2/7/1988 (37),Georgia,2009.0,"Rd 1, Pk 1",DET,White,QB,QB
Los Angeles Rams,QB,2,Jimmy Garoppolo,s:20~l:28~a:16760,https://www.espn.com/nfl/player/_/id/16760/jimmy-garoppolo,Middle Eastern,4072.26%,74.0,225.0,11/2/1991 (33),E Illinois,2014.0,"Rd 2, Pk 62",NE,Middle Eastern,QB,QB
Los Angeles Rams,WR,1,Davante Adams,s:20~l:28~a:16800,https://www.espn.com/nfl/player/_/id/16800/davante-adams,Black,8254.21%,73.0,215.0,12/24/1992 (32),Fresno State,2014.0,"Rd 2, Pk 53",GB,Black,WR,WR
Los Angeles Rams,RT,1,Rob Havenstein,s:20~l:28~a:2515613,https://www.espn.com/nfl/player/_/id/2515613/rob-havenstein,White,6892.76%,80.0,323.0,5/13/1992 (33),Wisconsin,2015.0,"Rd 2, Pk 57",STL,White,RT,OL
Los Angeles Rams,TE,1,Tyler Higbee,s:20~l:28~a:2573401,https://www.espn.com/nfl/player/_/id/2573401/tyler-higbee,White,7478.53%,78.0,255.0,1/1/1993 (32),W Kentucky,2016.0,"Rd 4, Pk 110",LAR,White,TE,TE
Los Angeles Rams,LT,2,D.J. Humphries,s:20~l:28~a:2971048,https://www.espn.com/nfl/player/_/id/2971048/dj-humphries,Black,8703.40%,77.0,307.0,12/28/1993 (31),Florida,2015.0,"Rd 1, Pk 24",ARI,Black,LT,OL
Los Angeles Rams,C,1,Coleman Shelton,s:20~l:28~a:3052180,https://www.espn.com/nfl/player/_/id/3052180/coleman-shelton,White,10000.00%,77.0,285.0,7/28/1995 (29),Washington,,,,White,C,OL
Los Angeles Rams,NT,1,Poona Ford,s:20~l:28~a:3125114,https://www.espn.com/nfl/player/_/id/3125114/poona-ford,Black,9999.99%,71.0,310.0,11/19/1995 (29),Texas,,,,Black,NT,DL
Los Angeles Rams,RG,1,Kevin Dotson,s:20~l:28~a:3917599,https://www.espn.com/nfl/player/_/id/3917599/kevin-dotson,Black,10000.00%,76.0,330.0,9/18/1996 (28),Louisiana,2020.0,"Rd 4, Pk 135",PIT,Black,RG,OL
Los Angeles Rams,WR,3,Britain Covey,s:20~l:28~a:3926231,https://www.espn.com/nfl/player/_/id/3926231/britain-covey,White,7140.73%,68.0,173.0,3/18/1997 (28),Utah,,,,White,WR,WR
Los Angeles Rams,WR,3,Quintez Cephus,s:20~l:28~a:4035793,https://www.espn.com/nfl/player/_/id/4035793/quintez-cephus,Black,10000.00%,73.0,208.0,4/1/1998 (27),Wisconsin,2020.0,"Rd 5, Pk 166",DET,Black,WR,WR
Los Angeles Rams,LT,1,Alaric Jackson,s:20~l:28~a:4036135,https://www.espn.com/nfl/player/_/id/4036135/alaric-jackson,Black,9999.88%,79.0,345.0,7/14/1998 (26),Iowa,,,,Black,LT,OL
Los Angeles Rams,RDE,3,Jack Heflin,s:20~l:28~a:4039485,https://www.espn.com/nfl/player/_/id/4039485/jack-heflin,White,4326.19%,75.0,304.0,3/8/1998 (27),Iowa,,,,White,RDE,DL
Los Angeles Rams,LT,3,AJ Arcuri,s:20~l:28~a:4046707,https://www.espn.com/nfl/player/_/id/4046707/aj-arcuri,White,4631.93%,79.0,308.0,8/13/1997 (27),Michigan State,2022.0,"Rd 7, Pk 261",LAR,White,LT,OL
Los Angeles Rams,LDE,3,Larrell Murchison,s:20~l:28~a:4240123,https://www.espn.com/nfl/player/_/id/4240123/larrell-murchison,Black,10000.00%,74.0,285.0,4/24/1997 (28),NC State,2020.0,"Rd 5, Pk 174",TEN,Black,LDE,DL
Los Angeles Rams,SS,1,Kamren Curl,s:20~l:28~a:4242154,https://www.espn.com/nfl/player/_/id/4242154/kamren-curl,Black,10000.00%,74.0,205.0,3/31/1999 (26),Arkansas,2020.0,"Rd 7, Pk 216",WSH,Black,SS,DB
Los Angeles Rams,TE,3,Colby Parkinson,s:20~l:28~a:4242557,https://www.espn.com/nfl/player/_/id/4242557/colby-parkinson,White,9981.06%,79.0,265.0,1/8/1999 (26),Stanford,2020.0,"Rd 4, Pk 133",SEA,White,TE,TE
Los Angeles Rams,RB,4,Ronnie Rivers,s:20~l:28~a:4243003,https://www.espn.com/nfl/player/_/id/4243003/ronnie-rivers,Black,5337.86%,69.0,192.0,1/31/1999 (26),Fresno St,,,,Black,RB,RB
Los Angeles Rams,RDE,1,Kobie Turner,s:20~l:28~a:4250621,https://www.espn.com/nfl/player/_/id/4250621/kobie-turner,Black,10000.00%,74.0,297.0,4/26/1999 (26),Wake Forest,2023.0,"Rd 3, Pk 89",LAR,Black,RDE,DL
Los Angeles Rams,QB,3,Stetson Bennett,s:20~l:28~a:4259553,https://www.espn.com/nfl/player/_/id/4259553/stetson-bennett,White,9992.96%,71.0,190.0,10/28/1997 (27),Georgia,2023.0,"Rd 4, Pk 128",LAR,White,QB,QB
Los Angeles Rams,WR,4,Drake Stoops,s:20~l:28~a:4360282,https://www.espn.com/nfl/player/_/id/4360282/drake-stoops,White,10000.00%,70.0,189.0,6/16/1999 (26),Oklahoma,,,,White,WR,WR
Los Angeles Rams,WR,1,Tutu Atwell,s:20~l:28~a:4360797,https://www.espn.com/nfl/player/_/id/4360797/tutu-atwell,Black,10000.00%,69.0,165.0,10/7/1999 (25),Louisville,2021.0,"Rd 2, Pk 57",LAR,Black,WR,WR
Los Angeles Rams,LG,2,Justin Dedich,s:20~l:28~a:4360859,https://www.espn.com/nfl/player/_/id/4360859/justin-dedich,White,9431.17%,74.0,300.0,4/21/2000 (25),USC,,,,White,LG,OL
Los Angeles Rams,FS,2,Tanner Ingle,s:20~l:28~a:4361651,https://www.espn.com/nfl/player/_/id/4361651/tanner-ingle,Middle Eastern,4482.31%,68.0,195.0,10/29/1999 (25),NC State,,,,Middle Eastern,FS,DB
Los Angeles Rams,LDE,1,Braden Fiske,s:20~l:28~a:4362245,https://www.espn.com/nfl/player/_/id/4362245/braden-fiske,White,5372.41%,76.0,291.0,1/18/2000 (25),Florida St,2024.0,"Rd 2, Pk 39",LAR,White,LDE,DL
Los Angeles Rams,LDE,2,Desjuan Johnson,s:20~l:28~a:4362294,https://www.espn.com/nfl/player/_/id/4362294/desjuan-johnson,Black,10000.00%,75.0,280.0,9/2/1999 (25),Toledo,2023.0,"Rd 7, Pk 259",LAR,Black,LDE,DL
Los Angeles Rams,LG,1,Steve Avila,s:20~l:28~a:4362474,https://www.espn.com/nfl/player/_/id/4362474/steve-avila,Black,6786.17%,75.0,338.0,10/16/1999 (25),TCU,2023.0,"Rd 2, Pk 36",LAR,Black,LG,OL
Los Angeles Rams,LT,4,KT Leveston,s:20~l:28~a:4373079,https://www.espn.com/nfl/player/_/id/4373079/kt-leveston,Black,9999.71%,76.0,336.0,10/28/1999 (25),Kansas St,2024.0,"Rd 7, Pk 254",LAR,Black,LT,OL
Los Angeles Rams,LG,3,Wyatt Bowles,s:20~l:28~a:4374196,https://www.espn.com/nfl/player/_/id/4374196/wyatt-bowles,White,7832.44%,77.0,300.0,,Utah State,,,,White,LG,OL
Los Angeles Rams,WR,2,Xavier Smith,s:20~l:28~a:4386544,https://www.espn.com/nfl/player/_/id/4386544/xavier-smith,Black,10000.00%,69.0,176.0,9/21/1997 (27),Florida A&M,,,,Black,WR,WR
Los Angeles Rams,NT,3,Bill Norton,s:20~l:28~a:4426401,https://www.espn.com/nfl/player/_/id/4426401/bill-norton,White,3787.98%,78.0,335.0,,Texas,,,,White,NT,DL
Los Angeles Rams,RT,2,Warren McClendon Jr.,s:20~l:28~a:4426512,https://www.espn.com/nfl/player/_/id/4426512/warren-mcclendon-jr,Black,10000.00%,76.0,317.0,4/11/2001 (24),Georgia,2023.0,"Rd 5, Pk 174",LAR,Black,RT,OL
Los Angeles Rams,WR,1,Puka Nacua,s:20~l:28~a:4426515,https://www.espn.com/nfl/player/_/id/4426515/puka-nacua,Latino Hispanic,3816.74%,74.0,212.0,5/29/2001 (24),BYU,2023.0,"Rd 5, Pk 177",LAR,Latino,WR,WR
Los Angeles Rams,TE,4,Davis Allen,s:20~l:28~a:4426553,https://www.espn.com/nfl/player/_/id/4426553/davis-allen,White,9581.46%,78.0,251.0,2/3/2001 (24),Clemson,2023.0,"Rd 5, Pk 175",LAR,White,TE,TE
Los Angeles Rams,SS,2,Jaylen McCollough,s:20~l:28~a:4427120,https://www.espn.com/nfl/player/_/id/4427120/jaylen-mccollough,Black,9972.92%,72.0,202.0,10/12/2000 (24),Tennessee,,,,Black,SS,DB
Los Angeles Rams,NT,4,Da'Jon Terry,s:20~l:28~a:4428637,https://www.espn.com/nfl/player/_/id/4428637/dajon-terry,Black,10000.00%,75.0,330.0,10/20/2000 (24),Oklahoma,,,,Black,NT,DL
Los Angeles Rams,RB,2,Blake Corum,s:20~l:28~a:4429096,https://www.espn.com/nfl/player/_/id/4429096/blake-corum,Latino Hispanic,3027.52%,68.0,210.0,11/25/2000 (24),Michigan,2024.0,"Rd 3, Pk 83",LAR,Latino,RB,RB
Los Angeles Rams,LG,4,Ben Dooley,s:20~l:28~a:4429538,https://www.espn.com/nfl/player/_/id/4429538/ben-dooley,White,9533.70%,77.0,320.0,,Boise St,,,,White,LG,OL
Los Angeles Rams,C,3,Dylan McMahon,s:20~l:28~a:4430155,https://www.espn.com/nfl/player/_/id/4430155/dylan-mcmahon,White,9340.04%,75.0,298.0,1/22/2001 (24),NC State,2024.0,"Rd 6, Pk 190",PHI,White,C,OL
Los Angeles Rams,RB,1,Kyren Williams,s:20~l:28~a:4430737,https://www.espn.com/nfl/player/_/id/4430737/kyren-williams,Black,4826.64%,69.0,202.0,8/26/2000 (24),Notre Dame,2022.0,"Rd 5, Pk 164",LAR,Black,RB,RB
Los Angeles Rams,RT,3,Trey Wedig,s:20~l:28~a:4430812,https://www.espn.com/nfl/player/_/id/4430812/trey-wedig,White,10000.00%,78.0,310.0,,Indiana,,,,White,RT,OL
Los Angeles Rams,RDE,2,Ty Hamilton,s:20~l:28~a:4431118,https://www.espn.com/nfl/player/_/id/4431118/ty-hamilton,Black,4185.71%,74.0,299.0,4/15/2002 (23),Ohio State,2025.0,"Rd 5, Pk 148",LAR,Black,RDE,DL
Los Angeles Rams,WR,4,Brennan Presley,s:20~l:28~a:4431342,https://www.espn.com/nfl/player/_/id/4431342/brennan-presley,Black,10000.00%,68.0,174.0,,Oklahoma St,,,,Black,WR,WR
Los Angeles Rams,WR,4,Mario Williams,s:20~l:28~a:4431618,https://www.espn.com/nfl/player/_/id/4431618/mario-williams,Black,10000.00%,69.0,178.0,,Tulane,,,,Black,WR,WR
Los Angeles Rams,C,2,Beaux Limmer,s:20~l:28~a:4567175,https://www.espn.com/nfl/player/_/id/4567175/beaux-limmer,White,8628.58%,77.0,312.0,6/10/2001 (24),Arkansas,2024.0,"Rd 6, Pk 217",LAR,White,C,OL
Los Angeles Rams,NT,2,Tyler Davis,s:20~l:28~a:4568217,https://www.espn.com/nfl/player/_/id/4568217/tyler-davis,Black,9969.92%,74.0,300.0,11/1/2000 (24),Clemson,2024.0,"Rd 6, Pk 196",LAR,Black,NT,DL
Los Angeles Rams,SS,3,Malik Dixon-Williams,s:20~l:28~a:4569006,https://www.espn.com/nfl/player/_/id/4569006/malik-dixon-williams,White,9658.46%,73.0,200.0,,UConn,,,,White,SS,DB
Los Angeles Rams,WR,2,Jordan Whittington,s:20~l:28~a:4569382,https://www.espn.com/nfl/player/_/id/4569382/jordan-whittington,Latino Hispanic,3431.22%,73.0,202.0,10/1/2000 (24),Texas,2024.0,"Rd 6, Pk 213",LAR,Latino,WR,WR
Los Angeles Rams,TE,2,Terrance Ferguson,s:20~l:28~a:4570037,https://www.espn.com/nfl/player/_/id/4570037/terrance-ferguson,White,6995.02%,77.0,247.0,3/7/2003 (22),Oregon,2025.0,"Rd 2, Pk 46",LAR,White,TE,TE
Los Angeles Rams,C,4,Willie Lampkin,s:20~l:28~a:4582836,https://www.espn.com/nfl/player/_/id/4582836/willie-lampkin,Black,9760.63%,71.0,290.0,,North Carolina,,,,Black,C,OL
Los Angeles Rams,FS,1,Kamren Kinchens,s:20~l:28~a:4596363,https://www.espn.com/nfl/player/_/id/4596363/kamren-kinchens,Black,10000.00%,71.0,207.0,9/29/2002 (22),Miami,2024.0,"Rd 3, Pk 99",LAR,Black,FS,DB
Los Angeles Rams,RDE,4,Decarius Hawthorne,s:20~l:28~a:4605861,https://www.espn.com/nfl/player/_/id/4605861/decarius-hawthorne,Black,9761.13%,74.0,290.0,,South Florida,,,,Black,RDE,DL
Los Angeles Rams,FS,3,Nate Valcarcel,s:20~l:28~a:4695781,https://www.espn.com/nfl/player/_/id/4695781/nate-valcarcel,Asian,6158.39%,73.0,192.0,,N Illinois,,,,Asian,FS,DB
Los Angeles Rams,RB,3,Jarquez Hunter,s:20~l:28~a:4710341,https://www.espn.com/nfl/player/_/id/4710341/jarquez-hunter,Black,9998.89%,69.0,204.0,12/29/2002 (22),Auburn,2025.0,"Rd 4, Pk 117",LAR,Black,RB,RB
Los Angeles Rams,WR,2,Konata Mumpfield,s:20~l:28~a:4710855,https://www.espn.com/nfl/player/_/id/4710855/konata-mumpfield,Black,10000.00%,71.0,186.0,10/24/2002 (22),Pitt,2025.0,"Rd 7, Pk 242",LAR,Black,WR,WR
Los Angeles Rams,WR,3,Tru Edwards,s:20~l:28~a:4875786,https://www.espn.com/nfl/player/_/id/4875786/tru-edwards,Black,10000.00%,75.0,201.0,6/9/2001 (24),Louisiana Tech,,,,Black,WR,WR
Miami Dolphins,NT,2,Jordan Phillips,s:20~l:28~a:2577466,https://www.espn.com/nfl/player/_/id/2577466/jordan-phillips,Black,10000.00%,,,9/21/1992,Oklahoma,2015.0,"Rd 2, Pk 52",MIA,Black,NT,DL
Miami Dolphins,TE,3,Pharaoh Brown,s:20~l:28~a:2971281,https://www.espn.com/nfl/player/_/id/2971281/pharaoh-brown,Black,10000.00%,77.0,246.0,5/4/1994 (31),Oregon,,,,Black,TE,TE
Miami Dolphins,TE,1,Jonnu Smith,s:20~l:28~a:3054212,https://www.espn.com/nfl/player/_/id/3054212/jonnu-smith,Black,10000.00%,75.0,248.0,8/22/1995 (29),FIU,2017.0,"Rd 3, Pk 100",TEN,Black,TE,TE
Miami Dolphins,RDE,1,Zach Sieler,s:20~l:28~a:3057956,https://www.espn.com/nfl/player/_/id/3057956/zach-sieler,White,7736.39%,78.0,300.0,9/7/1995 (29),Ferris St,2018.0,"Rd 7, Pk 238",BAL,White,RDE,DL
Miami Dolphins,WR,1,Tyreek Hill,s:20~l:28~a:3116406,https://www.espn.com/nfl/player/_/id/3116406/tyreek-hill,Black,10000.00%,70.0,191.0,3/1/1994 (31),West Alabama,2016.0,"Rd 5, Pk 165",KC,Black,WR,WR
Miami Dolphins,LDE,2,Matt Dickerson,s:20~l:28~a:3134316,https://www.espn.com/nfl/player/_/id/3134316/matt-dickerson,Latino Hispanic,3921.08%,77.0,292.0,11/9/1995 (29),UCLA,,,,Latino,LDE,DL
Miami Dolphins,FS,1,Ashtyn Davis,s:20~l:28~a:3858271,https://www.espn.com/nfl/player/_/id/3858271/ashtyn-davis,Indian,2878.37%,73.0,202.0,10/10/1996 (28),California,2020.0,"Rd 3, Pk 68",NYJ,Asian,FS,DB
Miami Dolphins,LG,1,James Daniels,s:20~l:28~a:3894849,https://www.espn.com/nfl/player/_/id/3894849/james-daniels,Black,10000.00%,76.0,327.0,9/13/1997 (27),Iowa,2018.0,"Rd 2, Pk 39",CHI,Black,LG,OL
Miami Dolphins,FB,1,Alec Ingold,s:20~l:28~a:3917668,https://www.espn.com/nfl/player/_/id/3917668/alec-ingold,White,9157.52%,73.0,232.0,7/9/1996 (28),Wisconsin,,,,White,FB,RB
Miami Dolphins,WR,1,Nick Westbrook-Ikhine,s:20~l:28~a:3929785,https://www.espn.com/nfl/player/_/id/3929785/nick-westbrook-ikhine,Black,7053.22%,74.0,211.0,3/21/1997 (28),Indiana,,,,Black,WR,WR
Miami Dolphins,FS,2,Elijah Campbell,s:20~l:28~a:3932901,https://www.espn.com/nfl/player/_/id/3932901/elijah-campbell,Latino Hispanic,3224.58%,71.0,200.0,8/24/1995 (29),Northern Iowa,,,,Latino,FS,DB
Miami Dolphins,RDE,2,Ben Stille,s:20~l:28~a:4034861,https://www.espn.com/nfl/player/_/id/4034861/ben-stille,White,3695.52%,76.0,296.0,11/12/1997 (27),Nebraska,,,,White,RDE,DL
Miami Dolphins,NT,1,Benito Jones,s:20~l:28~a:4035299,https://www.espn.com/nfl/player/_/id/4035299/benito-jones,White,9605.67%,73.0,335.0,11/27/1997 (27),Ole Miss,,,,White,NT,DL
Miami Dolphins,C,1,Aaron Brewer,s:20~l:28~a:4040537,https://www.espn.com/nfl/player/_/id/4040537/aaron-brewer,White,9130.06%,73.0,295.0,10/28/1997 (27),Texas St,,,,White,C,OL
Miami Dolphins,WR,2,Dee Eskridge,s:20~l:28~a:4043016,https://www.espn.com/nfl/player/_/id/4043016/dee-eskridge,Black,9999.98%,69.0,190.0,3/23/1997 (28),W Michigan,2021.0,"Rd 2, Pk 56",SEA,Black,WR,WR
Miami Dolphins,RG,2,Liam Eichenberg,s:20~l:28~a:4046694,https://www.espn.com/nfl/player/_/id/4046694/liam-eichenberg,White,8768.50%,78.0,302.0,1/19/1998 (27),Notre Dame,2021.0,"Rd 2, Pk 42",MIA,White,RG,OL
Miami Dolphins,TE,4,Tanner Conner,s:20~l:28~a:4047422,https://www.espn.com/nfl/player/_/id/4047422/tanner-conner,White,9936.52%,75.0,232.0,3/20/1998 (27),Idaho St,,,,White,TE,TE
Miami Dolphins,RB,3,Alexander Mattison,s:20~l:28~a:4048244,https://www.espn.com/nfl/player/_/id/4048244/alexander-mattison,Black,10000.00%,71.0,220.0,6/19/1998 (27),Boise State,2019.0,"Rd 3, Pk 102",MIN,Black,RB,RB
Miami Dolphins,LT,3,Kion Smith,s:20~l:28~a:4058521,https://www.espn.com/nfl/player/_/id/4058521/kion-smith,Black,10000.00%,77.0,300.0,10/7/1998 (26),Fayetvl St,,,,Black,LT,OL
Miami Dolphins,SS,1,Ifeatu Melifonwu,s:20~l:28~a:4240401,https://www.espn.com/nfl/player/_/id/4240401/ifeatu-melifonwu,Black,10000.00%,75.0,210.0,5/2/1999 (26),Syracuse,2021.0,"Rd 3, Pk 101",DET,Black,SS,DB
Miami Dolphins,RT,2,Larry Borom,s:20~l:28~a:4241217,https://www.espn.com/nfl/player/_/id/4241217/larry-borom,Latino Hispanic,3111.30%,77.0,333.0,3/30/1999 (26),Missouri,2021.0,"Rd 5, Pk 151",CHI,Latino,RT,OL
Miami Dolphins,QB,1,Tua Tagovailoa,s:20~l:28~a:4241479,https://www.espn.com/nfl/player/_/id/4241479/tua-tagovailoa,Black,9997.56%,73.0,225.0,3/2/1998 (27),Alabama,2020.0,"Rd 1, Pk 5",MIA,Black,QB,QB
Miami Dolphins,LDE,3,Matthew Butler,s:20~l:28~a:4242457,https://www.espn.com/nfl/player/_/id/4242457/matthew-butler,Black,10000.00%,75.0,290.0,6/10/1999 (26),Tennessee,2022.0,"Rd 5, Pk 175",LV,Black,LDE,DL
Miami Dolphins,WR,3,Tarik Black,s:20~l:28~a:4258170,https://www.espn.com/nfl/player/_/id/4258170/tarik-black,Black,10000.00%,75.0,213.0,2/10/1998 (27),Texas,,,,Black,WR,WR
Miami Dolphins,RT,1,Austin Jackson,s:20~l:28~a:4271632,https://www.espn.com/nfl/player/_/id/4271632/austin-jackson,Black,10000.00%,77.0,315.0,8/11/1999 (25),USC,2020.0,"Rd 1, Pk 18",MIA,Black,RT,OL
Miami Dolphins,LG,2,Jackson Carman,s:20~l:28~a:4360320,https://www.espn.com/nfl/player/_/id/4360320/jackson-carman,White,8354.63%,77.0,322.0,1/22/2000 (25),Clemson,2021.0,"Rd 2, Pk 46",CIN,White,LG,OL
Miami Dolphins,RT,3,Braeden Daniels,s:20~l:28~a:4361003,https://www.espn.com/nfl/player/_/id/4361003/braeden-daniels,Black,10000.00%,76.0,297.0,8/22/2000 (24),Utah,2023.0,"Rd 4, Pk 118",WSH,Black,RT,OL
Miami Dolphins,QB,2,Zach Wilson,s:20~l:28~a:4361259,https://www.espn.com/nfl/player/_/id/4361259/zach-wilson,White,9926.56%,74.0,214.0,8/3/1999 (25),BYU,2021.0,"Rd 1, Pk 2",NYJ,White,QB,QB
Miami Dolphins,C,2,Andrew Meyer,s:20~l:28~a:4362064,https://www.espn.com/nfl/player/_/id/4362064/andrew-meyer,White,9996.73%,75.0,295.0,1/14/2000 (25),UTEP,,,,White,C,OL
Miami Dolphins,WR,2,Erik Ezukanma,s:20~l:28~a:4362186,https://www.espn.com/nfl/player/_/id/4362186/erik-ezukanma,Black,10000.00%,74.0,206.0,1/25/2000 (25),Texas Tech,2022.0,"Rd 4, Pk 125",MIA,Black,WR,WR
Miami Dolphins,TE,2,Julian Hill,s:20~l:28~a:4365395,https://www.espn.com/nfl/player/_/id/4365395/julian-hill,Latino Hispanic,2587.36%,76.0,251.0,7/9/2000 (24),Campbell,,,,Latino,TE,TE
Miami Dolphins,FS,3,Jordan Colbert,s:20~l:28~a:4367504,https://www.espn.com/nfl/player/_/id/4367504/jordan-colbert,Black,9949.48%,74.0,214.0,3/18/2000 (25),Rhode Island,,,,Black,FS,DB
Miami Dolphins,WR,1,Jaylen Waddle,s:20~l:28~a:4372016,https://www.espn.com/nfl/player/_/id/4372016/jaylen-waddle,Black,9890.34%,70.0,185.0,11/25/1998 (26),Alabama,2021.0,"Rd 1, Pk 6",MIA,Black,WR,WR
Miami Dolphins,LT,2,Ryan Hayes,s:20~l:28~a:4372091,https://www.espn.com/nfl/player/_/id/4372091/ryan-hayes,White,7226.78%,78.0,303.0,2/28/2000 (25),Michigan,2023.0,"Rd 7, Pk 238",MIA,White,LT,OL
Miami Dolphins,WR,3,Theo Wease Jr.,s:20~l:28~a:4426535,https://www.espn.com/nfl/player/_/id/4426535/theo-wease-jr,Black,9986.36%,74.0,210.0,,Missouri,,,,Black,WR,WR
Miami Dolphins,QB,4,Brett Gabbert,s:20~l:28~a:4427243,https://www.espn.com/nfl/player/_/id/4427243/brett-gabbert,White,8041.93%,72.0,210.0,8/4/2000 (24),Miami OH,,,,White,QB,QB
Miami Dolphins,C,3,Addison West,s:20~l:28~a:4428823,https://www.espn.com/nfl/player/_/id/4428823/addison-west,White,7609.70%,75.0,305.0,,W Michigan,,,,White,C,OL
Miami Dolphins,RB,1,De'Von Achane,s:20~l:28~a:4429160,https://www.espn.com/nfl/player/_/id/4429160/devon-achane,Black,10000.00%,69.0,188.0,10/13/2001 (23),Texas A&M,2023.0,"Rd 3, Pk 84",MIA,Black,RB,RB
Miami Dolphins,SS,3,Patrick McMorris,s:20~l:28~a:4430158,https://www.espn.com/nfl/player/_/id/4430158/patrick-mcmorris,Black,7147.16%,72.0,206.0,10/18/2001 (23),California,2024.0,"Rd 6, Pk 198",MIA,Black,SS,DB
Miami Dolphins,RDE,3,Alex Huntley,s:20~l:28~a:4430877,https://www.espn.com/nfl/player/_/id/4430877/alex-huntley,Latino Hispanic,4365.55%,76.0,298.0,,South Carolina,,,,Latino,RDE,DL
Miami Dolphins,SS,2,Dante Trader Jr.,s:20~l:28~a:4431664,https://www.espn.com/nfl/player/_/id/4431664/dante-trader-jr,Black,9998.65%,70.0,196.0,2/13/2003 (22),Maryland,2025.0,"Rd 5, Pk 155",MIA,Black,SS,DB
Miami Dolphins,LG,3,Josh Priebe,s:20~l:28~a:4432503,https://www.espn.com/nfl/player/_/id/4432503/josh-priebe,White,9999.62%,77.0,306.0,,Michigan,,,,White,LG,OL
Miami Dolphins,LT,1,Patrick Paul,s:20~l:28~a:4567493,https://www.espn.com/nfl/player/_/id/4567493/patrick-paul,Black,10000.00%,79.0,332.0,11/1/2001 (23),Houston,2024.0,"Rd 2, Pk 55",MIA,Black,LT,OL
Miami Dolphins,WR,3,Tahj Washington,s:20~l:28~a:4567506,https://www.espn.com/nfl/player/_/id/4567506/tahj-washington,Black,10000.00%,70.0,174.0,5/16/2001 (24),USC,2024.0,"Rd 7, Pk 241",MIA,Black,WR,WR
Miami Dolphins,WR,2,Malik Washington,s:20~l:28~a:4569603,https://www.espn.com/nfl/player/_/id/4569603/malik-washington,Black,10000.00%,68.0,191.0,1/4/2001 (24),Virginia,2024.0,"Rd 6, Pk 184",MIA,Black,WR,WR
Miami Dolphins,LT,4,Tedi Kushi,s:20~l:28~a:4577950,https://www.espn.com/nfl/player/_/id/4577950/tedi-kushi,White,8913.30%,79.0,305.0,,W Michigan,,,,White,LT,OL
Miami Dolphins,RT,4,Bayron Matos,s:20~l:28~a:4612507,https://www.espn.com/nfl/player/_/id/4612507/bayron-matos,Black,9997.91%,79.0,334.0,12/8/2000 (24),South Florida,,,,Black,RT,OL
Miami Dolphins,RB,2,Jaylen Wright,s:20~l:28~a:4682745,https://www.espn.com/nfl/player/_/id/4682745/jaylen-wright,Black,10000.00%,70.0,210.0,4/1/2003 (22),Tennessee,2024.0,"Rd 4, Pk 120",MIA,Black,RB,RB
Miami Dolphins,NT,3,Zeek Biggers,s:20~l:28~a:4683276,https://www.espn.com/nfl/player/_/id/4683276/zeek-biggers,Asian,3417.34%,77.0,321.0,10/4/2003 (21),Georgia Tech,2025.0,"Rd 7, Pk 253",MIA,Asian,NT,DL
Miami Dolphins,WR,4,Monaray Baldwin,s:20~l:28~a:4708127,https://www.espn.com/nfl/player/_/id/4708127/monaray-baldwin,Latino Hispanic,3121.15%,69.0,172.0,,Baylor,,,,Latino,WR,WR
Miami Dolphins,RB,4,Ollie Gordon II,s:20~l:28~a:4711533,https://www.espn.com/nfl/player/_/id/4711533/ollie-gordon-ii,Black,9883.57%,73.0,226.0,1/15/2004 (21),Oklahoma St,2025.0,"Rd 6, Pk 179",MIA,Black,RB,RB
Miami Dolphins,RG,1,Jonah Savaiinaea,s:20~l:28~a:4819257,https://www.espn.com/nfl/player/_/id/4819257/jonah-savaiinaea,Asian,4104.22%,76.0,324.0,1/13/2004 (21),Arizona,2025.0,"Rd 2, Pk 37",MIA,Asian,RG,OL
Miami Dolphins,QB,3,Quinn Ewers,s:20~l:28~a:4889929,https://www.espn.com/nfl/player/_/id/4889929/quinn-ewers,White,9996.44%,74.0,214.0,3/15/2003 (22),Texas,2025.0,"Rd 7, Pk 231",MIA,White,QB,QB
Miami Dolphins,LDE,1,Kenneth Grant,s:20~l:28~a:4894654,https://www.espn.com/nfl/player/_/id/4894654/kenneth-grant,Black,10000.00%,75.0,331.0,10/27/2003 (21),Michigan,2025.0,"Rd 1, Pk 13",MIA,Black,LDE,DL
Miami Dolphins,WR,4,Andrew Armstrong,s:20~l:28~a:5093923,https://www.espn.com/nfl/player/_/id/5093923/andrew-armstrong,White,9455.95%,76.0,202.0,,Arkansas,,,,White,WR,WR
Minnesota Vikings,FS,1,Harrison Smith,s:20~l:28~a:14945,https://www.espn.com/nfl/player/_/id/14945/harrison-smith,White,7109.00%,74.0,211.0,2/2/1989 (36),Notre Dame,2012.0,"Rd 1, Pk 29",MIN,White,FS,DB
Minnesota Vikings,C,1,Ryan Kelly,s:20~l:28~a:2578475,https://www.espn.com/nfl/player/_/id/2578475/ryan-kelly,White,9999.68%,76.0,307.0,5/30/1993 (32),Alabama,2016.0,"Rd 1, Pk 18",IND,White,C,OL
Minnesota Vikings,RDE,1,Javon Hargrave,s:20~l:28~a:2983055,https://www.espn.com/nfl/player/_/id/2983055/javon-hargrave,Black,10000.00%,74.0,305.0,2/7/1993 (32),SC State,2016.0,"Rd 3, Pk 89",PIT,Black,RDE,DL
Minnesota Vikings,RB,1,Aaron Jones Sr.,s:20~l:28~a:3042519,https://www.espn.com/nfl/player/_/id/3042519/aaron-jones-sr,Black,10000.00%,70.0,208.0,12/2/1994 (30),UTEP,2017.0,"Rd 5, Pk 182",GB,Black,RB,RB
Minnesota Vikings,LDE,1,Jonathan Allen,s:20~l:28~a:3054840,https://www.espn.com/nfl/player/_/id/3054840/jonathan-allen,Black,9968.60%,75.0,300.0,1/16/1995 (30),Alabama,2017.0,"Rd 1, Pk 17",WSH,Black,LDE,DL
Minnesota Vikings,NT,1,Harrison Phillips,s:20~l:28~a:3117255,https://www.espn.com/nfl/player/_/id/3117255/harrison-phillips,White,3654.91%,75.0,307.0,1/25/1996 (29),Stanford,2018.0,"Rd 3, Pk 96",BUF,White,NT,DL
Minnesota Vikings,RT,1,Brian O'Neill,s:20~l:28~a:3123954,https://www.espn.com/nfl/player/_/id/3123954/brian-oneill,White,9309.82%,79.0,310.0,9/15/1995 (29),Pitt,2018.0,"Rd 2, Pk 62",MIN,White,RT,OL
Minnesota Vikings,QB,3,Brett Rypien,s:20~l:28~a:3722362,https://www.espn.com/nfl/player/_/id/3722362/brett-rypien,White,9666.08%,74.0,210.0,7/9/1996 (28),Boise State,,,,White,QB,QB
Minnesota Vikings,LT,2,Justin Skule,s:20~l:28~a:3915777,https://www.espn.com/nfl/player/_/id/3915777/justin-skule,White,9949.50%,78.0,315.0,11/23/1996 (28),Vanderbilt,2019.0,"Rd 6, Pk 183",SF,White,LT,OL
Minnesota Vikings,WR,3,Lucky Jackson,s:20~l:28~a:3915802,https://www.espn.com/nfl/player/_/id/3915802/lucky-jackson,Black,10000.00%,72.0,186.0,7/17/1997 (27),Western KY,,,,Black,WR,WR
Minnesota Vikings,TE,4,Giovanni Ricci,s:20~l:28~a:3916749,https://www.espn.com/nfl/player/_/id/3916749/giovanni-ricci,White,5686.25%,75.0,240.0,10/16/1996 (28),W Michigan,,,,White,TE,TE
Minnesota Vikings,TE,2,Josh Oliver,s:20~l:28~a:3921690,https://www.espn.com/nfl/player/_/id/3921690/josh-oliver,Black,5101.77%,77.0,259.0,3/21/1997 (28),San Jose State,2019.0,"Rd 3, Pk 69",JAX,Black,TE,TE
Minnesota Vikings,LG,2,Blake Brandel,s:20~l:28~a:3930270,https://www.espn.com/nfl/player/_/id/3930270/blake-brandel,White,9761.00%,78.0,315.0,1/23/1997 (28),Oregon St,2020.0,"Rd 6, Pk 203",MIN,White,LG,OL
Minnesota Vikings,FB,1,C.J. Ham,s:20~l:28~a:4012556,https://www.espn.com/nfl/player/_/id/4012556/cj-ham,Black,10000.00%,71.0,250.0,7/22/1993 (31),Augustana (SD),,,,Black,FB,RB
Minnesota Vikings,TE,1,T.J. Hockenson,s:20~l:28~a:4036133,https://www.espn.com/nfl/player/_/id/4036133/tj-hockenson,White,9066.97%,77.0,248.0,7/3/1997 (27),Iowa,2019.0,"Rd 1, Pk 8",DET,White,TE,TE
Minnesota Vikings,RG,1,Will Fries,s:20~l:28~a:4045176,https://www.espn.com/nfl/player/_/id/4045176/will-fries,White,9973.13%,78.0,305.0,4/4/1998 (27),Penn State,2021.0,"Rd 7, Pk 248",IND,White,RG,OL
Minnesota Vikings,SS,1,Josh Metellus,s:20~l:28~a:4046537,https://www.espn.com/nfl/player/_/id/4046537/josh-metellus,Black,10000.00%,71.0,207.0,1/21/1998 (27),Michigan,2020.0,"Rd 6, Pk 205",MIN,Black,SS,DB
Minnesota Vikings,WR,3,Thayer Thomas,s:20~l:28~a:4240121,https://www.espn.com/nfl/player/_/id/4240121/thayer-thomas,White,8392.43%,72.0,195.0,5/20/1998 (27),NC State,,,,White,WR,WR
Minnesota Vikings,RB,3,Ty Chandler,s:20~l:28~a:4242431,https://www.espn.com/nfl/player/_/id/4242431/ty-chandler,Black,10000.00%,71.0,204.0,5/12/1998 (27),North Carolina,2022.0,"Rd 5, Pk 169",MIN,Black,RB,RB
Minnesota Vikings,FS,2,Theo Jackson,s:20~l:28~a:4242436,https://www.espn.com/nfl/player/_/id/4242436/theo-jackson,Black,10000.00%,73.0,198.0,10/2/1998 (26),Tennessee,2022.0,"Rd 6, Pk 204",TEN,Black,FS,DB
Minnesota Vikings,WR,2,Tim Jones,s:20~l:28~a:4245131,https://www.espn.com/nfl/player/_/id/4245131/tim-jones,Black,9995.77%,73.0,200.0,5/15/1998 (27),Southern Miss,,,,Black,WR,WR
Minnesota Vikings,NT,3,Travis Bell,s:20~l:28~a:4246741,https://www.espn.com/nfl/player/_/id/4246741/travis-bell,Black,10000.00%,72.0,310.0,10/27/1998 (26),Kennesaw St,2023.0,"Rd 7, Pk 218",CHI,Black,NT,DL
Minnesota Vikings,RB,4,Zavier Scott,s:20~l:28~a:4257364,https://www.espn.com/nfl/player/_/id/4257364/zavier-scott,White,6194.33%,73.0,219.0,7/17/1999 (25),Maine,,,,White,RB,RB
Minnesota Vikings,WR,1,Justin Jefferson,s:20~l:28~a:4262921,https://www.espn.com/nfl/player/_/id/4262921/justin-jefferson,Black,10000.00%,73.0,195.0,6/16/1999 (26),LSU,2020.0,"Rd 1, Pk 22",MIN,Black,WR,WR
Minnesota Vikings,RDE,2,Jalen Redmond,s:20~l:28~a:4360277,https://www.espn.com/nfl/player/_/id/4360277/jalen-redmond,Black,10000.00%,75.0,291.0,3/12/1999 (26),Oklahoma,,,,Black,RDE,DL
Minnesota Vikings,RB,2,Jordan Mason,s:20~l:28~a:4360569,https://www.espn.com/nfl/player/_/id/4360569/jordan-mason,Black,10000.00%,71.0,223.0,5/24/1999 (26),Georgia Tech,,,,Black,RB,RB
Minnesota Vikings,WR,3,Jeshaun Jones,s:20~l:28~a:4360637,https://www.espn.com/nfl/player/_/id/4360637/jeshaun-jones,Asian,5011.48%,73.0,188.0,12/22/1999 (25),Maryland,,,,Asian,WR,WR
Minnesota Vikings,NT,2,Taki Taimani,s:20~l:28~a:4361114,https://www.espn.com/nfl/player/_/id/4361114/taki-taimani,Black,2830.38%,73.0,309.0,10/6/1999 (25),Oregon,,,,Black,NT,DL
Minnesota Vikings,NT,4,Alex Williams,s:20~l:28~a:4361346,https://www.espn.com/nfl/player/_/id/4361346/alex-williams,Latino Hispanic,2695.75%,79.0,291.0,,MTSU,,,,Latino,NT,DL
Minnesota Vikings,LT,1,Christian Darrisaw,s:20~l:28~a:4361985,https://www.espn.com/nfl/player/_/id/4361985/christian-darrisaw,Black,9987.53%,77.0,315.0,6/2/1999 (26),Virginia Tech,2021.0,"Rd 1, Pk 23",MIN,Black,LT,OL
Minnesota Vikings,LG,3,Michael Jurgens,s:20~l:28~a:4362010,https://www.espn.com/nfl/player/_/id/4362010/michael-jurgens,White,9128.02%,77.0,311.0,1/1/2000 (25),Wake Forest,2024.0,"Rd 7, Pk 230",MIN,White,LG,OL
Minnesota Vikings,C,2,Henry Byrd,s:20~l:28~a:4367995,https://www.espn.com/nfl/player/_/id/4367995/henry-byrd,White,9572.64%,77.0,310.0,7/1/1999 (25),Princeton,,,,White,C,OL
Minnesota Vikings,WR,2,Rondale Moore,s:20~l:28~a:4372485,https://www.espn.com/nfl/player/_/id/4372485/rondale-moore,Black,9923.20%,67.0,181.0,6/9/2000 (25),Purdue,2021.0,"Rd 2, Pk 49",ARI,Black,WR,WR
Minnesota Vikings,WR,1,Jalen Nailor,s:20~l:28~a:4382466,https://www.espn.com/nfl/player/_/id/4382466/jalen-nailor,Latino Hispanic,5321.49%,71.0,190.0,3/2/1999 (26),Michigan State,2022.0,"Rd 6, Pk 191",MIN,Latino,WR,WR
Minnesota Vikings,LDE,3,Jonathan Harris,s:20~l:28~a:4422407,https://www.espn.com/nfl/player/_/id/4422407/jonathan-harris,Black,10000.00%,77.0,295.0,8/4/1996 (28),Lindenwood,,,,Black,LDE,DL
Minnesota Vikings,C,3,Zeke Correll,s:20~l:28~a:4426414,https://www.espn.com/nfl/player/_/id/4426414/zeke-correll,White,9968.85%,75.0,307.0,,NC State,,,,White,C,OL
Minnesota Vikings,QB,2,Sam Howell,s:20~l:28~a:4426875,https://www.espn.com/nfl/player/_/id/4426875/sam-howell,White,9968.92%,73.0,225.0,9/16/2000 (24),North Carolina,2022.0,"Rd 5, Pk 144",WSH,White,QB,QB
Minnesota Vikings,LT,3,Walter Rouse,s:20~l:28~a:4428394,https://www.espn.com/nfl/player/_/id/4428394/walter-rouse,Black,9999.87%,78.0,313.0,3/9/2001 (24),Oklahoma,2024.0,"Rd 6, Pk 177",MIN,Black,LT,OL
Minnesota Vikings,WR,1,Jordan Addison,s:20~l:28~a:4429205,https://www.espn.com/nfl/player/_/id/4429205/jordan-addison,Black,10000.00%,71.0,175.0,1/27/2002 (23),USC,2023.0,"Rd 1, Pk 23",MIN,Black,WR,WR
Minnesota Vikings,C,4,Vershon Lee,s:20~l:28~a:4430218,https://www.espn.com/nfl/player/_/id/4430218/vershon-lee,Black,9974.47%,76.0,314.0,,South Carolina,,,,Black,C,OL
Minnesota Vikings,WR,4,Myles Price,s:20~l:28~a:4430656,https://www.espn.com/nfl/player/_/id/4430656/myles-price,Black,10000.00%,69.0,183.0,,Indiana,,,,Black,WR,WR
Minnesota Vikings,LG,1,Donovan Jackson,s:20~l:28~a:4431553,https://www.espn.com/nfl/player/_/id/4431553/donovan-jackson,Black,9895.71%,76.0,315.0,12/4/2002 (22),Ohio State,2025.0,"Rd 1, Pk 24",MIN,Black,LG,OL
Minnesota Vikings,QB,1,J.J. McCarthy,s:20~l:28~a:4433970,https://www.espn.com/nfl/player/_/id/4433970/jj-mccarthy,White,9958.40%,75.0,219.0,1/20/2003 (22),Michigan,2024.0,"Rd 1, Pk 10",MIN,White,QB,QB
Minnesota Vikings,WR,2,Tai Felton,s:20~l:28~a:4565185,https://www.espn.com/nfl/player/_/id/4565185/tai-felton,Black,9999.84%,73.0,183.0,3/15/2003 (22),Maryland,2025.0,"Rd 3, Pk 102",MIN,Black,WR,WR
Minnesota Vikings,SS,2,Jay Ward,s:20~l:28~a:4568007,https://www.espn.com/nfl/player/_/id/4568007/jay-ward,Black,9999.91%,73.0,188.0,7/13/2000 (24),LSU,2023.0,"Rd 4, Pk 134",MIN,Black,SS,DB
Minnesota Vikings,FS,3,Mishael Powell,s:20~l:28~a:4569600,https://www.espn.com/nfl/player/_/id/4569600/mishael-powell,Black,10000.00%,73.0,210.0,,Miami,,,,Black,FS,DB
Minnesota Vikings,LT,4,Leroy Watson IV,s:20~l:28~a:4570018,https://www.espn.com/nfl/player/_/id/4570018/leroy-watson-iv,Black,10000.00%,76.0,311.0,6/10/1998 (27),UTSA,,,,Black,LT,OL
Minnesota Vikings,RT,2,Logan Brown,s:20~l:28~a:4570075,https://www.espn.com/nfl/player/_/id/4570075/logan-brown,Black,7253.27%,78.0,311.0,4/17/2001 (24),Kansas,,,,Black,RT,OL
Minnesota Vikings,QB,4,Max Brosmer,s:20~l:28~a:4573398,https://www.espn.com/nfl/player/_/id/4573398/max-brosmer,White,5681.86%,74.0,217.0,3/28/2001 (24),Minnesota,,,,White,QB,QB
Minnesota Vikings,WR,4,Silas Bolden,s:20~l:28~a:4590532,https://www.espn.com/nfl/player/_/id/4590532/silas-bolden,Black,10000.00%,68.0,160.0,,Texas,,,,Black,WR,WR
Minnesota Vikings,LDE,2,Tyrion Ingram-Dawkins,s:20~l:28~a:4629149,https://www.espn.com/nfl/player/_/id/4629149/tyrion-ingram-dawkins,Black,7327.62%,77.0,276.0,6/26/2003 (21),Georgia,2025.0,"Rd 5, Pk 139",MIN,Black,LDE,DL
Minnesota Vikings,WR,4,Robert Lewis,s:20~l:28~a:4686271,https://www.espn.com/nfl/player/_/id/4686271/robert-lewis,Black,10000.00%,70.0,188.0,,Auburn,,,,Black,WR,WR
Minnesota Vikings,RG,2,Joe Huber,s:20~l:28~a:4690210,https://www.espn.com/nfl/player/_/id/4690210/joe-huber,White,9984.24%,77.0,310.0,,Wisconsin,,,,White,RG,OL
Minnesota Vikings,LDE,4,Elijah Williams,s:20~l:28~a:4696782,https://www.espn.com/nfl/player/_/id/4696782/elijah-williams,Black,10000.00%,75.0,270.0,,Morgan St,,,,Black,LDE,DL
Minnesota Vikings,TE,3,Gavin Bartholomew,s:20~l:28~a:4708049,https://www.espn.com/nfl/player/_/id/4708049/gavin-bartholomew,White,4828.72%,77.0,246.0,4/30/2003 (22),Pitt,2025.0,"Rd 6, Pk 202",MIN,White,TE,TE
Minnesota Vikings,RDE,3,Levi Drake Rodriguez,s:20~l:28~a:5093973,https://www.espn.com/nfl/player/_/id/5093973/levi-drake-rodriguez,N/A (Scrape Failed),0.00%,,,N/A (Bio Scrape Failed),N/A (Bio Scrape Failed),,,,N/A (Scrape Failed),RDE,DL
New England Patriots,RT,1,Morgan Moses,s:20~l:28~a:16771,https://www.espn.com/nfl/player/_/id/16771/morgan-moses,Black,10000.00%,78.0,320.0,3/3/1991 (34),UVA,2014.0,"Rd 3, Pk 66",WSH,Black,RT,OL
New England Patriots,WR,1,Stefon Diggs,s:20~l:28~a:2976212,https://www.espn.com/nfl/player/_/id/2976212/stefon-diggs,Black,10000.00%,72.0,191.0,11/29/1993 (31),Maryland,2015.0,"Rd 5, Pk 146",MIN,Black,WR,WR
New England Patriots,WR,2,Mack Hollins,s:20~l:28~a:2991662,https://www.espn.com/nfl/player/_/id/2991662/mack-hollins,White,7158.90%,76.0,221.0,9/16/1993 (31),UNC,2017.0,"Rd 4, Pk 118",PHI,White,WR,WR
New England Patriots,TE,2,Austin Hooper,s:20~l:28~a:3043275,https://www.espn.com/nfl/player/_/id/3043275/austin-hooper,Latino Hispanic,5067.21%,76.0,254.0,11/4/1994 (30),Stanford,2016.0,"Rd 3, Pk 81",ATL,Latino,TE,TE
New England Patriots,QB,2,Joshua Dobbs,s:20~l:28~a:3044720,https://www.espn.com/nfl/player/_/id/3044720/joshua-dobbs,Black,9853.17%,75.0,220.0,1/26/1995 (30),Tennessee,2017.0,"Rd 4, Pk 135",PIT,Black,QB,QB
New England Patriots,WR,2,Kendrick Bourne,s:20~l:28~a:3045523,https://www.espn.com/nfl/player/_/id/3045523/kendrick-bourne,Black,9999.96%,73.0,205.0,8/4/1995 (29),E Washington,,,,Black,WR,WR
New England Patriots,TE,1,Hunter Henry,s:20~l:28~a:3046439,https://www.espn.com/nfl/player/_/id/3046439/hunter-henry,White,7959.67%,77.0,249.0,12/7/1994 (30),Arkansas,2016.0,"Rd 2, Pk 35",SD,White,TE,TE
New England Patriots,FS,1,Jabrill Peppers,s:20~l:28~a:3115962,https://www.espn.com/nfl/player/_/id/3115962/jabrill-peppers,Black,10000.00%,71.0,217.0,10/4/1995 (29),Michigan,2017.0,"Rd 1, Pk 25",CLE,Black,FS,DB
New England Patriots,C,1,Garrett Bradbury,s:20~l:28~a:3116729,https://www.espn.com/nfl/player/_/id/3116729/garrett-bradbury,White,6640.43%,75.0,300.0,6/20/1995 (29),NC State,2019.0,"Rd 1, Pk 18",MIN,White,C,OL
New England Patriots,FS,2,Marcus Epps,s:20~l:28~a:3139368,https://www.espn.com/nfl/player/_/id/3139368/marcus-epps,Latino Hispanic,2943.23%,72.0,195.0,1/27/1996 (29),Wyoming,2019.0,"Rd 6, Pk 191",MIN,Latino,FS,DB
New England Patriots,SS,2,Jaylinn Hawkins,s:20~l:28~a:3858276,https://www.espn.com/nfl/player/_/id/3858276/jaylinn-hawkins,Black,9956.79%,73.0,208.0,8/25/1997 (27),California,2020.0,"Rd 4, Pk 134",ATL,Black,SS,DB
New England Patriots,RB,4,Trayveon Williams,s:20~l:28~a:4035222,https://www.espn.com/nfl/player/_/id/4035222/trayveon-williams,Black,9830.39%,68.0,206.0,10/18/1997 (27),Texas A&M,2019.0,"Rd 6, Pk 182",CIN,Black,RB,RB
New England Patriots,RG,1,Mike Onwenu,s:20~l:28~a:4046545,https://www.espn.com/nfl/player/_/id/4046545/mike-onwenu,White,7707.03%,75.0,350.0,12/10/1997 (27),Michigan,2020.0,"Rd 6, Pk 182",NE,White,RG,OL
New England Patriots,SS,4,Brenden Schooler,s:20~l:28~a:4047941,https://www.espn.com/nfl/player/_/id/4047941/brenden-schooler,White,9994.54%,74.0,210.0,5/30/1997 (28),Texas,,,,White,SS,DB
New England Patriots,LG,1,Cole Strange,s:20~l:28~a:4051001,https://www.espn.com/nfl/player/_/id/4051001/cole-strange,White,8232.50%,77.0,310.0,7/31/1998 (26),Chattanooga,2022.0,"Rd 1, Pk 29",NE,White,LG,OL
New England Patriots,LDE,1,Milton Williams,s:20~l:28~a:4239699,https://www.espn.com/nfl/player/_/id/4239699/milton-williams,Black,10000.00%,75.0,290.0,4/6/1999 (26),Louisiana Tech,2021.0,"Rd 3, Pk 73",PHI,Black,LDE,DL
New England Patriots,LT,2,Vederian Lowe,s:20~l:28~a:4240554,https://www.espn.com/nfl/player/_/id/4240554/vederian-lowe,Black,9969.33%,77.0,315.0,4/17/1999 (26),Illinois,2022.0,"Rd 6, Pk 184",MIN,Black,LT,OL
New England Patriots,LG,3,Tyrese Robinson,s:20~l:28~a:4241398,https://www.espn.com/nfl/player/_/id/4241398/tyrese-robinson,Black,10000.00%,75.0,319.0,8/21/1999 (25),Oklahoma,,,,Black,LG,OL
New England Patriots,RG,2,Sidy Sow,s:20~l:28~a:4244826,https://www.espn.com/nfl/player/_/id/4244826/sidy-sow,Black,9395.83%,77.0,318.0,6/8/1998 (27),E Michigan,2023.0,"Rd 4, Pk 117",NE,Black,RG,OL
New England Patriots,SS,3,Marte Mapu,s:20~l:28~a:4248899,https://www.espn.com/nfl/player/_/id/4248899/marte-mapu,Black,5261.91%,75.0,230.0,11/8/1999 (25),Sacramento St,2023.0,"Rd 3, Pk 76",NE,Black,SS,DB
New England Patriots,RT,3,Demontrey Jacobs,s:20~l:28~a:4250935,https://www.espn.com/nfl/player/_/id/4250935/demontrey-jacobs,Asian,7647.08%,78.0,315.0,11/22/1998 (26),South Florida,,,,Asian,RT,OL
New England Patriots,NT,1,Khyiris Tonga,s:20~l:28~a:4256074,https://www.espn.com/nfl/player/_/id/4256074/khyiris-tonga,Asian,5548.88%,74.0,335.0,7/7/1996 (28),BYU,2021.0,"Rd 7, Pk 250",CHI,Asian,NT,DL
New England Patriots,RB,3,Antonio Gibson,s:20~l:28~a:4360294,https://www.espn.com/nfl/player/_/id/4360294/antonio-gibson,Black,9993.76%,72.0,228.0,6/23/1998 (26),Memphis,2020.0,"Rd 3, Pk 66",WSH,Black,RB,RB
New England Patriots,TE,4,Jack Westover,s:20~l:28~a:4361100,https://www.espn.com/nfl/player/_/id/4361100/jack-westover,White,9800.71%,74.0,245.0,6/9/1999 (26),Washington,,,,White,TE,TE
New England Patriots,C,3,Ben Brown,s:20~l:28~a:4362890,https://www.espn.com/nfl/player/_/id/4362890/ben-brown,White,6418.10%,77.0,313.0,5/19/1998 (27),Ole Miss,,,,White,C,OL
New England Patriots,RDE,1,Christian Barmore,s:20~l:28~a:4372030,https://www.espn.com/nfl/player/_/id/4372030/christian-barmore,Black,10000.00%,77.0,315.0,7/28/1999 (25),Alabama,2021.0,"Rd 2, Pk 38",NE,Black,RDE,DL
New England Patriots,QB,3,Ben Wooldridge,s:20~l:28~a:4373895,https://www.espn.com/nfl/player/_/id/4373895/ben-wooldridge,White,9775.44%,74.0,214.0,,Louisiana,,,,White,QB,QB
New England Patriots,SS,1,Kyle Dugger,s:20~l:28~a:4401811,https://www.espn.com/nfl/player/_/id/4401811/kyle-dugger,Black,10000.00%,73.0,216.0,3/22/1996 (29),Len-Rhyne,2020.0,"Rd 2, Pk 37",NE,Black,SS,DB
New England Patriots,RT,2,Caedan Wallace,s:20~l:28~a:4426446,https://www.espn.com/nfl/player/_/id/4426446/caedan-wallace,Black,9695.72%,77.0,314.0,4/18/2000 (25),Penn State,2024.0,"Rd 3, Pk 68",NE,Black,RT,OL
New England Patriots,RG,3,Jack Conley,s:20~l:28~a:4426955,https://www.espn.com/nfl/player/_/id/4426955/jack-conley,White,7373.27%,79.0,333.0,,Boston College,,,,White,RG,OL
New England Patriots,WR,1,DeMario Douglas,s:20~l:28~a:4427095,https://www.espn.com/nfl/player/_/id/4427095/demario-douglas,Black,10000.00%,68.0,192.0,12/8/2000 (24),Liberty,2023.0,"Rd 6, Pk 210",NE,Black,WR,WR
New England Patriots,FS,3,Dell Pettus,s:20~l:28~a:4428232,https://www.espn.com/nfl/player/_/id/4428232/dell-pettus,Black,10000.00%,71.0,200.0,6/2/2001 (24),Troy,,,,Black,FS,DB
New England Patriots,LG,2,Layden Robinson,s:20~l:28~a:4428368,https://www.espn.com/nfl/player/_/id/4428368/layden-robinson,Black,10000.00%,75.0,311.0,5/3/2001 (24),Texas A&M,2024.0,"Rd 4, Pk 103",NE,Black,LG,OL
New England Patriots,WR,2,Kayshon Boutte,s:20~l:28~a:4429022,https://www.espn.com/nfl/player/_/id/4429022/kayshon-boutte,Black,10000.00%,71.0,197.0,5/7/2002 (23),LSU,2023.0,"Rd 6, Pk 187",NE,Black,WR,WR
New England Patriots,NT,2,Jaquelin Roy,s:20~l:28~a:4429034,https://www.espn.com/nfl/player/_/id/4429034/jaquelin-roy,Black,10000.00%,75.0,305.0,10/22/2000 (24),LSU,2023.0,"Rd 5, Pk 141",MIN,Black,NT,DL
New England Patriots,TE,3,Jaheim Bell,s:20~l:28~a:4429262,https://www.espn.com/nfl/player/_/id/4429262/jaheim-bell,Black,10000.00%,74.0,241.0,6/14/2001 (24),Florida St,2024.0,"Rd 7, Pk 231",NE,Black,TE,TE
New England Patriots,WR,4,Demeer Blankumsee,s:20~l:28~a:4429284,https://www.espn.com/nfl/player/_/id/4429284/demeer-blankumsee,Black,10000.00%,70.0,192.0,,Memphis,,,,Black,WR,WR
New England Patriots,WR,3,Ja'Lynn Polk,s:20~l:28~a:4430637,https://www.espn.com/nfl/player/_/id/4430637/jalynn-polk,Latino Hispanic,2932.05%,73.0,203.0,4/11/2002 (23),Washington,2024.0,"Rd 2, Pk 37",NE,Latino,WR,WR
New England Patriots,QB,1,Drake Maye,s:20~l:28~a:4431452,https://www.espn.com/nfl/player/_/id/4431452/drake-maye,White,9848.00%,76.0,225.0,8/30/2002 (22),North Carolina,2024.0,"Rd 1, Pk 3",NE,White,QB,QB
New England Patriots,RDE,3,Jahvaree Ritzie,s:20~l:28~a:4431584,https://www.espn.com/nfl/player/_/id/4431584/jahvaree-ritzie,Black,9805.91%,76.0,294.0,,North Carolina,,,,Black,RDE,DL
New England Patriots,RB,2,TreVeyon Henderson,s:20~l:28~a:4432710,https://www.espn.com/nfl/player/_/id/4432710/treveyon-henderson,Black,6314.71%,70.0,202.0,10/22/2002 (22),Ohio State,2025.0,"Rd 2, Pk 38",NE,Black,RB,RB
New England Patriots,LT,3,Marcus Bryant,s:20~l:28~a:4565293,https://www.espn.com/nfl/player/_/id/4565293/marcus-bryant,White,7248.48%,79.0,320.0,6/22/2002 (22),Missouri,2025.0,"Rd 7, Pk 220",NE,White,LT,OL
New England Patriots,RB,1,Rhamondre Stevenson,s:20~l:28~a:4569173,https://www.espn.com/nfl/player/_/id/4569173/rhamondre-stevenson,Black,10000.00%,72.0,227.0,2/23/1998 (27),Oklahoma,2021.0,"Rd 4, Pk 120",NE,Black,RB,RB
New England Patriots,LDE,3,Isaiah Iton,s:20~l:28~a:4570970,https://www.espn.com/nfl/player/_/id/4570970/isaiah-iton,Black,9999.95%,74.0,277.0,8/23/2001 (23),Rutgers,,,,Black,LDE,DL
New England Patriots,WR,4,Jeremiah Webb,s:20~l:28~a:4572655,https://www.espn.com/nfl/player/_/id/4572655/jeremiah-webb,Black,4956.19%,71.0,198.0,,South Alabama,,,,Black,WR,WR
New England Patriots,C,2,Jared Wilson,s:20~l:28~a:4599198,https://www.espn.com/nfl/player/_/id/4599198/jared-wilson,Black,9999.98%,75.0,310.0,6/5/2003 (22),Georgia,2025.0,"Rd 3, Pk 95",NE,Black,C,OL
New England Patriots,LDE,4,Wilfried Pene,s:20~l:28~a:4608753,https://www.espn.com/nfl/player/_/id/4608753/wilfried-pene,Black,9564.49%,74.0,283.0,,Virginia Tech,,,,Black,LDE,DL
New England Patriots,RDE,2,Joshua Farmer,s:20~l:28~a:4611993,https://www.espn.com/nfl/player/_/id/4611993/joshua-farmer,Black,10000.00%,75.0,312.0,1/17/2003 (22),Florida St,2025.0,"Rd 4, Pk 137",NE,Black,RDE,DL
New England Patriots,WR,1,Kyle Williams,s:20~l:28~a:4613202,https://www.espn.com/nfl/player/_/id/4613202/kyle-williams,Black,9354.90%,71.0,190.0,11/13/2002 (22),Washington St,2025.0,"Rd 3, Pk 69",NE,Black,WR,WR
New England Patriots,LT,1,Will Campbell,s:20~l:28~a:4685298,https://www.espn.com/nfl/player/_/id/4685298/will-campbell,White,9905.81%,78.0,319.0,1/6/2004 (21),LSU,2025.0,"Rd 1, Pk 4",NE,White,LT,OL
New England Patriots,FS,4,Josh Minkins,s:20~l:28~a:4686338,https://www.espn.com/nfl/player/_/id/4686338/josh-minkins,Latino Hispanic,4649.49%,74.0,207.0,,Cincinnati,,,,Latino,FS,DB
New England Patriots,WR,3,Javon Baker,s:20~l:28~a:4692022,https://www.espn.com/nfl/player/_/id/4692022/javon-baker,Black,10000.00%,73.0,202.0,2/18/2002 (23),UCF,2024.0,"Rd 4, Pk 110",NE,Black,WR,WR
New England Patriots,WR,3,Efton Chism III,s:20~l:28~a:4695193,https://www.espn.com/nfl/player/_/id/4695193/efton-chism-iii,White,8020.23%,70.0,198.0,,E Washington,,,,White,WR,WR
New England Patriots,FB,1,Brock Lampe,s:20~l:28~a:4875767,https://www.espn.com/nfl/player/_/id/4875767/brock-lampe,White,8733.36%,73.0,249.0,,N Illinois,,,,White,FB,RB
New England Patriots,LG,4,Mehki Butler,s:20~l:28~a:4880087,https://www.espn.com/nfl/player/_/id/4880087/mehki-butler,Black,10000.00%,75.0,310.0,,Arkansas St,,,,Black,LG,OL
New England Patriots,WR,4,John Jiles,s:20~l:28~a:4887705,https://www.espn.com/nfl/player/_/id/4887705/john-jiles,Black,9999.71%,75.0,220.0,7/8/2000 (24),West Florida,,,,Black,WR,WR
New England Patriots,LDE,2,Jeremiah Pharms Jr.,s:20~l:28~a:5081728,https://www.espn.com/nfl/player/_/id/5081728/jeremiah-pharms-jr,Black,10000.00%,74.0,300.0,10/16/1996 (28),Friends University,,,,Black,LDE,DL
New Orleans Saints,LDE,1,Cameron Jordan,s:20~l:28~a:13971,https://www.espn.com/nfl/player/_/id/13971/cameron-jordan,Black,4928.13%,76.0,287.0,7/10/1989 (35),California,2011.0,"Rd 1, Pk 24",NO,Black,LDE,DL
New Orleans Saints,FS,1,Tyrann Mathieu,s:20~l:28~a:15851,https://www.espn.com/nfl/player/_/id/15851/tyrann-mathieu,Black,9751.17%,69.0,190.0,5/13/1992 (33),LSU,2013.0,"Rd 3, Pk 69",ARI,Black,FS,DB
New Orleans Saints,WR,1,Brandin Cooks,s:20~l:28~a:16731,https://www.espn.com/nfl/player/_/id/16731/brandin-cooks,Black,10000.00%,70.0,190.0,9/25/1993 (31),Oregon State,2014.0,"Rd 1, Pk 20",NO,Black,WR,WR
New Orleans Saints,TE,2,Taysom Hill,s:20~l:28~a:2468609,https://www.espn.com/nfl/player/_/id/2468609/taysom-hill,White,9990.91%,74.0,221.0,8/23/1990 (34),BYU,,,,White,TE,TE
New Orleans Saints,RB,1,Alvin Kamara,s:20~l:28~a:3054850,https://www.espn.com/nfl/player/_/id/3054850/alvin-kamara,Black,10000.00%,70.0,215.0,7/25/1995 (29),Tennessee,2017.0,"Rd 3, Pk 67",NO,Black,RB,RB
New Orleans Saints,NT,1,Davon Godchaux,s:20~l:28~a:3115383,https://www.espn.com/nfl/player/_/id/3115383/davon-godchaux,Black,10000.00%,75.0,330.0,11/11/1994 (30),LSU,2017.0,"Rd 5, Pk 178",MIA,Black,NT,DL
New Orleans Saints,C,2,Will Clapp,s:20~l:28~a:3115387,https://www.espn.com/nfl/player/_/id/3115387/will-clapp,White,9169.17%,77.0,314.0,9/19/1996 (28),LSU,2018.0,"Rd 7, Pk 245",NO,White,C,OL
New Orleans Saints,FS,3,J.T. Gray,s:20~l:28~a:3115481,https://www.espn.com/nfl/player/_/id/3115481/jt-gray,White,4419.97%,72.0,202.0,1/18/1996 (29),Miss St,,,,White,FS,DB
New Orleans Saints,RDE,1,Khalen Saunders,s:20~l:28~a:3121634,https://www.espn.com/nfl/player/_/id/3121634/khalen-saunders,Asian,4022.65%,72.0,324.0,8/9/1996 (28),W Illinois,2019.0,"Rd 3, Pk 84",KC,Asian,RDE,DL
New Orleans Saints,WR,3,Dante Pettis,s:20~l:28~a:3127306,https://www.espn.com/nfl/player/_/id/3127306/dante-pettis,White,6808.44%,73.0,195.0,10/23/1995 (29),Washington,2018.0,"Rd 2, Pk 44",SF,White,WR,WR
New Orleans Saints,TE,3,Foster Moreau,s:20~l:28~a:3843945,https://www.espn.com/nfl/player/_/id/3843945/foster-moreau,White,8918.49%,76.0,250.0,5/6/1997 (28),LSU,2019.0,"Rd 4, Pk 137",OAK,White,TE,TE
New Orleans Saints,C,1,Erik McCoy,s:20~l:28~a:3917331,https://www.espn.com/nfl/player/_/id/3917331/erik-mccoy,Latino Hispanic,5129.84%,76.0,303.0,8/27/1997 (27),Texas A&M,2019.0,"Rd 2, Pk 48",NO,Latino,C,OL
New Orleans Saints,TE,1,Juwan Johnson,s:20~l:28~a:3929645,https://www.espn.com/nfl/player/_/id/3929645/juwan-johnson,Black,9999.94%,76.0,231.0,9/13/1996 (28),Oregon,,,,Black,TE,TE
New Orleans Saints,SS,1,Justin Reid,s:20~l:28~a:3931399,https://www.espn.com/nfl/player/_/id/3931399/justin-reid,Black,10000.00%,73.0,207.0,2/15/1997 (28),Stanford,2018.0,"Rd 3, Pk 68",HOU,Black,SS,DB
New Orleans Saints,WR,1,Rashid Shaheed,s:20~l:28~a:4032473,https://www.espn.com/nfl/player/_/id/4032473/rashid-shaheed,Black,9999.96%,72.0,180.0,8/31/1998 (26),Weber St,,,,Black,WR,WR
New Orleans Saints,TE,4,Jack Stoll,s:20~l:28~a:4034862,https://www.espn.com/nfl/player/_/id/4034862/jack-stoll,White,6066.37%,76.0,247.0,1/28/1998 (27),Nebraska,,,,White,TE,TE
New Orleans Saints,RG,2,Landon Young,s:20~l:28~a:4035079,https://www.espn.com/nfl/player/_/id/4035079/landon-young,White,4384.89%,79.0,321.0,8/21/1997 (27),Kentucky,2021.0,"Rd 6, Pk 206",NO,White,RG,OL
New Orleans Saints,RT,2,Josh Ball,s:20~l:28~a:4035626,https://www.espn.com/nfl/player/_/id/4035626/josh-ball,Latino Hispanic,5488.55%,80.0,304.0,5/15/1998 (27),Marshall,2021.0,"Rd 4, Pk 138",DAL,Latino,RT,OL
New Orleans Saints,FS,4,Terrell Burgess,s:20~l:28~a:4035663,https://www.espn.com/nfl/player/_/id/4035663/terrell-burgess,Black,10000.00%,71.0,202.0,11/12/1998 (26),Utah,2020.0,"Rd 3, Pk 104",LAR,Black,FS,DB
New Orleans Saints,WR,2,Cedrick Wilson Jr.,s:20~l:28~a:4036335,https://www.espn.com/nfl/player/_/id/4036335/cedrick-wilson-jr,White,9181.83%,74.0,197.0,3/10/1995 (30),Boise State,2018.0,"Rd 6, Pk 208",DAL,White,WR,WR
New Orleans Saints,LG,2,Dillon Radunz,s:20~l:28~a:4040945,https://www.espn.com/nfl/player/_/id/4040945/dillon-radunz,White,7991.56%,78.0,301.0,3/28/1998 (27),N Dakota St,2021.0,"Rd 2, Pk 53",TEN,White,LG,OL
New Orleans Saints,NT,2,Nathan Shepherd,s:20~l:28~a:4076951,https://www.espn.com/nfl/player/_/id/4076951/nathan-shepherd,Black,10000.00%,76.0,315.0,10/9/1993 (31),Ft Hays St,2018.0,"Rd 3, Pk 72",NYJ,Black,NT,DL
New Orleans Saints,RB,4,Cam Akers,s:20~l:28~a:4240021,https://www.espn.com/nfl/player/_/id/4240021/cam-akers,Black,10000.00%,70.0,217.0,6/22/1999 (25),Florida St,2020.0,"Rd 2, Pk 52",LAR,Black,RB,RB
New Orleans Saints,QB,3,Jake Haener,s:20~l:28~a:4243322,https://www.espn.com/nfl/player/_/id/4243322/jake-haener,White,9850.32%,73.0,200.0,3/10/1999 (26),Fresno St,2023.0,"Rd 4, Pk 127",NO,White,QB,QB
New Orleans Saints,RDE,3,John Ridgeway III,s:20~l:28~a:4248047,https://www.espn.com/nfl/player/_/id/4248047/john-ridgeway-iii,White,9168.22%,77.0,321.0,5/7/1999 (26),Arkansas,2022.0,"Rd 5, Pk 178",DAL,White,RDE,DL
New Orleans Saints,LG,1,Trevor Penning,s:20~l:28~a:4248627,https://www.espn.com/nfl/player/_/id/4248627/trevor-penning,White,7829.38%,79.0,325.0,5/15/1999 (26),Northern Iowa,2022.0,"Rd 1, Pk 19",NO,White,LG,OL
New Orleans Saints,LT,2,Barry Wesley,s:20~l:28~a:4256055,https://www.espn.com/nfl/player/_/id/4256055/barry-wesley,Latino Hispanic,3062.78%,79.0,310.0,7/14/1999 (25),Colorado State,,,,Latino,LT,OL
New Orleans Saints,WR,3,Donovan Peoples-Jones,s:20~l:28~a:4258195,https://www.espn.com/nfl/player/_/id/4258195/donovan-peoples-jones,Black,10000.00%,74.0,204.0,2/19/1999 (26),Michigan,2020.0,"Rd 6, Pk 187",CLE,Black,WR,WR
New Orleans Saints,RG,1,Cesar Ruiz,s:20~l:28~a:4258199,https://www.espn.com/nfl/player/_/id/4258199/cesar-ruiz,Black,5304.46%,76.0,316.0,6/14/1999 (26),Michigan,2020.0,"Rd 1, Pk 24",NO,Black,RG,OL
New Orleans Saints,QB,1,Tyler Shough,s:20~l:28~a:4360689,https://www.espn.com/nfl/player/_/id/4360689/tyler-shough,White,9991.17%,77.0,219.0,9/28/1999 (25),Louisville,2025.0,"Rd 2, Pk 40",NO,White,QB,QB
New Orleans Saints,SS,2,Jordan Howden,s:20~l:28~a:4360949,https://www.espn.com/nfl/player/_/id/4360949/jordan-howden,Black,6455.21%,72.0,209.0,5/14/2000 (25),Minnesota,2023.0,"Rd 5, Pk 146",NO,Black,SS,DB
New Orleans Saints,WR,1,Chris Olave,s:20~l:28~a:4361370,https://www.espn.com/nfl/player/_/id/4361370/chris-olave,Black,4582.27%,72.0,187.0,6/27/2000 (24),Ohio State,2022.0,"Rd 1, Pk 11",NO,Black,WR,WR
New Orleans Saints,LG,3,Nick Saldiveri,s:20~l:28~a:4361600,https://www.espn.com/nfl/player/_/id/4361600/nick-saldiveri,White,3989.66%,78.0,316.0,8/14/2000 (24),Old Dominion,2023.0,"Rd 4, Pk 103",NO,White,LG,OL
New Orleans Saints,WR,2,Kevin Austin Jr.,s:20~l:28~a:4372758,https://www.espn.com/nfl/player/_/id/4372758/kevin-austin-jr,Black,10000.00%,74.0,200.0,3/30/2000 (25),Notre Dame,,,,Black,WR,WR
New Orleans Saints,RDE,4,Khristian Boyd,s:20~l:28~a:4384595,https://www.espn.com/nfl/player/_/id/4384595/khristian-boyd,Black,4213.08%,74.0,320.0,2/23/2000 (25),Northern Iowa,2024.0,"Rd 6, Pk 199",NO,Black,RDE,DL
New Orleans Saints,LG,4,Kyle Hergel,s:20~l:28~a:4384683,https://www.espn.com/nfl/player/_/id/4384683/kyle-hergel,White,7990.88%,74.0,315.0,10/7/1999 (25),Boston College,,,,White,LG,OL
New Orleans Saints,QB,2,Spencer Rattler,s:20~l:28~a:4426339,https://www.espn.com/nfl/player/_/id/4426339/spencer-rattler,Black,5397.80%,72.0,211.0,9/28/2000 (24),South Carolina,2024.0,"Rd 5, Pk 150",NO,Black,QB,QB
New Orleans Saints,WR,2,Bub Means,s:20~l:28~a:4427985,https://www.espn.com/nfl/player/_/id/4427985/bub-means,Black,9993.04%,74.0,215.0,1/10/2001 (24),Pitt,2024.0,"Rd 5, Pk 170",NO,Black,WR,WR
New Orleans Saints,LDE,2,Bryan Bresee,s:20~l:28~a:4428988,https://www.espn.com/nfl/player/_/id/4428988/bryan-bresee,Latino Hispanic,5809.26%,77.0,305.0,10/6/2001 (23),Clemson,2023.0,"Rd 1, Pk 29",NO,Latino,LDE,DL
New Orleans Saints,RDE,2,Vernon Broughton,s:20~l:28~a:4429040,https://www.espn.com/nfl/player/_/id/4429040/vernon-broughton,Asian,3394.40%,77.0,311.0,7/15/2001 (23),Texas,2025.0,"Rd 3, Pk 71",NO,Asian,RDE,DL
New Orleans Saints,LDE,3,Omari Thomas,s:20~l:28~a:4429057,https://www.espn.com/nfl/player/_/id/4429057/omari-thomas,Black,7220.38%,76.0,325.0,,Tennessee,,,,Black,LDE,DL
New Orleans Saints,WR,4,Chris Tyree,s:20~l:28~a:4430804,https://www.espn.com/nfl/player/_/id/4430804/chris-tyree,Black,7653.69%,70.0,192.0,,Virginia,,,,Black,WR,WR
New Orleans Saints,WR,4,Moochie Dixon,s:20~l:28~a:4431068,https://www.espn.com/nfl/player/_/id/4431068/moochie-dixon,Black,10000.00%,72.0,187.0,,SMU,,,,Black,WR,WR
New Orleans Saints,QB,4,Hunter Dekkers,s:20~l:28~a:4565358,https://www.espn.com/nfl/player/_/id/4565358/hunter-dekkers,White,9998.80%,75.0,215.0,,Iowa Western Community,,,,White,QB,QB
New Orleans Saints,RT,3,Josiah Ezirim,s:20~l:28~a:4570883,https://www.espn.com/nfl/player/_/id/4570883/josiah-ezirim,Black,8726.90%,78.0,329.0,5/21/2001 (24),E Kentucky,2024.0,"Rd 7, Pk 239",NO,Black,RT,OL
New Orleans Saints,WR,3,Mason Tipton,s:20~l:28~a:4573697,https://www.espn.com/nfl/player/_/id/4573697/mason-tipton,Middle Eastern,3095.85%,71.0,187.0,9/27/2000 (24),Yale,,,,Middle Eastern,WR,WR
New Orleans Saints,RB,2,Kendre Miller,s:20~l:28~a:4599739,https://www.espn.com/nfl/player/_/id/4599739/kendre-miller,Black,10000.00%,72.0,220.0,6/11/2002 (23),TCU,2023.0,"Rd 3, Pk 71",NO,Black,RB,RB
New Orleans Saints,RT,1,Taliese Fuaga,s:20~l:28~a:4606711,https://www.espn.com/nfl/player/_/id/4606711/taliese-fuaga,Latino Hispanic,3966.28%,78.0,324.0,4/5/2002 (23),Oregon St,2024.0,"Rd 1, Pk 14",NO,Latino,RT,OL
New Orleans Saints,RB,3,Devin Neal,s:20~l:28~a:4682652,https://www.espn.com/nfl/player/_/id/4682652/devin-neal,Black,9999.85%,71.0,213.0,8/12/2003 (21),Kansas,2025.0,"Rd 6, Pk 184",NO,Black,RB,RB
New Orleans Saints,FS,2,Jonas Sanker,s:20~l:28~a:4683813,https://www.espn.com/nfl/player/_/id/4683813/jonas-sanker,Latino Hispanic,3916.95%,73.0,211.0,11/23/2002 (22),Virginia,2025.0,"Rd 3, Pk 93",NO,Latino,FS,DB
New Orleans Saints,LT,1,Kelvin Banks Jr.,s:20~l:28~a:4685260,https://www.espn.com/nfl/player/_/id/4685260/kelvin-banks-jr,Black,10000.00%,77.0,315.0,3/10/2004 (21),Texas,2025.0,"Rd 1, Pk 9",NO,Black,LT,OL
New Orleans Saints,RG,4,Easton Kilty,s:20~l:28~a:4696488,https://www.espn.com/nfl/player/_/id/4696488/easton-kilty,White,4756.09%,78.0,307.0,,Kansas St,,,,White,RG,OL
New Orleans Saints,RG,3,Torricelli Simpkins III,s:20~l:28~a:4696902,https://www.espn.com/nfl/player/_/id/4696902/torricelli-simpkins-iii,Black,9999.93%,77.0,312.0,,South Carolina,,,,Black,RG,OL
New York Giants,QB,1,Russell Wilson,s:20~l:28~a:14881,https://www.espn.com/nfl/player/_/id/14881/russell-wilson,White,9293.43%,71.0,206.0,11/29/1988 (36),Wisconsin,2012.0,"Rd 3, Pk 75",SEA,White,QB,QB
New York Giants,RG,1,Greg Van Roten,s:20~l:28~a:15718,https://www.espn.com/nfl/player/_/id/15718/greg-van-roten,White,5858.57%,76.0,295.0,2/26/1990 (35),Penn,,,,White,RG,OL
New York Giants,TE,3,Chris Manhertz,s:20~l:28~a:2531358,https://www.espn.com/nfl/player/_/id/2531358/chris-manhertz,Black,10000.00%,78.0,235.0,4/10/1992 (33),Canisius,,,,Black,TE,TE
New York Giants,RDE,1,Roy Robertson-Harris,s:20~l:28~a:2574891,https://www.espn.com/nfl/player/_/id/2574891/roy-robertson-harris,Black,10000.00%,79.0,268.0,7/23/1993 (31),UTEP,,,,Black,RDE,DL
New York Giants,LDE,1,Rakeem Nunez-Roches,s:20~l:28~a:2575453,https://www.espn.com/nfl/player/_/id/2575453/rakeem-nunez-roches,Black,10000.00%,74.0,305.0,7/3/1993 (31),Southern Miss,2015.0,"Rd 6, Pk 217",KC,Black,LDE,DL
New York Giants,QB,2,Jameis Winston,s:20~l:28~a:2969939,https://www.espn.com/nfl/player/_/id/2969939/jameis-winston,Black,10000.00%,76.0,231.0,1/6/1994 (31),FSU,2015.0,"Rd 1, Pk 1",TB,Black,QB,QB
New York Giants,WR,2,Zach Pascal,s:20~l:28~a:2978109,https://www.espn.com/nfl/player/_/id/2978109/zach-pascal,Black,10000.00%,74.0,219.0,12/18/1994 (30),Old Dominion,,,,Black,WR,WR
New York Giants,LG,3,Aaron Stinnie,s:20~l:28~a:3049339,https://www.espn.com/nfl/player/_/id/3049339/aaron-stinnie,Black,8313.91%,75.0,312.0,2/18/1994 (31),James Madison,,,,Black,LG,OL
New York Giants,RT,1,Jermaine Eluemunor,s:20~l:28~a:3115303,https://www.espn.com/nfl/player/_/id/3115303/jermaine-eluemunor,Black,8745.58%,76.0,338.0,12/13/1994 (30),Texas A&M,2017.0,"Rd 5, Pk 159",BAL,Black,RT,OL
New York Giants,LDE,2,Jeremiah Ledbetter,s:20~l:28~a:3892689,https://www.espn.com/nfl/player/_/id/3892689/jeremiah-ledbetter,Black,10000.00%,75.0,295.0,6/2/1994 (31),Arkansas,2017.0,"Rd 6, Pk 205",DET,Black,LDE,DL
New York Giants,WR,1,Darius Slayton,s:20~l:28~a:3916945,https://www.espn.com/nfl/player/_/id/3916945/darius-slayton,Black,10000.00%,73.0,198.0,1/12/1997 (28),Auburn,2019.0,"Rd 5, Pk 171",NYG,Black,WR,WR
New York Giants,LG,1,Jon Runyan,s:20~l:28~a:3929936,https://www.espn.com/nfl/player/_/id/3929936/jon-runyan,White,6884.25%,76.0,307.0,8/8/1997 (27),Michigan,2020.0,"Rd 6, Pk 192",GB,White,LG,OL
New York Giants,RT,2,Stone Forsythe,s:20~l:28~a:4034962,https://www.espn.com/nfl/player/_/id/4034962/stone-forsythe,White,4617.75%,80.0,307.0,12/29/1997 (27),Florida,2021.0,"Rd 6, Pk 208",SEA,White,RT,OL
New York Giants,NT,1,Dexter Lawrence II,s:20~l:28~a:4035483,https://www.espn.com/nfl/player/_/id/4035483/dexter-lawrence-ii,White,7377.04%,76.0,340.0,11/12/1997 (27),Clemson,2019.0,"Rd 1, Pk 17",NYG,White,NT,DL
New York Giants,C,2,Austin Schlottmann,s:20~l:28~a:4038544,https://www.espn.com/nfl/player/_/id/4038544/austin-schlottmann,White,9413.34%,78.0,300.0,9/18/1995 (29),TCU,,,,White,C,OL
New York Giants,WR,2,Lil'Jordan Humphrey,s:20~l:28~a:4039057,https://www.espn.com/nfl/player/_/id/4039057/liljordan-humphrey,Black,9697.12%,76.0,225.0,4/19/1998 (27),Texas,,,,Black,WR,WR
New York Giants,LDE,3,Elijah Garcia,s:20~l:28~a:4039170,https://www.espn.com/nfl/player/_/id/4039170/elijah-garcia,Asian,4682.80%,77.0,302.0,3/11/1998 (27),Rice,,,,Asian,LDE,DL
New York Giants,RB,2,Devin Singletary,s:20~l:28~a:4040761,https://www.espn.com/nfl/player/_/id/4040761/devin-singletary,Black,10000.00%,67.0,203.0,9/3/1997 (27),FAU,2019.0,"Rd 3, Pk 74",BUF,Black,RB,RB
New York Giants,NT,4,Timmy Horne,s:20~l:28~a:4045701,https://www.espn.com/nfl/player/_/id/4045701/timmy-horne,Black,10000.00%,,,10/25/1997,Kansas St,,,,Black,NT,DL
New York Giants,C,3,Jimmy Morrissey,s:20~l:28~a:4046165,https://www.espn.com/nfl/player/_/id/4046165/jimmy-morrissey,White,9500.39%,76.0,305.0,6/9/1998 (27),Pittsburgh,2021.0,"Rd 7, Pk 230",LV,White,C,OL
New York Giants,RDE,4,Cory Durden,s:20~l:28~a:4240042,https://www.espn.com/nfl/player/_/id/4240042/cory-durden,Latino Hispanic,2998.57%,76.0,305.0,1/26/1999 (26),NC State,,,,Latino,RDE,DL
New York Giants,QB,4,Tommy DeVito,s:20~l:28~a:4240391,https://www.espn.com/nfl/player/_/id/4240391/tommy-devito,White,8445.96%,74.0,210.0,8/7/1998 (26),Illinois,,,,White,QB,QB
New York Giants,WR,3,Ihmir Smith-Marsette,s:20~l:28~a:4240573,https://www.espn.com/nfl/player/_/id/4240573/ihmir-smith-marsette,Black,10000.00%,73.0,185.0,8/29/1999 (25),Iowa,2021.0,"Rd 5, Pk 157",MIN,Black,WR,WR
New York Giants,NT,3,Jordon Riley,s:20~l:28~a:4240677,https://www.espn.com/nfl/player/_/id/4240677/jordon-riley,Black,9995.31%,77.0,315.0,5/19/1998 (27),Oregon,2023.0,"Rd 7, Pk 243",NYG,Black,NT,DL
New York Giants,C,1,John Michael Schmitz Jr.,s:20~l:28~a:4240771,https://www.espn.com/nfl/player/_/id/4240771/john-michael-schmitz-jr,White,7857.32%,76.0,320.0,3/19/1999 (26),Minnesota,2023.0,"Rd 2, Pk 57",NYG,White,C,OL
New York Giants,NT,2,D.J. Davidson,s:20~l:28~a:4242899,https://www.espn.com/nfl/player/_/id/4242899/dj-davidson,Middle Eastern,4912.39%,77.0,320.0,9/19/1997 (27),Arizona St,2022.0,"Rd 5, Pk 147",NYG,Middle Eastern,NT,DL
New York Giants,WR,3,Montrell Washington,s:20~l:28~a:4248822,https://www.espn.com/nfl/player/_/id/4248822/montrell-washington,Black,10000.00%,70.0,170.0,3/16/1999 (26),Samford,2022.0,"Rd 5, Pk 162",DEN,Black,WR,WR
New York Giants,LT,3,James Hudson III,s:20~l:28~a:4258181,https://www.espn.com/nfl/player/_/id/4258181/james-hudson-iii,Black,9998.66%,77.0,313.0,5/13/1999 (26),Cincinnati,2021.0,"Rd 4, Pk 110",CLE,Black,LT,OL
New York Giants,FS,3,Raheem Layne,s:20~l:28~a:4258237,https://www.espn.com/nfl/player/_/id/4258237/raheem-layne,Black,9999.40%,71.0,192.0,7/2/1999 (25),Indiana,,,,Black,FS,DB
New York Giants,LT,1,Andrew Thomas,s:20~l:28~a:4259566,https://www.espn.com/nfl/player/_/id/4259566/andrew-thomas,Black,10000.00%,77.0,315.0,1/22/1999 (26),Georgia,2020.0,"Rd 1, Pk 4",NYG,Black,LT,OL
New York Giants,RB,1,Tyrone Tracy Jr.,s:20~l:28~a:4360516,https://www.espn.com/nfl/player/_/id/4360516/tyrone-tracy-jr,Black,10000.00%,71.0,210.0,11/23/1999 (25),Purdue,2024.0,"Rd 5, Pk 166",NYG,Black,RB,RB
New York Giants,TE,2,Daniel Bellinger,s:20~l:28~a:4361516,https://www.espn.com/nfl/player/_/id/4361516/daniel-bellinger,White,9999.77%,78.0,255.0,9/22/2000 (24),San Diego St,2022.0,"Rd 4, Pk 112",NYG,White,TE,TE
New York Giants,FS,2,Anthony Johnson Jr.,s:20~l:28~a:4361748,https://www.espn.com/nfl/player/_/id/4361748/anthony-johnson-jr,Black,10000.00%,72.0,205.0,12/2/1999 (25),Iowa State,2023.0,"Rd 7, Pk 242",GB,Black,FS,DB
New York Giants,WR,3,Bryce Ford-Wheaton,s:20~l:28~a:4362227,https://www.espn.com/nfl/player/_/id/4362227/bryce-ford-wheaton,Black,9998.61%,75.0,220.0,3/9/2000 (25),West Virginia,,,,Black,WR,WR
New York Giants,TE,4,Greg Dulcich,s:20~l:28~a:4367209,https://www.espn.com/nfl/player/_/id/4367209/greg-dulcich,Latino Hispanic,2894.48%,76.0,245.0,3/26/2000 (25),UCLA,2022.0,"Rd 3, Pk 80",DEN,Latino,TE,TE
New York Giants,LT,2,Joshua Ezeudu,s:20~l:28~a:4373280,https://www.espn.com/nfl/player/_/id/4373280/joshua-ezeudu,Black,10000.00%,76.0,310.0,9/19/1999 (25),North Carolina,2022.0,"Rd 3, Pk 67",NYG,Black,LT,OL
New York Giants,FS,1,Jevon Holland,s:20~l:28~a:4373809,https://www.espn.com/nfl/player/_/id/4373809/jevon-holland,Black,10000.00%,73.0,207.0,3/3/2000 (25),Oregon,2021.0,"Rd 2, Pk 36",MIA,Black,FS,DB
New York Giants,RG,3,Jake Kubas,s:20~l:28~a:4383405,https://www.espn.com/nfl/player/_/id/4383405/jake-kubas,White,9999.90%,76.0,308.0,8/13/2000 (24),N Dakota St,,,,White,RG,OL
New York Giants,C,4,Bryan Hudson,s:20~l:28~a:4426489,https://www.espn.com/nfl/player/_/id/4426489/bryan-hudson,White,5902.94%,77.0,305.0,1/11/2001 (24),Louisville,,,,White,C,OL
New York Giants,RDE,2,Darius Alexander,s:20~l:28~a:4426542,https://www.espn.com/nfl/player/_/id/4426542/darius-alexander,Black,9999.52%,76.0,310.0,8/26/2000 (24),Toledo,2025.0,"Rd 3, Pk 65",NYG,Black,RDE,DL
New York Giants,SS,2,Dane Belton,s:20~l:28~a:4426686,https://www.espn.com/nfl/player/_/id/4426686/dane-belton,Asian,4397.37%,73.0,190.0,12/7/2000 (24),Iowa,2022.0,"Rd 4, Pk 114",NYG,Asian,SS,DB
New York Giants,FS,4,Makari Paige,s:20~l:28~a:4429139,https://www.espn.com/nfl/player/_/id/4429139/makari-paige,Black,10000.00%,76.0,208.0,,Michigan,,,,Black,FS,DB
New York Giants,TE,1,Theo Johnson,s:20~l:28~a:4429148,https://www.espn.com/nfl/player/_/id/4429148/theo-johnson,Middle Eastern,4150.78%,78.0,264.0,2/26/2001 (24),Penn State,2024.0,"Rd 4, Pk 107",NYG,Middle Eastern,TE,TE
New York Giants,RDE,3,Elijah Chatman,s:20~l:28~a:4429392,https://www.espn.com/nfl/player/_/id/4429392/elijah-chatman,Black,10000.00%,72.0,278.0,12/5/2000 (24),SMU,,,,Black,RDE,DL
New York Giants,SS,1,Tyler Nubin,s:20~l:28~a:4430261,https://www.espn.com/nfl/player/_/id/4430261/tyler-nubin,Black,10000.00%,74.0,210.0,6/14/2001 (24),Minnesota,2024.0,"Rd 2, Pk 47",NYG,Black,SS,DB
New York Giants,LT,4,Jaison Williams,s:20~l:28~a:4430738,https://www.espn.com/nfl/player/_/id/4430738/jaison-williams,N/A (Scrape Failed),0.00%,,,N/A (Bio Scrape Failed),N/A (Bio Scrape Failed),,,,N/A (Scrape Failed),LT,OL
New York Giants,WR,4,Beaux Collins,s:20~l:28~a:4431210,https://www.espn.com/nfl/player/_/id/4431210/beaux-collins,Black,9999.99%,75.0,206.0,,Notre Dame,,,,Black,WR,WR
New York Giants,LG,2,Evan Neal,s:20~l:28~a:4567134,https://www.espn.com/nfl/player/_/id/4567134/evan-neal,Black,10000.00%,79.0,340.0,9/19/2000 (24),Alabama,2022.0,"Rd 1, Pk 7",NYG,Black,LG,OL
New York Giants,WR,1,Wan'Dale Robinson,s:20~l:28~a:4569587,https://www.espn.com/nfl/player/_/id/4569587/wandale-robinson,Black,9993.67%,68.0,185.0,1/5/2001 (24),Kentucky,2022.0,"Rd 2, Pk 43",NYG,Black,WR,WR
New York Giants,RB,4,Eric Gray,s:20~l:28~a:4570561,https://www.espn.com/nfl/player/_/id/4570561/eric-gray,Black,10000.00%,70.0,211.0,11/4/1999 (25),Oklahoma,2023.0,"Rd 5, Pk 172",NYG,Black,RB,RB
New York Giants,WR,4,Da'Quan Felton,s:20~l:28~a:4575348,https://www.espn.com/nfl/player/_/id/4575348/daquan-felton,Black,10000.00%,77.0,216.0,,Virginia Tech,,,,Black,WR,WR
New York Giants,WR,1,Malik Nabers,s:20~l:28~a:4595348,https://www.espn.com/nfl/player/_/id/4595348/malik-nabers,Black,10000.00%,72.0,200.0,7/28/2003 (21),LSU,2024.0,"Rd 1, Pk 6",NYG,Black,WR,WR
New York Giants,RG,2,Marcus Mbow,s:20~l:28~a:4686362,https://www.espn.com/nfl/player/_/id/4686362/marcus-mbow,Black,9557.86%,77.0,300.0,4/2/2003 (22),Purdue,2025.0,"Rd 5, Pk 154",NYG,Black,RG,OL
New York Giants,QB,3,Jaxson Dart,s:20~l:28~a:4689114,https://www.espn.com/nfl/player/_/id/4689114/jaxson-dart,White,8866.66%,74.0,223.0,5/13/2003 (22),Ole Miss,2025.0,"Rd 1, Pk 25",NYG,White,QB,QB
New York Giants,WR,2,Jalin Hyatt,s:20~l:28~a:4692590,https://www.espn.com/nfl/player/_/id/4692590/jalin-hyatt,Asian,2914.27%,72.0,185.0,9/25/2001 (23),Tennessee,2023.0,"Rd 3, Pk 73",NYG,Asian,WR,WR
New York Giants,WR,4,Antwane Wells Jr.,s:20~l:28~a:4696062,https://www.espn.com/nfl/player/_/id/4696062/antwane-wells-jr,Black,6255.27%,72.0,205.0,,Ole Miss,,,,Black,WR,WR
New York Giants,RB,3,Cam Skattebo,s:20~l:28~a:4696981,https://www.espn.com/nfl/player/_/id/4696981/cam-skattebo,White,9975.61%,71.0,215.0,2/5/2002 (23),Arizona St,2025.0,"Rd 4, Pk 105",NYG,White,RB,RB
New York Jets,QB,2,Tyrod Taylor,s:20~l:28~a:14163,https://www.espn.com/nfl/player/_/id/14163/tyrod-taylor,Black,10000.00%,73.0,217.0,8/3/1989 (35),VT,2011.0,"Rd 6, Pk 180",BAL,Black,QB,QB
New York Jets,WR,2,Tyler Johnson,s:20~l:28~a:2310331,https://www.espn.com/nfl/player/_/id/2310331/tyler-johnson,Black,9999.30%,73.0,208.0,8/25/1998 (26),Minnesota,2020.0,"Rd 5, Pk 161",TB,Black,WR,WR
New York Jets,WR,1,Josh Reynolds,s:20~l:28~a:3115306,https://www.espn.com/nfl/player/_/id/3115306/josh-reynolds,Asian,8049.56%,75.0,192.0,2/16/1995 (30),Texas A&M,2017.0,"Rd 4, Pk 117",LAR,Asian,WR,WR
New York Jets,LDT,1,Derrick Nnadi,s:20~l:28~a:3122930,https://www.espn.com/nfl/player/_/id/3122930/derrick-nnadi,Black,10000.00%,73.0,317.0,5/9/1996 (29),FSU,2018.0,"Rd 3, Pk 75",KC,Black,LDT,DL
New York Jets,FB,1,Andrew Beck,s:20~l:28~a:3125107,https://www.espn.com/nfl/player/_/id/3125107/andrew-beck,White,9999.49%,75.0,255.0,5/15/1996 (29),Texas,,,,White,FB,RB
New York Jets,WR,1,Allen Lazard,s:20~l:28~a:3128390,https://www.espn.com/nfl/player/_/id/3128390/allen-lazard,Black,4228.04%,77.0,227.0,12/11/1995 (29),Iowa State,,,,Black,WR,WR
New York Jets,RT,2,Chukwuma Okorafor,s:20~l:28~a:3129473,https://www.espn.com/nfl/player/_/id/3129473/chukwuma-okorafor,Black,9982.73%,78.0,320.0,8/8/1997 (27),W Michigan,2018.0,"Rd 3, Pk 92",PIT,Black,RT,OL
New York Jets,LDT,2,Byron Cowart,s:20~l:28~a:3916922,https://www.espn.com/nfl/player/_/id/3916922/byron-cowart,Black,9087.93%,75.0,300.0,5/20/1996 (29),Maryland,2019.0,"Rd 5, Pk 159",NE,Black,LDT,DL
New York Jets,WR,3,Irvin Charles,s:20~l:28~a:3929636,https://www.espn.com/nfl/player/_/id/3929636/irvin-charles,Black,10000.00%,76.0,219.0,4/13/1997 (28),Indiana PA,,,,Black,WR,WR
New York Jets,LG,1,John Simpson,s:20~l:28~a:4035479,https://www.espn.com/nfl/player/_/id/4035479/john-simpson,Black,9933.27%,76.0,330.0,8/19/1997 (27),Clemson,2020.0,"Rd 4, Pk 109",LV,Black,LG,OL
New York Jets,RB,4,Kene Nwangwu,s:20~l:28~a:4035537,https://www.espn.com/nfl/player/_/id/4035537/kene-nwangwu,Black,10000.00%,73.0,210.0,2/9/1998 (27),Iowa State,2021.0,"Rd 4, Pk 119",MIN,Black,RB,RB
New York Jets,LDE,4,Rashad Weaver,s:20~l:28~a:4036076,https://www.espn.com/nfl/player/_/id/4036076/rashad-weaver,Latino Hispanic,3475.87%,76.0,259.0,11/10/1997 (27),Pitt,2021.0,"Rd 4, Pk 135",TEN,Latino,LDE,DL
New York Jets,RDT,1,Quinnen Williams,s:20~l:28~a:4040982,https://www.espn.com/nfl/player/_/id/4040982/quinnen-williams,Black,10000.00%,75.0,303.0,12/20/1997 (27),Alabama,2019.0,"Rd 1, Pk 3",NYJ,Black,RDT,DL
New York Jets,WR,4,Pokey Wilson,s:20~l:28~a:4240033,https://www.espn.com/nfl/player/_/id/4240033/pokey-wilson,Black,9999.97%,72.0,175.0,8/12/1999 (25),Florida St,,,,Black,WR,WR
New York Jets,SS,1,Tony Adams,s:20~l:28~a:4240532,https://www.espn.com/nfl/player/_/id/4240532/tony-adams,Black,9969.72%,71.0,203.0,1/24/1999 (26),Illinois,,,,Black,SS,DB
New York Jets,WR,3,Brandon Smith,s:20~l:28~a:4240577,https://www.espn.com/nfl/player/_/id/4240577/brandon-smith,Black,10000.00%,73.0,218.0,12/10/1998 (26),Iowa,,,,Black,WR,WR
New York Jets,LT,2,Carter Warren,s:20~l:28~a:4240723,https://www.espn.com/nfl/player/_/id/4240723/carter-warren,Black,10000.00%,77.0,311.0,1/19/1999 (26),Pitt,2023.0,"Rd 4, Pk 120",NYJ,Black,LT,OL
New York Jets,RDE,2,Micheal Clemons,s:20~l:28~a:4240896,https://www.espn.com/nfl/player/_/id/4240896/micheal-clemons,Black,10000.00%,77.0,263.0,8/21/1997 (27),Texas A&M,2022.0,"Rd 4, Pk 117",NYJ,Black,RDE,DL
New York Jets,RG,3,Marquis Hayes,s:20~l:28~a:4241382,https://www.espn.com/nfl/player/_/id/4241382/marquis-hayes,Latino Hispanic,3244.40%,77.0,318.0,2/14/1999 (26),Oklahoma,2022.0,"Rd 7, Pk 257",ARI,Latino,RG,OL
New York Jets,LDT,3,Phidarian Mathis,s:20~l:28~a:4241468,https://www.espn.com/nfl/player/_/id/4241468/phidarian-mathis,Black,9999.86%,76.0,312.0,4/26/1998 (27),Alabama,2022.0,"Rd 2, Pk 47",WSH,Black,LDT,DL
New York Jets,C,2,Josh Myers,s:20~l:28~a:4242000,https://www.espn.com/nfl/player/_/id/4242000/josh-myers,White,9811.33%,77.0,310.0,7/16/1998 (26),Ohio State,2021.0,"Rd 2, Pk 62",GB,White,C,OL
New York Jets,LT,3,Obinna Eze,s:20~l:28~a:4243386,https://www.espn.com/nfl/player/_/id/4243386/obinna-eze,White,9376.10%,80.0,325.0,6/12/1998 (27),TCU,,,,White,LT,OL
New York Jets,TE,3,Stone Smartt,s:20~l:28~a:4250764,https://www.espn.com/nfl/player/_/id/4250764/stone-smartt,Latino Hispanic,3667.94%,76.0,226.0,10/4/1998 (26),Old Dominion,,,,Latino,TE,TE
New York Jets,LG,2,Xavier Newman,s:20~l:28~a:4259186,https://www.espn.com/nfl/player/_/id/4259186/xavier-newman,Black,6803.22%,74.0,297.0,8/4/1999 (25),Baylor,,,,Black,LG,OL
New York Jets,RG,1,Alijah Vera-Tucker,s:20~l:28~a:4259646,https://www.espn.com/nfl/player/_/id/4259646/alijah-vera-tucker,Latino Hispanic,2758.45%,77.0,308.0,6/17/1999 (26),USC,2021.0,"Rd 1, Pk 14",NYJ,Latino,RG,OL
New York Jets,RDT,2,Jay Tufele,s:20~l:28~a:4259647,https://www.espn.com/nfl/player/_/id/4259647/jay-tufele,Latino Hispanic,3038.83%,75.0,305.0,7/25/1999 (25),USC,2021.0,"Rd 4, Pk 106",JAX,Latino,RDT,DL
New York Jets,MLB,3,Jackson Sirmon,s:20~l:28~a:4361101,https://www.espn.com/nfl/player/_/id/4361101/jackson-sirmon,White,10000.00%,74.0,240.0,4/15/2000 (25),California,,,,White,MLB,LB
New York Jets,QB,3,Adrian Martinez,s:20~l:28~a:4361182,https://www.espn.com/nfl/player/_/id/4361182/adrian-martinez,Black,6062.33%,74.0,220.0,1/7/2000 (25),Kansas St,,,,Black,QB,QB
New York Jets,MLB,1,Jamien Sherwood,s:20~l:28~a:4361331,https://www.espn.com/nfl/player/_/id/4361331/jamien-sherwood,Black,9987.52%,74.0,216.0,1/12/2000 (25),Auburn,2021.0,"Rd 5, Pk 146",NYJ,Black,MLB,LB
New York Jets,TE,2,Jeremy Ruckert,s:20~l:28~a:4361372,https://www.espn.com/nfl/player/_/id/4361372/jeremy-ruckert,Middle Eastern,5477.78%,77.0,250.0,8/11/2000 (24),Ohio State,2022.0,"Rd 3, Pk 101",NYJ,Middle Eastern,TE,TE
New York Jets,TE,4,Zack Kuntz,s:20~l:28~a:4361417,https://www.espn.com/nfl/player/_/id/4361417/zack-kuntz,White,4597.73%,80.0,251.0,6/6/1999 (26),Old Dominion,2023.0,"Rd 7, Pk 220",NYJ,White,TE,TE
New York Jets,LDE,1,Will McDonald IV,s:20~l:28~a:4361767,https://www.espn.com/nfl/player/_/id/4361767/will-mcdonald-iv,Black,10000.00%,76.0,245.0,6/4/1999 (26),Iowa State,2023.0,"Rd 1, Pk 15",NYJ,Black,LDE,DL
New York Jets,FS,1,Andre Cisco,s:20~l:28~a:4361939,https://www.espn.com/nfl/player/_/id/4361939/andre-cisco,Asian,3460.94%,72.0,210.0,3/23/2000 (25),Syracuse,2021.0,"Rd 3, Pk 65",JAX,Asian,FS,DB
New York Jets,QB,1,Justin Fields,s:20~l:28~a:4362887,https://www.espn.com/nfl/player/_/id/4362887/justin-fields,Black,9999.82%,75.0,227.0,3/5/1999 (26),Ohio State,2021.0,"Rd 1, Pk 11",CHI,Black,QB,QB
New York Jets,RG,2,Max Mitchell,s:20~l:28~a:4373656,https://www.espn.com/nfl/player/_/id/4373656/max-mitchell,White,5652.14%,78.0,307.0,10/12/1999 (25),Louisiana,2022.0,"Rd 4, Pk 111",NYJ,White,RG,OL
New York Jets,LG,3,Kohl Levao,s:20~l:28~a:4373951,https://www.espn.com/nfl/player/_/id/4373951/kohl-levao,Black,4141.88%,78.0,350.0,2/21/1998 (27),Hawai’i,,,,Black,LG,OL
New York Jets,MLB,4,Jared Bartlett,s:20~l:28~a:4426646,https://www.espn.com/nfl/player/_/id/4426646/jared-bartlett,White,8242.99%,74.0,237.0,,Cincinnati,,,,White,MLB,LB
New York Jets,FS,3,Dean Clark,s:20~l:28~a:4426921,https://www.espn.com/nfl/player/_/id/4426921/dean-clark,White,9487.00%,73.0,206.0,,Fresno St,,,,White,FS,DB
New York Jets,WR,3,Xavier Gipson,s:20~l:28~a:4427278,https://www.espn.com/nfl/player/_/id/4427278/xavier-gipson,Black,9689.81%,69.0,189.0,3/8/2001 (24),SF Austin,,,,Black,WR,WR
New York Jets,RB,1,Breece Hall,s:20~l:28~a:4427366,https://www.espn.com/nfl/player/_/id/4427366/breece-hall,Black,10000.00%,71.0,217.0,5/31/2001 (24),Iowa State,2022.0,"Rd 2, Pk 36",NYJ,Black,RB,RB
New York Jets,C,1,Joe Tippmann,s:20~l:28~a:4428681,https://www.espn.com/nfl/player/_/id/4428681/joe-tippmann,White,7646.67%,78.0,313.0,3/24/2001 (24),Wisconsin,2023.0,"Rd 2, Pk 43",NYJ,White,C,OL
New York Jets,RDE,3,Braiden McGregor,s:20~l:28~a:4429005,https://www.espn.com/nfl/player/_/id/4429005/braiden-mcgregor,White,9999.50%,78.0,267.0,7/12/2001 (23),Michigan,,,,White,RDE,DL
New York Jets,WR,2,Arian Smith,s:20~l:28~a:4429105,https://www.espn.com/nfl/player/_/id/4429105/arian-smith,Black,9999.99%,72.0,179.0,10/11/2001 (23),Georgia,2025.0,"Rd 4, Pk 110",NYJ,Black,WR,WR
New York Jets,QB,4,Brady Cook,s:20~l:28~a:4429435,https://www.espn.com/nfl/player/_/id/4429435/brady-cook,White,7355.89%,74.0,215.0,10/12/2001 (23),Missouri,,,,White,QB,QB
New York Jets,SS,3,Jarius Monroe,s:20~l:28~a:4430182,https://www.espn.com/nfl/player/_/id/4430182/jarius-monroe,Black,10000.00%,74.0,205.0,10/6/2000 (24),Tulane,,,,Black,SS,DB
New York Jets,RDT,4,Payton Page,s:20~l:28~a:4431582,https://www.espn.com/nfl/player/_/id/4431582/payton-page,Black,9093.08%,76.0,300.0,,Clemson,,,,Black,RDT,DL
New York Jets,RDT,3,Leonard Taylor III,s:20~l:28~a:4431598,https://www.espn.com/nfl/player/_/id/4431598/leonard-taylor-iii,Black,7480.87%,75.0,305.0,5/29/2002 (23),Miami,,,,Black,RDT,DL
New York Jets,LT,1,Olu Fashanu,s:20~l:28~a:4431809,https://www.espn.com/nfl/player/_/id/4431809/olu-fashanu,Black,10000.00%,78.0,312.0,12/9/2002 (22),Penn State,2024.0,"Rd 1, Pk 11",NYJ,Black,LT,OL
New York Jets,C,3,Gus Hartwig,s:20~l:28~a:4432237,https://www.espn.com/nfl/player/_/id/4432237/gus-hartwig,White,9507.52%,77.0,312.0,,Purdue,,,,White,C,OL
New York Jets,LDT,4,Fatorma Mulbah,s:20~l:28~a:4565309,https://www.espn.com/nfl/player/_/id/4565309/fatorma-mulbah,White,4021.77%,76.0,306.0,,West Virginia,,,,White,LDT,DL
New York Jets,FS,2,Jaylin Simpson,s:20~l:28~a:4567225,https://www.espn.com/nfl/player/_/id/4567225/jaylin-simpson,Black,9999.02%,72.0,179.0,3/17/2000 (25),Auburn,2024.0,"Rd 5, Pk 164",IND,Black,FS,DB
New York Jets,RDE,4,Ja'Markis Weston,s:20~l:28~a:4567416,https://www.espn.com/nfl/player/_/id/4567416/jamarkis-weston,Black,10000.00%,74.0,235.0,,Florida,,,,Black,RDE,DL
New York Jets,RDE,1,Jermaine Johnson,s:20~l:28~a:4567962,https://www.espn.com/nfl/player/_/id/4567962/jermaine-johnson,Asian,3277.32%,77.0,254.0,1/7/1999 (26),Florida St,2022.0,"Rd 1, Pk 26",NYJ,Asian,RDE,DL
New York Jets,LDE,3,Eric Watts,s:20~l:28~a:4569016,https://www.espn.com/nfl/player/_/id/4569016/eric-watts,Black,9999.57%,77.0,277.0,10/1/2000 (24),UConn,,,,Black,LDE,DL
New York Jets,WR,1,Garrett Wilson,s:20~l:28~a:4569618,https://www.espn.com/nfl/player/_/id/4569618/garrett-wilson,Black,9999.69%,72.0,183.0,7/22/2000 (24),Ohio State,2022.0,"Rd 1, Pk 10",NYJ,Black,WR,WR
New York Jets,WR,2,Malachi Corley,s:20~l:28~a:4613104,https://www.espn.com/nfl/player/_/id/4613104/malachi-corley,Black,9999.99%,71.0,215.0,3/21/2002 (23),Western KY,2024.0,"Rd 3, Pk 65",NYJ,Black,WR,WR
New York Jets,RB,2,Braelon Allen,s:20~l:28~a:4685247,https://www.espn.com/nfl/player/_/id/4685247/braelon-allen,Black,3604.16%,73.0,235.0,1/20/2004 (21),Wisconsin,2024.0,"Rd 4, Pk 134",NYJ,Black,RB,RB
New York Jets,SS,2,Malachi Moore,s:20~l:28~a:4692024,https://www.espn.com/nfl/player/_/id/4692024/malachi-moore,Black,9997.79%,71.0,196.0,9/13/2001 (23),Alabama,2025.0,"Rd 4, Pk 130",NYJ,Black,SS,DB
New York Jets,LDE,2,Tyler Baron,s:20~l:28~a:4692555,https://www.espn.com/nfl/player/_/id/4692555/tyler-baron,White,4276.99%,76.0,258.0,10/22/2001 (23),Miami,2025.0,"Rd 5, Pk 176",NYJ,White,LDE,DL
New York Jets,RB,3,Isaiah Davis,s:20~l:28~a:4695404,https://www.espn.com/nfl/player/_/id/4695404/isaiah-davis,Asian,9502.23%,73.0,220.0,2/21/2002 (23),S Dakota St,2024.0,"Rd 5, Pk 173",NYJ,Asian,RB,RB
New York Jets,MLB,2,Francisco Mauigoa,s:20~l:28~a:4700136,https://www.espn.com/nfl/player/_/id/4700136/francisco-mauigoa,Asian,5170.69%,74.0,233.0,3/17/2003 (22),Miami,2025.0,"Rd 5, Pk 162",NYJ,Asian,MLB,LB
New York Jets,RG,4,Leander Wiegand,s:20~l:28~a:4705711,https://www.espn.com/nfl/player/_/id/4705711/leander-wiegand,White,7552.77%,77.0,291.0,,UCF,,,,White,RG,OL
New York Jets,WR,4,Dymere Miller,s:20~l:28~a:4775266,https://www.espn.com/nfl/player/_/id/4775266/dymere-miller,Black,9693.42%,71.0,184.0,,Rutgers,,,,Black,WR,WR
New York Jets,RT,1,Armand Membou,s:20~l:28~a:4789907,https://www.espn.com/nfl/player/_/id/4789907/armand-membou,Black,10000.00%,76.0,332.0,3/27/2004 (21),Missouri,2025.0,"Rd 1, Pk 7",NYJ,Black,RT,OL
New York Jets,TE,1,Mason Taylor,s:20~l:28~a:4808766,https://www.espn.com/nfl/player/_/id/4808766/mason-taylor,White,8931.78%,77.0,251.0,5/8/2004 (21),LSU,2025.0,"Rd 2, Pk 42",NYJ,White,TE,TE
New York Jets,WR,4,Jamaal Pritchett,s:20~l:28~a:4892576,https://www.espn.com/nfl/player/_/id/4892576/jamaal-pritchett,Black,10000.00%,68.0,175.0,,South Alabama,,,,Black,WR,WR
Philadelphia Eagles,RT,1,Lane Johnson,s:20~l:28~a:15797,https://www.espn.com/nfl/player/_/id/15797/lane-johnson,White,9344.58%,78.0,325.0,5/8/1990 (35),Oklahoma,2013.0,"Rd 1, Pk 4",PHI,White,RT,OL
Philadelphia Eagles,RT,2,Kendall Lamm,s:20~l:28~a:2509370,https://www.espn.com/nfl/player/_/id/2509370/kendall-lamm,White,3838.48%,78.0,305.0,6/5/1992 (33),Appalachian St,,,,White,RT,OL
Philadelphia Eagles,NT,1,Jordan Davis,s:20~l:28~a:3043133,https://www.espn.com/nfl/player/_/id/3043133/jordan-davis,N/A (Scrape Failed),0.00%,,,N/A (Bio Scrape Failed),N/A (Bio Scrape Failed),,,,N/A (Scrape Failed),NT,DL
Philadelphia Eagles,RG,2,Matt Pryor,s:20~l:28~a:3055886,https://www.espn.com/nfl/player/_/id/3055886/matt-pryor,Latino Hispanic,6589.90%,79.0,332.0,12/16/1994 (30),TCU,2018.0,"Rd 6, Pk 206",PHI,Latino,RG,OL
Philadelphia Eagles,TE,1,Dallas Goedert,s:20~l:28~a:3121023,https://www.espn.com/nfl/player/_/id/3121023/dallas-goedert,White,8585.17%,77.0,256.0,1/3/1995 (30),South Dakota St,2018.0,"Rd 2, Pk 49",PHI,White,TE,TE
Philadelphia Eagles,C,3,Brett Toth,s:20~l:28~a:3129116,https://www.espn.com/nfl/player/_/id/3129116/brett-toth,White,4133.06%,78.0,304.0,9/1/1996 (28),Army,,,,White,C,OL
Philadelphia Eagles,RB,1,Saquon Barkley,s:20~l:28~a:3929630,https://www.espn.com/nfl/player/_/id/3929630/saquon-barkley,Black,9968.33%,72.0,233.0,2/9/1997 (28),Penn State,2018.0,"Rd 1, Pk 2",NYG,Black,RB,RB
Philadelphia Eagles,LG,1,Landon Dickerson,s:20~l:28~a:4035624,https://www.espn.com/nfl/player/_/id/4035624/landon-dickerson,White,9350.67%,78.0,332.0,9/30/1998 (26),Alabama,2021.0,"Rd 2, Pk 37",PHI,White,LG,OL
Philadelphia Eagles,TE,3,Kylen Granson,s:20~l:28~a:4039160,https://www.espn.com/nfl/player/_/id/4039160/kylen-granson,Black,5549.34%,75.0,242.0,3/27/1998 (27),SMU,2021.0,"Rd 4, Pk 127",IND,Black,TE,TE
Philadelphia Eagles,QB,1,Jalen Hurts,s:20~l:28~a:4040715,https://www.espn.com/nfl/player/_/id/4040715/jalen-hurts,Black,9873.72%,73.0,223.0,8/7/1998 (26),Oklahoma,2020.0,"Rd 2, Pk 53",PHI,Black,QB,QB
Philadelphia Eagles,TE,4,Harrison Bryant,s:20~l:28~a:4040774,https://www.espn.com/nfl/player/_/id/4040774/harrison-bryant,White,7202.03%,77.0,243.0,4/23/1998 (27),FAU,2020.0,"Rd 4, Pk 115",CLE,White,TE,TE
Philadelphia Eagles,WR,1,A.J. Brown,s:20~l:28~a:4047646,https://www.espn.com/nfl/player/_/id/4047646/aj-brown,Black,10000.00%,73.0,226.0,6/30/1997 (27),Ole Miss,2019.0,"Rd 2, Pk 51",TEN,Black,WR,WR
Philadelphia Eagles,RB,4,Avery Williams,s:20~l:28~a:4048259,https://www.espn.com/nfl/player/_/id/4048259/avery-williams,Latino Hispanic,3989.03%,69.0,195.0,7/15/1998 (26),Boise St,2021.0,"Rd 5, Pk 183",ATL,Latino,RB,RB
Philadelphia Eagles,RB,3,AJ Dillon,s:20~l:28~a:4239934,https://www.espn.com/nfl/player/_/id/4239934/aj-dillon,Black,9999.99%,72.0,247.0,5/2/1998 (27),Boston College,2020.0,"Rd 2, Pk 62",GB,Black,RB,RB
Philadelphia Eagles,TE,2,Grant Calcaterra,s:20~l:28~a:4241374,https://www.espn.com/nfl/player/_/id/4241374/grant-calcaterra,White,6900.36%,76.0,240.0,12/4/1998 (26),SMU,2022.0,"Rd 6, Pk 198",PHI,White,TE,TE
Philadelphia Eagles,WR,1,DeVonta Smith,s:20~l:28~a:4241478,https://www.espn.com/nfl/player/_/id/4241478/devonta-smith,Black,10000.00%,72.0,170.0,11/14/1998 (26),Alabama,2021.0,"Rd 1, Pk 10",PHI,Black,WR,WR
Philadelphia Eagles,WR,3,Elijah Cooks,s:20~l:28~a:4241588,https://www.espn.com/nfl/player/_/id/4241588/elijah-cooks,Latino Hispanic,2830.78%,76.0,215.0,10/13/1998 (26),San José St,,,,Latino,WR,WR
Philadelphia Eagles,SS,1,Reed Blankenship,s:20~l:28~a:4243956,https://www.espn.com/nfl/player/_/id/4243956/reed-blankenship,White,9975.28%,73.0,203.0,3/2/1999 (26),MTSU,,,,White,SS,DB
Philadelphia Eagles,FS,2,Tristin McCollum,s:20~l:28~a:4250393,https://www.espn.com/nfl/player/_/id/4250393/tristin-mccollum,Latino Hispanic,3845.76%,75.0,195.0,5/3/1999 (26),Sam Houston,,,,Latino,FS,DB
Philadelphia Eagles,FS,3,Andre' Sam,s:20~l:28~a:4250510,https://www.espn.com/nfl/player/_/id/4250510/andre-sam,Black,6003.91%,70.0,194.0,2/9/1999 (26),LSU,,,,Black,FS,DB
Philadelphia Eagles,LT,1,Jordan Mailata,s:20~l:28~a:4334215,https://www.espn.com/nfl/player/_/id/4334215/jordan-mailata,Black,4115.25%,80.0,365.0,3/31/1997 (28),,2018.0,"Rd 7, Pk 233",PHI,Black,LT,OL
Philadelphia Eagles,SS,2,Sydney Brown,s:20~l:28~a:4360386,https://www.espn.com/nfl/player/_/id/4360386/sydney-brown,Latino Hispanic,3143.74%,70.0,211.0,3/21/2000 (25),Illinois,2023.0,"Rd 3, Pk 66",PHI,Latino,SS,DB
Philadelphia Eagles,NT,2,Thomas Booker IV,s:20~l:28~a:4360749,https://www.espn.com/nfl/player/_/id/4360749/thomas-booker-iv,Black,9999.93%,75.0,301.0,11/11/1999 (25),Stanford,2022.0,"Rd 5, Pk 150",HOU,Black,NT,DL
Philadelphia Eagles,C,1,Cam Jurgens,s:20~l:28~a:4361178,https://www.espn.com/nfl/player/_/id/4361178/cam-jurgens,White,6947.76%,75.0,303.0,8/21/1999 (25),Nebraska,2022.0,"Rd 2, Pk 51",PHI,White,C,OL
Philadelphia Eagles,WR,1,Jahan Dotson,s:20~l:28~a:4361409,https://www.espn.com/nfl/player/_/id/4361409/jahan-dotson,Black,9299.60%,71.0,184.0,3/22/2000 (25),Penn State,2022.0,"Rd 1, Pk 16",WSH,Black,WR,WR
Philadelphia Eagles,LDE,1,Moro Ojomo,s:20~l:28~a:4362116,https://www.espn.com/nfl/player/_/id/4362116/moro-ojomo,Black,4011.54%,75.0,292.0,8/15/2001 (23),Texas,2023.0,"Rd 7, Pk 249",PHI,Black,LDE,DL
Philadelphia Eagles,RT,4,Darian Kinnard,s:20~l:28~a:4362611,https://www.espn.com/nfl/player/_/id/4362611/darian-kinnard,Indian,3788.19%,77.0,322.0,12/29/1999 (25),Kentucky,2022.0,"Rd 5, Pk 145",KC,Asian,RT,OL
Philadelphia Eagles,WR,2,Terrace Marshall Jr.,s:20~l:28~a:4362630,https://www.espn.com/nfl/player/_/id/4362630/terrace-marshall-jr,Black,10000.00%,74.0,200.0,6/9/2000 (25),LSU,2021.0,"Rd 2, Pk 59",CAR,Black,WR,WR
Philadelphia Eagles,RG,1,Tyler Steen,s:20~l:28~a:4362805,https://www.espn.com/nfl/player/_/id/4362805/tyler-steen,Black,9955.56%,78.0,321.0,6/24/2000 (24),Alabama,2023.0,"Rd 3, Pk 65",PHI,Black,RG,OL
Philadelphia Eagles,QB,3,Dorian Thompson-Robinson,s:20~l:28~a:4367178,https://www.espn.com/nfl/player/_/id/4367178/dorian-thompson-robinson,Black,10000.00%,74.0,203.0,11/14/1999 (25),UCLA,2023.0,"Rd 5, Pk 140",CLE,Black,QB,QB
Philadelphia Eagles,LG,2,Kenyon Green,s:20~l:28~a:4426327,https://www.espn.com/nfl/player/_/id/4426327/kenyon-green,Black,10000.00%,76.0,323.0,3/15/2001 (24),Texas A&M,2022.0,"Rd 1, Pk 15",HOU,Black,LG,OL
Philadelphia Eagles,SS,3,Lewis Cine,s:20~l:28~a:4426536,https://www.espn.com/nfl/player/_/id/4426536/lewis-cine,Black,10000.00%,74.0,199.0,10/5/1999 (25),Georgia,2022.0,"Rd 1, Pk 32",MIN,Black,SS,DB
Philadelphia Eagles,LG,3,Trevor Keegan,s:20~l:28~a:4427140,https://www.espn.com/nfl/player/_/id/4427140/trevor-keegan,White,9990.02%,77.0,306.0,8/30/2000 (24),Michigan,2024.0,"Rd 5, Pk 172",PHI,White,LG,OL
Philadelphia Eagles,WR,4,Giles Jackson,s:20~l:28~a:4427569,https://www.espn.com/nfl/player/_/id/4427569/giles-jackson,Black,10000.00%,69.0,187.0,12/11/2001 (23),Washington,,,,Black,WR,WR
Philadelphia Eagles,WR,2,Ainias Smith,s:20~l:28~a:4428532,https://www.espn.com/nfl/player/_/id/4428532/ainias-smith,Black,9542.78%,69.0,176.0,5/31/2001 (24),Texas A&M,2024.0,"Rd 5, Pk 152",PHI,Black,WR,WR
Philadelphia Eagles,LT,2,Myles Hinton,s:20~l:28~a:4429000,https://www.espn.com/nfl/player/_/id/4429000/myles-hinton,Black,10000.00%,78.0,323.0,1/9/2002 (23),Michigan,2025.0,"Rd 6, Pk 191",PHI,Black,LT,OL
Philadelphia Eagles,RDE,3,Gabe Hall,s:20~l:28~a:4429731,https://www.espn.com/nfl/player/_/id/4429731/gabe-hall,Black,10000.00%,78.0,295.0,1/12/2001 (24),Baylor,,,,Black,RDE,DL
Philadelphia Eagles,SS,4,Maxen Hook,s:20~l:28~a:4431145,https://www.espn.com/nfl/player/_/id/4431145/maxen-hook,White,7657.33%,72.0,202.0,,Toledo,,,,White,SS,DB
Philadelphia Eagles,RB,2,Will Shipley,s:20~l:28~a:4431545,https://www.espn.com/nfl/player/_/id/4431545/will-shipley,White,9687.42%,71.0,209.0,8/29/2002 (22),Clemson,2024.0,"Rd 4, Pk 127",PHI,White,RB,RB
Philadelphia Eagles,RG,3,Marcus Tate,s:20~l:28~a:4431576,https://www.espn.com/nfl/player/_/id/4431576/marcus-tate,Latino Hispanic,4655.12%,77.0,321.0,,Clemson,,,,Latino,RG,OL
Philadelphia Eagles,QB,4,Kyle McCord,s:20~l:28~a:4433971,https://www.espn.com/nfl/player/_/id/4433971/kyle-mccord,White,7584.75%,75.0,218.0,9/19/2002 (22),Syracuse,2025.0,"Rd 6, Pk 181",PHI,White,QB,QB
Philadelphia Eagles,WR,3,Taylor Morin,s:20~l:28~a:4567044,https://www.espn.com/nfl/player/_/id/4567044/taylor-morin,White,9999.97%,71.0,185.0,,Wake Forest,,,,White,WR,WR
Philadelphia Eagles,RDE,2,Byron Young,s:20~l:28~a:4567123,https://www.espn.com/nfl/player/_/id/4567123/byron-young,Black,9999.97%,75.0,292.0,11/10/2000 (24),Alabama,2023.0,"Rd 3, Pk 70",LV,Black,RDE,DL
Philadelphia Eagles,C,2,Drew Kendall,s:20~l:28~a:4567802,https://www.espn.com/nfl/player/_/id/4567802/drew-kendall,White,9447.43%,76.0,308.0,11/27/2001 (23),Boston College,2025.0,"Rd 5, Pk 168",PHI,White,C,OL
Philadelphia Eagles,LDE,2,Ty Robinson,s:20~l:28~a:4569586,https://www.espn.com/nfl/player/_/id/4569586/ty-robinson,White,4721.32%,77.0,288.0,5/3/2001 (24),Nebraska,2025.0,"Rd 4, Pk 111",PHI,White,LDE,DL
Philadelphia Eagles,FS,1,Andrew Mukuba,s:20~l:28~a:4602197,https://www.espn.com/nfl/player/_/id/4602197/andrew-mukuba,Black,9915.14%,71.0,186.0,12/7/2002 (22),Texas,2025.0,"Rd 2, Pk 64",PHI,Black,FS,DB
Philadelphia Eagles,QB,2,Tanner McKee,s:20~l:28~a:4685201,https://www.espn.com/nfl/player/_/id/4685201/tanner-mckee,White,6652.86%,78.0,231.0,4/27/2000 (25),Stanford,2023.0,"Rd 6, Pk 188",PHI,White,QB,QB
Philadelphia Eagles,RT,3,Cameron Williams,s:20~l:28~a:4685590,https://www.espn.com/nfl/player/_/id/4685590/cameron-williams,Black,10000.00%,77.0,317.0,10/16/2003 (21),Texas,2025.0,"Rd 6, Pk 207",PHI,Black,RT,OL
Philadelphia Eagles,RDE,1,Jalen Carter,s:20~l:28~a:4685759,https://www.espn.com/nfl/player/_/id/4685759/jalen-carter,White,4681.27%,75.0,314.0,4/4/2001 (24),Georgia,2023.0,"Rd 1, Pk 9",PHI,White,RDE,DL
Philadelphia Eagles,WR,2,Johnny Wilson,s:20~l:28~a:4686104,https://www.espn.com/nfl/player/_/id/4686104/johnny-wilson,Asian,5618.96%,78.0,228.0,4/3/2001 (24),Florida St,2024.0,"Rd 6, Pk 185",PHI,Asian,WR,WR
Philadelphia Eagles,WR,3,Danny Gray,s:20~l:28~a:4689546,https://www.espn.com/nfl/player/_/id/4689546/danny-gray,Black,9994.76%,72.0,200.0,4/1/1999 (26),SMU,2022.0,"Rd 3, Pk 105",SF,Black,WR,WR
Philadelphia Eagles,LT,3,Hollin Pierce,s:20~l:28~a:4698119,https://www.espn.com/nfl/player/_/id/4698119/hollin-pierce,Black,10000.00%,80.0,341.0,,Rutgers,,,,Black,LT,OL
Philadelphia Eagles,WR,4,Darius Cooper,s:20~l:28~a:4715355,https://www.espn.com/nfl/player/_/id/4715355/darius-cooper,Black,9999.42%,71.0,210.0,,Tarleton St,,,,Black,WR,WR
Philadelphia Eagles,LT,4,Laekin Vakalahi,s:20~l:28~a:5211218,https://www.espn.com/nfl/player/_/id/5211218/laekin-vakalahi,Asian,2854.15%,77.0,320.0,1/28/2003 (22),,,,,Asian,LT,OL
Pittsburgh Steelers,RDE,1,Cameron Heyward,s:20~l:28~a:13977,https://www.espn.com/nfl/player/_/id/13977/cameron-heyward,Middle Eastern,3019.94%,77.0,295.0,5/6/1989 (36),Ohio State,2011.0,"Rd 1, Pk 31",PIT,Middle Eastern,RDE,DL
Pittsburgh Steelers,WR,1,Robert Woods,s:20~l:28~a:15880,https://www.espn.com/nfl/player/_/id/15880/robert-woods,Black,9998.35%,72.0,190.0,4/10/1992 (33),USC,2013.0,"Rd 2, Pk 41",BUF,Black,WR,WR
Pittsburgh Steelers,SS,2,Miles Killebrew,s:20~l:28~a:2575164,https://www.espn.com/nfl/player/_/id/2575164/miles-killebrew,Latino Hispanic,3171.94%,74.0,222.0,5/10/1993 (32),Southern Utah,2016.0,"Rd 4, Pk 111",DET,Latino,SS,DB
Pittsburgh Steelers,RDE,3,Dean Lowry,s:20~l:28~a:2974348,https://www.espn.com/nfl/player/_/id/2974348/dean-lowry,White,9803.47%,78.0,296.0,6/9/1994 (31),Northwestern,2016.0,"Rd 4, Pk 137",GB,White,RDE,DL
Pittsburgh Steelers,LG,1,Isaac Seumalo,s:20~l:28~a:2978247,https://www.espn.com/nfl/player/_/id/2978247/isaac-seumalo,Latino Hispanic,3675.36%,76.0,303.0,10/29/1993 (31),Oregon State,2016.0,"Rd 3, Pk 79",PHI,Latino,LG,OL
Pittsburgh Steelers,RDE,2,Daniel Ekuale,s:20~l:28~a:3052059,https://www.espn.com/nfl/player/_/id/3052059/daniel-ekuale,Black,9983.22%,75.0,300.0,1/3/1994 (31),Washington St,,,,Black,RDE,DL
Pittsburgh Steelers,QB,2,Mason Rudolph,s:20~l:28~a:3116407,https://www.espn.com/nfl/player/_/id/3116407/mason-rudolph,White,8033.28%,77.0,235.0,7/17/1995 (29),Oklahoma State,2018.0,"Rd 3, Pk 76",PIT,White,QB,QB
Pittsburgh Steelers,RT,2,Calvin Anderson,s:20~l:28~a:3123867,https://www.espn.com/nfl/player/_/id/3123867/calvin-anderson,Black,10000.00%,77.0,300.0,3/25/1996 (29),Texas,,,,Black,RT,OL
Pittsburgh Steelers,RG,2,Max Scharping,s:20~l:28~a:3126035,https://www.espn.com/nfl/player/_/id/3126035/max-scharping,White,9182.40%,78.0,327.0,8/10/1996 (28),N Illinois,2019.0,"Rd 2, Pk 55",HOU,White,RG,OL
Pittsburgh Steelers,WR,2,Scotty Miller,s:20~l:28~a:3914397,https://www.espn.com/nfl/player/_/id/3914397/scotty-miller,White,9985.11%,69.0,174.0,7/31/1997 (27),Bowling Green,2019.0,"Rd 6, Pk 208",TB,White,WR,WR
Pittsburgh Steelers,FS,2,Juan Thornhill,s:20~l:28~a:3917909,https://www.espn.com/nfl/player/_/id/3917909/juan-thornhill,Black,10000.00%,72.0,205.0,10/19/1995 (29),UVA,2019.0,"Rd 2, Pk 63",KC,Black,FS,DB
Pittsburgh Steelers,FS,1,Minkah Fitzpatrick,s:20~l:28~a:3925345,https://www.espn.com/nfl/player/_/id/3925345/minkah-fitzpatrick,Latino Hispanic,3416.24%,73.0,207.0,11/17/1996 (28),Alabama,2018.0,"Rd 1, Pk 11",MIA,Latino,FS,DB
Pittsburgh Steelers,SS,1,DeShon Elliott,s:20~l:28~a:3929846,https://www.espn.com/nfl/player/_/id/3929846/deshon-elliott,Black,9983.21%,72.0,210.0,4/21/1997 (28),Texas,2018.0,"Rd 6, Pk 190",BAL,Black,SS,DB
Pittsburgh Steelers,WR,3,Brandon Johnson,s:20~l:28~a:4035198,https://www.espn.com/nfl/player/_/id/4035198/brandon-johnson,Black,10000.00%,74.0,195.0,7/26/1998 (26),UCF,,,,Black,WR,WR
Pittsburgh Steelers,C,2,Ryan McCollum,s:20~l:28~a:4035253,https://www.espn.com/nfl/player/_/id/4035253/ryan-mccollum,White,8980.58%,77.0,300.0,3/4/1998 (27),Texas A&M,,,,White,C,OL
Pittsburgh Steelers,WR,2,Ben Skowronek,s:20~l:28~a:4035656,https://www.espn.com/nfl/player/_/id/4035656/ben-skowronek,White,9844.66%,75.0,224.0,6/27/1997 (27),Notre Dame,2021.0,"Rd 7, Pk 249",LAR,White,WR,WR
Pittsburgh Steelers,LDE,2,Isaiahh Loudermilk,s:20~l:28~a:4035798,https://www.espn.com/nfl/player/_/id/4035798/isaiahh-loudermilk,Black,4815.35%,79.0,293.0,10/10/1997 (27),Wisconsin,2021.0,"Rd 5, Pk 156",PIT,Black,LDE,DL
Pittsburgh Steelers,QB,4,Skylar Thompson,s:20~l:28~a:4036419,https://www.espn.com/nfl/player/_/id/4036419/skylar-thompson,White,9683.39%,74.0,219.0,6/4/1997 (28),Kansas St,2022.0,"Rd 7, Pk 247",MIA,White,QB,QB
Pittsburgh Steelers,WR,1,DK Metcalf,s:20~l:28~a:4047650,https://www.espn.com/nfl/player/_/id/4047650/dk-metcalf,Black,10000.00%,76.0,229.0,12/14/1997 (27),Ole Miss,2019.0,"Rd 2, Pk 64",SEA,Black,WR,WR
Pittsburgh Steelers,LDE,4,Esezi Otomewo,s:20~l:28~a:4240759,https://www.espn.com/nfl/player/_/id/4240759/esezi-otomewo,Black,10000.00%,77.0,282.0,3/9/1999 (26),Minnesota,2022.0,"Rd 5, Pk 165",MIN,Black,LDE,DL
Pittsburgh Steelers,RB,4,Trey Sermon,s:20~l:28~a:4241401,https://www.espn.com/nfl/player/_/id/4241401/trey-sermon,Black,10000.00%,72.0,215.0,1/30/1999 (26),Ohio State,2021.0,"Rd 3, Pk 88",SF,Black,RB,RB
Pittsburgh Steelers,FB,1,Connor Heyward,s:20~l:28~a:4241961,https://www.espn.com/nfl/player/_/id/4241961/connor-heyward,White,4919.05%,72.0,230.0,1/22/1999 (26),Michigan State,2022.0,"Rd 6, Pk 208",PIT,White,FB,RB
Pittsburgh Steelers,WR,1,Calvin Austin III,s:20~l:28~a:4243389,https://www.espn.com/nfl/player/_/id/4243389/calvin-austin-iii,Black,9999.98%,69.0,162.0,3/24/1999 (26),Memphis,2022.0,"Rd 4, Pk 138",PIT,Black,WR,WR
Pittsburgh Steelers,WR,3,Lance McCutcheon,s:20~l:28~a:4247812,https://www.espn.com/nfl/player/_/id/4247812/lance-mccutcheon,Asian,3794.28%,75.0,202.0,2/28/1999 (26),Montana St,,,,Asian,WR,WR
Pittsburgh Steelers,TE,1,Pat Freiermuth,s:20~l:28~a:4361411,https://www.espn.com/nfl/player/_/id/4361411/pat-freiermuth,White,6723.70%,77.0,258.0,10/25/1998 (26),Penn State,2021.0,"Rd 2, Pk 55",PIT,White,TE,TE
Pittsburgh Steelers,RG,1,Mason McCormick,s:20~l:28~a:4368304,https://www.espn.com/nfl/player/_/id/4368304/mason-mccormick,White,9914.26%,77.0,315.0,5/25/2000 (25),S Dakota St,2024.0,"Rd 4, Pk 119",PIT,White,RG,OL
Pittsburgh Steelers,FS,3,Quindell Johnson,s:20~l:28~a:4371731,https://www.espn.com/nfl/player/_/id/4371731/quindell-johnson,Black,10000.00%,72.0,208.0,11/5/1999 (25),Memphis,,,,Black,FS,DB
Pittsburgh Steelers,RB,3,Kenneth Gainwell,s:20~l:28~a:4371733,https://www.espn.com/nfl/player/_/id/4371733/kenneth-gainwell,Black,9999.95%,69.0,200.0,3/14/1999 (26),Memphis,2021.0,"Rd 5, Pk 150",PHI,Black,RB,RB
Pittsburgh Steelers,LG,2,Spencer Anderson,s:20~l:28~a:4372056,https://www.espn.com/nfl/player/_/id/4372056/spencer-anderson,Black,9404.40%,77.0,305.0,6/7/2000 (25),Maryland,2023.0,"Rd 7, Pk 251",PIT,Black,LG,OL
Pittsburgh Steelers,RG,3,Steven Jones,s:20~l:28~a:4373830,https://www.espn.com/nfl/player/_/id/4373830/steven-jones,Latino Hispanic,4213.85%,77.0,340.0,9/6/2000 (24),Oregon,,,,Latino,RG,OL
Pittsburgh Steelers,RDE,4,Jacob Slade,s:20~l:28~a:4382475,https://www.espn.com/nfl/player/_/id/4382475/jacob-slade,White,10000.00%,76.0,305.0,2/23/2000 (25),Michigan St,,,,White,RDE,DL
Pittsburgh Steelers,LDE,3,DeMarvin Leal,s:20~l:28~a:4426359,https://www.espn.com/nfl/player/_/id/4426359/demarvin-leal,Black,9995.22%,76.0,290.0,7/1/2000 (24),Texas A&M,2022.0,"Rd 3, Pk 84",PIT,Black,LDE,DL
Pittsburgh Steelers,RT,3,Doug Nester,s:20~l:28~a:4426368,https://www.espn.com/nfl/player/_/id/4426368/doug-nester,White,9995.13%,78.0,306.0,8/7/2000 (24),West Virginia,,,,White,RT,OL
Pittsburgh Steelers,LG,3,Nick Broeker,s:20~l:28~a:4426498,https://www.espn.com/nfl/player/_/id/4426498/nick-broeker,White,9788.07%,77.0,305.0,10/7/2000 (24),Ole Miss,2023.0,"Rd 7, Pk 230",BUF,White,LG,OL
Pittsburgh Steelers,NT,1,Keeanu Benton,s:20~l:28~a:4426694,https://www.espn.com/nfl/player/_/id/4426694/keeanu-benton,Black,10000.00%,76.0,309.0,7/17/2001 (23),Wisconsin,2023.0,"Rd 2, Pk 49",PIT,Black,NT,DL
Pittsburgh Steelers,SS,3,Sebastian Castro,s:20~l:28~a:4426882,https://www.espn.com/nfl/player/_/id/4426882/sebastian-castro,Latino Hispanic,5303.81%,71.0,203.0,,Iowa,,,,Latino,SS,DB
Pittsburgh Steelers,RT,1,Troy Fautanu,s:20~l:28~a:4427170,https://www.espn.com/nfl/player/_/id/4427170/troy-fautanu,Indian,5372.46%,76.0,317.0,10/11/2000 (24),Washington,2024.0,"Rd 1, Pk 20",PIT,Asian,RT,OL
Pittsburgh Steelers,LT,1,Broderick Jones,s:20~l:28~a:4428990,https://www.espn.com/nfl/player/_/id/4428990/broderick-jones,Black,10000.00%,77.0,311.0,5/16/2001 (24),Georgia,2023.0,"Rd 1, Pk 14",PIT,Black,LT,OL
Pittsburgh Steelers,C,1,Zach Frazier,s:20~l:28~a:4429775,https://www.espn.com/nfl/player/_/id/4429775/zach-frazier,White,9572.05%,75.0,310.0,8/29/2001 (23),West Virginia,2024.0,"Rd 2, Pk 51",PIT,White,C,OL
Pittsburgh Steelers,QB,3,Will Howard,s:20~l:28~a:4429955,https://www.espn.com/nfl/player/_/id/4429955/will-howard,White,9999.99%,76.0,236.0,9/24/2001 (23),Ohio State,2025.0,"Rd 6, Pk 185",PIT,White,QB,QB
Pittsburgh Steelers,TE,2,Darnell Washington,s:20~l:28~a:4430802,https://www.espn.com/nfl/player/_/id/4430802/darnell-washington,Black,10000.00%,79.0,264.0,8/17/2001 (23),Georgia,2023.0,"Rd 3, Pk 93",PIT,Black,TE,TE
Pittsburgh Steelers,NT,2,Yahya Black,s:20~l:28~a:4430947,https://www.espn.com/nfl/player/_/id/4430947/yahya-black,Latino Hispanic,3625.62%,77.0,336.0,4/21/2002 (23),Iowa,2025.0,"Rd 5, Pk 164",PIT,Latino,NT,DL
Pittsburgh Steelers,WR,2,Roman Wilson,s:20~l:28~a:4431492,https://www.espn.com/nfl/player/_/id/4431492/roman-wilson,White,8981.63%,70.0,186.0,6/19/2001 (24),Michigan,2024.0,"Rd 3, Pk 84",PIT,White,WR,WR
Pittsburgh Steelers,WR,3,Roc Taylor,s:20~l:28~a:4431597,https://www.espn.com/nfl/player/_/id/4431597/roc-taylor,Black,10000.00%,73.0,213.0,,Memphis,,,,Black,WR,WR
Pittsburgh Steelers,NT,3,Logan Lee,s:20~l:28~a:4569474,https://www.espn.com/nfl/player/_/id/4569474/logan-lee,White,9656.19%,77.0,286.0,6/12/2000 (25),Iowa,2024.0,"Rd 6, Pk 178",PIT,White,NT,DL
Pittsburgh Steelers,RB,1,Jaylen Warren,s:20~l:28~a:4569987,https://www.espn.com/nfl/player/_/id/4569987/jaylen-warren,Black,4484.14%,68.0,215.0,11/1/1998 (26),Oklahoma St,,,,Black,RB,RB
Pittsburgh Steelers,WR,4,Ke'Shawn Williams,s:20~l:28~a:4570738,https://www.espn.com/nfl/player/_/id/4570738/keshawn-williams,Black,9874.73%,69.0,188.0,,Indiana,,,,Black,WR,WR
Pittsburgh Steelers,LT,2,Dylan Cook,s:20~l:28~a:4570898,https://www.espn.com/nfl/player/_/id/4570898/dylan-cook,Black,4106.04%,78.0,305.0,1/11/1998 (27),Montana,,,,Black,LT,OL
Pittsburgh Steelers,NT,4,Domenique Davis,s:20~l:28~a:4590720,https://www.espn.com/nfl/player/_/id/4590720/domenique-davis,Black,10000.00%,74.0,326.0,2/28/1996 (29),NC Pembrke,,,,Black,NT,DL
Pittsburgh Steelers,LDE,1,Derrick Harmon,s:20~l:28~a:4682980,https://www.espn.com/nfl/player/_/id/4682980/derrick-harmon,Black,4914.18%,76.0,313.0,8/3/2003 (21),Oregon,2025.0,"Rd 1, Pk 21",PIT,Black,LDE,DL
Pittsburgh Steelers,WR,4,Montana Lemonious-Craig,s:20~l:28~a:4686775,https://www.espn.com/nfl/player/_/id/4686775/montana-lemonious-craig,Black,10000.00%,74.0,194.0,,Arizona,,,,Black,WR,WR
Pittsburgh Steelers,FB,2,DJ Thomas-Jones,s:20~l:28~a:4690170,https://www.espn.com/nfl/player/_/id/4690170/dj-thomas-jones,Black,9999.54%,74.0,256.0,7/6/2002 (22),South Alabama,,,,Black,FB,RB
Pittsburgh Steelers,TE,4,JJ Galbreath,s:20~l:28~a:4695800,https://www.espn.com/nfl/player/_/id/4695800/jj-galbreath,White,9998.55%,76.0,240.0,,South Dakota,,,,White,TE,TE
Pittsburgh Steelers,RB,2,Kaleb Johnson,s:20~l:28~a:4819231,https://www.espn.com/nfl/player/_/id/4819231/kaleb-johnson,Black,9999.97%,73.0,224.0,8/14/2003 (21),Iowa,2025.0,"Rd 3, Pk 83",PIT,Black,RB,RB
Pittsburgh Steelers,LT,3,Gareth Warren,s:20~l:28~a:4885455,https://www.espn.com/nfl/player/_/id/4885455/gareth-warren,N/A (Scrape Failed),0.00%,,,N/A (Bio Scrape Failed),N/A (Bio Scrape Failed),,,,N/A (Scrape Failed),LT,OL
Pittsburgh Steelers,LG,4,Aiden Williams,s:20~l:28~a:5278102,https://www.espn.com/nfl/player/_/id/5278102/aiden-williams,N/A (Scrape Failed),0.00%,,,N/A (Bio Scrape Failed),N/A (Bio Scrape Failed),,,,N/A (Scrape Failed),LG,OL
Pittsburgh Steelers,QB,1,Aaron Rodgers,s:20~l:28~a:8439,https://www.espn.com/nfl/player/_/id/8439/aaron-rodgers,Middle Eastern,3870.87%,74.0,223.0,12/2/1983 (41),California,2005.0,"Rd 1, Pk 24",GB,Middle Eastern,QB,QB
San Francisco 49Ers,LT,1,Trent Williams,s:20~l:28~a:13241,https://www.espn.com/nfl/player/_/id/13241/trent-williams,Black,9999.32%,77.0,320.0,7/19/1988 (36),Oklahoma,2010.0,"Rd 1, Pk 4",WSH,Black,LT,OL
San Francisco 49Ers,FB,1,Kyle Juszczyk,s:20~l:28~a:16002,https://www.espn.com/nfl/player/_/id/16002/kyle-juszczyk,White,9752.25%,74.0,235.0,4/23/1991 (34),Harvard,2013.0,"Rd 4, Pk 130",BAL,White,FB,RB
San Francisco 49Ers,C,1,Jake Brendel,s:20~l:28~a:2577185,https://www.espn.com/nfl/player/_/id/2577185/jake-brendel,White,9998.92%,76.0,299.0,9/10/1992 (32),UCLA,,,,White,C,OL
San Francisco 49Ers,TE,1,George Kittle,s:20~l:28~a:3040151,https://www.espn.com/nfl/player/_/id/3040151/george-kittle,White,6352.90%,76.0,250.0,10/9/1993 (31),Iowa,2017.0,"Rd 5, Pk 146",SF,White,TE,TE
San Francisco 49Ers,WR,2,Demarcus Robinson,s:20~l:28~a:3043116,https://www.espn.com/nfl/player/_/id/3043116/demarcus-robinson,Black,10000.00%,73.0,202.0,9/21/1994 (30),Florida,2016.0,"Rd 4, Pk 126",KC,Black,WR,WR
San Francisco 49Ers,SS,3,George Odum,s:20~l:28~a:3050199,https://www.espn.com/nfl/player/_/id/3050199/george-odum,Black,9999.80%,73.0,202.0,11/3/1993 (31),Cent Arkansas,,,,Black,SS,DB
San Francisco 49Ers,WR,3,Russell Gage,s:20~l:28~a:3115378,https://www.espn.com/nfl/player/_/id/3115378/russell-gage,Black,10000.00%,72.0,184.0,1/22/1996 (29),LSU,2018.0,"Rd 6, Pk 194",ATL,Black,WR,WR
San Francisco 49Ers,RB,1,Christian McCaffrey,s:20~l:28~a:3117251,https://www.espn.com/nfl/player/_/id/3117251/christian-mccaffrey,White,9991.14%,71.0,210.0,6/7/1996 (29),Stanford,2017.0,"Rd 1, Pk 8",CAR,White,RB,RB
San Francisco 49Ers,TE,3,Ross Dwelley,s:20~l:28~a:3120303,https://www.espn.com/nfl/player/_/id/3120303/ross-dwelley,White,9999.24%,77.0,235.0,1/26/1995 (30),San Diego,,,,White,TE,TE
San Francisco 49Ers,LT,2,Andre Dillard,s:20~l:28~a:3127264,https://www.espn.com/nfl/player/_/id/3127264/andre-dillard,Black,3878.41%,77.0,315.0,10/3/1995 (29),Washington St,2019.0,"Rd 1, Pk 22",PHI,Black,LT,OL
San Francisco 49Ers,MLB,1,Fred Warner,s:20~l:28~a:3138826,https://www.espn.com/nfl/player/_/id/3138826/fred-warner,Latino Hispanic,2591.61%,75.0,230.0,11/19/1996 (28),BYU,2018.0,"Rd 3, Pk 70",SF,Latino,MLB,LB
San Francisco 49Ers,WR,1,Jauan Jennings,s:20~l:28~a:3886598,https://www.espn.com/nfl/player/_/id/3886598/jauan-jennings,Black,9925.62%,75.0,212.0,7/10/1997 (27),Tennessee,2020.0,"Rd 7, Pk 217",SF,Black,WR,WR
San Francisco 49Ers,RT,1,Colton McKivitz,s:20~l:28~a:3916075,https://www.espn.com/nfl/player/_/id/3916075/colton-mckivitz,White,9809.04%,78.0,301.0,8/9/1996 (28),West Virginia,2020.0,"Rd 5, Pk 153",SF,White,RT,OL
San Francisco 49Ers,LT,3,Austen Pleasants,s:20~l:28~a:3920814,https://www.espn.com/nfl/player/_/id/3920814/austen-pleasants,White,9999.97%,79.0,330.0,8/22/1997 (27),Ohio,,,,White,LT,OL
San Francisco 49Ers,LDT,1,Kevin Givens,s:20~l:28~a:3929641,https://www.espn.com/nfl/player/_/id/3929641/kevin-givens,Black,10000.00%,73.0,285.0,3/1/1997 (28),Penn State,,,,Black,LDT,DL
San Francisco 49Ers,RG,3,Zack Johnson,s:20~l:28~a:3930912,https://www.espn.com/nfl/player/_/id/3930912/zack-johnson,White,7423.22%,78.0,301.0,1/19/1997 (28),N Dakota St,,,,White,RG,OL
San Francisco 49Ers,MLB,3,Chazz Surratt,s:20~l:28~a:4037521,https://www.espn.com/nfl/player/_/id/4037521/chazz-surratt,Latino Hispanic,3852.77%,74.0,233.0,2/16/1997 (28),North Carolina,2021.0,"Rd 3, Pk 78",MIN,Latino,MLB,LB
San Francisco 49Ers,RDT,1,Jordan Elliott,s:20~l:28~a:4039052,https://www.espn.com/nfl/player/_/id/4039052/jordan-elliott,Black,10000.00%,76.0,303.0,11/23/1997 (27),Missouri,2020.0,"Rd 3, Pk 88",CLE,Black,RDT,DL
San Francisco 49Ers,RB,4,Patrick Taylor Jr.,s:20~l:28~a:4039358,https://www.espn.com/nfl/player/_/id/4039358/patrick-taylor-jr,Black,10000.00%,74.0,217.0,4/29/1998 (27),Memphis,,,,Black,RB,RB
San Francisco 49Ers,LDE,3,Bryce Huff,s:20~l:28~a:4039375,https://www.espn.com/nfl/player/_/id/4039375/bryce-huff,Black,8365.34%,75.0,255.0,4/17/1998 (27),Memphis,,,,Black,LDE,DL
San Francisco 49Ers,RDE,1,Nick Bosa,s:20~l:28~a:4040605,https://www.espn.com/nfl/player/_/id/4040605/nick-bosa,White,8555.52%,76.0,266.0,10/23/1997 (27),Ohio State,2019.0,"Rd 1, Pk 2",SF,White,RDE,DL
San Francisco 49Ers,TE,2,Luke Farrell,s:20~l:28~a:4040612,https://www.espn.com/nfl/player/_/id/4040612/luke-farrell,White,9269.40%,77.0,250.0,10/14/1997 (27),Ohio State,2021.0,"Rd 5, Pk 145",JAX,White,TE,TE
San Francisco 49Ers,SS,2,Richie Grant,s:20~l:28~a:4042119,https://www.espn.com/nfl/player/_/id/4042119/richie-grant,Black,10000.00%,72.0,200.0,11/9/1997 (27),UCF,2021.0,"Rd 2, Pk 40",ATL,Black,SS,DB
San Francisco 49Ers,C,2,Matt Hennessy,s:20~l:28~a:4044138,https://www.espn.com/nfl/player/_/id/4044138/matt-hennessy,White,6476.00%,75.0,315.0,11/17/1997 (27),Temple,2020.0,"Rd 3, Pk 78",ATL,White,C,OL
San Francisco 49Ers,RDE,4,Tarron Jackson,s:20~l:28~a:4052031,https://www.espn.com/nfl/player/_/id/4052031/tarron-jackson,Black,10000.00%,74.0,254.0,6/22/1998 (26),Coastal Car,2021.0,"Rd 6, Pk 191",PHI,Black,RDE,DL
San Francisco 49Ers,LDE,4,Jonathan Garvin,s:20~l:28~a:4240655,https://www.espn.com/nfl/player/_/id/4240655/jonathan-garvin,Black,10000.00%,76.0,257.0,7/28/1999 (25),Miami,2020.0,"Rd 7, Pk 242",GB,Black,LDE,DL
San Francisco 49Ers,FS,2,Jason Pinnock,s:20~l:28~a:4240706,https://www.espn.com/nfl/player/_/id/4240706/jason-pinnock,Black,9999.95%,72.0,200.0,6/30/1999 (25),Pitt,2021.0,"Rd 5, Pk 175",NYJ,Black,FS,DB
San Francisco 49Ers,QB,2,Mac Jones,s:20~l:28~a:4241464,https://www.espn.com/nfl/player/_/id/4241464/mac-jones,White,8125.75%,75.0,220.0,9/5/1998 (26),Alabama,2021.0,"Rd 1, Pk 15",NE,White,QB,QB
San Francisco 49Ers,WR,4,Isaiah Hodgins,s:20~l:28~a:4242540,https://www.espn.com/nfl/player/_/id/4242540/isaiah-hodgins,Latino Hispanic,4074.24%,75.0,200.0,10/21/1998 (26),Oregon St,2020.0,"Rd 6, Pk 207",BUF,Latino,WR,WR
San Francisco 49Ers,RDT,3,Kalia Davis,s:20~l:28~a:4243541,https://www.espn.com/nfl/player/_/id/4243541/kalia-davis,Indian,8731.67%,74.0,310.0,10/2/1998 (26),UCF,2022.0,"Rd 6, Pk 220",SF,Asian,RDT,DL
San Francisco 49Ers,LG,3,Nick Zakelj,s:20~l:28~a:4247590,https://www.espn.com/nfl/player/_/id/4247590/nick-zakelj,White,9817.13%,78.0,316.0,6/22/1999 (25),Fordham,2022.0,"Rd 6, Pk 187",SF,White,LG,OL
San Francisco 49Ers,RDE,3,Robert Beal Jr.,s:20~l:28~a:4259558,https://www.espn.com/nfl/player/_/id/4259558/robert-beal-jr,Black,10000.00%,76.0,250.0,1/28/2000 (25),Georgia,2023.0,"Rd 5, Pk 173",SF,Black,RDE,DL
San Francisco 49Ers,LDE,2,Yetur Gross-Matos,s:20~l:28~a:4259594,https://www.espn.com/nfl/player/_/id/4259594/yetur-gross-matos,Black,10000.00%,77.0,265.0,2/26/1998 (27),Penn State,2020.0,"Rd 2, Pk 38",CAR,Black,LDE,DL
San Francisco 49Ers,QB,4,Tanner Mordecai,s:20~l:28~a:4360271,https://www.espn.com/nfl/player/_/id/4360271/tanner-mordecai,White,7262.42%,74.0,218.0,11/8/1999 (25),Wisconsin,,,,White,QB,QB
San Francisco 49Ers,TE,4,Brayden Willis,s:20~l:28~a:4360290,https://www.espn.com/nfl/player/_/id/4360290/brayden-willis,Black,9906.14%,76.0,240.0,11/11/1999 (25),Oklahoma,2023.0,"Rd 7, Pk 247",SF,Black,TE,TE
San Francisco 49Ers,WR,1,Brandon Aiyuk,s:20~l:28~a:4360438,https://www.espn.com/nfl/player/_/id/4360438/brandon-aiyuk,Black,10000.00%,72.0,200.0,3/17/1998 (27),Arizona St,2020.0,"Rd 1, Pk 25",SF,Black,WR,WR
San Francisco 49Ers,QB,1,Brock Purdy,s:20~l:28~a:4361741,https://www.espn.com/nfl/player/_/id/4361741/brock-purdy,White,9998.21%,73.0,220.0,12/27/1999 (25),Iowa State,2022.0,"Rd 7, Pk 262",SF,White,QB,QB
San Francisco 49Ers,LG,2,Spencer Burford,s:20~l:28~a:4362999,https://www.espn.com/nfl/player/_/id/4362999/spencer-burford,Black,10000.00%,76.0,300.0,7/19/2000 (24),UTSA,2022.0,"Rd 4, Pk 134",SF,Black,LG,OL
San Francisco 49Ers,RB,2,Isaac Guerendo,s:20~l:28~a:4372561,https://www.espn.com/nfl/player/_/id/4372561/isaac-guerendo,Latino Hispanic,3512.15%,72.0,221.0,6/28/2000 (24),Louisville,2024.0,"Rd 4, Pk 129",SF,Latino,RB,RB
San Francisco 49Ers,WR,4,Malik Knowles,s:20~l:28~a:4373077,https://www.espn.com/nfl/player/_/id/4373077/malik-knowles,Black,10000.00%,74.0,196.0,8/17/2000 (24),Kansas St,,,,Black,WR,WR
San Francisco 49Ers,MLB,2,Tatum Bethune,s:20~l:28~a:4426698,https://www.espn.com/nfl/player/_/id/4426698/tatum-bethune,Black,10000.00%,72.0,230.0,2/19/2001 (24),Florida St,2024.0,"Rd 7, Pk 251",SF,Black,MLB,LB
San Francisco 49Ers,WR,3,Isaiah Neyor,s:20~l:28~a:4428116,https://www.espn.com/nfl/player/_/id/4428116/isaiah-neyor,Black,7247.04%,76.0,218.0,,Nebraska,,,,Black,WR,WR
San Francisco 49Ers,C,3,Drake Nugent,s:20~l:28~a:4428144,https://www.espn.com/nfl/player/_/id/4428144/drake-nugent,White,10000.00%,73.0,300.0,2/9/2001 (24),Michigan,,,,White,C,OL
San Francisco 49Ers,WR,1,Ricky Pearsall,s:20~l:28~a:4428209,https://www.espn.com/nfl/player/_/id/4428209/ricky-pearsall,White,8230.26%,75.0,189.0,9/9/2000 (24),Florida,2024.0,"Rd 1, Pk 31",SF,White,WR,WR
San Francisco 49Ers,QB,3,Kurtis Rourke,s:20~l:28~a:4430431,https://www.espn.com/nfl/player/_/id/4430431/kurtis-rourke,White,9867.56%,76.0,220.0,10/25/2000 (24),Indiana,2025.0,"Rd 7, Pk 227",SF,White,QB,QB
San Francisco 49Ers,RDT,2,Alfred Collins,s:20~l:28~a:4430835,https://www.espn.com/nfl/player/_/id/4430835/alfred-collins,Black,10000.00%,77.0,332.0,10/8/2001 (23),Texas,2025.0,"Rd 2, Pk 43",SF,Black,RDT,DL
San Francisco 49Ers,WR,2,Jordan Watkins,s:20~l:28~a:4431466,https://www.espn.com/nfl/player/_/id/4431466/jordan-watkins,White,2611.51%,71.0,196.0,2/15/2002 (23),Ole Miss,2025.0,"Rd 4, Pk 138",SF,White,WR,WR
San Francisco 49Ers,RG,2,Connor Colby,s:20~l:28~a:4431523,https://www.espn.com/nfl/player/_/id/4431523/connor-colby,White,9996.02%,77.0,309.0,1/16/2003 (22),Iowa,2025.0,"Rd 7, Pk 249",SF,White,RG,OL
San Francisco 49Ers,FS,4,Jaylen Mahoney,s:20~l:28~a:4567534,https://www.espn.com/nfl/player/_/id/4567534/jaylen-mahoney,Black,10000.00%,71.0,200.0,11/19/2000 (24),Vanderbilt,,,,Black,FS,DB
San Francisco 49Ers,RDE,2,Sam Okuayinonu,s:20~l:28~a:4569497,https://www.espn.com/nfl/player/_/id/4569497/sam-okuayinonu,Black,10000.00%,73.0,269.0,5/1/1998 (27),Maryland,,,,Black,RDE,DL
San Francisco 49Ers,WR,4,Terique Owens,s:20~l:28~a:4571579,https://www.espn.com/nfl/player/_/id/4571579/terique-owens,Black,3941.47%,75.0,200.0,9/25/1999 (25),Missouri St,,,,Black,WR,WR
San Francisco 49Ers,WR,2,Jacob Cowing,s:20~l:28~a:4575665,https://www.espn.com/nfl/player/_/id/4575665/jacob-cowing,Black,9999.85%,69.0,171.0,2/4/2001 (24),Arizona,2024.0,"Rd 4, Pk 135",SF,Black,WR,WR
San Francisco 49Ers,LG,1,Ben Bartch,s:20~l:28~a:4611506,https://www.espn.com/nfl/player/_/id/4611506/ben-bartch,White,9999.98%,78.0,315.0,7/22/1998 (26),St John's (MN),2020.0,"Rd 4, Pk 116",JAX,White,LG,OL
San Francisco 49Ers,LDT,3,Evan Anderson,s:20~l:28~a:4612182,https://www.espn.com/nfl/player/_/id/4612182/evan-anderson,Black,10000.00%,75.0,326.0,2/14/2002 (23),FAU,,,,Black,LDT,DL
San Francisco 49Ers,MLB,4,Stone Blanton,s:20~l:28~a:4685270,https://www.espn.com/nfl/player/_/id/4685270/stone-blanton,White,4975.77%,73.0,227.0,,Mississippi St,,,,White,MLB,LB
San Francisco 49Ers,RB,3,Jordan James,s:20~l:28~a:4685397,https://www.espn.com/nfl/player/_/id/4685397/jordan-james,Black,10000.00%,69.0,208.0,3/29/2004 (21),Oregon,2025.0,"Rd 5, Pk 147",SF,Black,RB,RB
San Francisco 49Ers,LDE,1,Mykel Williams,s:20~l:28~a:4685623,https://www.espn.com/nfl/player/_/id/4685623/mykel-williams,Asian,7475.13%,77.0,267.0,6/29/2004 (20),Georgia,2025.0,"Rd 1, Pk 11",SF,Asian,LDE,DL
San Francisco 49Ers,LDT,2,CJ West,s:20~l:28~a:4686308,https://www.espn.com/nfl/player/_/id/4686308/cj-west,White,9830.11%,73.0,316.0,6/12/2002 (23),Indiana,2025.0,"Rd 4, Pk 113",SF,White,LDT,DL
San Francisco 49Ers,RT,3,Isaac Alarcon,s:20~l:28~a:4686629,https://www.espn.com/nfl/player/_/id/4686629/isaac-alarcon,Latino Hispanic,5145.74%,79.0,320.0,7/27/1998 (26),,,,,Latino,RT,OL
San Francisco 49Ers,FS,3,Marques Sigle,s:20~l:28~a:4693337,https://www.espn.com/nfl/player/_/id/4693337/marques-sigle,Asian,3368.15%,71.0,199.0,7/18/2002 (22),Kansas St,2025.0,"Rd 5, Pk 160",SF,Asian,FS,DB
San Francisco 49Ers,SS,1,Ji'Ayir Brown,s:20~l:28~a:4693644,https://www.espn.com/nfl/player/_/id/4693644/jiayir-brown,Black,10000.00%,71.0,202.0,1/25/2000 (25),Penn State,2023.0,"Rd 3, Pk 87",SF,Black,SS,DB
San Francisco 49Ers,FS,1,Malik Mustapha,s:20~l:28~a:4696211,https://www.espn.com/nfl/player/_/id/4696211/malik-mustapha,Black,10000.00%,70.0,206.0,6/25/2002 (22),Wake Forest,2024.0,"Rd 4, Pk 124",SF,Black,FS,DB
San Francisco 49Ers,RDT,4,Sebastian Valdez,s:20~l:28~a:4775220,https://www.espn.com/nfl/player/_/id/4775220/sebastian-valdez,Latino Hispanic,6560.71%,75.0,301.0,,Washington,,,,Latino,RDT,DL
San Francisco 49Ers,RG,4,Drew Moss,s:20~l:28~a:4879480,https://www.espn.com/nfl/player/_/id/4879480/drew-moss,White,7699.36%,75.0,303.0,,Colorado St,,,,White,RG,OL
San Francisco 49Ers,WR,3,Junior Bergen,s:20~l:28~a:4887918,https://www.espn.com/nfl/player/_/id/4887918/junior-bergen,Black,9998.43%,69.0,184.0,,Montana,2025.0,"Rd 7, Pk 252",SF,Black,WR,WR
San Francisco 49Ers,RT,2,Sebastian Gutierrez,s:20~l:28~a:5041985,https://www.espn.com/nfl/player/_/id/5041985/sebastian-gutierrez,Middle Eastern,6334.82%,77.0,308.0,7/6/1998 (26),Minot St,,,,Middle Eastern,RT,OL
San Francisco 49Ers,RG,1,Dominick Puni,s:20~l:28~a:5092959,https://www.espn.com/nfl/player/_/id/5092959/dominick-puni,Middle Eastern,7199.83%,77.0,313.0,2/24/2000 (25),Kansas,2024.0,"Rd 3, Pk 86",SF,Middle Eastern,RG,OL
Seattle Seahawks,NT,2,Johnathan Hankins,s:20~l:28~a:15841,https://www.espn.com/nfl/player/_/id/15841/johnathan-hankins,Black,9732.43%,75.0,335.0,3/30/1992 (33),OSU,2013.0,"Rd 2, Pk 49",NYG,Black,NT,DL
Seattle Seahawks,RDE,1,Leonard Williams,s:20~l:28~a:2971622,https://www.espn.com/nfl/player/_/id/2971622/leonard-williams,Black,3884.75%,77.0,310.0,6/20/1994 (30),USC,2015.0,"Rd 1, Pk 6",NYJ,Black,RDE,DL
Seattle Seahawks,TE,4,Eric Saubert,s:20~l:28~a:2975863,https://www.espn.com/nfl/player/_/id/2975863/eric-saubert,White,9914.71%,77.0,253.0,5/9/1994 (31),Drake,2017.0,"Rd 5, Pk 174",ATL,White,TE,TE
Seattle Seahawks,WR,1,Cooper Kupp,s:20~l:28~a:2977187,https://www.espn.com/nfl/player/_/id/2977187/cooper-kupp,White,9272.58%,73.0,205.0,6/15/1993 (32),E Washington,2017.0,"Rd 3, Pk 69",LAR,White,WR,WR
Seattle Seahawks,WR,1,Marquez Valdes-Scantling,s:20~l:28~a:3051738,https://www.espn.com/nfl/player/_/id/3051738/marquez-valdes-scantling,Black,10000.00%,76.0,206.0,10/10/1994 (30),USF,2018.0,"Rd 5, Pk 174",GB,Black,WR,WR
Seattle Seahawks,LDE,1,Jarran Reed,s:20~l:28~a:3115312,https://www.espn.com/nfl/player/_/id/3115312/jarran-reed,Black,10000.00%,75.0,306.0,12/16/1992 (32),Alabama,2016.0,"Rd 2, Pk 49",SEA,Black,LDE,DL
Seattle Seahawks,QB,1,Sam Darnold,s:20~l:28~a:3912547,https://www.espn.com/nfl/player/_/id/3912547/sam-darnold,White,9963.70%,75.0,225.0,6/5/1997 (28),USC,2018.0,"Rd 1, Pk 3",NYJ,White,QB,QB
Seattle Seahawks,LT,2,Josh Jones,s:20~l:28~a:3914630,https://www.espn.com/nfl/player/_/id/3914630/josh-jones,Black,10000.00%,79.0,339.0,6/22/1997 (27),Houston,2020.0,"Rd 3, Pk 72",ARI,Black,LT,OL
Seattle Seahawks,WR,3,Steven Sims,s:20~l:28~a:3917960,https://www.espn.com/nfl/player/_/id/3917960/steven-sims,Black,10000.00%,70.0,190.0,3/31/1997 (28),Kansas,,,,Black,WR,WR
Seattle Seahawks,QB,3,Drew Lock,s:20~l:28~a:3924327,https://www.espn.com/nfl/player/_/id/3924327/drew-lock,White,9948.04%,76.0,228.0,11/10/1996 (28),Missouri,2019.0,"Rd 2, Pk 42",DEN,White,QB,QB
Seattle Seahawks,TE,1,Noah Fant,s:20~l:28~a:4036131,https://www.espn.com/nfl/player/_/id/4036131/noah-fant,Black,7399.28%,76.0,249.0,11/20/1997 (27),Iowa,2019.0,"Rd 1, Pk 20",DEN,Black,TE,TE
Seattle Seahawks,FS,1,Julian Love,s:20~l:28~a:4046675,https://www.espn.com/nfl/player/_/id/4046675/julian-love,Black,6053.87%,71.0,195.0,3/19/1998 (27),Notre Dame,2019.0,"Rd 4, Pk 108",NYG,Black,FS,DB
Seattle Seahawks,SS,1,Coby Bryant,s:20~l:28~a:4239094,https://www.espn.com/nfl/player/_/id/4239094/coby-bryant,Black,8822.19%,73.0,193.0,3/29/1999 (26),Cincinnati,2022.0,"Rd 4, Pk 109",SEA,Black,SS,DB
Seattle Seahawks,WR,3,Cody White,s:20~l:28~a:4241983,https://www.espn.com/nfl/player/_/id/4241983/cody-white,Black,3723.11%,75.0,215.0,11/28/1998 (26),Michigan St,,,,Black,WR,WR
Seattle Seahawks,FB,1,Brady Russell,s:20~l:28~a:4243176,https://www.espn.com/nfl/player/_/id/4243176/brady-russell,White,9974.82%,75.0,250.0,8/31/1998 (26),Colorado,,,,White,FB,RB
Seattle Seahawks,RT,1,Abraham Lucas,s:20~l:28~a:4245171,https://www.espn.com/nfl/player/_/id/4245171/abraham-lucas,Indian,6299.25%,78.0,322.0,10/25/1998 (26),Washington St,2022.0,"Rd 3, Pk 72",SEA,Asian,RT,OL
Seattle Seahawks,NT,4,Brandon Pili,s:20~l:28~a:4259651,https://www.espn.com/nfl/player/_/id/4259651/brandon-pili,Latino Hispanic,3441.09%,75.0,334.0,4/2/1999 (26),USC,,,,Latino,NT,DL
Seattle Seahawks,NT,3,Quinton Bohanna,s:20~l:28~a:4259978,https://www.espn.com/nfl/player/_/id/4259978/quinton-bohanna,Black,10000.00%,76.0,330.0,3/16/1999 (26),Kentucky,2021.0,"Rd 6, Pk 192",DAL,Black,NT,DL
Seattle Seahawks,WR,2,Jake Bobo,s:20~l:28~a:4360405,https://www.espn.com/nfl/player/_/id/4360405/jake-bobo,White,5599.59%,76.0,207.0,8/4/1998 (26),UCLA,,,,White,WR,WR
Seattle Seahawks,RG,2,Christian Haynes,s:20~l:28~a:4362135,https://www.espn.com/nfl/player/_/id/4362135/christian-haynes,Black,9999.99%,74.0,318.0,4/13/2000 (25),UConn,2024.0,"Rd 3, Pk 81",SEA,Black,RG,OL
Seattle Seahawks,C,1,Olu Oluwatimi,s:20~l:28~a:4370807,https://www.espn.com/nfl/player/_/id/4370807/olu-oluwatimi,White,7768.17%,75.0,309.0,8/5/1999 (25),Michigan,2023.0,"Rd 5, Pk 154",SEA,White,C,OL
Seattle Seahawks,C,2,Jalen Sundell,s:20~l:28~a:4383409,https://www.espn.com/nfl/player/_/id/4383409/jalen-sundell,White,5346.51%,77.0,301.0,10/18/1999 (25),N Dakota St,,,,White,C,OL
Seattle Seahawks,WR,3,Dareke Young,s:20~l:28~a:4401805,https://www.espn.com/nfl/player/_/id/4401805/dareke-young,Black,10000.00%,74.0,224.0,6/4/1999 (26),Len-Rhyne,2022.0,"Rd 7, Pk 233",SEA,Black,WR,WR
Seattle Seahawks,LT,1,Charles Cross,s:20~l:28~a:4426376,https://www.espn.com/nfl/player/_/id/4426376/charles-cross,Black,9922.47%,77.0,311.0,11/25/2000 (24),Mississippi St,2022.0,"Rd 1, Pk 9",SEA,Black,LT,OL
Seattle Seahawks,RB,2,Zach Charbonnet,s:20~l:28~a:4426385,https://www.espn.com/nfl/player/_/id/4426385/zach-charbonnet,Black,6152.72%,73.0,214.0,1/8/2001 (24),UCLA,2023.0,"Rd 2, Pk 52",SEA,Black,RB,RB
Seattle Seahawks,WR,4,John Rhys Plumlee,s:20~l:28~a:4426494,https://www.espn.com/nfl/player/_/id/4426494/john-rhys-plumlee,White,7924.98%,72.0,200.0,1/2/2001 (24),UCF,,,,White,WR,WR
Seattle Seahawks,RT,4,Luke Felix-Fualalo,s:20~l:28~a:4427173,https://www.espn.com/nfl/player/_/id/4427173/luke-felix-fualalo,Latino Hispanic,3328.26%,80.0,310.0,,Hawai’i,,,,Latino,RT,OL
Seattle Seahawks,FS,3,AJ Finley,s:20~l:28~a:4427190,https://www.espn.com/nfl/player/_/id/4427190/aj-finley,Black,10000.00%,72.0,188.0,9/14/2001 (23),Ole Miss,,,,Black,FS,DB
Seattle Seahawks,RB,3,Kenny McIntosh,s:20~l:28~a:4427391,https://www.espn.com/nfl/player/_/id/4427391/kenny-mcintosh,Black,9591.17%,72.0,204.0,3/3/2000 (25),Georgia,2023.0,"Rd 7, Pk 237",SEA,Black,RB,RB
Seattle Seahawks,RG,3,Sataoa Laumea,s:20~l:28~a:4427770,https://www.espn.com/nfl/player/_/id/4427770/sataoa-laumea,Latino Hispanic,4895.89%,76.0,319.0,1/13/2001 (24),Utah,2024.0,"Rd 6, Pk 179",SEA,Latino,RG,OL
Seattle Seahawks,LDE,3,Bubba Thomas,s:20~l:28~a:4428657,https://www.espn.com/nfl/player/_/id/4428657/bubba-thomas,Black,7400.67%,73.0,301.0,,South Alabama,,,,Black,LDE,DL
Seattle Seahawks,RG,1,Anthony Bradford,s:20~l:28~a:4429211,https://www.espn.com/nfl/player/_/id/4429211/anthony-bradford,Black,9999.89%,77.0,332.0,4/28/2001 (24),LSU,2023.0,"Rd 4, Pk 108",SEA,Black,RG,OL
Seattle Seahawks,WR,4,Tyrone Broden,s:20~l:28~a:4429313,https://www.espn.com/nfl/player/_/id/4429313/tyrone-broden,Black,9996.66%,77.0,194.0,,Arkansas,,,,Black,WR,WR
Seattle Seahawks,C,3,Federico Maranges,s:20~l:28~a:4430070,https://www.espn.com/nfl/player/_/id/4430070/federico-maranges,White,6534.54%,75.0,302.0,,FAU,,,,White,C,OL
Seattle Seahawks,RDE,2,Rylie Mills,s:20~l:28~a:4430838,https://www.espn.com/nfl/player/_/id/4430838/rylie-mills,White,7443.27%,77.0,290.0,8/20/2001 (23),Notre Dame,2025.0,"Rd 5, Pk 142",SEA,White,RDE,DL
Seattle Seahawks,WR,1,Jaxon Smith-Njigba,s:20~l:28~a:4430878,https://www.espn.com/nfl/player/_/id/4430878/jaxon-smith-njigba,Asian,3928.53%,72.0,197.0,2/14/2002 (23),Ohio State,2023.0,"Rd 1, Pk 20",SEA,Asian,WR,WR
Seattle Seahawks,WR,2,Ricky White III,s:20~l:28~a:4431479,https://www.espn.com/nfl/player/_/id/4431479/ricky-white-iii,Black,9989.06%,73.0,184.0,2/6/2002 (23),UNLV,2025.0,"Rd 7, Pk 238",SEA,Black,WR,WR
Seattle Seahawks,LT,3,Mason Richman,s:20~l:28~a:4432525,https://www.espn.com/nfl/player/_/id/4432525/mason-richman,White,5792.09%,77.0,307.0,5/7/2002 (23),Iowa,2025.0,"Rd 7, Pk 234",SEA,White,LT,OL
Seattle Seahawks,QB,2,Jalen Milroe,s:20~l:28~a:4432734,https://www.espn.com/nfl/player/_/id/4432734/jalen-milroe,Black,10000.00%,74.0,216.0,12/13/2002 (22),Alabama,2025.0,"Rd 3, Pk 92",SEA,Black,QB,QB
Seattle Seahawks,RB,1,Kenneth Walker III,s:20~l:28~a:4567048,https://www.espn.com/nfl/player/_/id/4567048/kenneth-walker-iii,Black,9998.76%,69.0,211.0,10/20/2000 (24),Michigan State,2022.0,"Rd 2, Pk 41",SEA,Black,RB,RB
Seattle Seahawks,RT,3,Amari Kight,s:20~l:28~a:4567135,https://www.espn.com/nfl/player/_/id/4567135/amari-kight,Black,9848.62%,78.0,200.0,,UCF,,,,Black,RT,OL
Seattle Seahawks,NT,1,Byron Murphy II,s:20~l:28~a:4570040,https://www.espn.com/nfl/player/_/id/4570040/byron-murphy-ii,Black,7650.53%,72.0,306.0,9/8/2002 (22),Texas,2024.0,"Rd 1, Pk 16",SEA,Black,NT,DL
Seattle Seahawks,FS,4,Jerrick Reed II,s:20~l:28~a:4570084,https://www.espn.com/nfl/player/_/id/4570084/jerrick-reed-ii,Black,10000.00%,69.0,196.0,8/7/2000 (24),New Mexico,2023.0,"Rd 6, Pk 198",SEA,Black,FS,DB
Seattle Seahawks,LDE,2,Mike Morris,s:20~l:28~a:4572055,https://www.espn.com/nfl/player/_/id/4572055/mike-morris,White,5147.47%,78.0,295.0,4/22/2001 (24),Michigan,2023.0,"Rd 5, Pk 151",SEA,White,LDE,DL
Seattle Seahawks,TE,3,AJ Barner,s:20~l:28~a:4576297,https://www.espn.com/nfl/player/_/id/4576297/aj-barner,White,8944.49%,78.0,251.0,5/3/2002 (23),Michigan,2024.0,"Rd 4, Pk 121",SEA,White,TE,TE
Seattle Seahawks,WR,2,Tory Horton,s:20~l:28~a:4597703,https://www.espn.com/nfl/player/_/id/4597703/tory-horton,Black,9990.36%,74.0,196.0,11/29/2002 (22),Colorado St,2025.0,"Rd 5, Pk 166",SEA,Black,WR,WR
Seattle Seahawks,WR,4,Montorie Foster Jr.,s:20~l:28~a:4600597,https://www.espn.com/nfl/player/_/id/4600597/montorie-foster-jr,Black,10000.00%,71.0,199.0,,Michigan St,,,,Black,WR,WR
Seattle Seahawks,FS,2,D'Anthony Bell,s:20~l:28~a:4608386,https://www.espn.com/nfl/player/_/id/4608386/danthony-bell,Black,9986.70%,73.0,211.0,10/17/1996 (28),West Florida,,,,Black,FS,DB
Seattle Seahawks,LG,2,Bryce Cabeldue,s:20~l:28~a:4612077,https://www.espn.com/nfl/player/_/id/4612077/bryce-cabeldue,White,9986.12%,76.0,306.0,9/4/2001 (23),Kansas,2025.0,"Rd 6, Pk 192",SEA,White,LG,OL
Seattle Seahawks,TE,2,Elijah Arroyo,s:20~l:28~a:4678006,https://www.espn.com/nfl/player/_/id/4678006/elijah-arroyo,Black,9988.49%,77.0,254.0,4/5/2003 (22),Miami,2025.0,"Rd 2, Pk 50",SEA,Black,TE,TE
Seattle Seahawks,RDE,3,J.R. Singleton,s:20~l:28~a:4686447,https://www.espn.com/nfl/player/_/id/4686447/jr-singleton,Black,10000.00%,73.0,299.0,,Iowa State,,,,Black,RDE,DL
Seattle Seahawks,FB,2,Robbie Ouzts,s:20~l:28~a:4691688,https://www.espn.com/nfl/player/_/id/4691688/robbie-ouzts,Middle Eastern,6336.45%,75.0,274.0,9/6/2002 (22),Alabama,2025.0,"Rd 5, Pk 175",SEA,Middle Eastern,FB,RB
Seattle Seahawks,LG,1,Grey Zabel,s:20~l:28~a:4693346,https://www.espn.com/nfl/player/_/id/4693346/grey-zabel,White,5401.40%,78.0,316.0,3/30/2002 (23),N Dakota St,2025.0,"Rd 1, Pk 18",SEA,White,LG,OL
Seattle Seahawks,RB,4,Damien Martinez,s:20~l:28~a:4808830,https://www.espn.com/nfl/player/_/id/4808830/damien-martinez,Black,6984.39%,72.0,217.0,1/31/2004 (21),Miami,2025.0,"Rd 7, Pk 223",SEA,Black,RB,RB
Seattle Seahawks,SS,2,Nick Emmanwori,s:20~l:28~a:4869523,https://www.espn.com/nfl/player/_/id/4869523/nick-emmanwori,Black,10000.00%,75.0,220.0,2/7/2004 (21),South Carolina,2025.0,"Rd 2, Pk 35",SEA,Black,SS,DB
Seattle Seahawks,RT,2,Michael Jerrell,s:20~l:28~a:5209093,https://www.espn.com/nfl/player/_/id/5209093/michael-jerrell,Black,9999.98%,77.0,294.0,8/18/1999 (25),Findlay,2024.0,"Rd 6, Pk 207",SEA,Black,RT,OL
Tampa Bay Buccaneers,WR,1,Mike Evans,s:20~l:28~a:16737,https://www.espn.com/nfl/player/_/id/16737/mike-evans,Black,4691.84%,77.0,231.0,8/21/1993 (31),Texas A&M,2014.0,"Rd 1, Pk 7",TB,Black,WR,WR
Tampa Bay Buccaneers,RDE,3,Adam Gotsis,s:20~l:28~a:2971498,https://www.espn.com/nfl/player/_/id/2971498/adam-gotsis,White,7346.00%,76.0,287.0,9/23/1992 (32),Georgia Tech,2016.0,"Rd 2, Pk 63",DEN,White,RDE,DL
Tampa Bay Buccaneers,WR,2,Sterling Shepard,s:20~l:28~a:2976592,https://www.espn.com/nfl/player/_/id/2976592/sterling-shepard,Black,9998.09%,70.0,194.0,2/10/1993 (32),Oklahoma,2016.0,"Rd 2, Pk 40",NYG,Black,WR,WR
Tampa Bay Buccaneers,QB,1,Baker Mayfield,s:20~l:28~a:3052587,https://www.espn.com/nfl/player/_/id/3052587/baker-mayfield,White,8631.98%,73.0,215.0,4/14/1995 (30),Oklahoma,2018.0,"Rd 1, Pk 1",CLE,White,QB,QB
Tampa Bay Buccaneers,WR,1,Chris Godwin,s:20~l:28~a:3116165,https://www.espn.com/nfl/player/_/id/3116165/chris-godwin,Black,10000.00%,73.0,209.0,2/27/1996 (29),Penn State,2017.0,"Rd 3, Pk 84",TB,Black,WR,WR
Tampa Bay Buccaneers,LG,2,Sua Opeta,s:20~l:28~a:3121009,https://www.espn.com/nfl/player/_/id/3121009/sua-opeta,Middle Eastern,4969.53%,76.0,305.0,8/15/1996 (28),Weber St,,,,Middle Eastern,LG,OL
Tampa Bay Buccaneers,NT,2,Greg Gaines,s:20~l:28~a:3127294,https://www.espn.com/nfl/player/_/id/3127294/greg-gaines,White,9204.49%,73.0,312.0,5/6/1996 (29),Washington,2019.0,"Rd 4, Pk 134",LAR,White,NT,DL
Tampa Bay Buccaneers,NT,1,Vita Vea,s:20~l:28~a:3134362,https://www.espn.com/nfl/player/_/id/3134362/vita-vea,Latino Hispanic,3063.03%,76.0,347.0,2/5/1995 (30),Washington,2018.0,"Rd 1, Pk 12",TB,Latino,NT,DL
Tampa Bay Buccaneers,LT,2,Charlie Heck,s:20~l:28~a:3895840,https://www.espn.com/nfl/player/_/id/3895840/charlie-heck,White,9819.59%,80.0,311.0,11/20/1996 (28),North Carolina,2020.0,"Rd 4, Pk 126",HOU,White,LT,OL
Tampa Bay Buccaneers,TE,3,Ko Kieft,s:20~l:28~a:4034779,https://www.espn.com/nfl/player/_/id/4034779/ko-kieft,White,10000.00%,77.0,265.0,1/20/1998 (27),Minnesota,2022.0,"Rd 6, Pk 218",TB,White,TE,TE
Tampa Bay Buccaneers,SS,1,Antoine Winfield Jr.,s:20~l:28~a:4034790,https://www.espn.com/nfl/player/_/id/4034790/antoine-winfield-jr,Black,5924.05%,69.0,203.0,8/16/1998 (26),Minnesota,2020.0,"Rd 2, Pk 45",TB,Black,SS,DB
Tampa Bay Buccaneers,QB,2,Kyle Trask,s:20~l:28~a:4034946,https://www.espn.com/nfl/player/_/id/4034946/kyle-trask,White,7513.24%,77.0,236.0,3/6/1998 (27),Florida,2021.0,"Rd 2, Pk 64",TB,White,QB,QB
Tampa Bay Buccaneers,LG,1,Ben Bredeson,s:20~l:28~a:4046551,https://www.espn.com/nfl/player/_/id/4046551/ben-bredeson,Latino Hispanic,3926.58%,77.0,315.0,2/20/1998 (27),Michigan,2020.0,"Rd 4, Pk 143",BAL,Latino,LG,OL
Tampa Bay Buccaneers,RDE,2,C.J. Brewer,s:20~l:28~a:4052017,https://www.espn.com/nfl/player/_/id/4052017/cj-brewer,Black,9997.88%,74.0,290.0,11/22/1997 (27),Coast Carolina,,,,Black,RDE,DL
Tampa Bay Buccaneers,LT,1,Tristan Wirfs,s:20~l:28~a:4240589,https://www.espn.com/nfl/player/_/id/4240589/tristan-wirfs,Latino Hispanic,3373.24%,77.0,320.0,1/24/1999 (26),Iowa,2020.0,"Rd 1, Pk 13",TB,Latino,LT,OL
Tampa Bay Buccaneers,LT,3,Silas Dzansi,s:20~l:28~a:4240865,https://www.espn.com/nfl/player/_/id/4240865/silas-dzansi,White,8478.19%,77.0,335.0,6/13/1998 (27),Virginia Tech,,,,White,LT,OL
Tampa Bay Buccaneers,TE,1,Cade Otton,s:20~l:28~a:4243331,https://www.espn.com/nfl/player/_/id/4243331/cade-otton,White,6552.34%,77.0,247.0,4/15/1999 (26),Washington,2022.0,"Rd 4, Pk 106",TB,White,TE,TE
Tampa Bay Buccaneers,RG,1,Cody Mauch,s:20~l:28~a:4248545,https://www.espn.com/nfl/player/_/id/4248545/cody-mauch,White,7042.52%,78.0,303.0,1/15/1999 (26),N Dakota St,2023.0,"Rd 2, Pk 48",TB,White,RG,OL
Tampa Bay Buccaneers,LDE,3,Mike Greene,s:20~l:28~a:4249596,https://www.espn.com/nfl/player/_/id/4249596/mike-greene,Black,5083.53%,75.0,293.0,5/3/1999 (26),James Madison,,,,Black,LDE,DL
Tampa Bay Buccaneers,LDE,1,Logan Hall,s:20~l:28~a:4360189,https://www.espn.com/nfl/player/_/id/4360189/logan-hall,White,4504.09%,78.0,283.0,4/22/2000 (25),Houston,2022.0,"Rd 2, Pk 33",TB,White,LDE,DL
Tampa Bay Buccaneers,SS,2,Kaevon Merriweather,s:20~l:28~a:4360502,https://www.espn.com/nfl/player/_/id/4360502/kaevon-merriweather,Black,9993.25%,72.0,212.0,12/20/1999 (25),Iowa,,,,Black,SS,DB
Tampa Bay Buccaneers,TE,4,Devin Culp,s:20~l:28~a:4361112,https://www.espn.com/nfl/player/_/id/4361112/devin-culp,Black,9998.91%,76.0,237.0,2/2/2000 (25),Washington,2024.0,"Rd 7, Pk 246",TB,Black,TE,TE
Tampa Bay Buccaneers,LT,4,Raiqwon O'Neal,s:20~l:28~a:4361528,https://www.espn.com/nfl/player/_/id/4361528/raiqwon-oneal,Black,10000.00%,76.0,305.0,1/12/2000 (25),UCLA,,,,Black,LT,OL
Tampa Bay Buccaneers,RG,2,Elijah Klein,s:20~l:28~a:4362066,https://www.espn.com/nfl/player/_/id/4362066/elijah-klein,White,9005.04%,76.0,319.0,4/8/2000 (25),UTEP,2024.0,"Rd 6, Pk 220",TB,White,RG,OL
Tampa Bay Buccaneers,WR,3,Ryan Miller,s:20~l:28~a:4369466,https://www.espn.com/nfl/player/_/id/4369466/ryan-miller,White,10000.00%,74.0,221.0,2/20/2000 (25),Furman,,,,White,WR,WR
Tampa Bay Buccaneers,FS,1,Christian Izien,s:20~l:28~a:4372459,https://www.espn.com/nfl/player/_/id/4372459/christian-izien,Black,10000.00%,70.0,200.0,6/8/2000 (25),Rutgers,,,,Black,FS,DB
Tampa Bay Buccaneers,TE,2,Payne Durham,s:20~l:28~a:4372505,https://www.espn.com/nfl/player/_/id/4372505/payne-durham,White,9383.19%,77.0,255.0,6/15/2000 (25),Purdue,2023.0,"Rd 5, Pk 171",TB,White,TE,TE
Tampa Bay Buccaneers,RT,1,Luke Goedeke,s:20~l:28~a:4380507,https://www.espn.com/nfl/player/_/id/4380507/luke-goedeke,Asian,2858.85%,77.0,312.0,11/28/1998 (26),C Michigan,2022.0,"Rd 2, Pk 57",TB,Asian,RT,OL
Tampa Bay Buccaneers,WR,2,Trey Palmer,s:20~l:28~a:4426407,https://www.espn.com/nfl/player/_/id/4426407/trey-palmer,Black,8546.79%,73.0,190.0,4/2/2001 (24),Nebraska,2023.0,"Rd 6, Pk 191",TB,Black,WR,WR
Tampa Bay Buccaneers,QB,4,Connor Bazelak,s:20~l:28~a:4426444,https://www.espn.com/nfl/player/_/id/4426444/connor-bazelak,White,9864.93%,75.0,225.0,9/22/2000 (24),Bowling Green,,,,White,QB,QB
Tampa Bay Buccaneers,FS,4,Shilo Sanders,s:20~l:28~a:4426508,https://www.espn.com/nfl/player/_/id/4426508/shilo-sanders,White,7177.61%,72.0,195.0,2/9/2000 (25),Colorado,,,,White,FS,DB
Tampa Bay Buccaneers,RDE,1,Calijah Kancey,s:20~l:28~a:4427673,https://www.espn.com/nfl/player/_/id/4427673/calijah-kancey,White,2879.81%,72.0,280.0,3/1/2001 (24),Pitt,2023.0,"Rd 1, Pk 19",TB,White,RDE,DL
Tampa Bay Buccaneers,SS,3,Rashad Wisdom,s:20~l:28~a:4428917,https://www.espn.com/nfl/player/_/id/4428917/rashad-wisdom,Black,9432.07%,69.0,210.0,6/6/2001 (24),UTSA,,,,Black,SS,DB
Tampa Bay Buccaneers,WR,3,Rakim Jarrett,s:20~l:28~a:4429006,https://www.espn.com/nfl/player/_/id/4429006/rakim-jarrett,Black,10000.00%,72.0,192.0,1/24/2001 (24),Maryland,,,,Black,WR,WR
Tampa Bay Buccaneers,C,1,Graham Barton,s:20~l:28~a:4429251,https://www.espn.com/nfl/player/_/id/4429251/graham-barton,White,9996.65%,77.0,314.0,6/1/2002 (23),Duke,2024.0,"Rd 1, Pk 26",TB,White,C,OL
Tampa Bay Buccaneers,WR,4,Garrett Greene,s:20~l:28~a:4429847,https://www.espn.com/nfl/player/_/id/4429847/garrett-greene,White,9989.15%,71.0,201.0,,West Virginia,,,,White,WR,WR
Tampa Bay Buccaneers,C,2,Jake Majors,s:20~l:28~a:4430814,https://www.espn.com/nfl/player/_/id/4430814/jake-majors,White,3736.39%,75.0,315.0,,Texas,,,,White,C,OL
Tampa Bay Buccaneers,WR,2,Jalen McMillan,s:20~l:28~a:4430834,https://www.espn.com/nfl/player/_/id/4430834/jalen-mcmillan,Indian,4889.46%,73.0,192.0,12/7/2001 (23),Washington,2024.0,"Rd 3, Pk 92",TB,Asian,WR,WR
Tampa Bay Buccaneers,RB,3,Sean Tucker,s:20~l:28~a:4430871,https://www.espn.com/nfl/player/_/id/4430871/sean-tucker,Black,9998.49%,70.0,205.0,10/25/2001 (23),Syracuse,,,,Black,RB,RB
Tampa Bay Buccaneers,NT,3,Nash Hutmacher,s:20~l:28~a:4431153,https://www.espn.com/nfl/player/_/id/4431153/nash-hutmacher,White,9999.72%,76.0,310.0,,Nebraska,,,,White,NT,DL
Tampa Bay Buccaneers,NT,4,Desmond Watson,s:20~l:28~a:4431607,https://www.espn.com/nfl/player/_/id/4431607/desmond-watson,Black,10000.00%,77.0,449.0,,Florida,,,,Black,NT,DL
Tampa Bay Buccaneers,FS,3,J.J. Roberts,s:20~l:28~a:4566165,https://www.espn.com/nfl/player/_/id/4566165/jj-roberts,Latino Hispanic,3123.47%,72.0,195.0,,Marshall,,,,Latino,FS,DB
Tampa Bay Buccaneers,FS,2,Marcus Banks,s:20~l:28~a:4567109,https://www.espn.com/nfl/player/_/id/4567109/marcus-banks,Black,3837.48%,72.0,190.0,10/8/2000 (24),Mississippi St,,,,Black,FS,DB
Tampa Bay Buccaneers,RB,4,D.J. Williams,s:20~l:28~a:4567216,https://www.espn.com/nfl/player/_/id/4567216/dj-williams,Black,9995.90%,72.0,225.0,11/15/1999 (25),Arizona,,,,Black,RB,RB
Tampa Bay Buccaneers,WR,1,Emeka Egbuka,s:20~l:28~a:4567750,https://www.espn.com/nfl/player/_/id/4567750/emeka-egbuka,Black,3018.44%,73.0,205.0,10/14/2002 (22),Ohio State,2025.0,"Rd 1, Pk 19",TB,Black,WR,WR
Tampa Bay Buccaneers,C,3,Ben Scott,s:20~l:28~a:4569202,https://www.espn.com/nfl/player/_/id/4569202/ben-scott,White,9972.73%,77.0,310.0,,Nebraska,,,,White,C,OL
Tampa Bay Buccaneers,WR,4,Dennis Houston,s:20~l:28~a:4572786,https://www.espn.com/nfl/player/_/id/4572786/dennis-houston,Black,9997.65%,73.0,190.0,4/24/1999 (26),W Illinois,,,,Black,WR,WR
Tampa Bay Buccaneers,RB,1,Bucky Irving,s:20~l:28~a:4596448,https://www.espn.com/nfl/player/_/id/4596448/bucky-irving,Black,10000.00%,70.0,195.0,8/19/2002 (22),Oregon,2024.0,"Rd 4, Pk 125",TB,Black,RB,RB
Tampa Bay Buccaneers,WR,3,Tez Johnson,s:20~l:28~a:4608810,https://www.espn.com/nfl/player/_/id/4608810/tez-johnson,White,7959.89%,70.0,165.0,5/18/2002 (23),Oregon,2025.0,"Rd 7, Pk 235",TB,White,WR,WR
Tampa Bay Buccaneers,QB,3,Michael Pratt,s:20~l:28~a:4685039,https://www.espn.com/nfl/player/_/id/4685039/michael-pratt,White,9990.79%,74.0,217.0,9/30/2001 (23),Tulane,2024.0,"Rd 7, Pk 245",GB,White,QB,QB
Tampa Bay Buccaneers,RT,3,Luke Haggard,s:20~l:28~a:4686884,https://www.espn.com/nfl/player/_/id/4686884/luke-haggard,White,9992.76%,79.0,305.0,1/3/2000 (25),Indiana,,,,White,RT,OL
Tampa Bay Buccaneers,RT,2,Ben Chukwuma,s:20~l:28~a:4690787,https://www.espn.com/nfl/player/_/id/4690787/ben-chukwuma,Black,10000.00%,78.0,310.0,,Georgia St,,,,Black,RT,OL
Tampa Bay Buccaneers,LDE,2,Elijah Roberts,s:20~l:28~a:4690795,https://www.espn.com/nfl/player/_/id/4690795/elijah-roberts,Black,9999.55%,76.0,295.0,12/24/2001 (23),SMU,2025.0,"Rd 5, Pk 157",TB,Black,LDE,DL
Tampa Bay Buccaneers,RB,2,Rachaad White,s:20~l:28~a:4697815,https://www.espn.com/nfl/player/_/id/4697815/rachaad-white,Black,9993.62%,72.0,214.0,1/12/1999 (26),Arizona St,2022.0,"Rd 3, Pk 91",TB,Black,RB,RB
Tampa Bay Buccaneers,WR,4,Kameron Johnson,s:20~l:28~a:5097554,https://www.espn.com/nfl/player/_/id/5097554/kameron-johnson,Black,9999.98%,70.0,170.0,3/17/2002 (23),Barton College,,,,Black,WR,WR
Tennessee Titans,RG,1,Kevin Zeitler,s:20~l:28~a:14931,https://www.espn.com/nfl/player/_/id/14931/kevin-zeitler,White,9987.83%,76.0,332.0,3/8/1990 (35),Wisconsin,2012.0,"Rd 1, Pk 27",CIN,White,RG,OL
Tennessee Titans,QB,3,Brandon Allen,s:20~l:28~a:2574511,https://www.espn.com/nfl/player/_/id/2574511/brandon-allen,White,7291.14%,74.0,209.0,9/5/1992 (32),Arkansas,2016.0,"Rd 6, Pk 201",JAX,White,QB,QB
Tennessee Titans,WR,1,Tyler Lockett,s:20~l:28~a:2577327,https://www.espn.com/nfl/player/_/id/2577327/tyler-lockett,White,6698.53%,70.0,182.0,9/28/1992 (32),Kansas State,2015.0,"Rd 3, Pk 69",SEA,White,WR,WR
Tennessee Titans,C,3,Corey Levin,s:20~l:28~a:2973637,https://www.espn.com/nfl/player/_/id/2973637/corey-levin,White,9928.92%,76.0,307.0,8/12/1994 (30),Chattanooga,2017.0,"Rd 6, Pk 217",TEN,White,C,OL
Tennessee Titans,RDE,2,Carlos Watkins,s:20~l:28~a:2977681,https://www.espn.com/nfl/player/_/id/2977681/carlos-watkins,Black,10000.00%,75.0,305.0,12/5/1993 (31),Clemson,2017.0,"Rd 4, Pk 142",HOU,Black,RDE,DL
Tennessee Titans,FS,1,Xavier Woods,s:20~l:28~a:3040572,https://www.espn.com/nfl/player/_/id/3040572/xavier-woods,Black,10000.00%,71.0,200.0,7/26/1995 (29),LA Tech,2017.0,"Rd 6, Pk 191",DAL,Black,FS,DB
Tennessee Titans,QB,4,Tim Boyle,s:20~l:28~a:3045169,https://www.espn.com/nfl/player/_/id/3045169/tim-boyle,White,9997.98%,76.0,232.0,10/3/1994 (30),E Kentucky,,,,White,QB,QB
Tennessee Titans,LDE,1,Sebastian Joseph-Day,s:20~l:28~a:3047495,https://www.espn.com/nfl/player/_/id/3047495/sebastian-joseph-day,Black,10000.00%,76.0,310.0,3/21/1995 (30),Rutgers,2018.0,"Rd 6, Pk 195",LAR,Black,LDE,DL
Tennessee Titans,RG,2,Blake Hance,s:20~l:28~a:3116135,https://www.espn.com/nfl/player/_/id/3116135/blake-hance,White,8129.19%,77.0,310.0,1/11/1996 (29),Northwestern,,,,White,RG,OL
Tennessee Titans,LT,2,Olisaemeka Udoh,s:20~l:28~a:3120502,https://www.espn.com/nfl/player/_/id/3120502/olisaemeka-udoh,White,9001.98%,78.0,320.0,2/14/1997 (28),Elon,2019.0,"Rd 6, Pk 193",MIN,White,LT,OL
Tennessee Titans,LG,3,Sam Mustipher,s:20~l:28~a:3129307,https://www.espn.com/nfl/player/_/id/3129307/sam-mustipher,Latino Hispanic,7374.79%,75.0,306.0,8/13/1996 (28),Notre Dame,,,,Latino,LG,OL
Tennessee Titans,LG,4,Chandler Brewer,s:20~l:28~a:3914440,https://www.espn.com/nfl/player/_/id/3914440/chandler-brewer,White,9824.15%,78.0,320.0,6/12/1997 (28),Mid Tennessee,,,,White,LG,OL
Tennessee Titans,RB,1,Tony Pollard,s:20~l:28~a:3916148,https://www.espn.com/nfl/player/_/id/3916148/tony-pollard,Black,9999.83%,72.0,209.0,4/30/1997 (28),Memphis,2019.0,"Rd 4, Pk 128",DAL,Black,RB,RB
Tennessee Titans,WR,3,James Proche II,s:20~l:28~a:3916204,https://www.espn.com/nfl/player/_/id/3916204/james-proche-ii,Black,9999.88%,71.0,193.0,9/21/1996 (28),SMU,2020.0,"Rd 6, Pk 201",BAL,Black,WR,WR
Tennessee Titans,WR,1,Calvin Ridley,s:20~l:28~a:3925357,https://www.espn.com/nfl/player/_/id/3925357/calvin-ridley,Black,9999.68%,73.0,190.0,12/20/1994 (30),Alabama,2018.0,"Rd 1, Pk 26",ATL,Black,WR,WR
Tennessee Titans,WR,2,Van Jefferson,s:20~l:28~a:3930066,https://www.espn.com/nfl/player/_/id/3930066/van-jefferson,Black,10000.00%,73.0,200.0,7/26/1996 (28),Florida,2020.0,"Rd 2, Pk 57",LAR,Black,WR,WR
Tennessee Titans,RDE,1,Jeffery Simmons,s:20~l:28~a:4035369,https://www.espn.com/nfl/player/_/id/4035369/jeffery-simmons,Black,9984.11%,76.0,305.0,7/28/1997 (27),Miss St,2019.0,"Rd 1, Pk 19",TEN,Black,RDE,DL
Tennessee Titans,C,1,Lloyd Cushenberry III,s:20~l:28~a:4035448,https://www.espn.com/nfl/player/_/id/4035448/lloyd-cushenberry-iii,Black,10000.00%,76.0,315.0,11/22/1997 (27),LSU,2020.0,"Rd 3, Pk 83",DEN,Black,C,OL
Tennessee Titans,SS,1,Amani Hooker,s:20~l:28~a:4036134,https://www.espn.com/nfl/player/_/id/4036134/amani-hooker,Latino Hispanic,4006.71%,71.0,210.0,6/14/1998 (27),Iowa,2019.0,"Rd 4, Pk 116",TEN,Latino,SS,DB
Tennessee Titans,WR,3,Mason Kinsey,s:20~l:28~a:4057082,https://www.espn.com/nfl/player/_/id/4057082/mason-kinsey,White,9999.47%,71.0,200.0,8/29/1998 (26),Berry,,,,White,WR,WR
Tennessee Titans,LT,3,John Ojukwu,s:20~l:28~a:4240015,https://www.espn.com/nfl/player/_/id/4240015/john-ojukwu,Black,3914.67%,77.0,309.0,1/9/1999 (26),Boise St,,,,Black,LT,OL
Tennessee Titans,C,2,Brenden Jaimes,s:20~l:28~a:4240800,https://www.espn.com/nfl/player/_/id/4240800/brenden-jaimes,White,4962.11%,77.0,300.0,5/28/1999 (26),Nebraska,2021.0,"Rd 5, Pk 159",LAC,White,C,OL
Tennessee Titans,LT,1,Dan Moore Jr.,s:20~l:28~a:4240920,https://www.espn.com/nfl/player/_/id/4240920/dan-moore-jr,Black,9908.03%,77.0,315.0,9/28/1998 (26),Texas A&M,2021.0,"Rd 4, Pk 128",PIT,Black,LT,OL
Tennessee Titans,FS,2,Mike Brown,s:20~l:28~a:4244310,https://www.espn.com/nfl/player/_/id/4244310/mike-brown,Black,6670.75%,73.0,218.0,4/7/1999 (26),Miami OH,,,,Black,FS,DB
Tennessee Titans,WR,4,Colton Dowell,s:20~l:28~a:4250945,https://www.espn.com/nfl/player/_/id/4250945/colton-dowell,Latino Hispanic,3592.73%,75.0,212.0,4/19/1999 (26),UT Martin,2023.0,"Rd 7, Pk 228",TEN,Latino,WR,WR
Tennessee Titans,RDE,3,James Lynch,s:20~l:28~a:4259181,https://www.espn.com/nfl/player/_/id/4259181/james-lynch,White,9851.19%,76.0,295.0,1/20/1999 (26),Baylor,2020.0,"Rd 4, Pk 130",MIN,White,RDE,DL
Tennessee Titans,TE,2,Josh Whyle,s:20~l:28~a:4360086,https://www.espn.com/nfl/player/_/id/4360086/josh-whyle,White,9991.71%,79.0,248.0,9/8/1999 (25),Cincinnati,2023.0,"Rd 5, Pk 147",TEN,White,TE,TE
Tennessee Titans,TE,1,Chig Okonkwo,s:20~l:28~a:4360635,https://www.espn.com/nfl/player/_/id/4360635/chig-okonkwo,White,8354.07%,75.0,238.0,9/8/1999 (25),Maryland,2022.0,"Rd 4, Pk 143",TEN,White,TE,TE
Tennessee Titans,TE,4,David Martin-Robinson,s:20~l:28~a:4360978,https://www.espn.com/nfl/player/_/id/4360978/david-martin-robinson,Latino Hispanic,4327.47%,75.0,247.0,12/26/1999 (25),Temple,,,,Latino,TE,TE
Tennessee Titans,QB,2,Will Levis,s:20~l:28~a:4361418,https://www.espn.com/nfl/player/_/id/4361418/will-levis,White,9971.02%,76.0,229.0,6/27/1999 (25),Kentucky,2023.0,"Rd 2, Pk 33",TEN,White,QB,QB
Tennessee Titans,NT,2,Keondre Coburn,s:20~l:28~a:4362117,https://www.espn.com/nfl/player/_/id/4362117/keondre-coburn,White,8878.64%,74.0,332.0,5/23/2000 (25),Texas,2023.0,"Rd 6, Pk 194",KC,White,NT,DL
Tennessee Titans,WR,4,Bryce Oliver,s:20~l:28~a:4362617,https://www.espn.com/nfl/player/_/id/4362617/bryce-oliver,Black,10000.00%,73.0,214.0,5/19/2000 (25),Youngstown St,,,,Black,WR,WR
Tennessee Titans,RB,3,Julius Chestnut,s:20~l:28~a:4367567,https://www.espn.com/nfl/player/_/id/4367567/julius-chestnut,Black,10000.00%,71.0,228.0,10/26/2000 (24),Sacred Heart,,,,Black,RB,RB
Tennessee Titans,RT,2,Jaelyn Duncan,s:20~l:28~a:4372058,https://www.espn.com/nfl/player/_/id/4372058/jaelyn-duncan,Black,10000.00%,78.0,306.0,7/8/2000 (24),Maryland,2023.0,"Rd 6, Pk 186",TEN,Black,RT,OL
Tennessee Titans,RT,3,Brandon Crenshaw-Dickson,s:20~l:28~a:4426987,https://www.espn.com/nfl/player/_/id/4426987/brandon-crenshaw-dickson,Black,9011.37%,79.0,316.0,2/22/2001 (24),Florida,,,,Black,RT,OL
Tennessee Titans,WR,3,Jha'Quan Jackson,s:20~l:28~a:4427575,https://www.espn.com/nfl/player/_/id/4427575/jhaquan-jackson,Black,10000.00%,69.0,188.0,5/15/2000 (25),Tulane,2024.0,"Rd 6, Pk 182",TEN,Black,WR,WR
Tennessee Titans,SS,3,Mark Perry,s:20~l:28~a:4428223,https://www.espn.com/nfl/player/_/id/4428223/mark-perry,Black,9999.87%,72.0,215.0,5/30/2001 (24),TCU,,,,Black,SS,DB
Tennessee Titans,RB,2,Tyjae Spears,s:20~l:28~a:4428557,https://www.espn.com/nfl/player/_/id/4428557/tyjae-spears,Black,10000.00%,71.0,195.0,6/15/2001 (24),Tulane,2023.0,"Rd 3, Pk 81",TEN,Black,RB,RB
Tennessee Titans,NT,1,T'Vondre Sweat,s:20~l:28~a:4428617,https://www.espn.com/nfl/player/_/id/4428617/tvondre-sweat,Black,10000.00%,76.0,366.0,7/11/2001 (23),Texas,2024.0,"Rd 2, Pk 38",TEN,Black,NT,DL
Tennessee Titans,LG,1,Peter Skoronski,s:20~l:28~a:4429100,https://www.espn.com/nfl/player/_/id/4429100/peter-skoronski,White,9954.69%,76.0,313.0,7/31/2001 (23),Northwestern,2023.0,"Rd 1, Pk 11",TEN,White,LG,OL
Tennessee Titans,RB,4,Kalel Mullings,s:20~l:28~a:4429121,https://www.espn.com/nfl/player/_/id/4429121/kalel-mullings,Black,10000.00%,74.0,226.0,10/4/2002 (22),Michigan,2025.0,"Rd 6, Pk 188",TEN,Black,RB,RB
Tennessee Titans,LDE,2,Philip Blidi,s:20~l:28~a:4429285,https://www.espn.com/nfl/player/_/id/4429285/philip-blidi,Black,10000.00%,75.0,284.0,,Auburn,,,,Black,LDE,DL
Tennessee Titans,NT,3,Cam Horsley,s:20~l:28~a:4431147,https://www.espn.com/nfl/player/_/id/4431147/cam-horsley,Black,10000.00%,75.0,312.0,,Boston College,,,,Black,NT,DL
Tennessee Titans,WR,2,Chimere Dike,s:20~l:28~a:4431268,https://www.espn.com/nfl/player/_/id/4431268/chimere-dike,Black,5139.00%,73.0,196.0,12/14/2002 (22),Florida,2025.0,"Rd 4, Pk 103",TEN,Black,WR,WR
Tennessee Titans,NT,4,Isaiah Raikes,s:20~l:28~a:4431345,https://www.espn.com/nfl/player/_/id/4431345/isaiah-raikes,Black,9482.84%,73.0,310.0,5/15/2001 (24),Auburn,,,,Black,NT,DL
Tennessee Titans,WR,4,Xavier Restrepo,s:20~l:28~a:4431353,https://www.espn.com/nfl/player/_/id/4431353/xavier-restrepo,White,6700.54%,70.0,202.0,4/22/2002 (23),Miami,,,,White,WR,WR
Tennessee Titans,RT,1,JC Latham,s:20~l:28~a:4431437,https://www.espn.com/nfl/player/_/id/4431437/jc-latham,Black,9980.01%,78.0,342.0,2/8/2003 (22),Alabama,2024.0,"Rd 1, Pk 7",TEN,Black,RT,OL
Tennessee Titans,WR,1,Treylon Burks,s:20~l:28~a:4567156,https://www.espn.com/nfl/player/_/id/4567156/treylon-burks,Black,9837.55%,74.0,225.0,3/23/2000 (25),Arkansas,2022.0,"Rd 1, Pk 18",TEN,Black,WR,WR
Tennessee Titans,FS,3,Kendell Brooks,s:20~l:28~a:4585317,https://www.espn.com/nfl/player/_/id/4585317/kendell-brooks,Black,10000.00%,72.0,206.0,3/3/2000 (25),Michigan St,,,,Black,FS,DB
Tennessee Titans,SS,2,Kevin Winston Jr.,s:20~l:28~a:4685617,https://www.espn.com/nfl/player/_/id/4685617/kevin-winston-jr,Indian,6011.52%,74.0,213.0,12/2/2003 (21),Penn State,2025.0,"Rd 3, Pk 82",TEN,Asian,SS,DB
Tennessee Titans,TE,3,Gunnar Helm,s:20~l:28~a:4686728,https://www.espn.com/nfl/player/_/id/4686728/gunnar-helm,White,7265.41%,77.0,241.0,9/6/2002 (22),Texas,2025.0,"Rd 4, Pk 120",TEN,White,TE,TE
Tennessee Titans,RDE,4,Devonte O'Malley,s:20~l:28~a:4686830,https://www.espn.com/nfl/player/_/id/4686830/devonte-omalley,Asian,7187.73%,75.0,284.0,,N Illinois,,,,Asian,RDE,DL
Tennessee Titans,QB,1,Cameron Ward,s:20~l:28~a:4688380,https://www.espn.com/nfl/player/_/id/4688380/cameron-ward,Black,9988.41%,74.0,219.0,5/25/2002 (23),Miami,2025.0,"Rd 1, Pk 1",TEN,Black,QB,QB
Tennessee Titans,SS,4,Julius Wood,s:20~l:28~a:4872841,https://www.espn.com/nfl/player/_/id/4872841/julius-wood,Black,10000.00%,73.0,193.0,5/2/2001 (24),East Carolina,,,,Black,SS,DB
Tennessee Titans,LG,2,Jackson Slater,s:20~l:28~a:4876319,https://www.espn.com/nfl/player/_/id/4876319/jackson-slater,White,9999.62%,75.0,311.0,,Sacramento St,2025.0,"Rd 5, Pk 167",TEN,White,LG,OL
Tennessee Titans,WR,2,Elic Ayomanor,s:20~l:28~a:4883647,https://www.espn.com/nfl/player/_/id/4883647/elic-ayomanor,Black,4618.25%,74.0,206.0,6/15/2003 (22),Stanford,2025.0,"Rd 4, Pk 136",TEN,Black,WR,WR
Tennessee Titans,RG,3,Andrew Rupcich,s:20~l:28~a:4916597,https://www.espn.com/nfl/player/_/id/4916597/andrew-rupcich,White,7987.48%,78.0,318.0,4/1/1999 (26),Culvr-Stck,,,,White,RG,OL
Washington Commanders,QB,3,Josh Johnson,s:20~l:28~a:11394,https://www.espn.com/nfl/player/_/id/11394/josh-johnson,Black,9999.99%,75.0,219.0,5/15/1986 (39),San Diego,2008.0,"Rd 5, Pk 160",TB,Black,QB,QB
Washington Commanders,MLB,2,Nick Bellore,s:20~l:28~a:14471,https://www.espn.com/nfl/player/_/id/14471/nick-bellore,White,7410.89%,73.0,250.0,5/12/1989 (36),Cent Michigan,,,,White,MLB,LB
Washington Commanders,MLB,1,Bobby Wagner,s:20~l:28~a:14979,https://www.espn.com/nfl/player/_/id/14979/bobby-wagner,Black,8088.32%,72.0,241.0,6/27/1990 (34),Utah State,2012.0,"Rd 2, Pk 47",SEA,Black,MLB,LB
Washington Commanders,TE,1,Zach Ertz,s:20~l:28~a:15835,https://www.espn.com/nfl/player/_/id/15835/zach-ertz,White,5286.76%,77.0,250.0,11/10/1990 (34),Stanford,2013.0,"Rd 2, Pk 35",PHI,White,TE,TE
Washington Commanders,LDT,3,Carl Davis Jr.,s:20~l:28~a:2511690,https://www.espn.com/nfl/player/_/id/2511690/carl-davis-jr,Black,9230.14%,77.0,320.0,3/2/1992 (33),Iowa,2015.0,"Rd 3, Pk 90",BAL,Black,LDT,DL
Washington Commanders,WR,3,Chris Moore,s:20~l:28~a:2576581,https://www.espn.com/nfl/player/_/id/2576581/chris-moore,Black,9999.92%,73.0,200.0,6/16/1993 (32),Cincinnati,2016.0,"Rd 4, Pk 107",BAL,Black,WR,WR
Washington Commanders,RT,3,Bobby Hart,s:20~l:28~a:2576789,https://www.espn.com/nfl/player/_/id/2576789/bobby-hart,Black,10000.00%,76.0,334.0,8/21/1994 (30),FSU,2015.0,"Rd 7, Pk 226",NYG,Black,RT,OL
Washington Commanders,QB,2,Marcus Mariota,s:20~l:28~a:2576980,https://www.espn.com/nfl/player/_/id/2576980/marcus-mariota,Middle Eastern,6546.21%,76.0,222.0,10/30/1993 (31),Oregon,2015.0,"Rd 1, Pk 2",TEN,Middle Eastern,QB,QB
Washington Commanders,RDT,2,Eddie Goldman,s:20~l:28~a:2969924,https://www.espn.com/nfl/player/_/id/2969924/eddie-goldman,Black,10000.00%,75.0,325.0,1/6/1994 (31),FSU,2015.0,"Rd 2, Pk 39",CHI,Black,RDT,DL
Washington Commanders,RDT,3,Sheldon Day,s:20~l:28~a:2976194,https://www.espn.com/nfl/player/_/id/2976194/sheldon-day,Black,10000.00%,73.0,285.0,7/1/1994 (30),Notre Dame,2016.0,"Rd 4, Pk 103",JAX,Black,RDT,DL
Washington Commanders,RDE,1,Deatrich Wise Jr.,s:20~l:28~a:2980080,https://www.espn.com/nfl/player/_/id/2980080/deatrich-wise-jr,Black,9999.72%,77.0,271.0,7/26/1994 (30),Arkansas,2017.0,"Rd 4, Pk 131",NE,Black,RDE,DL
Washington Commanders,RG,2,Andrew Wylie,s:20~l:28~a:3042702,https://www.espn.com/nfl/player/_/id/3042702/andrew-wylie,White,9608.63%,78.0,309.0,8/19/1994 (30),E Michigan,,,,White,RG,OL
Washington Commanders,LT,1,Laremy Tunsil,s:20~l:28~a:3051890,https://www.espn.com/nfl/player/_/id/3051890/laremy-tunsil,Black,10000.00%,77.0,316.0,8/2/1994 (30),Ole Miss,2016.0,"Rd 1, Pk 13",MIA,Black,LT,OL
Washington Commanders,RB,2,Austin Ekeler,s:20~l:28~a:3068267,https://www.espn.com/nfl/player/_/id/3068267/austin-ekeler,Black,4795.59%,69.0,200.0,5/17/1995 (30),W Colorado,,,,Black,RB,RB
Washington Commanders,LG,1,Nick Allegretti,s:20~l:28~a:3115922,https://www.espn.com/nfl/player/_/id/3115922/nick-allegretti,White,7512.06%,76.0,320.0,4/21/1996 (29),Illinois,2019.0,"Rd 7, Pk 216",KC,White,LG,OL
Washington Commanders,WR,1,Noah Brown,s:20~l:28~a:3121409,https://www.espn.com/nfl/player/_/id/3121409/noah-brown,Black,9916.96%,74.0,225.0,1/6/1996 (29),OSU,2017.0,"Rd 7, Pk 239",DAL,Black,WR,WR
Washington Commanders,LDE,3,Jalyn Holmes,s:20~l:28~a:3121414,https://www.espn.com/nfl/player/_/id/3121414/jalyn-holmes,Black,9995.92%,77.0,283.0,1/25/1996 (29),OSU,2018.0,"Rd 4, Pk 102",MIN,Black,LDE,DL
Washington Commanders,WR,1,Terry McLaurin,s:20~l:28~a:3121422,https://www.espn.com/nfl/player/_/id/3121422/terry-mclaurin,Black,10000.00%,72.0,210.0,9/15/1995 (29),Ohio State,2019.0,"Rd 3, Pk 76",WSH,Black,WR,WR
Washington Commanders,C,2,Michael Deiter,s:20~l:28~a:3121541,https://www.espn.com/nfl/player/_/id/3121541/michael-deiter,Asian,5091.81%,78.0,310.0,9/3/1996 (28),Wisconsin,2019.0,"Rd 3, Pk 78",MIA,Asian,C,OL
Washington Commanders,LT,2,Trent Scott,s:20~l:28~a:3123303,https://www.espn.com/nfl/player/_/id/3123303/trent-scott,White,7258.63%,77.0,320.0,1/25/1994 (31),Grambling,,,,White,LT,OL
Washington Commanders,FS,2,Jeremy Reaves,s:20~l:28~a:3125248,https://www.espn.com/nfl/player/_/id/3125248/jeremy-reaves,Black,10000.00%,71.0,200.0,8/29/1996 (28),South Alabama,,,,Black,FS,DB
Washington Commanders,WR,1,Deebo Samuel Sr.,s:20~l:28~a:3126486,https://www.espn.com/nfl/player/_/id/3126486/deebo-samuel-sr,Black,10000.00%,72.0,215.0,1/15/1996 (29),S Carolina,2019.0,"Rd 2, Pk 36",SF,Black,WR,WR
Washington Commanders,RB,4,Jeremy McNichols,s:20~l:28~a:3127586,https://www.espn.com/nfl/player/_/id/3127586/jeremy-mcnichols,Black,3249.55%,69.0,214.0,12/26/1995 (29),Boise State,2017.0,"Rd 5, Pk 162",TB,Black,RB,RB
Washington Commanders,LDE,2,Jacob Martin,s:20~l:28~a:3138764,https://www.espn.com/nfl/player/_/id/3138764/jacob-martin,Black,10000.00%,74.0,242.0,12/11/1995 (29),Temple,2018.0,"Rd 6, Pk 186",SEA,Black,LDE,DL
Washington Commanders,RDE,2,Clelin Ferrell,s:20~l:28~a:3728258,https://www.espn.com/nfl/player/_/id/3728258/clelin-ferrell,Black,10000.00%,76.0,265.0,5/17/1997 (28),Clemson,2019.0,"Rd 1, Pk 4",OAK,Black,RDE,DL
Washington Commanders,SS,1,Will Harris,s:20~l:28~a:3915297,https://www.espn.com/nfl/player/_/id/3915297/will-harris,Black,9999.58%,73.0,206.0,12/19/1995 (29),Boston College,2019.0,"Rd 3, Pk 81",DET,Black,SS,DB
Washington Commanders,WR,3,K.J. Osborn,s:20~l:28~a:3916566,https://www.espn.com/nfl/player/_/id/3916566/kj-osborn,Black,10000.00%,71.0,203.0,6/10/1997 (28),Miami,2020.0,"Rd 5, Pk 176",MIN,Black,WR,WR
Washington Commanders,C,3,Julian Good-Jones,s:20~l:28~a:3917949,https://www.espn.com/nfl/player/_/id/3917949/julian-good-jones,White,9040.89%,77.0,313.0,3/2/1997 (28),Iowa State,,,,White,C,OL
Washington Commanders,LDT,1,Daron Payne,s:20~l:28~a:3925354,https://www.espn.com/nfl/player/_/id/3925354/daron-payne,Black,9998.97%,75.0,320.0,5/27/1997 (28),Alabama,2018.0,"Rd 1, Pk 13",WSH,Black,LDT,DL
Washington Commanders,LDE,1,Dorance Armstrong,s:20~l:28~a:3928979,https://www.espn.com/nfl/player/_/id/3928979/dorance-armstrong,Black,10000.00%,76.0,255.0,6/10/1997 (28),Kansas,2018.0,"Rd 4, Pk 116",DAL,Black,LDE,DL
Washington Commanders,C,1,Tyler Biadasz,s:20~l:28~a:4035788,https://www.espn.com/nfl/player/_/id/4035788/tyler-biadasz,White,9682.31%,76.0,318.0,11/20/1997 (27),Wisconsin,2020.0,"Rd 4, Pk 146",DAL,White,C,OL
Washington Commanders,WR,2,Michael Gallup,s:20~l:28~a:4036348,https://www.espn.com/nfl/player/_/id/4036348/michael-gallup,Black,10000.00%,73.0,205.0,3/4/1996 (29),Colorado State,2018.0,"Rd 3, Pk 81",DAL,Black,WR,WR
Washington Commanders,LG,2,Nate Herbig,s:20~l:28~a:4044438,https://www.espn.com/nfl/player/_/id/4044438/nate-herbig,White,3178.86%,76.0,334.0,7/10/1998 (26),Stanford,,,,White,LG,OL
Washington Commanders,TE,2,John Bates,s:20~l:28~a:4048228,https://www.espn.com/nfl/player/_/id/4048228/john-bates,White,7728.49%,78.0,259.0,11/6/1997 (27),Boise St,2021.0,"Rd 4, Pk 124",WSH,White,TE,TE
Washington Commanders,RB,1,Brian Robinson Jr.,s:20~l:28~a:4241474,https://www.espn.com/nfl/player/_/id/4241474/brian-robinson-jr,Black,10000.00%,73.0,228.0,3/22/1999 (26),Alabama,2022.0,"Rd 3, Pk 98",WSH,Black,RB,RB
Washington Commanders,RT,4,Tyre Phillips,s:20~l:28~a:4242247,https://www.espn.com/nfl/player/_/id/4242247/tyre-phillips,Black,9994.80%,77.0,330.0,1/29/1997 (28),Mississippi St,2020.0,"Rd 3, Pk 106",BAL,Black,RT,OL
Washington Commanders,LT,3,Foster Sarell,s:20~l:28~a:4242555,https://www.espn.com/nfl/player/_/id/4242555/foster-sarell,White,8583.38%,79.0,315.0,8/28/1998 (26),Stanford,,,,White,LT,OL
Washington Commanders,LG,3,Chris Paul,s:20~l:28~a:4244615,https://www.espn.com/nfl/player/_/id/4244615/chris-paul,Black,10000.00%,76.0,324.0,11/19/1998 (26),Tulsa,2022.0,"Rd 7, Pk 230",WSH,Black,LG,OL
Washington Commanders,LDE,4,Andre Jones Jr.,s:20~l:28~a:4249214,https://www.espn.com/nfl/player/_/id/4249214/andre-jones-jr,Black,10000.00%,77.0,258.0,10/25/1998 (26),Louisiana,2023.0,"Rd 7, Pk 233",WSH,Black,LDE,DL
Washington Commanders,RDT,1,Javon Kinlaw,s:20~l:28~a:4259491,https://www.espn.com/nfl/player/_/id/4259491/javon-kinlaw,Black,10000.00%,77.0,319.0,10/3/1997 (27),South Carolina,2020.0,"Rd 1, Pk 14",SF,Black,RDT,DL
Washington Commanders,RG,1,Sam Cosmi,s:20~l:28~a:4262199,https://www.espn.com/nfl/player/_/id/4262199/sam-cosmi,White,2629.19%,78.0,309.0,2/16/1999 (26),Texas,2021.0,"Rd 2, Pk 51",WSH,White,RG,OL
Washington Commanders,FS,1,Quan Martin,s:20~l:28~a:4360378,https://www.espn.com/nfl/player/_/id/4360378/quan-martin,Black,9999.88%,72.0,195.0,4/17/2000 (25),Illinois,2023.0,"Rd 2, Pk 47",WSH,Black,FS,DB
Washington Commanders,TE,4,Colson Yankoff,s:20~l:28~a:4361088,https://www.espn.com/nfl/player/_/id/4361088/colson-yankoff,White,9998.81%,76.0,225.0,3/1/2000 (25),UCLA,,,,White,TE,TE
Washington Commanders,RDE,3,Javontae Jean-Baptiste,s:20~l:28~a:4361357,https://www.espn.com/nfl/player/_/id/4361357/javontae-jean-baptiste,Black,10000.00%,77.0,260.0,5/16/2000 (25),Notre Dame,2024.0,"Rd 7, Pk 222",WSH,Black,RDE,DL
Washington Commanders,QB,4,Sam Hartman,s:20~l:28~a:4361994,https://www.espn.com/nfl/player/_/id/4361994/sam-hartman,White,6789.15%,73.0,209.0,7/29/1999 (25),Notre Dame,,,,White,QB,QB
Washington Commanders,RB,3,Chris Rodriguez Jr.,s:20~l:28~a:4362619,https://www.espn.com/nfl/player/_/id/4362619/chris-rodriguez-jr,Black,6298.48%,71.0,224.0,9/26/1999 (25),Kentucky,2023.0,"Rd 6, Pk 193",WSH,Black,RB,RB
Washington Commanders,SS,2,Percy Butler,s:20~l:28~a:4363097,https://www.espn.com/nfl/player/_/id/4363097/percy-butler,Black,10000.00%,72.0,191.0,5/29/2000 (25),Louisiana,2022.0,"Rd 4, Pk 113",WSH,Black,SS,DB
Washington Commanders,QB,1,Jayden Daniels,s:20~l:28~a:4426348,https://www.espn.com/nfl/player/_/id/4426348/jayden-daniels,Black,9442.55%,76.0,210.0,12/18/2000 (24),LSU,2024.0,"Rd 1, Pk 2",WSH,Black,QB,QB
Washington Commanders,WR,2,Luke McCaffrey,s:20~l:28~a:4426948,https://www.espn.com/nfl/player/_/id/4426948/luke-mccaffrey,White,7805.27%,74.0,198.0,4/2/2001 (24),Rice,2024.0,"Rd 3, Pk 100",WSH,White,WR,WR
Washington Commanders,RDT,4,Ricky Barber,s:20~l:28~a:4428343,https://www.espn.com/nfl/player/_/id/4428343/ricky-barber,Black,10000.00%,75.0,295.0,,UCF,,,,Black,RDT,DL
Washington Commanders,LDT,4,Norell Pollard,s:20~l:28~a:4430326,https://www.espn.com/nfl/player/_/id/4430326/norell-pollard,Black,10000.00%,73.0,260.0,2/18/2000 (25),Virginia Tech,,,,Black,LDT,DL
Washington Commanders,LDT,2,Jer'Zhan Newton,s:20~l:28~a:4430560,https://www.espn.com/nfl/player/_/id/4430560/jerzhan-newton,Black,8007.18%,74.0,295.0,8/31/2002 (22),Illinois,2024.0,"Rd 2, Pk 36",WSH,Black,LDT,DL
Washington Commanders,WR,4,Ja'Corey Brooks,s:20~l:28~a:4431506,https://www.espn.com/nfl/player/_/id/4431506/jacorey-brooks,Black,10000.00%,75.0,195.0,,Louisville,,,,Black,WR,WR
Washington Commanders,MLB,3,Jordan Magee,s:20~l:28~a:4568617,https://www.espn.com/nfl/player/_/id/4568617/jordan-magee,Black,10000.00%,75.0,226.0,3/24/2001 (24),Temple,2024.0,"Rd 5, Pk 139",WSH,Black,MLB,LB
Washington Commanders,SS,3,Tyler Owens,s:20~l:28~a:4572460,https://www.espn.com/nfl/player/_/id/4572460/tyler-owens,Black,9966.98%,74.0,213.0,5/12/2001 (24),Texas Tech,,,,Black,SS,DB
Washington Commanders,WR,3,Mike Strachan,s:20~l:28~a:4589245,https://www.espn.com/nfl/player/_/id/4589245/mike-strachan,Black,10000.00%,77.0,225.0,8/13/1997 (27),Charl WV,2021.0,"Rd 7, Pk 229",IND,Black,WR,WR
Washington Commanders,WR,2,Jaylin Lane,s:20~l:28~a:4602667,https://www.espn.com/nfl/player/_/id/4602667/jaylin-lane,White,6198.76%,70.0,196.0,5/1/2002 (23),Virginia Tech,2025.0,"Rd 4, Pk 128",WSH,White,WR,WR
Washington Commanders,RT,2,Brandon Coleman,s:20~l:28~a:4685030,https://www.espn.com/nfl/player/_/id/4685030/brandon-coleman,Latino Hispanic,2579.63%,78.0,320.0,10/12/2000 (24),TCU,2024.0,"Rd 3, Pk 67",WSH,Latino,RT,OL
Washington Commanders,RT,1,Josh Conerly Jr.,s:20~l:28~a:4685326,https://www.espn.com/nfl/player/_/id/4685326/josh-conerly-jr,White,9423.03%,76.0,315.0,11/5/2003 (21),Oregon,2025.0,"Rd 1, Pk 29",WSH,White,RT,OL
Washington Commanders,TE,3,Ben Sinnott,s:20~l:28~a:4690923,https://www.espn.com/nfl/player/_/id/4690923/ben-sinnott,White,9999.56%,76.0,247.0,6/14/2002 (23),Kansas St,2024.0,"Rd 2, Pk 53",WSH,White,TE,TE
Washington Commanders,FS,3,Ben Nikkel,s:20~l:28~a:4874465,https://www.espn.com/nfl/player/_/id/4874465/ben-nikkel,Latino Hispanic,3602.75%,73.0,210.0,5/12/2001 (24),Iowa State,,,,Latino,FS,DB
Washington Commanders,WR,4,Jacoby Jones,s:20~l:28~a:5083297,https://www.espn.com/nfl/player/_/id/5083297/jacoby-jones,Black,10000.00%,75.0,228.0,,UCF,,,,Black,WR,WR
Washington Commanders,RDE,4,T.J. Maguranyanga,s:20~l:28~a:5278092,https://www.espn.com/nfl/player/_/id/5278092/tj-maguranyanga,N/A (Scrape Failed),0.00%,,,N/A (Bio Scrape Failed),N/A (Bio Scrape Failed),,,,N/A (Scrape Failed),RDE,DL
